TIME,ROAD_CLASS,DISTRICT,LOCCOORD,TRAFFCTL,VISIBILITY,LIGHT,RDSFCOND,ACCLASS,IMPACTYPE,INVTYPE,INVAGE,INJURY,INITDIR,MANOEUVER,DRIVACT,PEDTYPE,PEDACT,PEDCOND,CYCLISTYPE,CYCACT,CYCCOND,PEDESTRIAN,CYCLIST,AUTOMOBILE,MOTORCYCLE,TRUCK,TRSN_CITY_VEH,PASSENGER,SPEEDING,AG_DRIV,REDLIGHT,ALCOHOL,NEIGHBOURHOOD_158
925,Local,Toronto and East York,Intersection,Stop Sign,Clear,Daylight,Dry,Non-Fatal Injury,Pedestrian Collisions,Driver,70 to 74,,South,Turning Left,Failed to Yield Right of Way,,,,,,,Yes,,Yes,,,,,,Yes,,,O'Connor-Parkview
520,Major Arterial,Etobicoke York,Intersection,Traffic Signal,Clear,Dark,Dry,Non-Fatal Injury,Angle,Vehicle Owner,unknown,,,,,,,,,,,,,Yes,,,,,Yes,Yes,Yes,,Keelesdale-Eglinton West
520,Major Arterial,Etobicoke York,Intersection,Traffic Signal,Clear,Dark,Dry,Non-Fatal Injury,Angle,Driver,40 to 44,,East,Stopped,Driving Properly,,,,,,,,,Yes,,,,,Yes,Yes,Yes,,Keelesdale-Eglinton West
520,Major Arterial,Etobicoke York,Intersection,Traffic Signal,Clear,Dark,Dry,Non-Fatal Injury,Angle,Driver,40 to 44,Minor,East,Stopped,Driving Properly,,,,,,,,,Yes,,,,,Yes,Yes,Yes,,Keelesdale-Eglinton West
520,Major Arterial,Etobicoke York,Intersection,Traffic Signal,Clear,Dark,Dry,Non-Fatal Injury,Angle,Driver,55 to 59,Major,South,Going Ahead,Driving Properly,,,,,,,,,Yes,,,,,Yes,Yes,Yes,,Keelesdale-Eglinton West
520,Major Arterial,Etobicoke York,Intersection,Traffic Signal,Clear,Dark,Dry,Non-Fatal Injury,Angle,Driver,35 to 39,Minor,East,Stopped,Driving Properly,,,,,,,,,Yes,,,,,Yes,Yes,Yes,,Keelesdale-Eglinton West
520,Major Arterial,Etobicoke York,Intersection,Traffic Signal,Clear,Dark,Dry,Non-Fatal Injury,Angle,Driver,25 to 29,Major,West,Going Ahead,Disobeyed Traffic Control,,,,,,,,,Yes,,,,,Yes,Yes,Yes,,Keelesdale-Eglinton West
935,Local,Toronto and East York,Intersection,Stop Sign,Clear,Daylight,Dry,Fatal,Pedestrian Collisions,Pedestrian,70 to 74,Fatal,East,,,Vehicle turns left while ped crosses with ROW at inter.,Crossing with right of way,Normal,,,,Yes,,Yes,,,,,,Yes,,,Danforth East York
935,Local,Toronto and East York,Intersection,Stop Sign,Clear,Daylight,Dry,Fatal,Pedestrian Collisions,Vehicle Owner,unknown,,,,,,,,,,,Yes,,Yes,,,,,,Yes,,,Danforth East York
935,Local,Toronto and East York,Intersection,Stop Sign,Clear,Daylight,Dry,Fatal,Pedestrian Collisions,Driver,50 to 54,,East,Turning Left,Failed to Yield Right of Way,,,,,,,Yes,,Yes,,,,,,Yes,,,Danforth East York
620,Major Arterial,Etobicoke York,Mid-Block,No Control,Snow,Daylight,Slush,Non-Fatal Injury,SMV Other,Driver,40 to 44,Major,North,Going Ahead,Speed too Fast For Condition,,,,,,,,,Yes,,,,,Yes,Yes,,,Rexdale-Kipling
620,Major Arterial,Etobicoke York,Mid-Block,No Control,Snow,Daylight,Slush,Non-Fatal Injury,SMV Other,Other Property Owner,unknown,,,,,,,,,,,,,Yes,,,,,Yes,Yes,,,Rexdale-Kipling
2159,Minor Arterial,Toronto and East York,Mid-Block,No Control,Rain,Dark,Wet,Non-Fatal Injury,Pedestrian Collisions,Vehicle Owner,unknown,,,,,,,,,,,Yes,,Yes,,,,,,Yes,,,Dovercourt Village
2159,Minor Arterial,Toronto and East York,Mid-Block,No Control,Rain,Dark,Wet,Non-Fatal Injury,Pedestrian Collisions,Driver,50 to 54,,South,Other,Failed to Yield Right of Way,,,,,,,Yes,,Yes,,,,,,Yes,,,Dovercourt Village
2159,Minor Arterial,Toronto and East York,Mid-Block,No Control,Rain,Dark,Wet,Non-Fatal Injury,Pedestrian Collisions,Pedestrian,40 to 44,Major,West,,,Vehicle hits the pedestrian walking or running out from between parked vehicles at mid-block,Coming From Behind Parked Vehicle,"Ability Impaired, Alcohol",,,,Yes,,Yes,,,,,,Yes,,,Dovercourt Village
1508,Major Arterial,North York,Intersection,Traffic Signal,Clear,Daylight,Dry,Non-Fatal Injury,Pedestrian Collisions,Driver,45 to 49,,West,Going Ahead,Driving Properly,,,,,,,Yes,,Yes,,,,,,,,,Leaside-Bennington
1508,Major Arterial,North York,Intersection,Traffic Signal,Clear,Daylight,Dry,Non-Fatal Injury,Pedestrian Collisions,Pedestrian,20 to 24,Major,South,,,Vehicle is going straight thru inter.while ped cross without ROW,Crossing without right of way,Inattentive,,,,Yes,,Yes,,,,,,,,,Leaside-Bennington
607,Major Arterial,Toronto and East York,Intersection,No Control,Clear,Dark,Dry,Non-Fatal Injury,SMV Other,Passenger,40 to 44,Major,,,,,,,,,,,,Yes,,,,Yes,Yes,Yes,,,South Parkdale
607,Major Arterial,Toronto and East York,Intersection,No Control,Clear,Dark,Dry,Non-Fatal Injury,SMV Other,Driver,35 to 39,,West,Going Ahead,Other,,,,,,,,,Yes,,,,Yes,Yes,Yes,,,South Parkdale
1840,Minor Arterial,Scarborough,Mid-Block,No Control,Clear,Dusk,Dry,Fatal,Pedestrian Collisions,Vehicle Owner,unknown,,,,,,,,,,,Yes,,Yes,,,,,,,,,Malvern West
1840,Minor Arterial,Scarborough,Mid-Block,No Control,Clear,Dusk,Dry,Fatal,Pedestrian Collisions,Driver,40 to 44,,North,Going Ahead,Driving Properly,,,,,,,Yes,,Yes,,,,,,,,,Malvern West
1840,Minor Arterial,Scarborough,Mid-Block,No Control,Clear,Dusk,Dry,Fatal,Pedestrian Collisions,Pedestrian,80 to 84,Fatal,West,,,Pedestrian hit at mid-block,"Crossing, no Traffic Control",Normal,,,,Yes,,Yes,,,,,,,,,Malvern West
1846,Major Arterial,North York,Intersection,Stop Sign,Clear,Dark,Dry,Non-Fatal Injury,Pedestrian Collisions,Driver,55 to 59,,West,Turning Left,Failed to Yield Right of Way,,,,,,,Yes,,Yes,,,,,,Yes,,,Lansing-Westgate
1846,Major Arterial,North York,Intersection,Stop Sign,Clear,Dark,Dry,Non-Fatal Injury,Pedestrian Collisions,Pedestrian,75 to 79,Major,West,,,Vehicle turns left while ped crosses with ROW at inter.,Crossing with right of way,Normal,,,,Yes,,Yes,,,,,,Yes,,,Lansing-Westgate
700,Major Arterial,Etobicoke York,Intersection,Traffic Signal,Clear,Daylight,Dry,Non-Fatal Injury,Turning Movement,Vehicle Owner,unknown,,,,,,,,,,,,,Yes,,,,,,Yes,Yes,,Etobicoke City Centre
700,Major Arterial,Etobicoke York,Intersection,Traffic Signal,Clear,Daylight,Dry,Non-Fatal Injury,Turning Movement,Driver,20 to 24,,South,Turning Left,Disobeyed Traffic Control,,,,,,,,,Yes,,,,,,Yes,Yes,,Etobicoke City Centre
700,Major Arterial,Etobicoke York,Intersection,Traffic Signal,Clear,Daylight,Dry,Non-Fatal Injury,Turning Movement,Driver,25 to 29,Major,West,Going Ahead,Disobeyed Traffic Control,,,,,,,,,Yes,,,,,,Yes,Yes,,Etobicoke City Centre
1350,Major Arterial,Toronto and East York,Intersection,Stop Sign,Clear,Daylight,Dry,Non-Fatal Injury,Pedestrian Collisions,Pedestrian,75 to 79,Major,South,,,Vehicle is going straight thru inter.while ped cross with ROW,Crossing with right of way,Normal,,,,Yes,,Yes,,,,,,Yes,,,Forest Hill South
1350,Major Arterial,Toronto and East York,Intersection,Stop Sign,Clear,Daylight,Dry,Non-Fatal Injury,Pedestrian Collisions,Driver,40 to 44,,West,Going Ahead,Failed to Yield Right of Way,,,,,,,Yes,,Yes,,,,,,Yes,,,Forest Hill South
837,Major Arterial,Etobicoke York,Intersection,Traffic Signal,Clear,Daylight,Dry,Non-Fatal Injury,Pedestrian Collisions,Vehicle Owner,unknown,,,,,,,,,,,Yes,,Yes,,,,,,,,,Eringate-Centennial-West Deane
837,Major Arterial,Etobicoke York,Intersection,Traffic Signal,Clear,Daylight,Dry,Non-Fatal Injury,Pedestrian Collisions,Driver,35 to 39,,West,Going Ahead,Driving Properly,,,,,,,Yes,,Yes,,,,,,,,,Eringate-Centennial-West Deane
837,Major Arterial,Etobicoke York,Intersection,Traffic Signal,Clear,Daylight,Dry,Non-Fatal Injury,Pedestrian Collisions,Pedestrian,40 to 44,Major,South,,,Vehicle is going straight thru inter.while ped cross without ROW,Crossing without right of way,Normal,,,,Yes,,Yes,,,,,,,,,Eringate-Centennial-West Deane
1529,Major Arterial,Toronto and East York,Intersection,Traffic Signal,Clear,Daylight,Dry,Non-Fatal Injury,Pedestrian Collisions,Vehicle Owner,unknown,,,,,,,,,,,Yes,,Yes,,,,,,Yes,,,Annex
1529,Major Arterial,Toronto and East York,Intersection,Traffic Signal,Clear,Daylight,Dry,Non-Fatal Injury,Pedestrian Collisions,Driver,50 to 54,,West,Turning Left,Failed to Yield Right of Way,,,,,,,Yes,,Yes,,,,,,Yes,,,Annex
1529,Major Arterial,Toronto and East York,Intersection,Traffic Signal,Clear,Daylight,Dry,Non-Fatal Injury,Pedestrian Collisions,Pedestrian,55 to 59,Major,East,,,Vehicle turns left while ped crosses with ROW at inter.,Crossing with right of way,Unknown,,,,Yes,,Yes,,,,,,Yes,,,Annex
117,Minor Arterial,Toronto and East York,Mid-Block,No Control,Snow,Dark,Wet,Non-Fatal Injury,SMV Other,Passenger,15 to 19,Major,,,,,,,,,,,,Yes,,,,Yes,Yes,Yes,,,Dufferin Grove
117,Minor Arterial,Toronto and East York,Mid-Block,No Control,Snow,Dark,Wet,Non-Fatal Injury,SMV Other,Vehicle Owner,unknown,,,,,,,,,,,,,Yes,,,,Yes,Yes,Yes,,,Dufferin Grove
117,Minor Arterial,Toronto and East York,Mid-Block,No Control,Snow,Dark,Wet,Non-Fatal Injury,SMV Other,Driver,20 to 24,Minimal,North,Going Ahead,Lost control,,,,,,,,,Yes,,,,Yes,Yes,Yes,,,Dufferin Grove
117,Minor Arterial,Toronto and East York,Mid-Block,No Control,Snow,Dark,Wet,Non-Fatal Injury,SMV Other,Other Property Owner,unknown,,,,,,,,,,,,,Yes,,,,Yes,Yes,Yes,,,Dufferin Grove
117,Minor Arterial,Toronto and East York,Mid-Block,No Control,Snow,Dark,Wet,Non-Fatal Injury,SMV Other,Other Property Owner,unknown,,,,,,,,,,,,,Yes,,,,Yes,Yes,Yes,,,Dufferin Grove
430,Major Arterial,Toronto and East York,Mid-Block,No Control,Clear,Dark,Loose Snow,Non-Fatal Injury,SMV Other,Passenger,15 to 19,Major,,,,,,,,,,,,Yes,,,,Yes,Yes,Yes,,,Moss Park
430,Major Arterial,Toronto and East York,Mid-Block,No Control,Clear,Dark,Loose Snow,Non-Fatal Injury,SMV Other,Passenger,15 to 19,Major,,,,,,,,,,,,Yes,,,,Yes,Yes,Yes,,,Moss Park
430,Major Arterial,Toronto and East York,Mid-Block,No Control,Clear,Dark,Loose Snow,Non-Fatal Injury,SMV Other,Passenger,15 to 19,Major,,,,,,,,,,,,Yes,,,,Yes,Yes,Yes,,,Moss Park
430,Major Arterial,Toronto and East York,Mid-Block,No Control,Clear,Dark,Loose Snow,Non-Fatal Injury,SMV Other,Passenger,15 to 19,Major,,Other,,,,,,,,,,Yes,,,,Yes,Yes,Yes,,,Moss Park
430,Major Arterial,Toronto and East York,Mid-Block,No Control,Clear,Dark,Loose Snow,Non-Fatal Injury,SMV Other,Vehicle Owner,unknown,,,,,,,,,,,,,Yes,,,,Yes,Yes,Yes,,,Moss Park
430,Major Arterial,Toronto and East York,Mid-Block,No Control,Clear,Dark,Loose Snow,Non-Fatal Injury,SMV Other,Driver,15 to 19,Major,East,Going Ahead,Speed too Fast For Condition,,,,,,,,,Yes,,,,Yes,Yes,Yes,,,Moss Park
501,Major Arterial,Etobicoke York,Mid-Block,No Control,Clear,Dark,Dry,Fatal,Pedestrian Collisions,Vehicle Owner,unknown,,,,,,,,,,,Yes,,Yes,,,,,Yes,Yes,,,West Humber-Clairville
501,Major Arterial,Etobicoke York,Mid-Block,No Control,Clear,Dark,Dry,Fatal,Pedestrian Collisions,Driver,25 to 29,,North,Going Ahead,Improper Passing,,,,,,,Yes,,Yes,,,,,Yes,Yes,,,West Humber-Clairville
501,Major Arterial,Etobicoke York,Mid-Block,No Control,Clear,Dark,Dry,Fatal,Pedestrian Collisions,Pedestrian,30 to 34,Fatal,Unknown,,,Pedestrian hit at mid-block,Pushing/Working on Vehicle,Unknown,,,,Yes,,Yes,,,,,Yes,Yes,,,West Humber-Clairville
1723,Minor Arterial,Toronto and East York,Intersection,Pedestrian Crossover,Clear,Daylight,Dry,Non-Fatal Injury,Pedestrian Collisions,Driver,30 to 34,,West,Going Ahead,Failed to Yield Right of Way,,,,,,,Yes,,Yes,,,,,,Yes,,,South Riverdale
1723,Minor Arterial,Toronto and East York,Intersection,Pedestrian Crossover,Clear,Daylight,Dry,Non-Fatal Injury,Pedestrian Collisions,Pedestrian,60 to 64,Major,South,,,Pedestrian hit a PXO/ped. Mid-block signal,"Crossing, Pedestrian Crossover",Normal,,,,Yes,,Yes,,,,,,Yes,,,South Riverdale
1955,Major Arterial,Scarborough,Intersection,Traffic Signal,Clear,Dark,Wet,Non-Fatal Injury,Cyclist Collisions,Vehicle Owner,unknown,,,,,,,,,,,,Yes,,,,Yes,,,Yes,,,West Hill
1955,Major Arterial,Scarborough,Intersection,Traffic Signal,Clear,Dark,Wet,Non-Fatal Injury,Cyclist Collisions,Driver,35 to 39,,South,Turning Right,Failed to Yield Right of Way,,,,,,,,Yes,,,,Yes,,,Yes,,,West Hill
1955,Major Arterial,Scarborough,Intersection,Traffic Signal,Clear,Dark,Wet,Non-Fatal Injury,Cyclist Collisions,Cyclist,25 to 29,Major,West,Going Ahead,,,,,Motorist turning right on green or amber at signalized intersection strikes cyclist.,Driving Properly,Normal,,Yes,,,,Yes,,,Yes,,,West Hill
1754,Major Arterial,Etobicoke York,Mid-Block,No Control,Clear,Dark,Dry,Non-Fatal Injury,SMV Other,Driver,55 to 59,Major,North,Going Ahead,Other,,,,,,,,,Yes,,,,,,,,,Eringate-Centennial-West Deane
2334,Major Arterial,Scarborough,,Traffic Signal,Clear,Dark,Dry,Non-Fatal Injury,Pedestrian Collisions,Vehicle Owner,unknown,,,Unknown,,,,,,,,Yes,,Yes,,,,,,,,,Eglinton East
2334,Major Arterial,Scarborough,,Traffic Signal,Clear,Dark,Dry,Non-Fatal Injury,Pedestrian Collisions,Driver,unknown,,West,Going Ahead,,,,,,,,Yes,,Yes,,,,,,,,,Eglinton East
2334,Major Arterial,Scarborough,,Traffic Signal,Clear,Dark,Dry,Non-Fatal Injury,Pedestrian Collisions,Pedestrian,unknown,Minor,,Other,,Unknown,,,,,,Yes,,Yes,,,,,,,,,Eglinton East
2334,Major Arterial,Scarborough,,Traffic Signal,Clear,Dark,Dry,Non-Fatal Injury,Pedestrian Collisions,Pedestrian,unknown,Major,,Other,,Unknown,,,,,,Yes,,Yes,,,,,,,,,Eglinton East
1110,Minor Arterial,Toronto and East York,Mid-Block,No Control,Clear,Daylight,Dry,Non-Fatal Injury,Cyclist Collisions,Driver,35 to 39,,West,Parked,Other,,,,,,,,Yes,Yes,,,,,,,,,Broadview North
1110,Minor Arterial,Toronto and East York,Mid-Block,No Control,Clear,Daylight,Dry,Non-Fatal Injury,Cyclist Collisions,Cyclist,80 to 84,Major,West,Going Ahead,,,,,Cyclist struck opened vehicle door,Driving Properly,Normal,,Yes,Yes,,,,,,,,,Broadview North
1828,Minor Arterial,Toronto and East York,Mid-Block,No Control,Clear,"Dusk, artificial",Dry,Non-Fatal Injury,Pedestrian Collisions,Vehicle Owner,unknown,,,,,,,,,,,Yes,,Yes,,,,,,,,,High Park-Swansea
1828,Minor Arterial,Toronto and East York,Mid-Block,No Control,Clear,"Dusk, artificial",Dry,Non-Fatal Injury,Pedestrian Collisions,Driver,30 to 34,,East,Turning Left,Driving Properly,,,,,,,Yes,,Yes,,,,,,,,,High Park-Swansea
1828,Minor Arterial,Toronto and East York,Mid-Block,No Control,Clear,"Dusk, artificial",Dry,Non-Fatal Injury,Pedestrian Collisions,Pedestrian,45 to 49,Major,West,,,Pedestrian hit at mid-block,"Crossing, no Traffic Control",Normal,,,,Yes,,Yes,,,,,,,,,High Park-Swansea
2222,,Etobicoke York,Mid-Block,No Control,Clear,Dark,Dry,Fatal,Sideswipe,Passenger,15 to 19,Fatal,,,,,,,,,,,,Yes,,,,Yes,,,,Yes,Humber Bay Shores
2222,,Etobicoke York,Mid-Block,No Control,Clear,Dark,Dry,Fatal,Sideswipe,Passenger,20 to 24,Minor,,,,,,,,,,,,Yes,,,,Yes,,,,Yes,Humber Bay Shores
2222,,Etobicoke York,Mid-Block,No Control,Clear,Dark,Dry,Fatal,Sideswipe,Driver,35 to 39,Minor,West,Overtaking,Lost control,,,,,,,,,Yes,,,,Yes,,,,Yes,Humber Bay Shores
2222,,Etobicoke York,Mid-Block,No Control,Clear,Dark,Dry,Fatal,Sideswipe,Vehicle Owner,unknown,,,,,,,,,,,,,Yes,,,,Yes,,,,Yes,Humber Bay Shores
2222,,Etobicoke York,Mid-Block,No Control,Clear,Dark,Dry,Fatal,Sideswipe,Driver,25 to 29,Minor,West,Going Ahead,Driving Properly,,,,,,,,,Yes,,,,Yes,,,,Yes,Humber Bay Shores
2222,,Etobicoke York,Mid-Block,No Control,Clear,Dark,Dry,Fatal,Sideswipe,Driver,40 to 44,,West,Going Ahead,Driving Properly,,,,,,,,,Yes,,,,Yes,,,,Yes,Humber Bay Shores
2222,,Etobicoke York,Mid-Block,No Control,Clear,Dark,Dry,Fatal,Sideswipe,Other Property Owner,unknown,,,,,,,,,,,,,Yes,,,,Yes,,,,Yes,Humber Bay Shores
2018,,Etobicoke York,Mid-Block,No Control,Clear,Dark,Dry,Fatal,Rear End,Passenger,5 to 9,Fatal,,,,,,,,,,,,Yes,,,,Yes,,,,,Mimico-Queensway
2018,,Etobicoke York,Mid-Block,No Control,Clear,Dark,Dry,Fatal,Rear End,Passenger,5 to 9,Major,,,,,,,,,,,,Yes,,,,Yes,,,,,Mimico-Queensway
2018,,Etobicoke York,Mid-Block,No Control,Clear,Dark,Dry,Fatal,Rear End,Passenger,40 to 44,Minor,,,,,,,,,,,,Yes,,,,Yes,,,,,Mimico-Queensway
2018,,Etobicoke York,Mid-Block,No Control,Clear,Dark,Dry,Fatal,Rear End,Other,unknown,,East,Parked,,,,,,,,,,Yes,,,,Yes,,,,,Mimico-Queensway
2018,,Etobicoke York,Mid-Block,No Control,Clear,Dark,Dry,Fatal,Rear End,Driver,30 to 34,Minor,East,Going Ahead,Lost control,,,,,,,,,Yes,,,,Yes,,,,,Mimico-Queensway
1828,Major Arterial,Etobicoke York,Intersection,Pedestrian Crossover,Clear,Dark,Dry,Fatal,Pedestrian Collisions,Vehicle Owner,unknown,,,,,,,,,,,Yes,,Yes,,,,Yes,,Yes,,,Elms-Old Rexdale
1828,Major Arterial,Etobicoke York,Intersection,Pedestrian Crossover,Clear,Dark,Dry,Fatal,Pedestrian Collisions,Driver,20 to 24,,North,Going Ahead,Failed to Yield Right of Way,,,,,,,Yes,,Yes,,,,Yes,,Yes,,,Elms-Old Rexdale
110,,North York,Mid-Block,No Control,Clear,Dark,Dry,Non-Fatal Injury,SMV Other,Passenger,20 to 24,Minor,,,,,,,,,,,,Yes,,,,Yes,,,,Yes,Forest Hill North
700,Major Arterial,Toronto and East York,Intersection,Stop Sign,Rain,Daylight,Wet,Non-Fatal Injury,Turning Movement,Motorcycle Driver,25 to 29,Major,South,Going Ahead,Driving Properly,,,,,,,,,Yes,Yes,,,,,Yes,,,Yonge-St.Clair
2230,Minor Arterial,Toronto and East York,Mid-Block,No Control,Clear,Dark,Dry,Non-Fatal Injury,SMV Other,Passenger,10 to 14,Major,,,,,,,,,,,,Yes,,,,Yes,,,,,Caledonia-Fairbank
110,,North York,Mid-Block,No Control,Clear,Dark,Dry,Non-Fatal Injury,SMV Other,Passenger,20 to 24,Minor,,,,,,,,,,,,Yes,,,,Yes,,,,Yes,Forest Hill North
1828,Major Arterial,Etobicoke York,Intersection,Pedestrian Crossover,Clear,Dark,Dry,Fatal,Pedestrian Collisions,Pedestrian,10 to 14,Fatal,East,,,Pedestrian hit a PXO/ped. Mid-block signal,"Crossing, Pedestrian Crossover",Normal,,,,Yes,,Yes,,,,Yes,,Yes,,,Elms-Old Rexdale
343,Minor Arterial,North York,Intersection,Stop Sign,Clear,Dark,Dry,Non-Fatal Injury,Angle,Passenger,15 to 19,Major,,Other,,,,,,,,,,Yes,,,,Yes,,Yes,,,East Willowdale
700,Major Arterial,Toronto and East York,Intersection,Stop Sign,Rain,Daylight,Wet,Non-Fatal Injury,Turning Movement,Driver,25 to 29,,East,Turning Left,Failed to Yield Right of Way,,,,,,,,,Yes,Yes,,,,,Yes,,,Yonge-St.Clair
1435,Major Arterial,Scarborough,Intersection,Traffic Signal,Clear,Daylight,Dry,Fatal,Pedestrian Collisions,Vehicle Owner,unknown,,,,,,,,,,,Yes,,Yes,,,,,,,,,Dorset Park
110,,North York,Mid-Block,No Control,Clear,Dark,Dry,Non-Fatal Injury,SMV Other,Passenger,20 to 24,Minor,,,,,,,,,,,,Yes,,,,Yes,,,,Yes,Forest Hill North
2230,Minor Arterial,Toronto and East York,Mid-Block,No Control,Clear,Dark,Dry,Non-Fatal Injury,SMV Other,Vehicle Owner,unknown,,,,,,,,,,,,,Yes,,,,Yes,,,,,Caledonia-Fairbank
1536,Minor Arterial,Toronto and East York,Mid-Block,No Control,Rain,Daylight,Wet,Non-Fatal Injury,Pedestrian Collisions,Pedestrian,80 to 84,Major,East,,,Pedestrian hit at mid-block,Running onto Roadway,Normal,,,,Yes,,Yes,,,,,,,,,Humewood-Cedarvale
343,Minor Arterial,North York,Intersection,Stop Sign,Clear,Dark,Dry,Non-Fatal Injury,Angle,Vehicle Owner,unknown,,,Other,,,,,,,,,,Yes,,,,Yes,,Yes,,,East Willowdale
1435,Major Arterial,Scarborough,Intersection,Traffic Signal,Clear,Daylight,Dry,Fatal,Pedestrian Collisions,Driver,50 to 54,,South,Going Ahead,Driving Properly,,,,,,,Yes,,Yes,,,,,,,,,Dorset Park
110,,North York,Mid-Block,No Control,Clear,Dark,Dry,Non-Fatal Injury,SMV Other,Driver,20 to 24,Minor,North,Going Ahead,Lost control,,,,,,,,,Yes,,,,Yes,,,,Yes,Forest Hill North
1435,Major Arterial,Scarborough,Intersection,Traffic Signal,Clear,Daylight,Dry,Fatal,Pedestrian Collisions,Pedestrian,75 to 79,Fatal,East,,,Vehicle is going straight thru inter.while ped cross without ROW,Crossing without right of way,Unknown,,,,Yes,,Yes,,,,,,,,,Dorset Park
2230,Minor Arterial,Toronto and East York,Mid-Block,No Control,Clear,Dark,Dry,Non-Fatal Injury,SMV Other,Driver,30 to 34,Major,West,Going Ahead,Lost control,,,,,,,,,Yes,,,,Yes,,,,,Caledonia-Fairbank
343,Minor Arterial,North York,Intersection,Stop Sign,Clear,Dark,Dry,Non-Fatal Injury,Angle,Driver,15 to 19,Minimal,North,Going Ahead,Driving Properly,,,,,,,,,Yes,,,,Yes,,Yes,,,East Willowdale
1536,Minor Arterial,Toronto and East York,Mid-Block,No Control,Rain,Daylight,Wet,Non-Fatal Injury,Pedestrian Collisions,Driver,80 to 84,,South,Going Ahead,Driving Properly,,,,,,,Yes,,Yes,,,,,,,,,Humewood-Cedarvale
2230,Minor Arterial,Toronto and East York,Mid-Block,No Control,Clear,Dark,Dry,Non-Fatal Injury,SMV Other,Other Property Owner,unknown,,,,,,,,,,,,,Yes,,,,Yes,,,,,Caledonia-Fairbank
110,,North York,Mid-Block,No Control,Clear,Dark,Dry,Non-Fatal Injury,SMV Other,Other Property Owner,unknown,,,,,,,,,,,,,Yes,,,,Yes,,,,Yes,Forest Hill North
1820,Major Arterial,Scarborough,Intersection,Traffic Signal,Clear,"Dark, artificial",Dry,Non-Fatal Injury,Pedestrian Collisions,Vehicle Owner,unknown,,,,,,,,,,,Yes,,,,,Yes,,,,,,Agincourt North
2120,Major Arterial,North York,Mid-Block,No Control,Clear,Dark,Dry,Non-Fatal Injury,Approaching,Driver,25 to 29,,West,Going Ahead,Driving Properly,,,,,,,,,Yes,,,,,Yes,Yes,,Yes,York University Heights
1700,Major Arterial,Etobicoke York,Mid-Block,No Control,Rain,Daylight,Wet,Non-Fatal Injury,Pedestrian Collisions,Driver,15 to 19,,East,Going Ahead,Driving Properly,,,,,,,Yes,,Yes,,,,,,,,,Oakdale-Beverley Heights
236,Minor Arterial,Toronto and East York,Intersection,Traffic Signal,Clear,Dark,Dry,Non-Fatal Injury,Pedestrian Collisions,Driver,20 to 24,,East,Going Ahead,Driving Properly,,,,,,,Yes,,Yes,,,,,,,,,Church-Wellesley
236,Minor Arterial,Toronto and East York,Intersection,Traffic Signal,Clear,Dark,Dry,Non-Fatal Injury,Pedestrian Collisions,Pedestrian,25 to 29,Major,North,,,Vehicle is going straight thru inter.while ped cross without ROW,Crossing without right of way,Had Been Drinking,,,,Yes,,Yes,,,,,,,,,Church-Wellesley
1906,Major Arterial,Toronto and East York,Intersection,Traffic Signal,Clear,Daylight,Dry,Fatal,Pedestrian Collisions,Driver,45 to 49,,North,Turning Left,Failed to Yield Right of Way,,,,,,,Yes,,Yes,,,,,,Yes,,,Dufferin Grove
1820,Major Arterial,Scarborough,Intersection,Traffic Signal,Clear,"Dark, artificial",Dry,Non-Fatal Injury,Pedestrian Collisions,Driver,55 to 59,,East,Turning Right,Driving Properly,,,,,,,Yes,,,,,Yes,,,,,,Agincourt North
1700,Major Arterial,Etobicoke York,Mid-Block,No Control,Rain,Daylight,Wet,Non-Fatal Injury,Pedestrian Collisions,Pedestrian,55 to 59,Major,North,,,Pedestrian hit at mid-block,"Crossing, no Traffic Control",Normal,,,,Yes,,Yes,,,,,,,,,Oakdale-Beverley Heights
2120,Major Arterial,North York,Mid-Block,No Control,Clear,Dark,Dry,Non-Fatal Injury,Approaching,Driver,20 to 24,Major,East,Making U Turn,Failed to Yield Right of Way,,,,,,,,,Yes,,,,,Yes,Yes,,Yes,York University Heights
1820,Major Arterial,Scarborough,Intersection,Traffic Signal,Clear,"Dark, artificial",Dry,Non-Fatal Injury,Pedestrian Collisions,Pedestrian,50 to 54,Major,East,,,Pedestrian involved in a collision with transit vehicle anywhere along roadway,Crossing without right of way,Inattentive,,,,Yes,,,,,Yes,,,,,,Agincourt North
1906,Major Arterial,Toronto and East York,Intersection,Traffic Signal,Clear,Daylight,Dry,Fatal,Pedestrian Collisions,Pedestrian,75 to 79,Fatal,South,,,Vehicle turns left while ped crosses with ROW at inter.,Crossing with right of way,Had Been Drinking,,,,Yes,,Yes,,,,,,Yes,,,Dufferin Grove
958,Collector,Toronto and East York,Intersection,Stop Sign,Clear,Daylight,Dry,Non-Fatal Injury,Cyclist Collisions,Vehicle Owner,unknown,,,,,,,,,,,,Yes,,,Yes,,,,,,,South Riverdale
1225,Major Arterial,Toronto and East York,Intersection,Stop Sign,Clear,Daylight,Dry,Non-Fatal Injury,Pedestrian Collisions,Driver,45 to 49,,East,Turning Left,Other,,,,,,,Yes,,Yes,,,,,,,,,Annex
207,Major Arterial,Toronto and East York,Intersection,No Control,Clear,Dark,Dry,Non-Fatal Injury,SMV Other,Passenger,25 to 29,Major,,,,,,,,,,,,Yes,,,,Yes,Yes,Yes,,,Weston-Pelham Park
958,Collector,Toronto and East York,Intersection,Stop Sign,Clear,Daylight,Dry,Non-Fatal Injury,Cyclist Collisions,Truck Driver,45 to 49,,West,Turning Right,Improper Turn,,,,,,,,Yes,,,Yes,,,,,,,South Riverdale
804,Major Arterial,Scarborough,Intersection,No Control,Clear,Daylight,Dry,Non-Fatal Injury,Approaching,Driver,80 to 84,Minor,North,Going Ahead,Other,,,,,,,,,Yes,,,,,,,,,Bendale South
958,Collector,Toronto and East York,Intersection,Stop Sign,Clear,Daylight,Dry,Non-Fatal Injury,Cyclist Collisions,Cyclist,35 to 39,Major,West,Going Ahead,,,,,"Motorist turns right at non-signal Inter.(stop, yield, no cont.,and dwy) and strikes cyclist.",Driving Properly,Normal,,Yes,,,Yes,,,,,,,South Riverdale