TIME,ROAD_CLASS,DISTRICT,LOCCOORD,TRAFFCTL,VISIBILITY,LIGHT,RDSFCOND,ACCLASS,IMPACTYPE,INVTYPE,INVAGE,INJURY,INITDIR,MANOEUVER,DRIVACT,PEDTYPE,PEDACT,PEDCOND,CYCLISTYPE,CYCACT,CYCCOND,PEDESTRIAN,CYCLIST,AUTOMOBILE,MOTORCYCLE,TRUCK,TRSN_CITY_VEH,PASSENGER,SPEEDING,AG_DRIV,REDLIGHT,ALCOHOL,NEIGHBOURHOOD_158
1850,Minor Arterial,Toronto and East York,Mid-Block,No Control,Rain,Dark,Wet,Non-Fatal Injury,Pedestrian Collisions,Driver,unknown,,,Unknown,Failed to Yield Right of Way,,,,,,,Yes,,Yes,,,,,,Yes,,,South Riverdale
858,Major Arterial,Toronto and East York,Intersection,Traffic Signal,Clear,Daylight,Dry,Non-Fatal Injury,Angle,Driver,40 to 44,Major,West,Going Ahead,Failed to Yield Right of Way,,,,,,,,,Yes,,,,Yes,,Yes,,,South Parkdale
1829,Major Arterial,Scarborough,Intersection,No Control,Clear,Dusk,Dry,Fatal,Pedestrian Collisions,Pedestrian,40 to 44,Major,West,,,Pedestrian hit at mid-block,"Crossing, no Traffic Control",Normal,,,,Yes,,Yes,,,,,Yes,Yes,,,Agincourt South-Malvern West
1024,Major Arterial,Etobicoke York,Intersection,Traffic Signal,Rain,Daylight,Wet,Non-Fatal Injury,Turning Movement,Driver,50 to 54,,West,Going Ahead,Driving Properly,,,,,,,,,Yes,,,,,,,,,Rexdale-Kipling
1829,Major Arterial,Scarborough,Intersection,No Control,Clear,Dusk,Dry,Fatal,Pedestrian Collisions,Pedestrian,50 to 54,Fatal,West,,,Pedestrian hit at mid-block,"Crossing, no Traffic Control",Normal,,,,Yes,,Yes,,,,,Yes,Yes,,,Agincourt South-Malvern West
858,Major Arterial,Toronto and East York,Intersection,Traffic Signal,Clear,Daylight,Dry,Non-Fatal Injury,Angle,Passenger,40 to 44,,,,,,,,,,,,,Yes,,,,Yes,,Yes,,,South Parkdale
1850,Minor Arterial,Toronto and East York,Mid-Block,No Control,Rain,Dark,Wet,Non-Fatal Injury,Pedestrian Collisions,Pedestrian,25 to 29,Major,,,,Pedestrian hit at mid-block,Other,Unknown,,,,Yes,,Yes,,,,,,Yes,,,South Riverdale
1725,Major Arterial,Scarborough,Mid-Block,No Control,Clear,Daylight,Dry,Non-Fatal Injury,Rear End,Driver,50 to 54,Major,East,Going Ahead,Driving Properly,,,,,,,,,Yes,,,,,,,,,NSA
858,Major Arterial,Toronto and East York,Intersection,Traffic Signal,Clear,Daylight,Dry,Non-Fatal Injury,Angle,Passenger,35 to 39,,,,,,,,,,,,,Yes,,,,Yes,,Yes,,,South Parkdale
1024,Major Arterial,Etobicoke York,Intersection,Traffic Signal,Rain,Daylight,Wet,Non-Fatal Injury,Turning Movement,Vehicle Owner,unknown,,,,,,,,,,,,,Yes,,,,,,,,,Rexdale-Kipling
858,Major Arterial,Toronto and East York,Intersection,Traffic Signal,Clear,Daylight,Dry,Non-Fatal Injury,Angle,Passenger,unknown,,,,,,,,,,,,,Yes,,,,Yes,,Yes,,,South Parkdale
230,Collector,Scarborough,Mid-Block,No Control,Clear,Dark,Dry,Non-Fatal Injury,Pedestrian Collisions,Pedestrian,20 to 24,Major,,,,Other / Undefined,Other,Had Been Drinking,,,,Yes,,Yes,,,,,,Yes,,,West Hill
1725,Major Arterial,Scarborough,Mid-Block,No Control,Clear,Daylight,Dry,Non-Fatal Injury,Rear End,Driver,unknown,,East,Going Ahead,Other,,,,,,,,,Yes,,,,,,,,,NSA
1614,Minor Arterial,Toronto and East York,Intersection,No Control,Clear,Daylight,Dry,Non-Fatal Injury,SMV Other,Driver,35 to 39,Major,North,Going Ahead,Lost control,,,,,,,,,Yes,,,,,,,,,Corso Italia-Davenport
230,Collector,Scarborough,Mid-Block,No Control,Clear,Dark,Dry,Non-Fatal Injury,Pedestrian Collisions,Vehicle Owner,unknown,,,,,,,,,,,Yes,,Yes,,,,,,Yes,,,West Hill
1024,Major Arterial,Etobicoke York,Intersection,Traffic Signal,Rain,Daylight,Wet,Non-Fatal Injury,Turning Movement,Driver,15 to 19,Major,East,Turning Left,Improper Turn,,,,,,,,,Yes,,,,,,,,,Rexdale-Kipling
858,Major Arterial,Toronto and East York,Intersection,Traffic Signal,Clear,Daylight,Dry,Non-Fatal Injury,Angle,Vehicle Owner,unknown,,,,,,,,,,,,,Yes,,,,Yes,,Yes,,,South Parkdale
1828,Major Arterial,Toronto and East York,Mid-Block,No Control,Clear,Dark,Dry,Non-Fatal Injury,Pedestrian Collisions,Vehicle Owner,unknown,,,,,,,,,,,Yes,,Yes,,,,,,,,,Moss Park
230,Collector,Scarborough,Mid-Block,No Control,Clear,Dark,Dry,Non-Fatal Injury,Pedestrian Collisions,Driver,30 to 34,,East,Going Ahead,Other,,,,,,,Yes,,Yes,,,,,,Yes,,,West Hill
1614,Minor Arterial,Toronto and East York,Intersection,No Control,Clear,Daylight,Dry,Non-Fatal Injury,SMV Other,Other Property Owner,unknown,,,,,,,,,,,,,Yes,,,,,,,,,Corso Italia-Davenport
1828,Major Arterial,Toronto and East York,Mid-Block,No Control,Clear,Dark,Dry,Non-Fatal Injury,Pedestrian Collisions,Driver,40 to 44,,South,Turning Right,Driving Properly,,,,,,,Yes,,Yes,,,,,,,,,Moss Park
1800,Major Arterial,Toronto and East York,Intersection,No Control,Clear,Dark,Dry,Non-Fatal Injury,Pedestrian Collisions,Pedestrian,85 to 89,Major,West,,,Vehicle is going straight thru inter.while ped cross without ROW,"Crossing, no Traffic Control",Normal,,,,Yes,,Yes,,,,,,,,,Annex
1024,Major Arterial,Etobicoke York,Intersection,Traffic Signal,Rain,Daylight,Wet,Non-Fatal Injury,Turning Movement,Driver,45 to 49,,South,Stopped,Driving Properly,,,,,,,,,Yes,,,,,,,,,Rexdale-Kipling
858,Major Arterial,Toronto and East York,Intersection,Traffic Signal,Clear,Daylight,Dry,Non-Fatal Injury,Angle,Driver,40 to 44,,South,Going Ahead,Driving Properly,,,,,,,,,Yes,,,,Yes,,Yes,,,South Parkdale
1614,Minor Arterial,Toronto and East York,Intersection,No Control,Clear,Daylight,Dry,Non-Fatal Injury,SMV Other,Other Property Owner,unknown,,,,,,,,,,,,,Yes,,,,,,,,,Corso Italia-Davenport
1828,Major Arterial,Toronto and East York,Mid-Block,No Control,Clear,Dark,Dry,Non-Fatal Injury,Pedestrian Collisions,Pedestrian,60 to 64,Major,North,,,Pedestrian hit on sidewalk or shoulder,On Sidewalk or Shoulder,Had Been Drinking,,,,Yes,,Yes,,,,,,,,,Moss Park
1800,Major Arterial,Toronto and East York,Intersection,No Control,Clear,Dark,Dry,Non-Fatal Injury,Pedestrian Collisions,Vehicle Owner,unknown,,,,,,,,,,,Yes,,Yes,,,,,,,,,Annex
1840,Major Arterial,North York,Intersection,Traffic Signal,Clear,Daylight,Dry,Fatal,Pedestrian Collisions,Driver,40 to 44,,West,Turning Right,Failed to Yield Right of Way,,,,,,,Yes,,Yes,,,,,,Yes,,,Bedford Park-Nortown
1640,Major Arterial,Toronto and East York,Mid-Block,No Control,Clear,Daylight,Dry,Non-Fatal Injury,Pedestrian Collisions,Driver,45 to 49,,West,Going Ahead,Driving Properly,,,,,,,Yes,,Yes,,,,,,,,,Annex
2124,Major Arterial,Etobicoke York,Intersection,Traffic Signal,Clear,Dark,Dry,Non-Fatal Injury,Pedestrian Collisions,Driver,30 to 34,,North,Turning Left,Failed to Yield Right of Way,,,,,,,Yes,,Yes,,,,,Yes,Yes,,,West Humber-Clairville
1840,Major Arterial,North York,Intersection,Traffic Signal,Clear,Daylight,Dry,Fatal,Pedestrian Collisions,Pedestrian,40 to 44,Fatal,West,,,Vehicle turns right while ped crosses with ROW at inter.,Crossing with right of way,Normal,,,,Yes,,Yes,,,,,,Yes,,,Bedford Park-Nortown
1640,Major Arterial,Toronto and East York,Mid-Block,No Control,Clear,Daylight,Dry,Non-Fatal Injury,Pedestrian Collisions,Pedestrian,70 to 74,Major,North,,,Pedestrian hit at mid-block,Crossing with right of way,Normal,,,,Yes,,Yes,,,,,,,,,Annex
2144,Major Arterial,Toronto and East York,Mid-Block,No Control,Clear,Dark,Dry,Non-Fatal Injury,Pedestrian Collisions,Vehicle Owner,unknown,,,,,,,,,,,Yes,,,,,,,,,,,Wellington Place
1800,Major Arterial,Toronto and East York,Intersection,No Control,Clear,Dark,Dry,Non-Fatal Injury,Pedestrian Collisions,Driver,50 to 54,,South,Going Ahead,Driving Properly,,,,,,,Yes,,Yes,,,,,,,,,Annex
2205,Major Arterial,Etobicoke York,Intersection,Traffic Signal,Clear,Dark,Dry,Non-Fatal Injury,Sideswipe,Vehicle Owner,unknown,,,,,,,,,,,,,Yes,,,,Yes,Yes,Yes,,,Mount Dennis
622,Major Arterial,Etobicoke York,Intersection,Traffic Signal,Clear,Daylight,Dry,Non-Fatal Injury,Turning Movement,Driver,45 to 49,Minor,North,Turning Left,Driving Properly,,,,,,,,,Yes,,,,,,Yes,Yes,,NSA
2124,Major Arterial,Etobicoke York,Intersection,Traffic Signal,Clear,Dark,Dry,Non-Fatal Injury,Pedestrian Collisions,Pedestrian,55 to 59,Major,East,,,Vehicle turns left while ped crosses with ROW at inter.,Crossing with right of way,Normal,,,,Yes,,Yes,,,,,Yes,Yes,,,West Humber-Clairville
2144,Major Arterial,Toronto and East York,Mid-Block,No Control,Clear,Dark,Dry,Non-Fatal Injury,Pedestrian Collisions,Driver,40 to 44,,East,Going Ahead,Wrong Way on One Way Road,,,,,,,Yes,,,,,,,,,,,Wellington Place
2144,Major Arterial,Toronto and East York,Mid-Block,No Control,Clear,Dark,Dry,Non-Fatal Injury,Pedestrian Collisions,Pedestrian,35 to 39,Major,North,,,Pedestrian hit at mid-block,"Crossing, no Traffic Control",Inattentive,,,,Yes,,,,,,,,,,,Wellington Place
145,Major Arterial,Scarborough,Intersection,Traffic Signal,Clear,Dawn,Dry,Fatal,Angle,Passenger,35 to 39,Major,,,,,,,,,,,,Yes,,,,Yes,Yes,Yes,,,Wexford/Maryvale
2205,Major Arterial,Etobicoke York,Intersection,Traffic Signal,Clear,Dark,Dry,Non-Fatal Injury,Sideswipe,Passenger,30 to 34,Major,,,,,,,,,,,,Yes,,,,Yes,Yes,Yes,,,Mount Dennis
622,Major Arterial,Etobicoke York,Intersection,Traffic Signal,Clear,Daylight,Dry,Non-Fatal Injury,Turning Movement,Driver,20 to 24,Major,South,Going Ahead,Disobeyed Traffic Control,,,,,,,,,Yes,,,,,,Yes,Yes,,NSA
1915,Major Arterial,Toronto and East York,Mid-Block,No Control,Clear,Daylight,Dry,Non-Fatal Injury,Cyclist Collisions,Vehicle Owner,unknown,,,,,,,,,,,,Yes,Yes,,,,,,,,,Downtown Yonge East
556,Major Arterial,Toronto and East York,Intersection,Traffic Signal,Clear,Daylight,Dry,Non-Fatal Injury,Angle,Driver,55 to 59,Major,West,Going Ahead,Disobeyed Traffic Control,,,,,,,,,Yes,,,,,,Yes,Yes,,St Lawrence-East Bayfront-The Islands
145,Major Arterial,Scarborough,Intersection,Traffic Signal,Clear,Dawn,Dry,Fatal,Angle,Vehicle Owner,unknown,,,,,,,,,,,,,Yes,,,,Yes,Yes,Yes,,,Wexford/Maryvale
1915,Major Arterial,Toronto and East York,Mid-Block,No Control,Clear,Daylight,Dry,Non-Fatal Injury,Cyclist Collisions,Driver,50 to 54,,West,Parked,Other,,,,,,,,Yes,Yes,,,,,,,,,Downtown Yonge East
556,Major Arterial,Toronto and East York,Intersection,Traffic Signal,Clear,Daylight,Dry,Non-Fatal Injury,Angle,Vehicle Owner,unknown,,,,,,,,,,,,,Yes,,,,,,Yes,Yes,,St Lawrence-East Bayfront-The Islands
2205,Major Arterial,Etobicoke York,Intersection,Traffic Signal,Clear,Dark,Dry,Non-Fatal Injury,Sideswipe,Driver,30 to 34,,North,Stopped,Driving Properly,,,,,,,,,Yes,,,,Yes,Yes,Yes,,,Mount Dennis
2256,Collector,Scarborough,Intersection,No Control,Clear,Dark,Dry,Non-Fatal Injury,Pedestrian Collisions,Driver,40 to 44,,South,Going Ahead,Failed to Yield Right of Way,,,,,,,Yes,,Yes,,,,,,Yes,,Yes,West Hill
145,Major Arterial,Scarborough,Intersection,Traffic Signal,Clear,Dawn,Dry,Fatal,Angle,Driver,40 to 44,,West,Going Ahead,Driving Properly,,,,,,,,,Yes,,,,Yes,Yes,Yes,,,Wexford/Maryvale
2256,Collector,Scarborough,Intersection,No Control,Clear,Dark,Dry,Non-Fatal Injury,Pedestrian Collisions,Pedestrian,15 to 19,Major,South,,,Pedestrian hit on sidewalk or shoulder,On Sidewalk or Shoulder,Unknown,,,,Yes,,Yes,,,,,,Yes,,Yes,West Hill
1915,Major Arterial,Toronto and East York,Mid-Block,No Control,Clear,Daylight,Dry,Non-Fatal Injury,Cyclist Collisions,Cyclist,25 to 29,Major,West,Going Ahead,,,,,Cyclist struck opened vehicle door,Driving Properly,Normal,,Yes,Yes,,,,,,,,,Downtown Yonge East
556,Major Arterial,Toronto and East York,Intersection,Traffic Signal,Clear,Daylight,Dry,Non-Fatal Injury,Angle,Driver,35 to 39,Minimal,North,Going Ahead,Driving Properly,,,,,,,,,Yes,,,,,,Yes,Yes,,St Lawrence-East Bayfront-The Islands
2205,Major Arterial,Etobicoke York,Intersection,Traffic Signal,Clear,Dark,Dry,Non-Fatal Injury,Sideswipe,Vehicle Owner,unknown,,,,,,,,,,,,,Yes,,,,Yes,Yes,Yes,,,Mount Dennis
2250,Major Arterial,Toronto and East York,Intersection,Traffic Signal,Clear,Dark,Dry,Non-Fatal Injury,Pedestrian Collisions,Pedestrian,45 to 49,Major,East,,,Vehicle is going straight thru inter.while ped cross with ROW,Crossing with right of way,Had Been Drinking,,,,Yes,Yes,,,,,,,,,,Rosedale-Moore Park
1440,Major Arterial,Etobicoke York,Intersection,Traffic Signal,Clear,Daylight,Dry,Non-Fatal Injury,Pedestrian Collisions,Driver,25 to 29,,South,Going Ahead,Driving Properly,,,,,,,Yes,,Yes,,,,,,,,,West Humber-Clairville
2205,Major Arterial,Etobicoke York,Intersection,Traffic Signal,Clear,Dark,Dry,Non-Fatal Injury,Sideswipe,Driver,30 to 34,,North,Overtaking,Lost control,,,,,,,,,Yes,,,,Yes,Yes,Yes,,,Mount Dennis
145,Major Arterial,Scarborough,Intersection,Traffic Signal,Clear,Dawn,Dry,Fatal,Angle,Driver,35 to 39,Fatal,South,Going Ahead,Exceeding Speed Limit,,,,,,,,,Yes,,,,Yes,Yes,Yes,,,Wexford/Maryvale
1639,Minor Arterial,Scarborough,Intersection,Traffic Signal,Clear,Daylight,Dry,Fatal,Approaching,Vehicle Owner,unknown,,,,,,,,,,,,,Yes,,,,Yes,,,,,Morningside
754,Collector,Scarborough,Intersection,Stop Sign,Clear,Daylight,Wet,Fatal,Pedestrian Collisions,Passenger,10 to 14,,,,,,,,,,,Yes,,Yes,,,,Yes,,Yes,,,West Rouge
2250,Major Arterial,Toronto and East York,Intersection,Traffic Signal,Clear,Dark,Dry,Non-Fatal Injury,Pedestrian Collisions,Cyclist,40 to 44,,South,Going Ahead,,,,,Cyclist strikes pedestrian.,Disobeyed Traffic Control,Normal,Yes,Yes,,,,,,,,,,Rosedale-Moore Park
1639,Minor Arterial,Scarborough,Intersection,Traffic Signal,Clear,Daylight,Dry,Fatal,Approaching,Driver,25 to 29,,South,Going Ahead,Driving Properly,,,,,,,,,Yes,,,,Yes,,,,,Morningside
1440,Major Arterial,Etobicoke York,Intersection,Traffic Signal,Clear,Daylight,Dry,Non-Fatal Injury,Pedestrian Collisions,Pedestrian,40 to 44,Major,West,Going Ahead,,Vehicle is going straight thru inter.while ped cross without ROW,Crossing without right of way,Inattentive,,,,Yes,,Yes,,,,,,,,,West Humber-Clairville
754,Collector,Scarborough,Intersection,Stop Sign,Clear,Daylight,Wet,Fatal,Pedestrian Collisions,Driver,40 to 44,,South,Turning Left,Failed to Yield Right of Way,,,,,,,Yes,,Yes,,,,Yes,,Yes,,,West Rouge
2344,Major Arterial,Toronto and East York,Mid-Block,No Control,Clear,Dark,Dry,Non-Fatal Injury,Rear End,Driver,50 to 54,Minimal,East,Going Ahead,Driving Properly,,,,,,,,,Yes,,,,Yes,,Yes,,,Harbourfront-CityPlace
2214,Major Arterial,Toronto and East York,Intersection,Traffic Signal,Clear,Dark,Dry,Non-Fatal Injury,Cyclist Collisions,Cyclist,40 to 44,Major,South,Going Ahead,,,,,"Cyclist loses control and strikes object (pole, ttc track)",Lost control,Had Been Drinking,,Yes,,,,,,,,,,Casa Loma
941,Major Arterial,Toronto and East York,Intersection,Traffic Signal,Clear,Daylight,Dry,Non-Fatal Injury,Pedestrian Collisions,Driver,65 to 69,,South,Turning Left,Failed to Yield Right of Way,,,,,,,Yes,,Yes,,,,,,Yes,,,South Eglinton-Davisville
754,Collector,Scarborough,Intersection,Stop Sign,Clear,Daylight,Wet,Fatal,Pedestrian Collisions,Pedestrian,75 to 79,Fatal,North,,,Vehicle turns left while ped crosses with ROW at inter.,Crossing with right of way,Normal,,,,Yes,,Yes,,,,Yes,,Yes,,,West Rouge
1639,Minor Arterial,Scarborough,Intersection,Traffic Signal,Clear,Daylight,Dry,Fatal,Approaching,Driver,35 to 39,,South,Going Ahead,Driving Properly,,,,,,,,,Yes,,,,Yes,,,,,Morningside
2344,Major Arterial,Toronto and East York,Mid-Block,No Control,Clear,Dark,Dry,Non-Fatal Injury,Rear End,Passenger,25 to 29,Minimal,East,,,,,,,,,,,Yes,,,,Yes,,Yes,,,Harbourfront-CityPlace
1639,Minor Arterial,Scarborough,Intersection,Traffic Signal,Clear,Daylight,Dry,Fatal,Approaching,Passenger,0 to 4,,,,,,,,,,,,,Yes,,,,Yes,,,,,Morningside
2358,Collector,Etobicoke York,Mid-Block,No Control,Clear,Dark,Dry,Non-Fatal Injury,SMV Other,Passenger,10 to 14,Major,,,,,,,,,,,,Yes,,,,Yes,Yes,Yes,,Yes,Black Creek
941,Major Arterial,Toronto and East York,Intersection,Traffic Signal,Clear,Daylight,Dry,Non-Fatal Injury,Pedestrian Collisions,Pedestrian,80 to 84,Major,North,,,Vehicle turns left while ped crosses with ROW at inter.,Crossing with right of way,Normal,,,,Yes,,Yes,,,,,,Yes,,,South Eglinton-Davisville
2220,Major Arterial,Toronto and East York,Intersection,No Control,Rain,Dark,Wet,Fatal,Turning Movement,Passenger,15 to 19,Minimal,,,,,,,,,,,,Yes,,,,Yes,Yes,Yes,,,Rosedale-Moore Park
2358,Collector,Etobicoke York,Mid-Block,No Control,Clear,Dark,Dry,Non-Fatal Injury,SMV Other,Passenger,20 to 24,Minor,,,,,,,,,,,,Yes,,,,Yes,Yes,Yes,,Yes,Black Creek
2220,Major Arterial,Toronto and East York,Intersection,No Control,Rain,Dark,Wet,Fatal,Turning Movement,Driver,15 to 19,,North,Going Ahead,Exceeding Speed Limit,,,,,,,,,Yes,,,,Yes,Yes,Yes,,,Rosedale-Moore Park
2344,Major Arterial,Toronto and East York,Mid-Block,No Control,Clear,Dark,Dry,Non-Fatal Injury,Rear End,Passenger,25 to 29,Minimal,,,,,,,,,,,,Yes,,,,Yes,,Yes,,,Harbourfront-CityPlace
133,Major Arterial,Toronto and East York,Intersection,Traffic Signal,Clear,Dark,Dry,Non-Fatal Injury,Turning Movement,Driver,20 to 24,,North,Going Ahead,Disobeyed Traffic Control,,,,,,,,,Yes,,,,Yes,,Yes,Yes,,West Queen West
1639,Minor Arterial,Scarborough,Intersection,Traffic Signal,Clear,Daylight,Dry,Fatal,Approaching,Passenger,5 to 9,,,,,,,,,,,,,Yes,,,,Yes,,,,,Morningside
2344,Major Arterial,Toronto and East York,Mid-Block,No Control,Clear,Dark,Dry,Non-Fatal Injury,Rear End,Driver,20 to 24,Major,East,Stopped,Driving Properly,,,,,,,,,Yes,,,,Yes,,Yes,,,Harbourfront-CityPlace
2220,Major Arterial,Toronto and East York,Intersection,No Control,Rain,Dark,Wet,Fatal,Turning Movement,Vehicle Owner,unknown,,,,,,,,,,,,,Yes,,,,Yes,Yes,Yes,,,Rosedale-Moore Park
2344,Major Arterial,Toronto and East York,Mid-Block,No Control,Clear,Dark,Dry,Non-Fatal Injury,Rear End,Driver,25 to 29,Minimal,East,Going Ahead,Following too Close,,,,,,,,,Yes,,,,Yes,,Yes,,,Harbourfront-CityPlace
133,Major Arterial,Toronto and East York,Intersection,Traffic Signal,Clear,Dark,Dry,Non-Fatal Injury,Turning Movement,Passenger,20 to 24,Major,,,,,,,,,,,,Yes,,,,Yes,,Yes,Yes,,West Queen West
1639,Minor Arterial,Scarborough,Intersection,Traffic Signal,Clear,Daylight,Dry,Fatal,Approaching,Passenger,25 to 29,,,,,,,,,,,,,Yes,,,,Yes,,,,,Morningside
2358,Collector,Etobicoke York,Mid-Block,No Control,Clear,Dark,Dry,Non-Fatal Injury,SMV Other,Other Property Owner,unknown,,,,,,,,,,,,,Yes,,,,Yes,Yes,Yes,,Yes,Black Creek
1639,Minor Arterial,Scarborough,Intersection,Traffic Signal,Clear,Daylight,Dry,Fatal,Approaching,Vehicle Owner,unknown,,,,,,,,,,,,,Yes,,,,Yes,,,,,Morningside
2358,Collector,Etobicoke York,Mid-Block,No Control,Clear,Dark,Dry,Non-Fatal Injury,SMV Other,Other Property Owner,unknown,,,,,,,,,,,,,Yes,,,,Yes,Yes,Yes,,Yes,Black Creek
1639,Minor Arterial,Scarborough,Intersection,Traffic Signal,Clear,Daylight,Dry,Fatal,Approaching,Driver,25 to 29,,South,Going Ahead,Driving Properly,,,,,,,,,Yes,,,,Yes,,,,,Morningside
2358,Collector,Etobicoke York,Mid-Block,No Control,Clear,Dark,Dry,Non-Fatal Injury,SMV Other,Driver,25 to 29,Minor,South,Going Ahead,Exceeding Speed Limit,,,,,,,,,Yes,,,,Yes,Yes,Yes,,Yes,Black Creek
2220,Major Arterial,Toronto and East York,Intersection,No Control,Rain,Dark,Wet,Fatal,Turning Movement,Driver,45 to 49,Fatal,South,Turning Left,Driving Properly,,,,,,,,,Yes,,,,Yes,Yes,Yes,,,Rosedale-Moore Park
1813,Major Arterial,Etobicoke York,Mid-Block,No Control,Rain,Dark,Wet,Non-Fatal Injury,Pedestrian Collisions,Vehicle Owner,unknown,,,,,,,,,,,Yes,,Yes,,,,,,,,,West Humber-Clairville
1639,Minor Arterial,Scarborough,Intersection,Traffic Signal,Clear,Daylight,Dry,Fatal,Approaching,Passenger,65 to 69,Fatal,,,,,,,,,,,,Yes,,,,Yes,,,,,Morningside
1813,Major Arterial,Etobicoke York,Mid-Block,No Control,Rain,Dark,Wet,Non-Fatal Injury,Pedestrian Collisions,Driver,25 to 29,,North,Going Ahead,Driving Properly,,,,,,,Yes,,Yes,,,,,,,,,West Humber-Clairville
2220,Major Arterial,Toronto and East York,Intersection,No Control,Rain,Dark,Wet,Fatal,Turning Movement,Driver,15 to 19,Minimal,North,Going Ahead,Exceeding Speed Limit,,,,,,,,,Yes,,,,Yes,Yes,Yes,,,Rosedale-Moore Park
550,Major Arterial,Scarborough,Intersection,Traffic Signal,Clear,"Dusk, artificial",Dry,Non-Fatal Injury,SMV Other,Passenger,20 to 24,Major,,,,,,,,,,,,Yes,,,,Yes,,,,Yes,Dorset Park
133,Major Arterial,Toronto and East York,Intersection,Traffic Signal,Clear,Dark,Dry,Non-Fatal Injury,Turning Movement,Driver,25 to 29,,West,Turning Left,Driving Properly,,,,,,,,,Yes,,,,Yes,,Yes,Yes,,West Queen West
2344,Major Arterial,Toronto and East York,Mid-Block,No Control,Clear,Dark,Dry,Non-Fatal Injury,Rear End,Driver,30 to 34,,East,Going Ahead,Driving Properly,,,,,,,,,Yes,,,,Yes,,Yes,,,Harbourfront-CityPlace
2220,Major Arterial,Toronto and East York,Intersection,No Control,Rain,Dark,Wet,Fatal,Turning Movement,Other Property Owner,unknown,,,,,,,,,,,,,Yes,,,,Yes,Yes,Yes,,,Rosedale-Moore Park
1717,Major Arterial,North York,Mid-Block,No Control,Clear,Daylight,Dry,Non-Fatal Injury,SMV Other,Driver,55 to 59,Major,South,Going Ahead,Lost control,,,,,,,,,Yes,,,,,,,,,Flemingdon Park
550,Major Arterial,Scarborough,Intersection,Traffic Signal,Clear,"Dusk, artificial",Dry,Non-Fatal Injury,SMV Other,Passenger,20 to 24,Major,,,,,,,,,,,,Yes,,,,Yes,,,,Yes,Dorset Park
1325,Minor Arterial,Toronto and East York,Intersection,No Control,Clear,Daylight,Dry,Non-Fatal Injury,Cyclist Collisions,Driver,50 to 54,,East,Going Ahead,Driving Properly,,,,,,,,Yes,Yes,,,,,,,,,Moss Park
1639,Minor Arterial,Scarborough,Intersection,Traffic Signal,Clear,Daylight,Dry,Fatal,Approaching,Vehicle Owner,unknown,,,,,,,,,,,,,Yes,,,,Yes,,,,,Morningside
1813,Major Arterial,Etobicoke York,Mid-Block,No Control,Rain,Dark,Wet,Non-Fatal Injury,Pedestrian Collisions,Pedestrian,40 to 44,Major,West,,,Pedestrian hit at mid-block,"Crossing, no Traffic Control",Normal,,,,Yes,,Yes,,,,,,,,,West Humber-Clairville
550,Major Arterial,Scarborough,Intersection,Traffic Signal,Clear,"Dusk, artificial",Dry,Non-Fatal Injury,SMV Other,Vehicle Owner,unknown,,,,,,,,,,,,,Yes,,,,Yes,,,,Yes,Dorset Park
1325,Minor Arterial,Toronto and East York,Intersection,No Control,Clear,Daylight,Dry,Non-Fatal Injury,Cyclist Collisions,Cyclist,25 to 29,Major,North,Turning Right,,,,,Cyclist turns right across motorists path,Failed to Yield Right of Way,Normal,,Yes,Yes,,,,,,,,,Moss Park
1639,Minor Arterial,Scarborough,Intersection,Traffic Signal,Clear,Daylight,Dry,Fatal,Approaching,Driver,35 to 39,Minor,North,Going Ahead,Other,,,,,,,,,Yes,,,,Yes,,,,,Morningside
1717,Major Arterial,North York,Mid-Block,No Control,Clear,Daylight,Dry,Non-Fatal Injury,SMV Other,Other Property Owner,unknown,,,,,,,,,,,,,Yes,,,,,,,,,Flemingdon Park
2046,Major Arterial,Toronto and East York,Intersection,No Control,Clear,Dark,Dry,Non-Fatal Injury,Pedestrian Collisions,Vehicle Owner,unknown,,,,,,,,,,,Yes,,Yes,,,,,Yes,Yes,,,Palmerston-Little Italy
1615,Major Arterial,Toronto and East York,Intersection,Traffic Signal,Rain,Daylight,Wet,Non-Fatal Injury,Pedestrian Collisions,Driver,50 to 54,,North,Going Ahead,Driving Properly,,,,,,,Yes,,Yes,,,,,,,,,High Park North
2046,Major Arterial,Toronto and East York,Intersection,No Control,Clear,Dark,Dry,Non-Fatal Injury,Pedestrian Collisions,Driver,20 to 24,,East,Changing Lanes,Driving Properly,,,,,,,Yes,,Yes,,,,,Yes,Yes,,,Palmerston-Little Italy
1045,Major Arterial,Toronto and East York,Intersection,Stop Sign,Clear,Daylight,Dry,Non-Fatal Injury,Pedestrian Collisions,Passenger,10 to 14,,,,,,,,,,,Yes,,Yes,,,,Yes,,,,,South Parkdale
1615,Major Arterial,Toronto and East York,Intersection,Traffic Signal,Rain,Daylight,Wet,Non-Fatal Injury,Pedestrian Collisions,Pedestrian,75 to 79,Major,West,,,Vehicle is going straight thru inter.while ped cross without ROW,Crossing without right of way,Normal,,,,Yes,,Yes,,,,,,,,,High Park North
2046,Major Arterial,Toronto and East York,Intersection,No Control,Clear,Dark,Dry,Non-Fatal Injury,Pedestrian Collisions,Driver,20 to 24,,West,Changing Lanes,Driving Properly,,,,,,,Yes,,Yes,,,,,Yes,Yes,,,Palmerston-Little Italy
1045,Major Arterial,Toronto and East York,Intersection,Stop Sign,Clear,Daylight,Dry,Non-Fatal Injury,Pedestrian Collisions,Passenger,10 to 14,,,,,,,,,,,Yes,,Yes,,,,Yes,,,,,South Parkdale
550,Major Arterial,Scarborough,Intersection,Traffic Signal,Clear,"Dusk, artificial",Dry,Non-Fatal Injury,SMV Other,Driver,20 to 24,Minor,South,Turning Left,Lost control,,,,,,,,,Yes,,,,Yes,,,,Yes,Dorset Park