TIME,ROAD_CLASS,DISTRICT,LOCCOORD,TRAFFCTL,VISIBILITY,LIGHT,RDSFCOND,ACCLASS,IMPACTYPE,INVTYPE,INVAGE,INJURY,INITDIR,MANOEUVER,DRIVACT,PEDTYPE,PEDACT,PEDCOND,CYCLISTYPE,CYCACT,CYCCOND,PEDESTRIAN,CYCLIST,AUTOMOBILE,MOTORCYCLE,TRUCK,TRSN_CITY_VEH,PASSENGER,SPEEDING,AG_DRIV,REDLIGHT,ALCOHOL,NEIGHBOURHOOD_158
2046,Major Arterial,Scarborough,Intersection,Traffic Signal,Clear,Dark,Dry,Non-Fatal Injury,Pedestrian Collisions,Pedestrian,70 to 74,Major,,,,Pedestrian hit on sidewalk or shoulder,On Sidewalk or Shoulder,Normal,,,,Yes,,Yes,,,,Yes,,Yes,,,Eglinton East
1623,Major Arterial,Etobicoke York,Mid-Block,No Control,Rain,Daylight,Wet,Non-Fatal Injury,Sideswipe,Motorcycle Driver,40 to 44,Major,East,Going Ahead,Driving Properly,,,,,,,,,Yes,Yes,,,,,,,,Princess-Rosethorn
1700,Major Arterial,North York,Intersection,Traffic Signal,Clear,Daylight,Dry,Non-Fatal Injury,Pedestrian Collisions,Driver,50 to 54,,North,Turning Right,Driving Properly,,,,,,,Yes,,Yes,,,,,,,,,Clanton Park
1203,Major Arterial,Scarborough,Intersection,Traffic Signal,Clear,Daylight,Dry,Non-Fatal Injury,Turning Movement,Passenger,15 to 19,Major,,,,,,,,,,,,Yes,,,,Yes,,Yes,,Yes,Eglinton East
1620,Major Arterial,Scarborough,Mid-Block,No Control,Clear,Daylight,Dry,Non-Fatal Injury,Sideswipe,Motorcycle Driver,40 to 44,Major,South,Going Ahead,Driving Properly,,,,,,,,,Yes,Yes,,,,,,,,Dorset Park
1623,Major Arterial,Etobicoke York,Mid-Block,No Control,Rain,Daylight,Wet,Non-Fatal Injury,Sideswipe,Driver,unknown,,East,Changing Lanes,Improper Lane Change,,,,,,,,,Yes,Yes,,,,,,,,Princess-Rosethorn
954,,Toronto and East York,Exit Ramp Westbound,No Control,Clear,Daylight,Dry,Non-Fatal Injury,SMV Other,Driver,unknown,,West,Changing Lanes,Failed to Yield Right of Way,,,,,,,,,Yes,,,,Yes,,Yes,,,Fort York-Liberty Village
1930,Major Arterial,Scarborough,Intersection,Traffic Signal,Clear,Daylight,Dry,Fatal,Angle,Driver,50 to 54,,West,Going Ahead,Driving Properly,,,,,,,,,Yes,,,Yes,Yes,,Yes,Yes,,Clairlea-Birchmount
1700,Major Arterial,North York,Intersection,Traffic Signal,Clear,Daylight,Dry,Non-Fatal Injury,Pedestrian Collisions,Pedestrian,50 to 54,Major,West,,,Vehicle turns right while ped crosses without ROW at inter.,Crossing without right of way,Normal,,,,Yes,,Yes,,,,,,,,,Clanton Park
209,Major Arterial,North York,Intersection,No Control,Clear,Dark,Dry,Non-Fatal Injury,SMV Other,Other Property Owner,unknown,,,,,,,,,,,,,Yes,,,,Yes,Yes,Yes,,,Bathurst Manor
2048,Major Arterial,North York,Mid-Block,Traffic Signal,Clear,Dark,Dry,Non-Fatal Injury,Approaching,Driver,30 to 34,Major,West,Overtaking,Improper Passing,,,,,,,,,Yes,,,,,Yes,Yes,,Yes,Forest Hill South
1203,Major Arterial,Scarborough,Intersection,Traffic Signal,Clear,Daylight,Dry,Non-Fatal Injury,Turning Movement,Driver,20 to 24,Major,South,Going Ahead,Driving Properly,,,,,,,,,Yes,,,,Yes,,Yes,,Yes,Eglinton East
1620,Major Arterial,Scarborough,Mid-Block,No Control,Clear,Daylight,Dry,Non-Fatal Injury,Sideswipe,Driver,40 to 44,,South,Turning Left,Improper Lane Change,,,,,,,,,Yes,Yes,,,,,,,,Dorset Park
954,,Toronto and East York,Exit Ramp Westbound,No Control,Clear,Daylight,Dry,Non-Fatal Injury,SMV Other,Passenger,40 to 44,Major,,,,,,,,,,,,Yes,,,,Yes,,Yes,,,Fort York-Liberty Village
1624,Minor Arterial,Scarborough,Mid-Block,No Control,Clear,Daylight,Dry,Non-Fatal Injury,Pedestrian Collisions,Vehicle Owner,unknown,,,,,,,,,,,Yes,,Yes,,,,,,,,,Agincourt South-Malvern West
1900,Major Arterial,Etobicoke York,Intersection,Traffic Signal,Clear,Daylight,Dry,Non-Fatal Injury,Pedestrian Collisions,Driver,30 to 34,,South,Turning Left,Failed to Yield Right of Way,,,,,,,Yes,,Yes,,,,,,Yes,,,Brookhaven-Amesbury
209,Major Arterial,North York,Intersection,No Control,Clear,Dark,Dry,Non-Fatal Injury,SMV Other,Other Property Owner,unknown,,,,,,,,,,,,,Yes,,,,Yes,Yes,Yes,,,Bathurst Manor
2048,Major Arterial,North York,Mid-Block,Traffic Signal,Clear,Dark,Dry,Non-Fatal Injury,Approaching,Driver,35 to 39,,East,Going Ahead,Driving Properly,,,,,,,,,Yes,,,,,Yes,Yes,,Yes,Forest Hill South
954,,Toronto and East York,Exit Ramp Westbound,No Control,Clear,Daylight,Dry,Non-Fatal Injury,SMV Other,Vehicle Owner,unknown,,,,,,,,,,,,,Yes,,,,Yes,,Yes,,,Fort York-Liberty Village
1203,Major Arterial,Scarborough,Intersection,Traffic Signal,Clear,Daylight,Dry,Non-Fatal Injury,Turning Movement,Driver,25 to 29,,North,Turning Left,Failed to Yield Right of Way,,,,,,,,,Yes,,,,Yes,,Yes,,Yes,Eglinton East
1853,Major Arterial,Toronto and East York,Intersection,Stop Sign,Clear,Daylight,Dry,Non-Fatal Injury,Angle,Driver,55 to 59,Minor,North,Going Ahead,Disobeyed Traffic Control,,,,,,,,,Yes,,,,,Yes,Yes,,,Moss Park
734,Major Arterial,Toronto and East York,Intersection,Traffic Signal,Clear,Daylight,Dry,Fatal,Pedestrian Collisions,Driver,35 to 39,,South,Going Ahead,Driving Properly,,,,,,,Yes,,Yes,,,,,,,,,The Beaches
1900,Major Arterial,Etobicoke York,Intersection,Traffic Signal,Clear,Daylight,Dry,Non-Fatal Injury,Pedestrian Collisions,Pedestrian,70 to 74,Major,North,,,Vehicle turns left while ped crosses with ROW at inter.,Other,Inattentive,,,,Yes,,Yes,,,,,,Yes,,,Brookhaven-Amesbury
1513,Major Arterial,Toronto and East York,Intersection,Stop Sign,Clear,Daylight,Dry,Non-Fatal Injury,Turning Movement,Motorcycle Driver,55 to 59,Major,West,Going Ahead,Driving Properly,,,,,,,,,Yes,Yes,,,,,,,,South Parkdale
1624,Minor Arterial,Scarborough,Mid-Block,No Control,Clear,Daylight,Dry,Non-Fatal Injury,Pedestrian Collisions,Driver,30 to 34,,West,Going Ahead,Driving Properly,,,,,,,Yes,,Yes,,,,,,,,,Agincourt South-Malvern West
2048,Major Arterial,North York,Mid-Block,Traffic Signal,Clear,Dark,Dry,Non-Fatal Injury,Approaching,Vehicle Owner,unknown,,,Unknown,,,,,,,,,,Yes,,,,,Yes,Yes,,Yes,Forest Hill South
954,,Toronto and East York,Exit Ramp Westbound,No Control,Clear,Daylight,Dry,Non-Fatal Injury,SMV Other,Driver,50 to 54,Minimal,West,Going Ahead,Driving Properly,,,,,,,,,Yes,,,,Yes,,Yes,,,Fort York-Liberty Village
1624,Minor Arterial,Scarborough,Mid-Block,No Control,Clear,Daylight,Dry,Non-Fatal Injury,Pedestrian Collisions,Pedestrian,60 to 64,Major,South,,,Vehicle hits the pedestrian walking or running out from between parked vehicles at mid-block,Coming From Behind Parked Vehicle,Inattentive,,,,Yes,,Yes,,,,,,,,,Agincourt South-Malvern West
843,Major Arterial,North York,Intersection,No Control,Clear,Daylight,Dry,Fatal,Cyclist Collisions,Vehicle Owner,unknown,,,,,,,,,,,,Yes,,,Yes,,,,,,,Lawrence Park South
2048,Major Arterial,North York,Mid-Block,Traffic Signal,Clear,Dark,Dry,Non-Fatal Injury,Approaching,Driver,65 to 69,Minor,East,Going Ahead,Driving Properly,,,,,,,,,Yes,,,,,Yes,Yes,,Yes,Forest Hill South
734,Major Arterial,Toronto and East York,Intersection,Traffic Signal,Clear,Daylight,Dry,Fatal,Pedestrian Collisions,Pedestrian,50 to 54,Fatal,East,,,Vehicle is going straight thru inter.while ped cross without ROW,Crossing without right of way,Inattentive,,,,Yes,,Yes,,,,,,,,,The Beaches
1853,Major Arterial,Toronto and East York,Intersection,Stop Sign,Clear,Daylight,Dry,Non-Fatal Injury,Angle,Driver,25 to 29,Major,West,Going Ahead,Exceeding Speed Limit,,,,,,,,,Yes,,,,,Yes,Yes,,,Moss Park
1815,Major Arterial,Toronto and East York,Intersection,Traffic Signal,Rain,Daylight,Wet,Non-Fatal Injury,Pedestrian Collisions,Vehicle Owner,unknown,,,,,,,,,,,Yes,,Yes,,,,,,Yes,,,Wychwood
600,Major Arterial,Toronto and East York,Mid-Block,No Control,Clear,Dawn,Dry,Non-Fatal Injury,Pedestrian Collisions,Vehicle Owner,unknown,,,,,,,,,,,Yes,,Yes,,,,,,,,,Kensington-Chinatown
1715,Collector,Toronto and East York,Intersection,Stop Sign,Rain,Daylight,Wet,Non-Fatal Injury,Turning Movement,Vehicle Owner,unknown,,,,,,,,,,,,,Yes,,,,,,,,,Lambton Baby Point
1513,Major Arterial,Toronto and East York,Intersection,Stop Sign,Clear,Daylight,Dry,Non-Fatal Injury,Turning Movement,Driver,35 to 39,,East,Making U Turn,Improper Turn,,,,,,,,,Yes,Yes,,,,,,,,South Parkdale
2055,Collector,North York,Intersection,Stop Sign,Clear,Dark,Dry,Fatal,SMV Unattended Vehicle,Vehicle Owner,unknown,,,,,,,,,,,,,Yes,Yes,,,Yes,Yes,Yes,,,Victoria Village
843,Major Arterial,North York,Intersection,No Control,Clear,Daylight,Dry,Fatal,Cyclist Collisions,Truck Driver,50 to 54,,South,Turning Right,Improper Turn,,,,,,,,Yes,,,Yes,,,,,,,Lawrence Park South
1815,Major Arterial,Toronto and East York,Intersection,Traffic Signal,Rain,Daylight,Wet,Non-Fatal Injury,Pedestrian Collisions,Driver,20 to 24,,North,Turning Left,Failed to Yield Right of Way,,,,,,,Yes,,Yes,,,,,,Yes,,,Wychwood
2055,Collector,North York,Intersection,Stop Sign,Clear,Dark,Dry,Fatal,SMV Unattended Vehicle,Motorcycle Driver,30 to 34,Fatal,West,Going Ahead,Exceeding Speed Limit,,,,,,,,,Yes,Yes,,,Yes,Yes,Yes,,,Victoria Village
1543,Major Arterial,Toronto and East York,Mid-Block,No Control,Clear,Daylight,Dry,Non-Fatal Injury,Cyclist Collisions,Passenger,35 to 39,Major,,,,,,,,,,,Yes,Yes,,,,Yes,,,,,Trinity-Bellwoods
843,Major Arterial,North York,Intersection,No Control,Clear,Daylight,Dry,Fatal,Cyclist Collisions,Cyclist,45 to 49,Fatal,South,Going Ahead,,,,,"Motorist turns right at non-signal Inter.(stop, yield, no cont.,and dwy) and strikes cyclist.",Driving Properly,Normal,,Yes,,,Yes,,,,,,,Lawrence Park South
1543,Major Arterial,Toronto and East York,Mid-Block,No Control,Clear,Daylight,Dry,Non-Fatal Injury,Cyclist Collisions,Driver,40 to 44,,West,Parked,Other,,,,,,,,Yes,Yes,,,,Yes,,,,,Trinity-Bellwoods
1815,Major Arterial,Toronto and East York,Intersection,Traffic Signal,Rain,Daylight,Wet,Non-Fatal Injury,Pedestrian Collisions,Pedestrian,75 to 79,Major,South,,,Vehicle turns left while ped crosses with ROW at inter.,Crossing with right of way,Normal,,,,Yes,,Yes,,,,,,Yes,,,Wychwood
2055,Collector,North York,Intersection,Stop Sign,Clear,Dark,Dry,Fatal,SMV Unattended Vehicle,Other,unknown,,East,Parked,,,,,,,,,,Yes,Yes,,,Yes,Yes,Yes,,,Victoria Village
600,Major Arterial,Toronto and East York,Mid-Block,No Control,Clear,Dawn,Dry,Non-Fatal Injury,Pedestrian Collisions,Vehicle Owner,unknown,,,,,,,,,,,Yes,,Yes,,,,,,,,,Kensington-Chinatown
1715,Collector,Toronto and East York,Intersection,Stop Sign,Rain,Daylight,Wet,Non-Fatal Injury,Turning Movement,Driver,30 to 34,Major,West,Going Ahead,Driving Properly,,,,,,,,,Yes,,,,,,,,,Lambton Baby Point
2055,Collector,North York,Intersection,Stop Sign,Clear,Dark,Dry,Fatal,SMV Unattended Vehicle,Passenger,20 to 24,,,,,,,,,,,,,Yes,Yes,,,Yes,Yes,Yes,,,Victoria Village
1655,Major Arterial,Scarborough,Mid-Block,No Control,Clear,Daylight,Dry,Non-Fatal Injury,SMV Other,Driver,45 to 49,Major,South,Slowing or Stopping,Lost control,,,,,,,,,Yes,,,,,,,,,Agincourt North
600,Major Arterial,Toronto and East York,Mid-Block,No Control,Clear,Dawn,Dry,Non-Fatal Injury,Pedestrian Collisions,Driver,50 to 54,,East,Turning Left,Lost control,,,,,,,Yes,,Yes,,,,,,,,,Kensington-Chinatown
1543,Major Arterial,Toronto and East York,Mid-Block,No Control,Clear,Daylight,Dry,Non-Fatal Injury,Cyclist Collisions,Cyclist,20 to 24,Minimal,West,Going Ahead,,,,,Cyclist struck opened vehicle door,Driving Properly,Normal,,Yes,Yes,,,,Yes,,,,,Trinity-Bellwoods
2055,Collector,North York,Intersection,Stop Sign,Clear,Dark,Dry,Fatal,SMV Unattended Vehicle,Vehicle Owner,unknown,,,,,,,,,,,,,Yes,Yes,,,Yes,Yes,Yes,,,Victoria Village
2055,Collector,North York,Intersection,Stop Sign,Clear,Dark,Dry,Fatal,SMV Unattended Vehicle,Driver - Not Hit,unknown,,,,,,,,,,,,,Yes,Yes,,,Yes,Yes,Yes,,,Victoria Village
2053,Major Arterial,Etobicoke York,Intersection,Traffic Signal,Clear,Dark,Dry,Fatal,Cyclist Collisions,Vehicle Owner,unknown,,,,,,,,,,,,Yes,,,Yes,,,,,,,York University Heights
110,,North York,Mid-Block,No Control,Clear,Dark,Dry,Non-Fatal Injury,SMV Other,Vehicle Owner,unknown,,,,,,,,,,,,,Yes,,,,Yes,,,,Yes,Forest Hill North
600,Major Arterial,Toronto and East York,Mid-Block,No Control,Clear,Dawn,Dry,Non-Fatal Injury,Pedestrian Collisions,Vehicle Owner,unknown,,North,Parked,,,,,,,,Yes,,Yes,,,,,,,,,Kensington-Chinatown
850,Major Arterial,Scarborough,Intersection,Traffic Signal,Clear,Daylight,Dry,Non-Fatal Injury,Pedestrian Collisions,Driver,25 to 29,,South,Going Ahead,Driving Properly,,,,,,,Yes,,Yes,,,,,,,,,East L'Amoreaux
800,Major Arterial,Toronto and East York,Intersection,Traffic Signal,Clear,Daylight,Dry,Non-Fatal Injury,Pedestrian Collisions,Pedestrian,40 to 44,Major,South,,,Vehicle is going straight thru inter.while ped cross with ROW,Crossing with right of way,Normal,,,,Yes,Yes,,,,,,,,,,Woodbine Corridor
2053,Major Arterial,Etobicoke York,Intersection,Traffic Signal,Clear,Dark,Dry,Fatal,Cyclist Collisions,Cyclist,15 to 19,Fatal,North,Making U Turn,,,,,Cyclist makes u-turn in-front of driver.,Improper Turn,Had Been Drinking,,Yes,,,Yes,,,,,,,York University Heights
1715,Collector,Toronto and East York,Intersection,Stop Sign,Rain,Daylight,Wet,Non-Fatal Injury,Turning Movement,Driver,30 to 34,,South,Turning Left,Driving Properly,,,,,,,,,Yes,,,,,,,,,Lambton Baby Point
110,,North York,Mid-Block,No Control,Clear,Dark,Dry,Non-Fatal Injury,SMV Other,Passenger,20 to 24,Minor,,,,,,,,,,,,Yes,,,,Yes,,,,Yes,Forest Hill North
600,Major Arterial,Toronto and East York,Mid-Block,No Control,Clear,Dawn,Dry,Non-Fatal Injury,Pedestrian Collisions,Pedestrian,30 to 34,Major,,,,Pedestrian hit at mid-block,Other,Normal,,,,Yes,,Yes,,,,,,,,,Kensington-Chinatown
850,Major Arterial,Scarborough,Intersection,Traffic Signal,Clear,Daylight,Dry,Non-Fatal Injury,Pedestrian Collisions,Pedestrian,10 to 14,Major,West,,,Vehicle is going straight thru inter.while ped cross without ROW,Crossing without right of way,Normal,,,,Yes,,Yes,,,,,,,,,East L'Amoreaux
800,Major Arterial,Toronto and East York,Intersection,Traffic Signal,Clear,Daylight,Dry,Non-Fatal Injury,Pedestrian Collisions,Pedestrian,5 to 9,,South,,,Vehicle is going straight thru inter.while ped cross with ROW,Crossing with right of way,Normal,,,,Yes,Yes,,,,,,,,,,Woodbine Corridor
640,Major Arterial,Toronto and East York,Intersection,Traffic Signal,Clear,Daylight,Dry,Non-Fatal Injury,Angle,Driver,50 to 54,Major,West,Going Ahead,Disobeyed Traffic Control,,,,,,,,,Yes,,,Yes,,,Yes,Yes,,Moss Park
2053,Major Arterial,Etobicoke York,Intersection,Traffic Signal,Clear,Dark,Dry,Fatal,Cyclist Collisions,Vehicle Owner,unknown,,,,,,,,,,,,Yes,,,Yes,,,,,,,York University Heights
2126,Collector,Etobicoke York,Intersection,No Control,Clear,Daylight,Dry,Non-Fatal Injury,Approaching,Driver,15 to 19,Major,South,Going Ahead,Driving Properly,,,,,,,,,Yes,,,,,Yes,Yes,,Yes,West Humber-Clairville
800,Major Arterial,Toronto and East York,Intersection,Traffic Signal,Clear,Daylight,Dry,Non-Fatal Injury,Pedestrian Collisions,Cyclist,20 to 24,,West,Going Ahead,,,,,Cyclist strikes pedestrian.,Disobeyed Traffic Control,Normal,Yes,Yes,,,,,,,,,,Woodbine Corridor
1040,Major Arterial,North York,Mid-Block,No Control,Clear,Daylight,Other,Non-Fatal Injury,Pedestrian Collisions,Driver,55 to 59,,East,Going Ahead,Driving Properly,,,,,,,Yes,,Yes,,,,,,,,,Flemingdon Park
2053,Major Arterial,Etobicoke York,Intersection,Traffic Signal,Clear,Dark,Dry,Fatal,Cyclist Collisions,Truck Driver,45 to 49,,West,Turning Right,Driving Properly,,,,,,,,Yes,,,Yes,,,,,,,York University Heights
640,Major Arterial,Toronto and East York,Intersection,Traffic Signal,Clear,Daylight,Dry,Non-Fatal Injury,Angle,Vehicle Owner,unknown,,,,,,,,,,,,,Yes,,,Yes,,,Yes,Yes,,Moss Park
850,Minor Arterial,Toronto and East York,Intersection,Traffic Signal,Clear,Daylight,Dry,Non-Fatal Injury,Cyclist Collisions,Driver,unknown,,West,Turning Right,Driving Properly,,,,,,,,Yes,Yes,,,,,,,,,Yonge-Bay Corridor
1040,Major Arterial,North York,Mid-Block,No Control,Clear,Daylight,Other,Non-Fatal Injury,Pedestrian Collisions,Pedestrian,25 to 29,Major,North,,,Pedestrian hit on sidewalk or shoulder,On Sidewalk or Shoulder,Inattentive,,,,Yes,,Yes,,,,,,,,,Flemingdon Park
640,Major Arterial,Toronto and East York,Intersection,Traffic Signal,Clear,Daylight,Dry,Non-Fatal Injury,Angle,Driver,40 to 44,,North,Going Ahead,Driving Properly,,,,,,,,,Yes,,,Yes,,,Yes,Yes,,Moss Park
950,Major Arterial,Scarborough,Intersection,Traffic Signal,Rain,Daylight,Wet,Non-Fatal Injury,Turning Movement,Passenger,75 to 79,Major,,Other,,,,,,,,,,Yes,,,,Yes,Yes,Yes,,,Woburn North
850,Minor Arterial,Toronto and East York,Intersection,Traffic Signal,Clear,Daylight,Dry,Non-Fatal Injury,Cyclist Collisions,Cyclist,50 to 54,Major,West,Going Ahead,,,,,Motorist turning right on green or amber at signalized intersection strikes cyclist.,,,,Yes,Yes,,,,,,,,,Yonge-Bay Corridor
2126,Collector,Etobicoke York,Intersection,No Control,Clear,Daylight,Dry,Non-Fatal Injury,Approaching,Vehicle Owner,unknown,,,,,,,,,,,,,Yes,,,,,Yes,Yes,,Yes,West Humber-Clairville
2210,Major Arterial,Toronto and East York,Mid-Block,No Control,Clear,Dark,Dry,Non-Fatal Injury,Pedestrian Collisions,Driver,25 to 29,,North,Going Ahead,Driving Properly,,,,,,,Yes,,Yes,,,,,,,,,Kensington-Chinatown
2126,Collector,Etobicoke York,Intersection,No Control,Clear,Daylight,Dry,Non-Fatal Injury,Approaching,Driver,45 to 49,,North,Going Ahead,Failed to Yield Right of Way,,,,,,,,,Yes,,,,,Yes,Yes,,Yes,West Humber-Clairville
2210,Major Arterial,Toronto and East York,Mid-Block,No Control,Clear,Dark,Dry,Non-Fatal Injury,Pedestrian Collisions,Pedestrian,30 to 34,Major,West,,,Pedestrian hit at mid-block,Running onto Roadway,Had Been Drinking,,,,Yes,,Yes,,,,,,,,,Kensington-Chinatown
515,Major Arterial,Etobicoke York,Mid-Block,No Control,Clear,Dark,Dry,Non-Fatal Injury,SMV Other,Driver,45 to 49,Major,South,Going Ahead,Other,,,,,,,,,Yes,,,,,,,,Yes,West Humber-Clairville
950,Major Arterial,Scarborough,Intersection,Traffic Signal,Rain,Daylight,Wet,Non-Fatal Injury,Turning Movement,Driver,80 to 84,Minor,South,Turning Left,Improper Turn,,,,,,,,,Yes,,,,Yes,Yes,Yes,,,Woburn North
2130,Major Arterial,Scarborough,Intersection,Traffic Signal,Clear,Dark,Dry,Non-Fatal Injury,Pedestrian Collisions,Driver,unknown,,South,Going Ahead,,,,,,,,Yes,,Yes,,,,,,,,,Milliken
310,Major Arterial,Toronto and East York,Intersection,Stop Sign,Clear,Dark,Dry,Non-Fatal Injury,Cyclist Collisions,Vehicle Owner,unknown,,,,,,,,,,,,Yes,Yes,,,,,,,,,South Parkdale
2130,Major Arterial,Scarborough,Intersection,Traffic Signal,Clear,Dark,Dry,Non-Fatal Injury,Pedestrian Collisions,Pedestrian,unknown,Major,,Other,,Unknown,,,,,,Yes,,Yes,,,,,,,,,Milliken
515,Major Arterial,Etobicoke York,Mid-Block,No Control,Clear,Dark,Dry,Non-Fatal Injury,SMV Other,Other Property Owner,unknown,,,,,,,,,,,,,Yes,,,,,,,,Yes,West Humber-Clairville
950,Major Arterial,Scarborough,Intersection,Traffic Signal,Rain,Daylight,Wet,Non-Fatal Injury,Turning Movement,Driver,35 to 39,Minimal,North,Going Ahead,Speed too Fast For Condition,,,,,,,,,Yes,,,,Yes,Yes,Yes,,,Woburn North
1357,Major Arterial,North York,Intersection,No Control,Rain,Daylight,Wet,Fatal,Pedestrian Collisions,Driver,35 to 39,,North,Going Ahead,Driving Properly,,,,,,,Yes,,Yes,,,,,,,,,Victoria Village
1142,Major Arterial,Scarborough,Intersection,Traffic Signal,Clear,Daylight,Dry,Non-Fatal Injury,Pedestrian Collisions,Passenger,40 to 44,,,,,,,,,,,Yes,,Yes,,,,Yes,,Yes,,,Agincourt South-Malvern West
1700,Major Arterial,Etobicoke York,Mid-Block,No Control,Clear,Daylight,Wet,Non-Fatal Injury,Rear End,Motorcycle Driver,30 to 34,Major,East,Going Ahead,Speed too Fast For Condition,,,,,,,,,Yes,Yes,,,,Yes,Yes,,,Humber Bay Shores
1357,Major Arterial,North York,Intersection,No Control,Rain,Daylight,Wet,Fatal,Pedestrian Collisions,Pedestrian,70 to 74,Fatal,West,,,Vehicle is going straight thru inter.while ped cross without ROW,"Crossing, no Traffic Control",Unknown,,,,Yes,,Yes,,,,,,,,,Victoria Village
1142,Major Arterial,Scarborough,Intersection,Traffic Signal,Clear,Daylight,Dry,Non-Fatal Injury,Pedestrian Collisions,Driver,75 to 79,,West,Turning Right,Failed to Yield Right of Way,,,,,,,Yes,,Yes,,,,Yes,,Yes,,,Agincourt South-Malvern West
119,Minor Arterial,Scarborough,Intersection,No Control,Clear,Dark,Dry,Non-Fatal Injury,SMV Other,Passenger,20 to 24,Minimal,,Other,,,,,,,,,,Yes,,,,Yes,,,,,Morningside Heights
310,Major Arterial,Toronto and East York,Intersection,Stop Sign,Clear,Dark,Dry,Non-Fatal Injury,Cyclist Collisions,Driver,45 to 49,,East,Going Ahead,Driving Properly,,,,,,,,Yes,Yes,,,,,,,,,South Parkdale
1700,Major Arterial,Etobicoke York,Mid-Block,No Control,Clear,Daylight,Wet,Non-Fatal Injury,Rear End,Vehicle Owner,unknown,,,,,,,,,,,,,Yes,Yes,,,,Yes,Yes,,,Humber Bay Shores
1700,Major Arterial,Etobicoke York,Mid-Block,No Control,Clear,Daylight,Wet,Non-Fatal Injury,Rear End,Driver,55 to 59,,East,Stopped,Driving Properly,,,,,,,,,Yes,Yes,,,,Yes,Yes,,,Humber Bay Shores
1302,Major Arterial,Toronto and East York,Mid-Block,No Control,Clear,Daylight,Dry,Non-Fatal Injury,Cyclist Collisions,Cyclist,30 to 34,Major,East,Going Ahead,,,,,"Cyclist loses control and strikes object (pole, ttc track)",Lost control,Unknown,,Yes,,,,,,,,,,South Parkdale
310,Major Arterial,Toronto and East York,Intersection,Stop Sign,Clear,Dark,Dry,Non-Fatal Injury,Cyclist Collisions,Cyclist,25 to 29,Major,North,Turning Left,,,,,Cyclist turned left across motorists path.,,,,Yes,Yes,,,,,,,,,South Parkdale
1142,Major Arterial,Scarborough,Intersection,Traffic Signal,Clear,Daylight,Dry,Non-Fatal Injury,Pedestrian Collisions,Pedestrian,65 to 69,Major,West,,,Vehicle turns right while ped crosses with ROW at inter.,Crossing with right of way,Normal,,,,Yes,,Yes,,,,Yes,,Yes,,,Agincourt South-Malvern West
2330,Major Arterial,North York,Mid-Block,No Control,Rain,Dark,Wet,Fatal,Turning Movement,Vehicle Owner,unknown,,,,,,,,,,,,,Yes,,,,,,Yes,,,St.Andrew-Windfields
1428,Major Arterial,North York,Intersection,Traffic Signal,Clear,Daylight,Dry,Non-Fatal Injury,Sideswipe,Vehicle Owner,unknown,,,,,,,,,,,,,Yes,,,,Yes,,,,,York University Heights
119,Minor Arterial,Scarborough,Intersection,No Control,Clear,Dark,Dry,Non-Fatal Injury,SMV Other,Passenger,25 to 29,Major,,Other,,,,,,,,,,Yes,,,,Yes,,,,,Morningside Heights
2330,Major Arterial,North York,Mid-Block,No Control,Rain,Dark,Wet,Fatal,Turning Movement,Driver,60 to 64,Fatal,West,Turning Left,Failed to Yield Right of Way,,,,,,,,,Yes,,,,,,Yes,,,St.Andrew-Windfields
119,Minor Arterial,Scarborough,Intersection,No Control,Clear,Dark,Dry,Non-Fatal Injury,SMV Other,Vehicle Owner,unknown,,,Going Ahead,,,,,,,,,,Yes,,,,Yes,,,,,Morningside Heights
1428,Major Arterial,North York,Intersection,Traffic Signal,Clear,Daylight,Dry,Non-Fatal Injury,Sideswipe,Driver,35 to 39,,South,Stopped,Driving Properly,,,,,,,,,Yes,,,,Yes,,,,,York University Heights
1820,Major Arterial,Etobicoke York,Mid-Block,No Control,Clear,Daylight,Dry,Non-Fatal Injury,SMV Other,Driver,20 to 24,Major,North,Going Ahead,Other,,,,,,,,,Yes,,,,,,,,,New Toronto
1315,Local,North York,Intersection,Stop Sign,Clear,Daylight,Dry,Non-Fatal Injury,Pedestrian Collisions,In-Line Skater,50 to 54,,North,Stopped,,Vehicle is going straight thru inter.while ped cross with ROW,Crossing with right of way,Normal,,,,Yes,,Yes,,,,,,Yes,,,Englemount-Lawrence
1226,Major Arterial,Toronto and East York,Intersection,No Control,Clear,Daylight,Dry,Non-Fatal Injury,Cyclist Collisions,Cyclist,35 to 39,Major,South,Going Ahead,,,,,Cyclist and Driver travelling in same direction. One vehicle rear-ended the other.,Driving Properly,Normal,,Yes,Yes,,,,,,,,,Broadview North
119,Minor Arterial,Scarborough,Intersection,No Control,Clear,Dark,Dry,Non-Fatal Injury,SMV Other,Driver,25 to 29,Minimal,,Going Ahead,,,,,,,,,,Yes,,,,Yes,,,,,Morningside Heights
1428,Major Arterial,North York,Intersection,Traffic Signal,Clear,Daylight,Dry,Non-Fatal Injury,Sideswipe,Vehicle Owner,unknown,,,,,,,,,,,,,Yes,,,,Yes,,,,,York University Heights
2330,Major Arterial,North York,Mid-Block,No Control,Rain,Dark,Wet,Fatal,Turning Movement,Driver,20 to 24,Minimal,North,Going Ahead,Driving Properly,,,,,,,,,Yes,,,,,,Yes,,,St.Andrew-Windfields