TIME,ROAD_CLASS,DISTRICT,LOCCOORD,TRAFFCTL,VISIBILITY,LIGHT,RDSFCOND,ACCLASS,IMPACTYPE,INVTYPE,INVAGE,INJURY,INITDIR,MANOEUVER,DRIVACT,PEDTYPE,PEDACT,PEDCOND,CYCLISTYPE,CYCACT,CYCCOND,PEDESTRIAN,CYCLIST,AUTOMOBILE,MOTORCYCLE,TRUCK,TRSN_CITY_VEH,PASSENGER,SPEEDING,AG_DRIV,REDLIGHT,ALCOHOL,NEIGHBOURHOOD_158
1315,Local,North York,Intersection,Stop Sign,Clear,Daylight,Dry,Non-Fatal Injury,Pedestrian Collisions,Driver,15 to 19,Major,North,Going Ahead,Disobeyed Traffic Control,,,,,,,Yes,,Yes,,,,,,Yes,,,Englemount-Lawrence
1226,Major Arterial,Toronto and East York,Intersection,No Control,Clear,Daylight,Dry,Non-Fatal Injury,Cyclist Collisions,Driver,70 to 74,,South,Turning Right,Improper Turn,,,,,,,,Yes,Yes,,,,,,,,,Broadview North
1428,Major Arterial,North York,Intersection,Traffic Signal,Clear,Daylight,Dry,Non-Fatal Injury,Sideswipe,Driver,15 to 19,,North,Turning Right,Improper Lane Change,,,,,,,,,Yes,,,,Yes,,,,,York University Heights
119,Minor Arterial,Scarborough,Mid-Block,No Control,Clear,Dark,Dry,Non-Fatal Injury,SMV Other,Passenger,25 to 29,Major,,,,,,,,,,,,Yes,,,,Yes,Yes,Yes,,Yes,Morningside Heights
1536,Local,Toronto and East York,Mid-Block,No Control,Clear,Daylight,Dry,Non-Fatal Injury,Pedestrian Collisions,Driver,30 to 34,,South,Going Ahead,Driving Properly,,,,,,,Yes,,Yes,,,,,,,,,Weston-Pelham Park
119,Minor Arterial,Scarborough,Mid-Block,No Control,Clear,Dark,Dry,Non-Fatal Injury,SMV Other,Passenger,20 to 24,Minor,,,,,,,,,,,,Yes,,,,Yes,Yes,Yes,,Yes,Morningside Heights
1428,Major Arterial,North York,Intersection,Traffic Signal,Clear,Daylight,Dry,Non-Fatal Injury,Sideswipe,Passenger,20 to 24,Minor,,,,,,,,,,,,Yes,,,,Yes,,,,,York University Heights
1729,Major Arterial,Toronto and East York,Intersection,Traffic Signal,Clear,Daylight,Dry,Non-Fatal Injury,SMV Other,Motorcycle Passenger,40 to 44,Major,,,,,,,,,,,,,Yes,,,Yes,Yes,Yes,,,St Lawrence-East Bayfront-The Islands
1536,Local,Toronto and East York,Mid-Block,No Control,Clear,Daylight,Dry,Non-Fatal Injury,Pedestrian Collisions,Pedestrian,0 to 4,Major,West,,,Pedestrian hit at mid-block,Running onto Roadway,Inattentive,,,,Yes,,Yes,,,,,,,,,Weston-Pelham Park
1428,Major Arterial,North York,Intersection,Traffic Signal,Clear,Daylight,Dry,Non-Fatal Injury,Sideswipe,Driver,60 to 64,Major,North,Going Ahead,Driving Properly,,,,,,,,,Yes,,,,Yes,,,,,York University Heights
1729,Major Arterial,Toronto and East York,Intersection,Traffic Signal,Clear,Daylight,Dry,Non-Fatal Injury,SMV Other,Motorcycle Driver,40 to 44,Major,East,Going Ahead,Speed too Fast For Condition,,,,,,,,,,Yes,,,Yes,Yes,Yes,,,St Lawrence-East Bayfront-The Islands
2056,Major Arterial,Toronto and East York,Mid-Block,No Control,Rain,Dark,Wet,Non-Fatal Injury,Pedestrian Collisions,Driver,55 to 59,,East,Slowing or Stopping,Driving Properly,,,,,,,Yes,,Yes,,,,,,,,,Junction-Wallace Emerson
2348,Major Arterial,Toronto and East York,Mid-Block,No Control,Clear,Dark,Dry,Non-Fatal Injury,Approaching,Driver,30 to 34,,North,Other,Other,,,,,,,,,Yes,,,,Yes,,,,Yes,Old East York
119,Minor Arterial,Scarborough,Mid-Block,No Control,Clear,Dark,Dry,Non-Fatal Injury,SMV Other,Vehicle Owner,unknown,,,,,,,,,,,,,Yes,,,,Yes,Yes,Yes,,Yes,Morningside Heights
2040,Local,Etobicoke York,Mid-Block,No Control,Clear,Dusk,Dry,Non-Fatal Injury,Other,Driver,15 to 19,,East,Going Ahead,Other,,,,,,,,,Yes,,,,Yes,,,,,Princess-Rosethorn
2056,Major Arterial,Toronto and East York,Mid-Block,No Control,Rain,Dark,Wet,Non-Fatal Injury,Pedestrian Collisions,Pedestrian,85 to 89,Major,North,,,Vehicle hits the pedestrian walking or running out from between parked vehicles at mid-block,"Crossing, no Traffic Control",Unknown,,,,Yes,,Yes,,,,,,,,,Junction-Wallace Emerson
119,Minor Arterial,Scarborough,Mid-Block,No Control,Clear,Dark,Dry,Non-Fatal Injury,SMV Other,Driver,25 to 29,Minor,East,Going Ahead,Lost control,,,,,,,,,Yes,,,,Yes,Yes,Yes,,Yes,Morningside Heights
2348,Major Arterial,Toronto and East York,Mid-Block,No Control,Clear,Dark,Dry,Non-Fatal Injury,Approaching,Passenger,25 to 29,Major,,,,,,,,,,,,Yes,,,,Yes,,,,Yes,Old East York
1928,,Toronto and East York,Mid-Block,No Control,Clear,Daylight,Dry,Fatal,SMV Other,Vehicle Owner,unknown,,,Other,,,,,,,,,,,Yes,,,,,,,,Fort York-Liberty Village
2348,Major Arterial,Toronto and East York,Mid-Block,No Control,Clear,Dark,Dry,Non-Fatal Injury,Approaching,Vehicle Owner,unknown,,,,,,,,,,,,,Yes,,,,Yes,,,,Yes,Old East York
800,Major Arterial,Toronto and East York,Intersection,Traffic Signal,Rain,Daylight,Wet,Non-Fatal Injury,Cyclist Collisions,Vehicle Owner,unknown,,,,,,,,,,,,Yes,Yes,,,,,,,,,Dufferin Grove
1928,,Toronto and East York,Mid-Block,No Control,Clear,Daylight,Dry,Fatal,SMV Other,Motorcycle Driver,30 to 34,Fatal,West,Going Ahead,Lost control,,,,,,,,,,Yes,,,,,,,,Fort York-Liberty Village
800,Major Arterial,Toronto and East York,Intersection,Traffic Signal,Rain,Daylight,Wet,Non-Fatal Injury,Cyclist Collisions,Driver,25 to 29,,South,Turning Left,Driving Properly,,,,,,,,Yes,Yes,,,,,,,,,Dufferin Grove
921,Major Arterial,Etobicoke York,Mid-Block,No Control,Clear,Daylight,Dry,Non-Fatal Injury,Pedestrian Collisions,Pedestrian,75 to 79,Major,East,,,Pedestrian hit at mid-block,"Crossing, no Traffic Control",Inattentive,,,,Yes,,Yes,,,,,,,,,York University Heights
800,Major Arterial,Toronto and East York,Intersection,Traffic Signal,Rain,Daylight,Wet,Non-Fatal Injury,Cyclist Collisions,Cyclist,45 to 49,Major,North,Other,,,,,Motorist turned left across cyclists path.,,,,Yes,Yes,,,,,,,,,Dufferin Grove
921,Major Arterial,Etobicoke York,Mid-Block,No Control,Clear,Daylight,Dry,Non-Fatal Injury,Pedestrian Collisions,Driver,45 to 49,,South,Going Ahead,Other,,,,,,,Yes,,Yes,,,,,,,,,York University Heights
1630,Local,North York,Mid-Block,No Control,Clear,Daylight,Dry,Non-Fatal Injury,Pedestrian Collisions,Vehicle Owner,unknown,,,,,,,,,,,Yes,,Yes,,,,Yes,,,,,Bedford Park-Nortown
1415,Minor Arterial,Toronto and East York,Intersection,No Control,Clear,Daylight,Dry,Non-Fatal Injury,Turning Movement,Motorcycle Driver,35 to 39,Major,West,Going Ahead,Driving Properly,,,,,,,,,Yes,Yes,,,,,,,,South Riverdale
1630,Local,North York,Mid-Block,No Control,Clear,Daylight,Dry,Non-Fatal Injury,Pedestrian Collisions,Pedestrian,5 to 9,Major,,,,Pedestrian hit on sidewalk or shoulder,On Sidewalk or Shoulder,Normal,,,,Yes,,Yes,,,,Yes,,,,,Bedford Park-Nortown
1415,Minor Arterial,Toronto and East York,Intersection,No Control,Clear,Daylight,Dry,Non-Fatal Injury,Turning Movement,Driver,55 to 59,,East,Turning Left,Improper Turn,,,,,,,,,Yes,Yes,,,,,,,,South Riverdale
1630,Local,North York,Mid-Block,No Control,Clear,Daylight,Dry,Non-Fatal Injury,Pedestrian Collisions,Passenger,10 to 14,,,,,,,,,,,Yes,,Yes,,,,Yes,,,,,Bedford Park-Nortown
2348,Major Arterial,Toronto and East York,Mid-Block,No Control,Clear,Dark,Dry,Non-Fatal Injury,Approaching,Driver,25 to 29,Minor,South,Going Ahead,Driving Properly,,,,,,,,,Yes,,,,Yes,,,,Yes,Old East York
1700,Major Arterial,North York,Intersection,Traffic Signal,Clear,Daylight,Dry,Non-Fatal Injury,Pedestrian Collisions,Driver,40 to 44,,South,Going Ahead,Driving Properly,,,,,,,Yes,,Yes,,,,,,,,,Banbury-Don Mills
544,Minor Arterial,Scarborough,Intersection,Stop Sign,Clear,Daylight,Other,Non-Fatal Injury,Approaching,Truck Driver,60 to 64,,East,Going Ahead,Driving Properly,,,,,,,,,Yes,,Yes,,,,Yes,,,Agincourt South-Malvern West
1700,Major Arterial,North York,Intersection,Traffic Signal,Clear,Daylight,Dry,Non-Fatal Injury,Pedestrian Collisions,Pedestrian,60 to 64,Major,East,,,Vehicle is going straight thru inter.while ped cross without ROW,Crossing without right of way,Unknown,,,,Yes,,Yes,,,,,,,,,Banbury-Don Mills
544,Minor Arterial,Scarborough,Intersection,Stop Sign,Clear,Daylight,Other,Non-Fatal Injury,Approaching,Driver,30 to 34,Major,West,Going Ahead,Other,,,,,,,,,Yes,,Yes,,,,Yes,,,Agincourt South-Malvern West
2114,Major Arterial,Etobicoke York,Intersection,Traffic Signal,Clear,Dark,Dry,Non-Fatal Injury,Sideswipe,Motorcycle Driver,15 to 19,Major,West,Going Ahead,Driving Properly,,,,,,,,,Yes,Yes,,,,,Yes,,,Brookhaven-Amesbury
2135,Major Arterial,Etobicoke York,Intersection,Traffic Signal,Rain,Dark,Wet,Non-Fatal Injury,Angle,Vehicle Owner,unknown,,,,,,,,,,,,,Yes,,,,Yes,,,,,Elms-Old Rexdale
2114,Major Arterial,Etobicoke York,Intersection,Traffic Signal,Clear,Dark,Dry,Non-Fatal Injury,Sideswipe,Driver,45 to 49,,West,Pulling Away from Shoulder or Curb,Failed to Yield Right of Way,,,,,,,,,Yes,Yes,,,,,Yes,,,Brookhaven-Amesbury
2135,Major Arterial,Etobicoke York,Intersection,Traffic Signal,Rain,Dark,Wet,Non-Fatal Injury,Angle,Driver,20 to 24,Major,West,Going Ahead,Other,,,,,,,,,Yes,,,,Yes,,,,,Elms-Old Rexdale
1630,Local,North York,Mid-Block,No Control,Clear,Daylight,Dry,Non-Fatal Injury,Pedestrian Collisions,Passenger,0 to 4,,,,,,,,,,,Yes,,Yes,,,,Yes,,,,,Bedford Park-Nortown
117,Major Arterial,Toronto and East York,Intersection,Stop Sign,Clear,Dark,Dry,Non-Fatal Injury,Cyclist Collisions,Driver,25 to 29,,North,Going Ahead,Driving Properly,,,,,,,,Yes,Yes,,,,,,,,,Bay-Cloverhill
1630,Local,North York,Mid-Block,No Control,Clear,Daylight,Dry,Non-Fatal Injury,Pedestrian Collisions,Passenger,10 to 14,,,,,,,,,,,Yes,,Yes,,,,Yes,,,,,Bedford Park-Nortown
2135,Major Arterial,Etobicoke York,Intersection,Traffic Signal,Rain,Dark,Wet,Non-Fatal Injury,Angle,Passenger,60 to 64,Minor,,,,,,,,,,,,Yes,,,,Yes,,,,,Elms-Old Rexdale
117,Major Arterial,Toronto and East York,Intersection,Stop Sign,Clear,Dark,Dry,Non-Fatal Injury,Cyclist Collisions,Cyclist,30 to 34,Major,East,Going Ahead,,,,,"Motorist without ROW drives into path of cyclist at inter, lnwy, dwy-Driver not turn.",Failed to Yield Right of Way,Normal,,Yes,Yes,,,,,,,,,Bay-Cloverhill
2135,Major Arterial,Etobicoke York,Intersection,Traffic Signal,Rain,Dark,Wet,Non-Fatal Injury,Angle,Driver,65 to 69,Minor,North,Going Ahead,Other,,,,,,,,,Yes,,,,Yes,,,,,Elms-Old Rexdale
740,Major Arterial,North York,Intersection,Traffic Signal,Clear,Daylight,Dry,Non-Fatal Injury,Pedestrian Collisions,Driver,30 to 34,,East,Going Ahead,Driving Properly,,,,,,,Yes,,Yes,,,,,,,,,Bayview Village
1610,Collector,Etobicoke York,Mid-Block,No Control,Clear,Daylight,Dry,Non-Fatal Injury,Cyclist Collisions,Vehicle Owner,unknown,,,,,,,,,,,,Yes,Yes,,,,,,Yes,,,New Toronto
740,Major Arterial,North York,Intersection,Traffic Signal,Clear,Daylight,Dry,Non-Fatal Injury,Pedestrian Collisions,Pedestrian,65 to 69,Major,North,,,Vehicle is going straight thru inter.while ped cross without ROW,Crossing without right of way,Normal,,,,Yes,,Yes,,,,,,,,,Bayview Village
1610,Collector,Etobicoke York,Mid-Block,No Control,Clear,Daylight,Dry,Non-Fatal Injury,Cyclist Collisions,Driver,55 to 59,,North,Turning Left,Failed to Yield Right of Way,,,,,,,,Yes,Yes,,,,,,Yes,,,New Toronto
1610,Major Arterial,Toronto and East York,Intersection,Traffic Signal,Clear,Daylight,Dry,Non-Fatal Injury,Turning Movement,Driver,80 to 84,,East,Turning Left,Failed to Yield Right of Way,,,,,,,,,Yes,Yes,,,,,Yes,,,South Riverdale
1610,Collector,Etobicoke York,Mid-Block,No Control,Clear,Daylight,Dry,Non-Fatal Injury,Cyclist Collisions,Cyclist,45 to 49,Major,East,Going Ahead,,,,,Motorist turned left across cyclists path.,Driving Properly,Normal,,Yes,Yes,,,,,,Yes,,,New Toronto
1630,Local,North York,Mid-Block,No Control,Clear,Daylight,Dry,Non-Fatal Injury,Pedestrian Collisions,Driver,30 to 34,,East,Unknown,Lost control,,,,,,,Yes,,Yes,,,,Yes,,,,,Bedford Park-Nortown
1610,Major Arterial,Toronto and East York,Intersection,Traffic Signal,Clear,Daylight,Dry,Non-Fatal Injury,Turning Movement,Motorcycle Driver,20 to 24,Major,West,Going Ahead,Driving Properly,,,,,,,,,Yes,Yes,,,,,Yes,,,South Riverdale
1630,Local,North York,Mid-Block,No Control,Clear,Daylight,Dry,Non-Fatal Injury,Pedestrian Collisions,Vehicle Owner,unknown,,,,,,,,,,,Yes,,Yes,,,,Yes,,,,,Bedford Park-Nortown
2005,Local,North York,Intersection,Stop Sign,Clear,Dark,Dry,Non-Fatal Injury,Cyclist Collisions,Driver,55 to 59,,North,Going Ahead,Driving Properly,,,,,,,,Yes,Yes,,,,,,,,,Parkwoods-O'Connor Hills
920,Major Arterial,Scarborough,Intersection,Traffic Signal,Clear,Daylight,Dry,Non-Fatal Injury,Pedestrian Collisions,Driver,75 to 79,,South,Turning Left,Failed to Yield Right of Way,,,,,,,Yes,,Yes,,,,,,Yes,,,Birchcliffe-Cliffside
2005,Local,North York,Intersection,Stop Sign,Clear,Dark,Dry,Non-Fatal Injury,Cyclist Collisions,Cyclist,15 to 19,Major,West,Going Ahead,,,,,"Cyclist without ROW rides into path of motorist at inter, lnwy, dwy-Cyclist not turn.",Disobeyed Traffic Control,Normal,,Yes,Yes,,,,,,,,,Parkwoods-O'Connor Hills
920,Major Arterial,Scarborough,Intersection,Traffic Signal,Clear,Daylight,Dry,Non-Fatal Injury,Pedestrian Collisions,Pedestrian,20 to 24,Minor,North,,,Vehicle turns left while ped crosses with ROW at inter.,Crossing with right of way,Normal,,,,Yes,,Yes,,,,,,Yes,,,Birchcliffe-Cliffside
315,Minor Arterial,Toronto and East York,Intersection,Stop Sign,Clear,Dark,Dry,Non-Fatal Injury,SMV Other,Passenger,unknown,Minimal,,,,,,,,,,,,Yes,,,,Yes,Yes,Yes,,,Downtown Yonge East
315,Minor Arterial,Toronto and East York,Intersection,Stop Sign,Clear,Dark,Dry,Non-Fatal Injury,SMV Other,Passenger,unknown,Minimal,,,,,,,,,,,,Yes,,,,Yes,Yes,Yes,,,Downtown Yonge East
920,Major Arterial,Scarborough,Intersection,Traffic Signal,Clear,Daylight,Dry,Non-Fatal Injury,Pedestrian Collisions,Pedestrian,20 to 24,Major,North,,,Vehicle turns left while ped crosses with ROW at inter.,Crossing with right of way,Normal,,,,Yes,,Yes,,,,,,Yes,,,Birchcliffe-Cliffside
1626,Major Arterial,Etobicoke York,Mid-Block,No Control,Clear,Daylight,Dry,Fatal,Pedestrian Collisions,Passenger,5 to 9,,,,,,,,,,,Yes,,Yes,,,,Yes,,,,,Kingsview Village-The Westway
315,Minor Arterial,Toronto and East York,Intersection,Stop Sign,Clear,Dark,Dry,Non-Fatal Injury,SMV Other,Vehicle Owner,unknown,,,,,,,,,,,,,Yes,,,,Yes,Yes,Yes,,,Downtown Yonge East
1626,Major Arterial,Etobicoke York,Mid-Block,No Control,Clear,Daylight,Dry,Fatal,Pedestrian Collisions,Vehicle Owner,unknown,,,,,,,,,,,Yes,,Yes,,,,Yes,,,,,Kingsview Village-The Westway
315,Minor Arterial,Toronto and East York,Intersection,Stop Sign,Clear,Dark,Dry,Non-Fatal Injury,SMV Other,Driver,30 to 34,Major,East,Going Ahead,Exceeding Speed Limit,,,,,,,,,Yes,,,,Yes,Yes,Yes,,,Downtown Yonge East
1626,Major Arterial,Etobicoke York,Mid-Block,No Control,Clear,Daylight,Dry,Fatal,Pedestrian Collisions,Driver,35 to 39,,North,Going Ahead,Lost control,,,,,,,Yes,,Yes,,,,Yes,,,,,Kingsview Village-The Westway
2044,Major Arterial,Etobicoke York,Intersection,Traffic Signal,Clear,Dark,Dry,Non-Fatal Injury,Turning Movement,Passenger,15 to 19,Major,,,,,,,,,,,,Yes,,,,Yes,,,,,Etobicoke City Centre
1255,Minor Arterial,Etobicoke York,Intersection,Traffic Signal,Rain,Daylight,Wet,Non-Fatal Injury,Rear End,Driver,80 to 84,Major,North,Going Ahead,Other,,,,,,,,,Yes,,,,,,,,,Eringate-Centennial-West Deane
1626,Major Arterial,Etobicoke York,Mid-Block,No Control,Clear,Daylight,Dry,Fatal,Pedestrian Collisions,Pedestrian,20 to 24,Fatal,South,,,Pedestrian hit on sidewalk or shoulder,On Sidewalk or Shoulder,Normal,,,,Yes,,Yes,,,,Yes,,,,,Kingsview Village-The Westway
2044,Major Arterial,Etobicoke York,Intersection,Traffic Signal,Clear,Dark,Dry,Non-Fatal Injury,Turning Movement,Vehicle Owner,unknown,,,,,,,,,,,,,Yes,,,,Yes,,,,,Etobicoke City Centre
1255,Minor Arterial,Etobicoke York,Intersection,Traffic Signal,Rain,Daylight,Wet,Non-Fatal Injury,Rear End,Vehicle Owner,unknown,,,,,,,,,,,,,Yes,,,,,,,,,Eringate-Centennial-West Deane
2044,Major Arterial,Etobicoke York,Intersection,Traffic Signal,Clear,Dark,Dry,Non-Fatal Injury,Turning Movement,Driver,15 to 19,,East,Turning Left,Improper Turn,,,,,,,,,Yes,,,,Yes,,,,,Etobicoke City Centre
720,Major Arterial,Etobicoke York,Intersection,Traffic Signal,Clear,Daylight,Dry,Non-Fatal Injury,Pedestrian Collisions,Driver,20 to 24,,East,Turning Right,Failed to Yield Right of Way,,,,,,,Yes,,Yes,,,,,,Yes,,,Brookhaven-Amesbury
1255,Minor Arterial,Etobicoke York,Intersection,Traffic Signal,Rain,Daylight,Wet,Non-Fatal Injury,Rear End,Driver,40 to 44,Minor,North,Stopped,Driving Properly,,,,,,,,,Yes,,,,,,,,,Eringate-Centennial-West Deane
720,Major Arterial,Etobicoke York,Intersection,Traffic Signal,Clear,Daylight,Dry,Non-Fatal Injury,Pedestrian Collisions,Pedestrian,80 to 84,Major,East,,,Vehicle turns right while ped crosses with ROW at inter.,Crossing with right of way,Normal,,,,Yes,,Yes,,,,,,Yes,,,Brookhaven-Amesbury
1210,Collector,Etobicoke York,Mid-Block,No Control,Clear,Daylight,Dry,Non-Fatal Injury,Pedestrian Collisions,Passenger,10 to 14,Major,,,,,,,,,,Yes,,Yes,,,,Yes,,,,,West Humber-Clairville
1435,Major Arterial,North York,Intersection,Traffic Signal,Clear,Daylight,Dry,Non-Fatal Injury,Turning Movement,Passenger,45 to 49,Major,,,,,,,,,,,,Yes,,,,Yes,,,,,Hillcrest Village
1210,Collector,Etobicoke York,Mid-Block,No Control,Clear,Daylight,Dry,Non-Fatal Injury,Pedestrian Collisions,Driver,15 to 19,,East,Going Ahead,Driving Properly,,,,,,,Yes,,Yes,,,,Yes,,,,,West Humber-Clairville
1435,Major Arterial,North York,Intersection,Traffic Signal,Clear,Daylight,Dry,Non-Fatal Injury,Turning Movement,Driver,45 to 49,Minimal,North,Going Ahead,Driving Properly,,,,,,,,,Yes,,,,Yes,,,,,Hillcrest Village
1210,Collector,Etobicoke York,Mid-Block,No Control,Clear,Daylight,Dry,Non-Fatal Injury,Pedestrian Collisions,Pedestrian,15 to 19,Major,North,,,Pedestrian hit at mid-block,Running onto Roadway,Inattentive,,,,Yes,,Yes,,,,Yes,,,,,West Humber-Clairville
1435,Major Arterial,North York,Intersection,Traffic Signal,Clear,Daylight,Dry,Non-Fatal Injury,Turning Movement,Vehicle Owner,unknown,,,,,,,,,,,,,Yes,,,,Yes,,,,,Hillcrest Village
1210,Collector,Etobicoke York,Mid-Block,No Control,Clear,Daylight,Dry,Non-Fatal Injury,Pedestrian Collisions,Pedestrian,15 to 19,Major,North,,,Pedestrian hit at mid-block,Running onto Roadway,Inattentive,,,,Yes,,Yes,,,,Yes,,,,,West Humber-Clairville
1435,Major Arterial,North York,Intersection,Traffic Signal,Clear,Daylight,Dry,Non-Fatal Injury,Turning Movement,Driver,35 to 39,,South,Turning Left,Improper Turn,,,,,,,,,Yes,,,,Yes,,,,,Hillcrest Village
930,Major Arterial,Etobicoke York,Exit Ramp Southbound,Traffic Signal,Clear,Daylight,Dry,Non-Fatal Injury,Rear End,Driver,35 to 39,Major,East,Stopped,Driving Properly,,,,,,,,,Yes,,,,,,Yes,,,Pelmo Park-Humberlea
1435,Major Arterial,North York,Intersection,Traffic Signal,Clear,Daylight,Dry,Non-Fatal Injury,Turning Movement,Other Property Owner,unknown,,,,,,,,,,,,,Yes,,,,Yes,,,,,Hillcrest Village
2044,Major Arterial,Etobicoke York,Intersection,Traffic Signal,Clear,Dark,Dry,Non-Fatal Injury,Turning Movement,Driver,25 to 29,,West,Going Ahead,Driving Properly,,,,,,,,,Yes,,,,Yes,,,,,Etobicoke City Centre
930,Major Arterial,Etobicoke York,Exit Ramp Southbound,Traffic Signal,Clear,Daylight,Dry,Non-Fatal Injury,Rear End,Vehicle Owner,unknown,,,,,,,,,,,,,Yes,,,,,,Yes,,,Pelmo Park-Humberlea
1310,Major Arterial,North York,Intersection,Traffic Signal,Clear,Daylight,Dry,Non-Fatal Injury,Turning Movement,Driver,70 to 74,,East,Turning Left,Improper Turn,,,,,,,,,Yes,Yes,,,,,,,,Forest Hill North
930,Major Arterial,Etobicoke York,Exit Ramp Southbound,Traffic Signal,Clear,Daylight,Dry,Non-Fatal Injury,Rear End,Driver,30 to 34,,East,Going Ahead,Following too Close,,,,,,,,,Yes,,,,,,Yes,,,Pelmo Park-Humberlea
1310,Major Arterial,North York,Intersection,Traffic Signal,Clear,Daylight,Dry,Non-Fatal Injury,Turning Movement,Motorcycle Driver,35 to 39,Major,West,Going Ahead,Driving Properly,,,,,,,,,Yes,Yes,,,,,,,,Forest Hill North
1115,Major Arterial,Toronto and East York,Intersection,Traffic Signal,Clear,Daylight,Dry,Non-Fatal Injury,Approaching,Passenger,30 to 34,Major,,,,,,,,,,,,Yes,,,,Yes,,Yes,,,Corso Italia-Davenport
2155,,Toronto and East York,Exit Ramp Westbound,No Control,Clear,Dark,Dry,Fatal,SMV Other,Motorcycle Driver,20 to 24,Fatal,West,Going Ahead,Lost control,,,,,,,,,,Yes,,,,,,,,South Parkdale
2349,Major Arterial,Toronto and East York,Mid-Block,No Control,Clear,Dark,Dry,Non-Fatal Injury,Cyclist Collisions,Driver,25 to 29,,West,Going Ahead,Driving Properly,,,,,,,,Yes,Yes,,,,Yes,Yes,Yes,,,Dufferin Grove
1115,Major Arterial,Toronto and East York,Intersection,Traffic Signal,Clear,Daylight,Dry,Non-Fatal Injury,Approaching,Driver,50 to 54,Minor,West,Going Ahead,Driving Properly,,,,,,,,,Yes,,,,Yes,,Yes,,,Corso Italia-Davenport
2349,Major Arterial,Toronto and East York,Mid-Block,No Control,Clear,Dark,Dry,Non-Fatal Injury,Cyclist Collisions,Passenger,50 to 54,Minimal,,,,,,,,,,,Yes,Yes,,,,Yes,Yes,Yes,,,Dufferin Grove
1115,Major Arterial,Toronto and East York,Intersection,Traffic Signal,Clear,Daylight,Dry,Non-Fatal Injury,Approaching,Driver,unknown,,East,Going Ahead,Lost control,,,,,,,,,Yes,,,,Yes,,Yes,,,Corso Italia-Davenport
2349,Major Arterial,Toronto and East York,Mid-Block,No Control,Clear,Dark,Dry,Non-Fatal Injury,Cyclist Collisions,Driver,50 to 54,,West,Going Ahead,Driving Properly,,,,,,,,Yes,Yes,,,,Yes,Yes,Yes,,,Dufferin Grove
1115,Major Arterial,Toronto and East York,Intersection,Traffic Signal,Clear,Daylight,Dry,Non-Fatal Injury,Approaching,Vehicle Owner,unknown,,,,,,,,,,,,,Yes,,,,Yes,,Yes,,,Corso Italia-Davenport
2349,Major Arterial,Toronto and East York,Mid-Block,No Control,Clear,Dark,Dry,Non-Fatal Injury,Cyclist Collisions,Driver,unknown,,East,Going Ahead,Speed too Fast For Condition,,,,,,,,Yes,Yes,,,,Yes,Yes,Yes,,,Dufferin Grove
1115,Major Arterial,Toronto and East York,Intersection,Traffic Signal,Clear,Daylight,Dry,Non-Fatal Injury,Approaching,Driver,40 to 44,,West,Going Ahead,Driving Properly,,,,,,,,,Yes,,,,Yes,,Yes,,,Corso Italia-Davenport
2349,Major Arterial,Toronto and East York,Mid-Block,No Control,Clear,Dark,Dry,Non-Fatal Injury,Cyclist Collisions,Vehicle Owner,unknown,,,,,,,,,,,,Yes,Yes,,,,Yes,Yes,Yes,,,Dufferin Grove
2226,Minor Arterial,Toronto and East York,Mid-Block,No Control,Clear,Dark,Dry,Non-Fatal Injury,Pedestrian Collisions,Driver,25 to 29,,West,Going Ahead,Driving Properly,,,,,,,Yes,,Yes,,,,,,,,,The Beaches
2349,Major Arterial,Toronto and East York,Mid-Block,No Control,Clear,Dark,Dry,Non-Fatal Injury,Cyclist Collisions,Vehicle Owner,unknown,,,,,,,,,,,,Yes,Yes,,,,Yes,Yes,Yes,,,Dufferin Grove
2226,Minor Arterial,Toronto and East York,Mid-Block,No Control,Clear,Dark,Dry,Non-Fatal Injury,Pedestrian Collisions,Other,unknown,,,,,,,,,,,Yes,,Yes,,,,,,,,,The Beaches
2349,Major Arterial,Toronto and East York,Mid-Block,No Control,Clear,Dark,Dry,Non-Fatal Injury,Cyclist Collisions,Driver,35 to 39,Minor,East,Going Ahead,Driving Properly,,,,,,,,Yes,Yes,,,,Yes,Yes,Yes,,,Dufferin Grove
2226,Minor Arterial,Toronto and East York,Mid-Block,No Control,Clear,Dark,Dry,Non-Fatal Injury,Pedestrian Collisions,Pedestrian,15 to 19,Major,South,,,Pedestrian hit at mid-block,Crossing without right of way,Had Been Drinking,,,,Yes,,Yes,,,,,,,,,The Beaches
2349,Major Arterial,Toronto and East York,Mid-Block,No Control,Clear,Dark,Dry,Non-Fatal Injury,Cyclist Collisions,Driver,40 to 44,,West,Going Ahead,Driving Properly,,,,,,,,Yes,Yes,,,,Yes,Yes,Yes,,,Dufferin Grove
1025,Major Arterial,Scarborough,Intersection,Traffic Signal,Clear,Daylight,Dry,Non-Fatal Injury,Pedestrian Collisions,Passenger,35 to 39,Minimal,,,,,,,,,,Yes,,,,,Yes,Yes,,,,,Morningside
2349,Major Arterial,Toronto and East York,Mid-Block,No Control,Clear,Dark,Dry,Non-Fatal Injury,Cyclist Collisions,Cyclist,25 to 29,Major,East,Going Ahead,,,,,Cyclist and Driver travelling in same direction. One vehicle rear-ended the other.,Driving Properly,Normal,,Yes,Yes,,,,Yes,Yes,Yes,,,Dufferin Grove
2349,Major Arterial,Toronto and East York,Mid-Block,No Control,Clear,Dark,Dry,Non-Fatal Injury,Cyclist Collisions,Other Property Owner,unknown,,,,,,,,,,,,Yes,Yes,,,,Yes,Yes,Yes,,,Dufferin Grove
632,Major Arterial,North York,Intersection,Traffic Signal,Clear,Daylight,Dry,Non-Fatal Injury,Pedestrian Collisions,Passenger,30 to 34,,,,,,,,,,,Yes,,Yes,,,,Yes,,,,,Don Valley Village