TIME,ROAD_CLASS,DISTRICT,LOCCOORD,TRAFFCTL,VISIBILITY,LIGHT,RDSFCOND,ACCLASS,IMPACTYPE,INVTYPE,INVAGE,INJURY,INITDIR,MANOEUVER,DRIVACT,PEDTYPE,PEDACT,PEDCOND,CYCLISTYPE,CYCACT,CYCCOND,PEDESTRIAN,CYCLIST,AUTOMOBILE,MOTORCYCLE,TRUCK,TRSN_CITY_VEH,PASSENGER,SPEEDING,AG_DRIV,REDLIGHT,ALCOHOL,NEIGHBOURHOOD_158
1025,Major Arterial,Scarborough,Intersection,Traffic Signal,Clear,Daylight,Dry,Non-Fatal Injury,Pedestrian Collisions,Vehicle Owner,unknown,,,,,,,,,,,Yes,,,,,Yes,Yes,,,,,Morningside
632,Major Arterial,North York,Intersection,Traffic Signal,Clear,Daylight,Dry,Non-Fatal Injury,Pedestrian Collisions,Pedestrian,15 to 19,Major,South,,,Vehicle is going straight thru inter.while ped cross without ROW,Crossing without right of way,Inattentive,,,,Yes,,Yes,,,,Yes,,,,,Don Valley Village
1521,Local,Etobicoke York,Mid-Block,No Control,Clear,Daylight,Dry,Non-Fatal Injury,SMV Other,Motorcycle Driver,20 to 24,Major,South,Going Ahead,Lost control,,,,,,,,,,Yes,,,,,,,,Mimico-Queensway
1025,Major Arterial,Scarborough,Intersection,Traffic Signal,Clear,Daylight,Dry,Non-Fatal Injury,Pedestrian Collisions,Driver,45 to 49,,North,Turning Left,Other,,,,,,,Yes,,,,,Yes,Yes,,,,,Morningside
632,Major Arterial,North York,Intersection,Traffic Signal,Clear,Daylight,Dry,Non-Fatal Injury,Pedestrian Collisions,Driver,30 to 34,,West,Going Ahead,Driving Properly,,,,,,,Yes,,Yes,,,,Yes,,,,,Don Valley Village
2136,Collector,Etobicoke York,Mid-Block,No Control,Clear,Dark,Dry,Fatal,SMV Other,Driver,40 to 44,Minimal,North,Going Ahead,Speed too Fast For Condition,,,,,,,,,Yes,,,,Yes,Yes,Yes,,,Humber Summit
1025,Major Arterial,Scarborough,Intersection,Traffic Signal,Clear,Daylight,Dry,Non-Fatal Injury,Pedestrian Collisions,Pedestrian,75 to 79,Major,South,,,Pedestrian involved in a collision with transit vehicle anywhere along roadway,Crossing without right of way,Normal,,,,Yes,,,,,Yes,Yes,,,,,Morningside
1440,Major Arterial,Toronto and East York,Intersection,No Control,Clear,Daylight,Dry,Non-Fatal Injury,Pedestrian Collisions,Vehicle Owner,unknown,,,,,,,,,,,Yes,,Yes,,,,,,Yes,,,High Park-Swansea
2136,Collector,Etobicoke York,Mid-Block,No Control,Clear,Dark,Dry,Fatal,SMV Other,Vehicle Owner,unknown,,,,,,,,,,,,,Yes,,,,Yes,Yes,Yes,,,Humber Summit
1440,Major Arterial,Toronto and East York,Intersection,No Control,Clear,Daylight,Dry,Non-Fatal Injury,Pedestrian Collisions,Driver,40 to 44,,West,Going Ahead,Improper Passing,,,,,,,Yes,,Yes,,,,,,Yes,,,High Park-Swansea
1252,Major Arterial,Etobicoke York,Mid-Block,No Control,Clear,Daylight,Dry,Non-Fatal Injury,Rear End,Driver,30 to 34,,West,Going Ahead,Following too Close,,,,,,,,,Yes,,,,,,Yes,,,Keelesdale-Eglinton West
2136,Collector,Etobicoke York,Mid-Block,No Control,Clear,Dark,Dry,Fatal,SMV Other,Passenger,40 to 44,Fatal,,,,,,,,,,,,Yes,,,,Yes,Yes,Yes,,,Humber Summit
1440,Major Arterial,Toronto and East York,Intersection,No Control,Clear,Daylight,Dry,Non-Fatal Injury,Pedestrian Collisions,Pedestrian,10 to 14,Major,South,,,Vehicle is going straight thru inter.while ped cross without ROW,Running onto Roadway,Normal,,,,Yes,,Yes,,,,,,Yes,,,High Park-Swansea
1252,Major Arterial,Etobicoke York,Mid-Block,No Control,Clear,Daylight,Dry,Non-Fatal Injury,Rear End,Driver,50 to 54,Major,West,Stopped,Driving Properly,,,,,,,,,Yes,,,,,,Yes,,,Keelesdale-Eglinton West
2136,Collector,Etobicoke York,Mid-Block,No Control,Clear,Dark,Dry,Fatal,SMV Other,Passenger,40 to 44,Minor,,,,,,,,,,,,Yes,,,,Yes,Yes,Yes,,,Humber Summit
1659,Major Arterial,Toronto and East York,Intersection,Traffic Signal,Clear,Daylight,Dry,Non-Fatal Injury,Cyclist Collisions,Cyclist,30 to 34,Major,South,Pulling Onto Shoulder or towardCurb,,,,,"Cyclist loses control and strikes object (pole, ttc track)",Lost control,Normal,,Yes,,,,,,,,,,Yonge-Bay Corridor
19,Major Arterial,Toronto and East York,Intersection,No Control,Rain,Dark,Wet,Non-Fatal Injury,Pedestrian Collisions,Passenger,20 to 24,,,,,,,,,,,Yes,,Yes,,,,Yes,,,,,Greenwood-Coxwell
2136,Collector,Etobicoke York,Mid-Block,No Control,Clear,Dark,Dry,Fatal,SMV Other,Other Property Owner,unknown,,,,,,,,,,,,,Yes,,,,Yes,Yes,Yes,,,Humber Summit
1838,Local,Etobicoke York,Mid-Block,No Control,Clear,Daylight,Dry,Non-Fatal Injury,Cyclist Collisions,Driver,70 to 74,,West,Going Ahead,Disobeyed Traffic Control,,,,,,,,Yes,Yes,,,,,,Yes,,,Rexdale-Kipling
19,Major Arterial,Toronto and East York,Intersection,No Control,Rain,Dark,Wet,Non-Fatal Injury,Pedestrian Collisions,Passenger,20 to 24,,,,,,,,,,,Yes,,Yes,,,,Yes,,,,,Greenwood-Coxwell
1838,Local,Etobicoke York,Mid-Block,No Control,Clear,Daylight,Dry,Non-Fatal Injury,Cyclist Collisions,Cyclist,60 to 64,Major,South,Going Ahead,,,,,Cyclist rode off sidewalk into road at midblock.,Driving Properly,Normal,,Yes,Yes,,,,,,Yes,,,Rexdale-Kipling
857,Collector,Scarborough,Intersection,Stop Sign,Clear,Daylight,Dry,Fatal,SMV Other,Driver,55 to 59,Fatal,East,Going Ahead,Speed too Fast For Condition,,,,,,,,,Yes,,,,,Yes,Yes,,,Birchcliffe-Cliffside
19,Major Arterial,Toronto and East York,Intersection,No Control,Rain,Dark,Wet,Non-Fatal Injury,Pedestrian Collisions,Passenger,20 to 24,,,,,,,,,,,Yes,,Yes,,,,Yes,,,,,Greenwood-Coxwell
857,Collector,Scarborough,Intersection,Stop Sign,Clear,Daylight,Dry,Fatal,SMV Other,Other Property Owner,unknown,,,,,,,,,,,,,Yes,,,,,Yes,Yes,,,Birchcliffe-Cliffside
19,Major Arterial,Toronto and East York,Intersection,No Control,Rain,Dark,Wet,Non-Fatal Injury,Pedestrian Collisions,Driver,20 to 24,,West,Going Ahead,Driving Properly,,,,,,,Yes,,Yes,,,,Yes,,,,,Greenwood-Coxwell
1610,Collector,North York,Mid-Block,No Control,Clear,Daylight,Dry,Non-Fatal Injury,SMV Other,Driver,35 to 39,Major,East,Going Ahead,Improper Passing,,,,,,,,,Yes,,,,Yes,Yes,Yes,,,Don Valley Village
2345,Minor Arterial,Scarborough,Intersection,Traffic Signal,Clear,Dark,Dry,Fatal,Pedestrian Collisions,Driver,50 to 54,Minor,North,Going Ahead,Driving Properly,,,,,,,Yes,,Yes,,,,,,,,,Malvern East
19,Major Arterial,Toronto and East York,Intersection,No Control,Rain,Dark,Wet,Non-Fatal Injury,Pedestrian Collisions,Pedestrian,50 to 54,Major,South,,,Vehicle is going straight thru inter.while ped cross without ROW,"Crossing, no Traffic Control",Unknown,,,,Yes,,Yes,,,,Yes,,,,,Greenwood-Coxwell
1610,Collector,North York,Mid-Block,No Control,Clear,Daylight,Dry,Non-Fatal Injury,SMV Other,Passenger,5 to 9,Minor,,,,,,,,,,,,Yes,,,,Yes,Yes,Yes,,,Don Valley Village
2345,Minor Arterial,Scarborough,Intersection,Traffic Signal,Clear,Dark,Dry,Fatal,Pedestrian Collisions,Pedestrian,30 to 34,Fatal,East,,,Vehicle is going straight thru inter.while ped cross without ROW,Crossing without right of way,Had Been Drinking,,,,Yes,,Yes,,,,,,,,,Malvern East
308,Major Arterial,Scarborough,Intersection,Traffic Signal,Clear,Dark,Wet,Fatal,Angle,Vehicle Owner,unknown,,,,,,,,,,,,,Yes,,Yes,,Yes,,Yes,Yes,,Malvern East
122,Major Arterial,Toronto and East York,Mid-Block,No Control,Rain,Dark,Wet,Non-Fatal Injury,Pedestrian Collisions,Vehicle Owner,unknown,,,,,,,,,,,Yes,,Yes,,,,Yes,,,,Yes,South Parkdale
1610,Collector,North York,Mid-Block,No Control,Clear,Daylight,Dry,Non-Fatal Injury,SMV Other,Passenger,5 to 9,Minor,,,,,,,,,,,,Yes,,,,Yes,Yes,Yes,,,Don Valley Village
308,Major Arterial,Scarborough,Intersection,Traffic Signal,Clear,Dark,Wet,Fatal,Angle,Passenger,25 to 29,,,,,,,,,,,,,Yes,,Yes,,Yes,,Yes,Yes,,Malvern East
1610,Collector,North York,Mid-Block,No Control,Clear,Daylight,Dry,Non-Fatal Injury,SMV Other,Other Property Owner,unknown,,,,,,,,,,,,,Yes,,,,Yes,Yes,Yes,,,Don Valley Village
308,Major Arterial,Scarborough,Intersection,Traffic Signal,Clear,Dark,Wet,Fatal,Angle,Truck Driver,55 to 59,,North,Going Ahead,Driving Properly,,,,,,,,,Yes,,Yes,,Yes,,Yes,Yes,,Malvern East
1900,Major Arterial,Etobicoke York,Mid-Block,No Control,Clear,Daylight,Dry,Non-Fatal Injury,SMV Other,Driver,40 to 44,Major,South,Going Ahead,Lost control,,,,,,,,,Yes,,,,,,,,,Beechborough-Greenbrook
122,Major Arterial,Toronto and East York,Mid-Block,No Control,Rain,Dark,Wet,Non-Fatal Injury,Pedestrian Collisions,Driver,45 to 49,,East,Stopped,Driving Properly,,,,,,,Yes,,Yes,,,,Yes,,,,Yes,South Parkdale
308,Major Arterial,Scarborough,Intersection,Traffic Signal,Clear,Dark,Wet,Fatal,Angle,Passenger,25 to 29,Fatal,,,,,,,,,,,,Yes,,Yes,,Yes,,Yes,Yes,,Malvern East
1335,Collector,Scarborough,Mid-Block,No Control,Clear,Daylight,Dry,Non-Fatal Injury,Approaching,Driver,20 to 24,,East,Going Ahead,Disobeyed Traffic Control,,,,,,,,,Yes,Yes,,,,Yes,Yes,,,Morningside Heights
122,Major Arterial,Toronto and East York,Mid-Block,No Control,Rain,Dark,Wet,Non-Fatal Injury,Pedestrian Collisions,Passenger,15 to 19,Minor,,,,,,,,,,Yes,,Yes,,,,Yes,,,,Yes,South Parkdale
308,Major Arterial,Scarborough,Intersection,Traffic Signal,Clear,Dark,Wet,Fatal,Angle,Driver,25 to 29,Major,East,Going Ahead,Disobeyed Traffic Control,,,,,,,,,Yes,,Yes,,Yes,,Yes,Yes,,Malvern East
1335,Collector,Scarborough,Mid-Block,No Control,Clear,Daylight,Dry,Non-Fatal Injury,Approaching,Motorcycle Driver,20 to 24,Major,West,Going Ahead,Exceeding Speed Limit,,,,,,,,,Yes,Yes,,,,Yes,Yes,,,Morningside Heights
2017,Major Arterial,North York,Mid-Block,Stop Sign,Clear,Dark,Dry,Non-Fatal Injury,Turning Movement,Vehicle Owner,unknown,,,,,,,,,,,,,Yes,,,,Yes,,Yes,,,Banbury-Don Mills
900,Major Arterial,Toronto and East York,Mid-Block,No Control,Clear,Daylight,Dry,Non-Fatal Injury,Cyclist Collisions,Driver,unknown,,North,Parked,Other,,,,,,,,Yes,Yes,,,,,,,,,Annex
900,Major Arterial,Toronto and East York,Mid-Block,No Control,Clear,Daylight,Dry,Non-Fatal Injury,Cyclist Collisions,Cyclist,30 to 34,Major,North,Going Ahead,,,,,Cyclist struck opened vehicle door,Driving Properly,Normal,,Yes,Yes,,,,,,,,,Annex
122,Major Arterial,Toronto and East York,Mid-Block,No Control,Rain,Dark,Wet,Non-Fatal Injury,Pedestrian Collisions,Driver,20 to 24,Minor,East,Going Ahead,Lost control,,,,,,,Yes,,Yes,,,,Yes,,,,Yes,South Parkdale
122,Major Arterial,Toronto and East York,Mid-Block,No Control,Rain,Dark,Wet,Non-Fatal Injury,Pedestrian Collisions,Pedestrian,20 to 24,Major,East,,,Pedestrian hit on sidewalk or shoulder,On Sidewalk or Shoulder,Normal,,,,Yes,,Yes,,,,Yes,,,,Yes,South Parkdale
122,Major Arterial,Toronto and East York,Mid-Block,No Control,Rain,Dark,Wet,Non-Fatal Injury,Pedestrian Collisions,Pedestrian,20 to 24,Minor,East,,,Pedestrian hit on sidewalk or shoulder,On Sidewalk or Shoulder,Normal,,,,Yes,,Yes,,,,Yes,,,,Yes,South Parkdale
130,Major Arterial,Etobicoke York,Mid-Block,No Control,Rain,Dark,Wet,Fatal,Pedestrian Collisions,Pedestrian,50 to 54,Fatal,East,,,Pedestrian hit at mid-block,Running onto Roadway,Unknown,,,,Yes,,Yes,,,,,,,,,Rockcliffe-Smythe
130,Major Arterial,Etobicoke York,Mid-Block,No Control,Rain,Dark,Wet,Fatal,Pedestrian Collisions,Vehicle Owner,unknown,,,,,,,,,,,Yes,,Yes,,,,,,,,,Rockcliffe-Smythe
130,Major Arterial,Etobicoke York,Mid-Block,No Control,Rain,Dark,Wet,Fatal,Pedestrian Collisions,Driver,40 to 44,,South,Going Ahead,Driving Properly,,,,,,,Yes,,Yes,,,,,,,,,Rockcliffe-Smythe
319,Major Arterial,Scarborough,Intersection,Traffic Signal,Clear,Dark,Dry,Non-Fatal Injury,Angle,Passenger,25 to 29,,,,,,,,,,,,,Yes,,,,Yes,,Yes,Yes,,Dorset Park
319,Major Arterial,Scarborough,Intersection,Traffic Signal,Clear,Dark,Dry,Non-Fatal Injury,Angle,Passenger,25 to 29,,,,,,,,,,,,,Yes,,,,Yes,,Yes,Yes,,Dorset Park
319,Major Arterial,Scarborough,Intersection,Traffic Signal,Clear,Dark,Dry,Non-Fatal Injury,Angle,Passenger,35 to 39,,,,,,,,,,,,,Yes,,,,Yes,,Yes,Yes,,Dorset Park
319,Major Arterial,Scarborough,Intersection,Traffic Signal,Clear,Dark,Dry,Non-Fatal Injury,Angle,Driver,45 to 49,Minimal,North,Going Ahead,Driving Properly,,,,,,,,,Yes,,,,Yes,,Yes,Yes,,Dorset Park
319,Major Arterial,Scarborough,Intersection,Traffic Signal,Clear,Dark,Dry,Non-Fatal Injury,Angle,Vehicle Owner,unknown,,,,,,,,,,,,,Yes,,,,Yes,,Yes,Yes,,Dorset Park
319,Major Arterial,Scarborough,Intersection,Traffic Signal,Clear,Dark,Dry,Non-Fatal Injury,Angle,Passenger,50 to 54,Major,,,,,,,,,,,,Yes,,,,Yes,,Yes,Yes,,Dorset Park
319,Major Arterial,Scarborough,Intersection,Traffic Signal,Clear,Dark,Dry,Non-Fatal Injury,Angle,Driver,35 to 39,Major,East,Going Ahead,Disobeyed Traffic Control,,,,,,,,,Yes,,,,Yes,,Yes,Yes,,Dorset Park
1831,Major Arterial,North York,Intersection,Traffic Signal,Clear,Daylight,Dry,Non-Fatal Injury,Pedestrian Collisions,Driver,55 to 59,,West,Going Ahead,Driving Properly,,,,,,,Yes,,Yes,,,,,,Yes,,,Avondale
1831,Major Arterial,North York,Intersection,Traffic Signal,Clear,Daylight,Dry,Non-Fatal Injury,Pedestrian Collisions,Driver,60 to 64,,East,Turning Left,Failed to Yield Right of Way,,,,,,,Yes,,Yes,,,,,,Yes,,,Avondale
1831,Major Arterial,North York,Intersection,Traffic Signal,Clear,Daylight,Dry,Non-Fatal Injury,Pedestrian Collisions,Driver,40 to 44,,South,Stopped,Driving Properly,,,,,,,Yes,,Yes,,,,,,Yes,,,Avondale
1831,Major Arterial,North York,Intersection,Traffic Signal,Clear,Daylight,Dry,Non-Fatal Injury,Pedestrian Collisions,Pedestrian,45 to 49,Major,West,,,Vehicle turns left while ped crosses with ROW at inter.,Crossing with right of way,Normal,,,,Yes,,Yes,,,,,,Yes,,,Avondale
1032,Major Arterial,Toronto and East York,Intersection,Traffic Signal,Clear,Daylight,Dry,Fatal,Pedestrian Collisions,Vehicle Owner,unknown,,,,,,,,,,,Yes,,Yes,,,,,,Yes,,,Trinity-Bellwoods
1032,Major Arterial,Toronto and East York,Intersection,Traffic Signal,Clear,Daylight,Dry,Fatal,Pedestrian Collisions,Driver,65 to 69,,South,Turning Left,Failed to Yield Right of Way,,,,,,,Yes,,Yes,,,,,,Yes,,,Trinity-Bellwoods
1032,Major Arterial,Toronto and East York,Intersection,Traffic Signal,Clear,Daylight,Dry,Fatal,Pedestrian Collisions,Pedestrian,70 to 74,Fatal,North,,,Vehicle turns left while ped crosses with ROW at inter.,Crossing with right of way,Normal,,,,Yes,,Yes,,,,,,Yes,,,Trinity-Bellwoods
1400,Major Arterial,North York,Intersection,Traffic Signal,Clear,Daylight,Dry,Non-Fatal Injury,SMV Other,Driver,30 to 34,,South,Turning Left,Driving Properly,,,,,,,,,Yes,,,,Yes,,Yes,Yes,,Willowdale West
1400,Major Arterial,North York,Intersection,Traffic Signal,Clear,Daylight,Dry,Non-Fatal Injury,SMV Other,Passenger,20 to 24,Major,,,,,,,,,,,,Yes,,,,Yes,,Yes,Yes,,Willowdale West
1400,Major Arterial,North York,Intersection,Traffic Signal,Clear,Daylight,Dry,Non-Fatal Injury,SMV Other,Driver,15 to 19,,North,Going Ahead,Disobeyed Traffic Control,,,,,,,,,Yes,,,,Yes,,Yes,Yes,,Willowdale West
1520,Major Arterial,Scarborough,Intersection,Traffic Signal,Clear,Daylight,Dry,Non-Fatal Injury,SMV Other,Driver,40 to 44,Major,North,Going Ahead,Other,,,,,,,,,Yes,,,,,,,,,Agincourt South-Malvern West
1520,Major Arterial,Scarborough,Intersection,Traffic Signal,Clear,Daylight,Dry,Non-Fatal Injury,SMV Other,Other Property Owner,unknown,,,,,,,,,,,,,Yes,,,,,,,,,Agincourt South-Malvern West
1842,Minor Arterial,Toronto and East York,Mid-Block,No Control,Clear,Daylight,Dry,Non-Fatal Injury,Approaching,Passenger,35 to 39,Major,,,,,,,,,,,,Yes,,,,Yes,,,,,Greenwood-Coxwell
1842,Minor Arterial,Toronto and East York,Mid-Block,No Control,Clear,Daylight,Dry,Non-Fatal Injury,Approaching,Passenger,35 to 39,Minor,,,,,,,,,,,,Yes,,,,Yes,,,,,Greenwood-Coxwell
1842,Minor Arterial,Toronto and East York,Mid-Block,No Control,Clear,Daylight,Dry,Non-Fatal Injury,Approaching,Driver,40 to 44,Minor,South,Going Ahead,Driving Properly,,,,,,,,,Yes,,,,Yes,,,,,Greenwood-Coxwell
1842,Minor Arterial,Toronto and East York,Mid-Block,No Control,Clear,Daylight,Dry,Non-Fatal Injury,Approaching,Driver,30 to 34,Minimal,North,Going Ahead,Improper Lane Change,,,,,,,,,Yes,,,,Yes,,,,,Greenwood-Coxwell
36,Major Arterial,Etobicoke York,Intersection,Traffic Signal,Clear,Dark,Dry,Non-Fatal Injury,Rear End,Passenger,15 to 19,Major,,,,,,,,,,,,Yes,,,,Yes,,Yes,,,York University Heights
36,Major Arterial,Etobicoke York,Intersection,Traffic Signal,Clear,Dark,Dry,Non-Fatal Injury,Rear End,Driver,15 to 19,Minimal,South,Going Ahead,Following too Close,,,,,,,,,Yes,,,,Yes,,Yes,,,York University Heights
36,Major Arterial,Etobicoke York,Intersection,Traffic Signal,Clear,Dark,Dry,Non-Fatal Injury,Rear End,Passenger,15 to 19,Minimal,,,,,,,,,,,,Yes,,,,Yes,,Yes,,,York University Heights
36,Major Arterial,Etobicoke York,Intersection,Traffic Signal,Clear,Dark,Dry,Non-Fatal Injury,Rear End,Driver,50 to 54,Minimal,South,Stopped,Driving Properly,,,,,,,,,Yes,,,,Yes,,Yes,,,York University Heights
1150,Major Arterial,Toronto and East York,Intersection,Traffic Signal,Clear,Daylight,Dry,Non-Fatal Injury,Pedestrian Collisions,Driver,30 to 34,,West,Going Ahead,Driving Properly,,,,,,,Yes,,Yes,,,,,,,,,Yonge-Bay Corridor
1150,Major Arterial,Toronto and East York,Intersection,Traffic Signal,Clear,Daylight,Dry,Non-Fatal Injury,Pedestrian Collisions,In-Line Skater,30 to 34,Major,West,,,Vehicle is going straight thru inter.while ped cross without ROW,Crossing without right of way,Unknown,,,,Yes,,Yes,,,,,,,,,Yonge-Bay Corridor
1830,Major Arterial,North York,Intersection,Traffic Signal,Clear,Daylight,Dry,Non-Fatal Injury,Turning Movement,Passenger,65 to 69,Minor,,,,,,,,,,,,Yes,,,,Yes,,,,,St.Andrew-Windfields
6,Local,Etobicoke York,Intersection,No Control,Clear,Dark,Dry,Non-Fatal Injury,Pedestrian Collisions,Driver,20 to 24,,South,Going Ahead,Other,,,,,,,Yes,,Yes,,,,,,,,,Alderwood
6,Local,Etobicoke York,Intersection,No Control,Clear,Dark,Dry,Non-Fatal Injury,Pedestrian Collisions,Pedestrian,15 to 19,Minor,,,,Other / Undefined,Walking on Roadway Against Traffic,Had Been Drinking,,,,Yes,,Yes,,,,,,,,,Alderwood
6,Local,Etobicoke York,Intersection,No Control,Clear,Dark,Dry,Non-Fatal Injury,Pedestrian Collisions,Pedestrian,15 to 19,Minor,,,,Other / Undefined,Walking on Roadway Against Traffic,Had Been Drinking,,,,Yes,,Yes,,,,,,,,,Alderwood
6,Local,Etobicoke York,Intersection,No Control,Clear,Dark,Dry,Non-Fatal Injury,Pedestrian Collisions,Pedestrian,15 to 19,Major,,,,Other / Undefined,Walking on Roadway Against Traffic,Had Been Drinking,,,,Yes,,Yes,,,,,,,,,Alderwood
6,Local,Etobicoke York,Intersection,No Control,Clear,Dark,Dry,Non-Fatal Injury,Pedestrian Collisions,Pedestrian,15 to 19,Major,,,,Other / Undefined,Walking on Roadway Against Traffic,Had Been Drinking,,,,Yes,,Yes,,,,,,,,,Alderwood
330,Major Arterial,Toronto and East York,Mid-Block,No Control,Clear,Dark,Dry,Non-Fatal Injury,SMV Unattended Vehicle,Other,Over 95,,,Parked,,,,,,,,,,Yes,,,,Yes,,Yes,,,Wellington Place
330,Major Arterial,Toronto and East York,Mid-Block,No Control,Clear,Dark,Dry,Non-Fatal Injury,SMV Unattended Vehicle,Vehicle Owner,unknown,,,,,,,,,,,,,Yes,,,,Yes,,Yes,,,Wellington Place
330,Major Arterial,Toronto and East York,Mid-Block,No Control,Clear,Dark,Dry,Non-Fatal Injury,SMV Unattended Vehicle,Passenger,0 to 4,Major,,,,,,,,,,,,Yes,,,,Yes,,Yes,,,Wellington Place
330,Major Arterial,Toronto and East York,Mid-Block,No Control,Clear,Dark,Dry,Non-Fatal Injury,SMV Unattended Vehicle,Driver,35 to 39,Minimal,East,Changing Lanes,Other,,,,,,,,,Yes,,,,Yes,,Yes,,,Wellington Place
330,Major Arterial,Toronto and East York,Mid-Block,No Control,Clear,Dark,Dry,Non-Fatal Injury,SMV Unattended Vehicle,Other,Over 95,,,Parked,,,,,,,,,,Yes,,,,Yes,,Yes,,,Wellington Place
330,Major Arterial,Toronto and East York,Mid-Block,No Control,Clear,Dark,Dry,Non-Fatal Injury,SMV Unattended Vehicle,Other,Over 95,,,Parked,,,,,,,,,,Yes,,,,Yes,,Yes,,,Wellington Place
203,Major Arterial,Toronto and East York,Mid-Block,No Control,Clear,Dark,Dry,Non-Fatal Injury,Pedestrian Collisions,Driver,20 to 24,,North,Going Ahead,Other,,,,,,,Yes,,Yes,,,,,,,,,Rosedale-Moore Park
203,Major Arterial,Toronto and East York,Mid-Block,No Control,Clear,Dark,Dry,Non-Fatal Injury,Pedestrian Collisions,Pedestrian,25 to 29,Major,,,,Pedestrian hit at mid-block,"Crossing, no Traffic Control",Unknown,,,,Yes,,Yes,,,,,,,,,Rosedale-Moore Park
2150,Major Arterial,Toronto and East York,Mid-Block,No Control,Clear,Dark,Dry,Non-Fatal Injury,Rear End,Vehicle Owner,unknown,,,,,,,,,,,,,Yes,,,,,Yes,Yes,,,Taylor-Massey
2150,Major Arterial,Toronto and East York,Mid-Block,No Control,Clear,Dark,Dry,Non-Fatal Injury,Rear End,Driver,45 to 49,Major,West,Going Ahead,Driving Properly,,,,,,,,,Yes,,,,,Yes,Yes,,,Taylor-Massey
2150,Major Arterial,Toronto and East York,Mid-Block,No Control,Clear,Dark,Dry,Non-Fatal Injury,Rear End,Driver,unknown,,West,Going Ahead,Exceeding Speed Limit,,,,,,,,,Yes,,,,,Yes,Yes,,,Taylor-Massey
2110,Major Arterial,Etobicoke York,Intersection,No Control,Clear,Dark,Dry,Non-Fatal Injury,Pedestrian Collisions,Driver,unknown,,North,Turning Left,Failed to Yield Right of Way,,,,,,,Yes,,Yes,,,,,,Yes,,,West Humber-Clairville
2110,Major Arterial,Etobicoke York,Intersection,No Control,Clear,Dark,Dry,Non-Fatal Injury,Pedestrian Collisions,Pedestrian,70 to 74,Major,North,,,Vehicle turns left while ped crosses with ROW at inter.,Crossing with right of way,Normal,,,,Yes,,Yes,,,,,,Yes,,,West Humber-Clairville
1540,Major Arterial,Scarborough,Mid-Block,No Control,Clear,Daylight,Dry,Non-Fatal Injury,Rear End,Driver,85 to 89,,North,Slowing or Stopping,Driving Properly,,,,,,,,,Yes,,,,Yes,,,,,Ionview
1615,Minor Arterial,Toronto and East York,Intersection,Pedestrian Crossover,Clear,Daylight,Dry,Non-Fatal Injury,Pedestrian Collisions,Driver,30 to 34,,South,Going Ahead,Failed to Yield Right of Way,,,,,,,Yes,,,,,,,,Yes,,,South Parkdale
1615,Minor Arterial,Toronto and East York,Intersection,Pedestrian Crossover,Clear,Daylight,Dry,Non-Fatal Injury,Pedestrian Collisions,Pedestrian,40 to 44,Major,East,,,Pedestrian hit a PXO/ped. Mid-block signal,"Crossing, Pedestrian Crossover",Medical or Physical Disability,,,,Yes,,,,,,,,Yes,,,South Parkdale
2102,Major Arterial,Toronto and East York,Intersection,No Control,Clear,Dark,Dry,Non-Fatal Injury,Rear End,Driver,50 to 54,Minimal,South,Stopped,Driving Properly,,,,,,,,,Yes,,,,,,Yes,,,Dufferin Grove
2102,Major Arterial,Toronto and East York,Intersection,No Control,Clear,Dark,Dry,Non-Fatal Injury,Rear End,Driver,40 to 44,,South,Going Ahead,Following too Close,,,,,,,,,Yes,,,,,,Yes,,,Dufferin Grove
2102,Major Arterial,Toronto and East York,Intersection,No Control,Clear,Dark,Dry,Non-Fatal Injury,Rear End,Driver,35 to 39,Major,South,Stopped,Driving Properly,,,,,,,,,Yes,,,,,,Yes,,,Dufferin Grove
1352,Major Arterial,Etobicoke York,Intersection,Traffic Signal,Clear,Daylight,Dry,Non-Fatal Injury,Turning Movement,Driver,60 to 64,Major,East,Turning Left,Improper Turn,,,,,,,,,Yes,,,,Yes,,,,,Humbermede
1352,Major Arterial,Etobicoke York,Intersection,Traffic Signal,Clear,Daylight,Dry,Non-Fatal Injury,Turning Movement,Vehicle Owner,unknown,,,,,,,,,,,,,Yes,,,,Yes,,,,,Humbermede
1540,Major Arterial,Scarborough,Mid-Block,No Control,Clear,Daylight,Dry,Non-Fatal Injury,Rear End,Driver,65 to 69,,North,Slowing or Stopping,Lost control,,,,,,,,,Yes,,,,Yes,,,,,Ionview
1352,Major Arterial,Etobicoke York,Intersection,Traffic Signal,Clear,Daylight,Dry,Non-Fatal Injury,Turning Movement,Passenger,30 to 34,Minimal,,,,,,,,,,,,Yes,,,,Yes,,,,,Humbermede
1207,Major Arterial,Toronto and East York,Intersection,Traffic Signal,Clear,Daylight,Dry,Non-Fatal Injury,Approaching,Vehicle Owner,unknown,,,,,,,,,,,,,Yes,,,,,,,,,Forest Hill South
1855,Major Arterial,Etobicoke York,Mid-Block,No Control,Clear,Dark,Dry,Non-Fatal Injury,Cyclist Collisions,Driver,unknown,,South,Going Ahead,Improper Passing,,,,,,,,Yes,Yes,,,,,,Yes,,,NSA
1352,Major Arterial,Etobicoke York,Intersection,Traffic Signal,Clear,Daylight,Dry,Non-Fatal Injury,Turning Movement,Passenger,35 to 39,Minimal,,,,,,,,,,,,Yes,,,,Yes,,,,,Humbermede
1352,Major Arterial,Etobicoke York,Intersection,Traffic Signal,Clear,Daylight,Dry,Non-Fatal Injury,Turning Movement,Driver,25 to 29,,West,Going Ahead,Driving Properly,,,,,,,,,Yes,,,,Yes,,,,,Humbermede
1352,Major Arterial,Etobicoke York,Intersection,Traffic Signal,Clear,Daylight,Dry,Non-Fatal Injury,Turning Movement,Vehicle Owner,unknown,,,,,,,,,,,,,Yes,,,,Yes,,,,,Humbermede