TIME,ROAD_CLASS,DISTRICT,LOCCOORD,TRAFFCTL,VISIBILITY,LIGHT,RDSFCOND,ACCLASS,IMPACTYPE,INVTYPE,INVAGE,INJURY,INITDIR,MANOEUVER,DRIVACT,PEDTYPE,PEDACT,PEDCOND,CYCLISTYPE,CYCACT,CYCCOND,PEDESTRIAN,CYCLIST,AUTOMOBILE,MOTORCYCLE,TRUCK,TRSN_CITY_VEH,PASSENGER,SPEEDING,AG_DRIV,REDLIGHT,ALCOHOL,NEIGHBOURHOOD_158
1352,Major Arterial,Etobicoke York,Intersection,Traffic Signal,Clear,Daylight,Dry,Non-Fatal Injury,Turning Movement,Driver,15 to 19,,South,Stopped,Driving Properly,,,,,,,,,Yes,,,,Yes,,,,,Humbermede
2115,Major Arterial,Etobicoke York,Intersection,Traffic Signal,Clear,Dark,Dry,Non-Fatal Injury,Angle,Passenger,60 to 64,Major,,,,,,,,,,,,Yes,,,,Yes,Yes,Yes,Yes,,Rockcliffe-Smythe
2115,Major Arterial,Etobicoke York,Intersection,Traffic Signal,Clear,Dark,Dry,Non-Fatal Injury,Angle,Driver,75 to 79,Major,West,Going Ahead,Driving Properly,,,,,,,,,Yes,,,,Yes,Yes,Yes,Yes,,Rockcliffe-Smythe
2115,Major Arterial,Etobicoke York,Intersection,Traffic Signal,Clear,Dark,Dry,Non-Fatal Injury,Angle,Passenger,50 to 54,Major,,,,,,,,,,,,Yes,,,,Yes,Yes,Yes,Yes,,Rockcliffe-Smythe
2115,Major Arterial,Etobicoke York,Intersection,Traffic Signal,Clear,Dark,Dry,Non-Fatal Injury,Angle,Driver,25 to 29,Major,North,Going Ahead,Disobeyed Traffic Control,,,,,,,,,Yes,,,,Yes,Yes,Yes,Yes,,Rockcliffe-Smythe
1510,Major Arterial,Toronto and East York,Intersection,Traffic Signal,Clear,Daylight,Dry,Non-Fatal Injury,Pedestrian Collisions,Driver,65 to 69,,South,Turning Left,Improper Turn,,,,,,,Yes,,Yes,,,,,,,,,South Riverdale
1510,Major Arterial,Toronto and East York,Intersection,Traffic Signal,Clear,Daylight,Dry,Non-Fatal Injury,Pedestrian Collisions,Pedestrian,65 to 69,Major,West,,,Vehicle turns left while ped crosses with ROW at inter.,Crossing with right of way,Normal,,,,Yes,,Yes,,,,,,,,,South Riverdale
2300,Major Arterial,Toronto and East York,Intersection,No Control,Clear,Daylight,Dry,Non-Fatal Injury,Cyclist Collisions,Vehicle Owner,unknown,,,,,,,,,,,,Yes,Yes,,,,,,,,,Downtown Yonge East
1550,Major Arterial,Toronto and East York,Mid-Block,No Control,Clear,Daylight,Dry,Non-Fatal Injury,Turning Movement,Driver,35 to 39,Major,North,Making U Turn,Improper Lane Change,,,,,,,,,Yes,,Yes,,,,,,,Annex
4,Major Arterial,Scarborough,Intersection,Traffic Signal,Clear,Dark,Dry,Fatal,Turning Movement,Driver,30 to 34,,South,Turning Left,Improper Turn,,,,,,,,,Yes,Yes,,,,Yes,Yes,,,Tam O'Shanter-Sullivan
1827,Major Arterial,Scarborough,Mid-Block,No Control,Clear,Daylight,Dry,Non-Fatal Injury,Approaching,Passenger,15 to 19,Major,,,,,,,,,,,,Yes,,,,Yes,Yes,Yes,,,Bendale-Glen Andrew
2300,Major Arterial,Toronto and East York,Intersection,No Control,Clear,Daylight,Dry,Non-Fatal Injury,Cyclist Collisions,Driver,55 to 59,,East,Going Ahead,Driving Properly,,,,,,,,Yes,Yes,,,,,,,,,Downtown Yonge East
2300,Major Arterial,Toronto and East York,Intersection,No Control,Clear,Daylight,Dry,Non-Fatal Injury,Cyclist Collisions,Cyclist,55 to 59,Major,East,Changing Lanes,,,,,Cyclist and Driver travelling in same direction. One vehicle rear-ended the other.,Improper Lane Change,Inattentive,,Yes,Yes,,,,,,,,,Downtown Yonge East
1111,Major Arterial,North York,Mid-Block,No Control,"Fog, Mist, Smoke, Dust",Daylight,Wet,Non-Fatal Injury,Pedestrian Collisions,Vehicle Owner,unknown,,,,,,,,,,,Yes,,Yes,,,,,,,,,Lawrence Park South
1111,Major Arterial,North York,Mid-Block,No Control,"Fog, Mist, Smoke, Dust",Daylight,Wet,Non-Fatal Injury,Pedestrian Collisions,Driver,25 to 29,,East,Going Ahead,Driving Properly,,,,,,,Yes,,Yes,,,,,,,,,Lawrence Park South
1111,Major Arterial,North York,Mid-Block,No Control,"Fog, Mist, Smoke, Dust",Daylight,Wet,Non-Fatal Injury,Pedestrian Collisions,Pedestrian,80 to 84,Major,South,,,Pedestrian hit at mid-block,Crossing without right of way,Normal,,,,Yes,,Yes,,,,,,,,,Lawrence Park South
720,Major Arterial,North York,Intersection,No Control,Rain,Dark,Wet,Fatal,Pedestrian Collisions,Driver,55 to 59,,West,Going Ahead,Driving Properly,,,,,,,Yes,,Yes,,,,,,,,,Clanton Park
720,Major Arterial,North York,Intersection,No Control,Rain,Dark,Wet,Fatal,Pedestrian Collisions,Vehicle Owner,unknown,,,,,,,,,,,Yes,,Yes,,,,,,,,,Clanton Park
720,Major Arterial,North York,Intersection,No Control,Rain,Dark,Wet,Fatal,Pedestrian Collisions,Driver,45 to 49,,West,Going Ahead,Driving Properly,,,,,,,Yes,,Yes,,,,,,,,,Clanton Park
720,Major Arterial,North York,Intersection,No Control,Rain,Dark,Wet,Fatal,Pedestrian Collisions,Pedestrian,65 to 69,Fatal,South,,,Pedestrian hit at mid-block,"Crossing, no Traffic Control",Medical or Physical Disability,,,,Yes,,Yes,,,,,,,,,Clanton Park
1805,Major Arterial,Etobicoke York,Intersection,Traffic Signal,Rain,Dark,Wet,Non-Fatal Injury,Pedestrian Collisions,Driver,45 to 49,,East,Turning Right,Failed to Yield Right of Way,,,,,,,Yes,,Yes,,,,,,Yes,,,Willowridge-Martingrove-Richview
1805,Major Arterial,Etobicoke York,Intersection,Traffic Signal,Rain,Dark,Wet,Non-Fatal Injury,Pedestrian Collisions,Pedestrian,25 to 29,Major,East,,,Vehicle turns right while ped crosses with ROW at inter.,Crossing with right of way,Normal,,,,Yes,,Yes,,,,,,Yes,,,Willowridge-Martingrove-Richview
1851,Major Arterial,North York,Intersection,Traffic Signal,Rain,Dark,Wet,Non-Fatal Injury,Turning Movement,Vehicle Owner,unknown,,,,,,,,,,,,,Yes,,,,Yes,,,,,Bayview Village
1851,Major Arterial,North York,Intersection,Traffic Signal,Rain,Dark,Wet,Non-Fatal Injury,Turning Movement,Driver,40 to 44,,East,Going Ahead,Driving Properly,,,,,,,,,Yes,,,,Yes,,,,,Bayview Village
1851,Major Arterial,North York,Intersection,Traffic Signal,Rain,Dark,Wet,Non-Fatal Injury,Turning Movement,Passenger,80 to 84,Major,,,,,,,,,,,,Yes,,,,Yes,,,,,Bayview Village
1851,Major Arterial,North York,Intersection,Traffic Signal,Rain,Dark,Wet,Non-Fatal Injury,Turning Movement,Passenger,85 to 89,Major,,,,,,,,,,,,Yes,,,,Yes,,,,,Bayview Village
1851,Major Arterial,North York,Intersection,Traffic Signal,Rain,Dark,Wet,Non-Fatal Injury,Turning Movement,Driver,80 to 84,Minimal,West,Turning Left,Improper Turn,,,,,,,,,Yes,,,,Yes,,,,,Bayview Village
2120,Minor Arterial,Toronto and East York,Intersection,No Control,Clear,Dark,Wet,Non-Fatal Injury,Pedestrian Collisions,Vehicle Owner,unknown,,,,,,,,,,,Yes,,Yes,,,,,,Yes,,,Palmerston-Little Italy
2120,Minor Arterial,Toronto and East York,Intersection,No Control,Clear,Dark,Wet,Non-Fatal Injury,Pedestrian Collisions,Driver,40 to 44,,West,Turning Left,Failed to Yield Right of Way,,,,,,,Yes,,Yes,,,,,,Yes,,,Palmerston-Little Italy
2120,Minor Arterial,Toronto and East York,Intersection,No Control,Clear,Dark,Wet,Non-Fatal Injury,Pedestrian Collisions,Pedestrian,35 to 39,Major,West,,,Vehicle turns left while ped crosses with ROW at inter.,Crossing with right of way,Normal,,,,Yes,,Yes,,,,,,Yes,,,Palmerston-Little Italy
1300,Minor Arterial,Etobicoke York,Intersection,No Control,Clear,Daylight,Dry,Non-Fatal Injury,Pedestrian Collisions,Driver,80 to 84,,North,Going Ahead,Driving Properly,,,,,,,Yes,,Yes,,,,,,,,,Islington
1300,Minor Arterial,Etobicoke York,Intersection,No Control,Clear,Daylight,Dry,Non-Fatal Injury,Pedestrian Collisions,Pedestrian,70 to 74,Major,West,,,Vehicle is going straight thru inter.while ped cross without ROW,"Crossing, no Traffic Control",Unknown,,,,Yes,,Yes,,,,,,,,,Islington
2116,Major Arterial,Toronto and East York,Intersection,No Control,Clear,Dark,Dry,Non-Fatal Injury,Pedestrian Collisions,Driver,65 to 69,,West,Going Ahead,Driving Properly,,,,,,,Yes,,Yes,,,,,,,,,Wychwood
2116,Major Arterial,Toronto and East York,Intersection,No Control,Clear,Dark,Dry,Non-Fatal Injury,Pedestrian Collisions,Pedestrian,25 to 29,Major,South,,,Vehicle is going straight thru inter.while ped cross without ROW,"Crossing, no Traffic Control",Had Been Drinking,,,,Yes,,Yes,,,,,,,,,Wychwood
628,Major Arterial,North York,,No Control,Clear,Dark,Wet,Non-Fatal Injury,Pedestrian Collisions,Driver,unknown,,,Unknown,,,,,,,,Yes,,Yes,,,,,,,,,Yorkdale-Glen Park
628,Major Arterial,North York,,No Control,Clear,Dark,Wet,Non-Fatal Injury,Pedestrian Collisions,Pedestrian,unknown,Major,,Other,,Unknown,,,,,,Yes,,Yes,,,,,,,,,Yorkdale-Glen Park
1250,Major Arterial,Toronto and East York,Intersection,No Control,Clear,Daylight,Other,Non-Fatal Injury,Turning Movement,Driver,unknown,Minor,,Other,,,,,,,,,,Yes,,,,,,,,,O'Connor-Parkview
1250,Major Arterial,Toronto and East York,Intersection,No Control,Clear,Daylight,Other,Non-Fatal Injury,Turning Movement,Other,unknown,,,Other,,,,,,,,,,Yes,,,,,,,,,O'Connor-Parkview
1250,Major Arterial,Toronto and East York,Intersection,No Control,Clear,Daylight,Other,Non-Fatal Injury,Turning Movement,Driver,15 to 19,Major,,Going Ahead,,,,,,,,,,Yes,,,,,,,,,O'Connor-Parkview
1821,Major Arterial,North York,Mid-Block,No Control,Clear,Dark,Dry,Non-Fatal Injury,Pedestrian Collisions,Vehicle Owner,unknown,,,,,,,,,,,Yes,,Yes,,,,,,,,,Steeles
1821,Major Arterial,North York,Mid-Block,No Control,Clear,Dark,Dry,Non-Fatal Injury,Pedestrian Collisions,Driver,35 to 39,,South,Going Ahead,Driving Properly,,,,,,,Yes,,Yes,,,,,,,,,Steeles
1821,Major Arterial,North York,Mid-Block,No Control,Clear,Dark,Dry,Non-Fatal Injury,Pedestrian Collisions,Driver,unknown,,North,Going Ahead,Other,,,,,,,Yes,,Yes,,,,,,,,,Steeles
1821,Major Arterial,North York,Mid-Block,No Control,Clear,Dark,Dry,Non-Fatal Injury,Pedestrian Collisions,Pedestrian,40 to 44,Major,,,,Pedestrian hit at mid-block,Crossing without right of way,Normal,,,,Yes,,Yes,,,,,,,,,Steeles
1821,Major Arterial,North York,Mid-Block,No Control,Clear,Dark,Dry,Non-Fatal Injury,Pedestrian Collisions,Pedestrian,45 to 49,Major,,,,Pedestrian hit at mid-block,Crossing without right of way,Normal,,,,Yes,,Yes,,,,,,,,,Steeles
1300,Minor Arterial,Toronto and East York,Intersection,Stop Sign,Rain,Daylight,Wet,Non-Fatal Injury,Pedestrian Collisions,Driver,50 to 54,Minor,West,Going Ahead,Driving Properly,,,,,,,Yes,,Yes,,,,,,Yes,,,Danforth East York
1300,Minor Arterial,Toronto and East York,Intersection,Stop Sign,Rain,Daylight,Wet,Non-Fatal Injury,Pedestrian Collisions,Driver,65 to 69,,South,Going Ahead,Wrong Way on One Way Road,,,,,,,Yes,,Yes,,,,,,Yes,,,Danforth East York
1300,Minor Arterial,Toronto and East York,Intersection,Stop Sign,Rain,Daylight,Wet,Non-Fatal Injury,Pedestrian Collisions,Pedestrian,55 to 59,Major,,,,Pedestrian hit on sidewalk or shoulder,On Sidewalk or Shoulder,Unknown,,,,Yes,,Yes,,,,,,Yes,,,Danforth East York
1700,Major Arterial,Scarborough,Mid-Block,Pedestrian Crossover,Clear,Dark,Wet,Non-Fatal Injury,Pedestrian Collisions,Driver,20 to 24,,South,Going Ahead,Following too Close,,,,,,,Yes,,Yes,,,,,,Yes,,,Dorset Park
1700,Major Arterial,Scarborough,Mid-Block,Pedestrian Crossover,Clear,Dark,Wet,Non-Fatal Injury,Pedestrian Collisions,Pedestrian,55 to 59,Major,East,,,Pedestrian hit a PXO/ped. Mid-block signal,"Crossing, Pedestrian Crossover",Unknown,,,,Yes,,Yes,,,,,,Yes,,,Dorset Park
2248,Major Arterial,North York,Intersection,Traffic Signal,Drifting Snow,Dark,Wet,Non-Fatal Injury,Pedestrian Collisions,Driver,unknown,,South,Going Ahead,Disobeyed Traffic Control,,,,,,,Yes,,Yes,,,,,,Yes,Yes,,L'Amoreaux West
2248,Major Arterial,North York,Intersection,Traffic Signal,Drifting Snow,Dark,Wet,Non-Fatal Injury,Pedestrian Collisions,Pedestrian,55 to 59,Major,East,,,Vehicle is going straight thru inter.while ped cross with ROW,Crossing with right of way,Unknown,,,,Yes,,Yes,,,,,,Yes,Yes,,L'Amoreaux West
700,Major Arterial,North York,Intersection,Traffic Signal,Clear,Dawn,Other,Non-Fatal Injury,Pedestrian Collisions,Driver,25 to 29,,South,Going Ahead,Lost control,,,,,,,Yes,,Yes,,,,,,,,,Fenside-Parkwoods
700,Major Arterial,North York,Intersection,Traffic Signal,Clear,Dawn,Other,Non-Fatal Injury,Pedestrian Collisions,Pedestrian,45 to 49,Major,East,,,Vehicle is going straight thru inter.while ped cross without ROW,Other,Normal,,,,Yes,,Yes,,,,,,,,,Fenside-Parkwoods
1517,Collector,North York,Intersection,No Control,Clear,Daylight,Dry,Non-Fatal Injury,Pedestrian Collisions,Driver,90 to 94,,West,Turning Right,Failed to Yield Right of Way,,,,,,,Yes,,Yes,,,,,,Yes,,,Mount Pleasant East
1517,Collector,North York,Intersection,No Control,Clear,Daylight,Dry,Non-Fatal Injury,Pedestrian Collisions,Pedestrian,85 to 89,Major,East,,,Vehicle turns right while ped crosses with ROW at inter.,Crossing with right of way,Normal,,,,Yes,,Yes,,,,,,Yes,,,Mount Pleasant East
1545,Major Arterial,Scarborough,Mid-Block,No Control,Clear,Daylight,Dry,Fatal,Pedestrian Collisions,Driver,20 to 24,,South,Going Ahead,Driving Properly,,,,,,,Yes,,Yes,,,,,,,,,Agincourt North
1545,Major Arterial,Scarborough,Mid-Block,No Control,Clear,Daylight,Dry,Fatal,Pedestrian Collisions,Pedestrian,80 to 84,Fatal,East,,,Pedestrian hit at mid-block,"Crossing, no Traffic Control",Unknown,,,,Yes,,Yes,,,,,,,,,Agincourt North
1630,Minor Arterial,Toronto and East York,Intersection,Stop Sign,Clear,Daylight,Dry,Non-Fatal Injury,Rear End,Passenger,50 to 54,Major,,,,,,,,,,,,Yes,,,,Yes,,Yes,,,Rosedale-Moore Park
1630,Minor Arterial,Toronto and East York,Intersection,Stop Sign,Clear,Daylight,Dry,Non-Fatal Injury,Rear End,Passenger,0 to 4,Major,,,,,,,,,,,,Yes,,,,Yes,,Yes,,,Rosedale-Moore Park
1630,Minor Arterial,Toronto and East York,Intersection,Stop Sign,Clear,Daylight,Dry,Non-Fatal Injury,Rear End,Driver,30 to 34,Minimal,North,Stopped,Driving Properly,,,,,,,,,Yes,,,,Yes,,Yes,,,Rosedale-Moore Park
1630,Minor Arterial,Toronto and East York,Intersection,Stop Sign,Clear,Daylight,Dry,Non-Fatal Injury,Rear End,Driver,40 to 44,Major,North,Unknown,Following too Close,,,,,,,,,Yes,,,,Yes,,Yes,,,Rosedale-Moore Park
1800,Major Arterial,Toronto and East York,Mid-Block,No Control,Clear,Dark,Dry,Non-Fatal Injury,Cyclist Collisions,Driver,40 to 44,,,Stopped,Other,,,,,,,,Yes,Yes,,,,,Yes,Yes,,,Yonge-Bay Corridor
1800,Major Arterial,Toronto and East York,Mid-Block,No Control,Clear,Dark,Dry,Non-Fatal Injury,Cyclist Collisions,Cyclist,25 to 29,Major,West,Overtaking,,,,,Cyclist struck opened vehicle door,Driving Properly,Normal,,Yes,Yes,,,,,Yes,Yes,,,Yonge-Bay Corridor
2008,Major Arterial,North York,Intersection,Traffic Signal,Snow,Dark,Wet,Non-Fatal Injury,Pedestrian Collisions,Driver,20 to 24,,North,Turning Left,Failed to Yield Right of Way,,,,,,,Yes,,Yes,,,,,,Yes,,,Willowdale West
2008,Major Arterial,North York,Intersection,Traffic Signal,Snow,Dark,Wet,Non-Fatal Injury,Pedestrian Collisions,Pedestrian,40 to 44,Minor,South,,,Vehicle turns left while ped crosses with ROW at inter.,Crossing with right of way,Normal,,,,Yes,,Yes,,,,,,Yes,,,Willowdale West
2008,Major Arterial,North York,Intersection,Traffic Signal,Snow,Dark,Wet,Non-Fatal Injury,Pedestrian Collisions,Pedestrian,10 to 14,Major,South,,,Vehicle turns left while ped crosses with ROW at inter.,Crossing with right of way,Normal,,,,Yes,,Yes,,,,,,Yes,,,Willowdale West
1024,Major Arterial,Toronto and East York,Intersection,Traffic Signal,Clear,Daylight,Dry,Non-Fatal Injury,Sideswipe,Vehicle Owner,unknown,,,,,,,,,,,,,Yes,,Yes,,Yes,,,,,Wychwood
1024,Major Arterial,Toronto and East York,Intersection,Traffic Signal,Clear,Daylight,Dry,Non-Fatal Injury,Sideswipe,Truck Driver,30 to 34,,East,Going Ahead,Driving Properly,,,,,,,,,Yes,,Yes,,Yes,,,,,Wychwood
1024,Major Arterial,Toronto and East York,Intersection,Traffic Signal,Clear,Daylight,Dry,Non-Fatal Injury,Sideswipe,Passenger,20 to 24,Major,,,,,,,,,,,,Yes,,Yes,,Yes,,,,,Wychwood
1024,Major Arterial,Toronto and East York,Intersection,Traffic Signal,Clear,Daylight,Dry,Non-Fatal Injury,Sideswipe,Driver,20 to 24,Minor,East,Turning Left,Improper Turn,,,,,,,,,Yes,,Yes,,Yes,,,,,Wychwood
1719,Major Arterial,Etobicoke York,Intersection,No Control,Clear,Dark,Dry,Fatal,Pedestrian Collisions,Pedestrian,55 to 59,Fatal,East,,,Vehicle is going straight thru inter.while ped cross without ROW,"Crossing, no Traffic Control",Unknown,,,,Yes,,Yes,,,,Yes,,,,,Rockcliffe-Smythe
1719,Major Arterial,Etobicoke York,Intersection,No Control,Clear,Dark,Dry,Fatal,Pedestrian Collisions,Passenger,75 to 79,,,,,,,,,,,Yes,,Yes,,,,Yes,,,,,Rockcliffe-Smythe
1719,Major Arterial,Etobicoke York,Intersection,No Control,Clear,Dark,Dry,Fatal,Pedestrian Collisions,Driver,70 to 74,,South,Going Ahead,Driving Properly,,,,,,,Yes,,Yes,,,,Yes,,,,,Rockcliffe-Smythe
2250,Major Arterial,Toronto and East York,Mid-Block,No Control,Clear,Dark,Dry,Non-Fatal Injury,Approaching,Driver,40 to 44,,South,Going Ahead,Lost control,,,,,,,,,Yes,,,,Yes,,,,Yes,Annex
2250,Major Arterial,Toronto and East York,Mid-Block,No Control,Clear,Dark,Dry,Non-Fatal Injury,Approaching,Passenger,5 to 9,Major,,,,,,,,,,,,Yes,,,,Yes,,,,Yes,Annex
2250,Major Arterial,Toronto and East York,Mid-Block,No Control,Clear,Dark,Dry,Non-Fatal Injury,Approaching,Passenger,5 to 9,Minimal,,,,,,,,,,,,Yes,,,,Yes,,,,Yes,Annex
2250,Major Arterial,Toronto and East York,Mid-Block,No Control,Clear,Dark,Dry,Non-Fatal Injury,Approaching,Passenger,0 to 4,Minimal,,,,,,,,,,,,Yes,,,,Yes,,,,Yes,Annex
2250,Major Arterial,Toronto and East York,Mid-Block,No Control,Clear,Dark,Dry,Non-Fatal Injury,Approaching,Driver,35 to 39,Minimal,North,Going Ahead,Driving Properly,,,,,,,,,Yes,,,,Yes,,,,Yes,Annex
20,Major Arterial,North York,Mid-Block,No Control,Clear,Dark,Dry,Non-Fatal Injury,Pedestrian Collisions,Driver,30 to 34,,East,Going Ahead,Driving Properly,,,,,,,Yes,,Yes,,,,,,,,,Lawrence Park North
20,Major Arterial,North York,Mid-Block,No Control,Clear,Dark,Dry,Non-Fatal Injury,Pedestrian Collisions,Pedestrian,15 to 19,Major,North,,,Pedestrian hit at mid-block,"Crossing, no Traffic Control","Ability Impaired, Alcohol",,,,Yes,,Yes,,,,,,,,,Lawrence Park North
831,Major Arterial,Toronto and East York,Intersection,Traffic Signal,Clear,Daylight,Dry,Non-Fatal Injury,Angle,Driver,60 to 64,Major,West,Going Ahead,Other,,,,,,,,,Yes,,,,,,,,,Wellington Place
831,Major Arterial,Toronto and East York,Intersection,Traffic Signal,Clear,Daylight,Dry,Non-Fatal Injury,Angle,Other,Over 95,,,,,,,,,,,,,Yes,,,,,,,,,Wellington Place
831,Major Arterial,Toronto and East York,Intersection,Traffic Signal,Clear,Daylight,Dry,Non-Fatal Injury,Angle,Driver,25 to 29,Minor,North,Going Ahead,Other,,,,,,,,,Yes,,,,,,,,,Wellington Place
1405,Major Arterial,North York,Intersection,Stop Sign,Clear,Daylight,Dry,Non-Fatal Injury,Pedestrian Collisions,Pedestrian,60 to 64,Major,South,,,Vehicle turns left while ped crosses with ROW at inter.,Crossing with right of way,Unknown,,,,Yes,,Yes,,,,,,Yes,,,Lawrence Park North
1405,Major Arterial,North York,Intersection,Stop Sign,Clear,Daylight,Dry,Non-Fatal Injury,Pedestrian Collisions,Driver,60 to 64,,South,Turning Left,Failed to Yield Right of Way,,,,,,,Yes,,Yes,,,,,,Yes,,,Lawrence Park North
1200,Major Arterial,Toronto and East York,Mid-Block,No Control,Rain,Daylight,Wet,Non-Fatal Injury,Approaching,Motorcycle Driver,40 to 44,Major,North,Going Ahead,Lost control,,,,,,,,,Yes,Yes,,,,,,,,Downtown Yonge East
1200,Major Arterial,Toronto and East York,Mid-Block,No Control,Rain,Daylight,Wet,Non-Fatal Injury,Approaching,Driver,40 to 44,,South,Going Ahead,Driving Properly,,,,,,,,,Yes,Yes,,,,,,,,Downtown Yonge East
1813,Collector,Scarborough,Mid-Block,No Control,Clear,Dark,Dry,Non-Fatal Injury,SMV Other,Passenger,15 to 19,Major,,,,,,,,,,,,Yes,,,,Yes,Yes,Yes,,Yes,Wexford/Maryvale
1813,Collector,Scarborough,Mid-Block,No Control,Clear,Dark,Dry,Non-Fatal Injury,SMV Other,Driver,20 to 24,Minor,West,Going Ahead,Lost control,,,,,,,,,Yes,,,,Yes,Yes,Yes,,Yes,Wexford/Maryvale
1813,Collector,Scarborough,Mid-Block,No Control,Clear,Dark,Dry,Non-Fatal Injury,SMV Other,Vehicle Owner,unknown,,,Parked,,,,,,,,,,Yes,,,,Yes,Yes,Yes,,Yes,Wexford/Maryvale
1813,Collector,Scarborough,Mid-Block,No Control,Clear,Dark,Dry,Non-Fatal Injury,SMV Other,Vehicle Owner,unknown,,,Parked,,,,,,,,,,Yes,,,,Yes,Yes,Yes,,Yes,Wexford/Maryvale
605,Major Arterial,Scarborough,Intersection,Traffic Signal,Rain,Dark,Wet,Non-Fatal Injury,Angle,Driver,60 to 64,Major,South,Going Ahead,Driving Properly,,,,,,,,,Yes,,,,,,Yes,Yes,,East L'Amoreaux
637,Major Arterial,Scarborough,Intersection,Traffic Signal,Clear,Dawn,Dry,Non-Fatal Injury,Pedestrian Collisions,Driver,20 to 24,Minimal,South,Turning Left,Failed to Yield Right of Way,,,,,,,Yes,,Yes,,,,,,Yes,,,Woburn North
605,Major Arterial,Scarborough,Intersection,Traffic Signal,Rain,Dark,Wet,Non-Fatal Injury,Angle,Driver,55 to 59,Major,West,Going Ahead,Disobeyed Traffic Control,,,,,,,,,Yes,,,,,,Yes,Yes,,East L'Amoreaux
655,Minor Arterial,Toronto and East York,Intersection,Stop Sign,Clear,Dark,Slush,Non-Fatal Injury,Turning Movement,Driver,55 to 59,Major,South,Going Ahead,Driving Properly,,,,,,,,,Yes,,,,,,Yes,,,High Park-Swansea
605,Major Arterial,Scarborough,Intersection,Traffic Signal,Rain,Dark,Wet,Non-Fatal Injury,Angle,Driver,30 to 34,,East,Stopped,Driving Properly,,,,,,,,,Yes,,,,,,Yes,Yes,,East L'Amoreaux
1207,Major Arterial,Toronto and East York,Intersection,Traffic Signal,Clear,Daylight,Dry,Non-Fatal Injury,Approaching,Driver,45 to 49,Minor,South,Going Ahead,Driving Properly,,,,,,,,,Yes,,,,,,,,,Forest Hill South
1207,Major Arterial,Toronto and East York,Intersection,Traffic Signal,Clear,Daylight,Dry,Non-Fatal Injury,Approaching,Driver,75 to 79,Major,South,Going Ahead,Lost control,,,,,,,,,Yes,,,,,,,,,Forest Hill South
1827,Major Arterial,Scarborough,Mid-Block,No Control,Clear,Daylight,Dry,Non-Fatal Injury,Approaching,Passenger,15 to 19,Minor,,,,,,,,,,,,Yes,,,,Yes,Yes,Yes,,,Bendale-Glen Andrew
1855,Major Arterial,Etobicoke York,Mid-Block,No Control,Clear,Dark,Dry,Non-Fatal Injury,Cyclist Collisions,Cyclist,30 to 34,Major,South,Going Ahead,,,,,Cyclist and Driver travelling in same direction. One vehicle sideswipes the other.,Driving Properly,Normal,,Yes,Yes,,,,,,Yes,,,NSA
100,Major Arterial,Toronto and East York,Intersection,Traffic Controller,Clear,Dark,Dry,Non-Fatal Injury,Angle,Driver,15 to 19,Minimal,East,Going Ahead,Disobeyed Traffic Control,,,,,,,,,Yes,,,,,Yes,Yes,,,Moss Park
2045,Local,Toronto and East York,Mid-Block,No Control,Clear,Dark,Dry,Non-Fatal Injury,Cyclist Collisions,Driver,40 to 44,,West,Turning Left,Improper Turn,,,,,,,,Yes,Yes,,,,,,,,,University
637,Major Arterial,Scarborough,Intersection,Traffic Signal,Clear,Dawn,Dry,Non-Fatal Injury,Pedestrian Collisions,Vehicle Owner,unknown,,,,,,,,,,,Yes,,Yes,,,,,,Yes,,,Woburn North
1450,Major Arterial,Etobicoke York,Intersection,Traffic Signal,Clear,Daylight,Dry,Non-Fatal Injury,Angle,Driver,70 to 74,Major,East,Going Ahead,Driving Properly,,,,,,,,,Yes,,,,,,Yes,Yes,,Willowridge-Martingrove-Richview
655,Minor Arterial,Toronto and East York,Intersection,Stop Sign,Clear,Dark,Slush,Non-Fatal Injury,Turning Movement,Driver,60 to 64,,West,Turning Left,Failed to Yield Right of Way,,,,,,,,,Yes,,,,,,Yes,,,High Park-Swansea
1827,Major Arterial,Scarborough,Mid-Block,No Control,Clear,Daylight,Dry,Non-Fatal Injury,Approaching,Driver,45 to 49,Major,South,Going Ahead,Driving Properly,,,,,,,,,Yes,,,,Yes,Yes,Yes,,,Bendale-Glen Andrew
655,Minor Arterial,Toronto and East York,Intersection,Stop Sign,Clear,Dark,Slush,Non-Fatal Injury,Turning Movement,Driver,35 to 39,Minor,North,Going Ahead,Driving Properly,,,,,,,,,Yes,,,,,,Yes,,,High Park-Swansea
1210,Major Arterial,Toronto and East York,Mid-Block,Stop Sign,Clear,Daylight,Dry,Non-Fatal Injury,Angle,Vehicle Owner,unknown,,,,,,,,,,,,,Yes,,,,Yes,Yes,Yes,,Yes,Junction Area
1450,Major Arterial,Etobicoke York,Intersection,Traffic Signal,Clear,Daylight,Dry,Non-Fatal Injury,Angle,Vehicle Owner,unknown,,,,,,,,,,,,,Yes,,,,,,Yes,Yes,,Willowridge-Martingrove-Richview
100,Major Arterial,Toronto and East York,Intersection,Traffic Controller,Clear,Dark,Dry,Non-Fatal Injury,Angle,Driver,35 to 39,Major,North,Going Ahead,Driving Properly,,,,,,,,,Yes,,,,,Yes,Yes,,,Moss Park
2225,Major Arterial,Etobicoke York,Intersection,Traffic Controller,Clear,Dark,Dry,Non-Fatal Injury,Rear End,Vehicle Owner,unknown,,,,,,,,,,,,,Yes,,,,Yes,,Yes,,,Elms-Old Rexdale