TIME,ROAD_CLASS,DISTRICT,LOCCOORD,TRAFFCTL,VISIBILITY,LIGHT,RDSFCOND,ACCLASS,IMPACTYPE,INVTYPE,INVAGE,INJURY,INITDIR,MANOEUVER,DRIVACT,PEDTYPE,PEDACT,PEDCOND,CYCLISTYPE,CYCACT,CYCCOND,PEDESTRIAN,CYCLIST,AUTOMOBILE,MOTORCYCLE,TRUCK,TRSN_CITY_VEH,PASSENGER,SPEEDING,AG_DRIV,REDLIGHT,ALCOHOL,NEIGHBOURHOOD_158
950,Minor Arterial,Toronto and East York,Intersection,Traffic Signal,Clear,Daylight,Dry,Non-Fatal Injury,Cyclist Collisions,Cyclist,45 to 49,Major,South,Turning Left,,,,,Cyclist turned left across motorists path.,Driving Properly,Normal,,Yes,Yes,,,,,,Yes,,,Casa Loma
2034,Major Arterial,Scarborough,Intersection,Traffic Signal,Clear,Dark,Dry,Non-Fatal Injury,Turning Movement,Driver,unknown,,South,Turning Right,Other,,,,,,,,,Yes,,,,Yes,,Yes,,,Morningside
915,Major Arterial,Etobicoke York,Mid-Block,No Control,Clear,Daylight,Dry,Non-Fatal Injury,SMV Other,Vehicle Owner,unknown,,,,,,,,,,,,,,,Yes,,,,,,,Junction Area
1600,Major Arterial,North York,Intersection,Traffic Signal,Clear,Daylight,Dry,Non-Fatal Injury,Pedestrian Collisions,Pedestrian,15 to 19,Major,North,,,Vehicle turns right while ped crosses with ROW at inter.,Crossing with right of way,Normal,,,,Yes,,Yes,,,,,,Yes,,,East Willowdale
1645,Local,North York,Mid-Block,No Control,Clear,Daylight,Dry,Non-Fatal Injury,Pedestrian Collisions,Driver,55 to 59,,West,Going Ahead,Driving Properly,,,,,,,Yes,,Yes,,,,,,,,,Newtonbrook East
425,Major Arterial,Scarborough,Intersection,Traffic Signal,Clear,Dark,Wet,Non-Fatal Injury,Rear End,Driver,45 to 49,,East,Going Ahead,Disobeyed Traffic Control,,,,,,,,,Yes,,,,Yes,,Yes,Yes,,Wexford/Maryvale
915,Major Arterial,Etobicoke York,Mid-Block,No Control,Clear,Daylight,Dry,Non-Fatal Injury,SMV Other,Truck Driver,30 to 34,Major,East,Going Ahead,Driving Properly,,,,,,,,,,,Yes,,,,,,,Junction Area
1715,Collector,Etobicoke York,Mid-Block,No Control,Freezing Rain,Dark,Slush,Non-Fatal Injury,Approaching,Driver,45 to 49,,West,Going Ahead,Driving Properly,,,,,,,,,Yes,,,,,,Yes,,,West Humber-Clairville
1957,Major Arterial,North York,Intersection,Traffic Signal,Clear,Dark,Dry,Non-Fatal Injury,Pedestrian Collisions,Driver,35 to 39,,West,Going Ahead,Driving Properly,,,,,,,Yes,,Yes,,,,,,,,,Oakwood Village
830,Major Arterial,Etobicoke York,Intersection,Traffic Signal,Clear,Daylight,Dry,Non-Fatal Injury,Angle,Passenger,45 to 49,Minimal,,,,,,,,,,,,Yes,,,,Yes,,Yes,Yes,,Elms-Old Rexdale
638,Major Arterial,Etobicoke York,Intersection,Traffic Signal,Clear,Dawn,Dry,Non-Fatal Injury,Turning Movement,Driver,55 to 59,Major,West,Turning Left,Driving Properly,,,,,,,,,Yes,,,,,,Yes,Yes,,Brookhaven-Amesbury
645,Minor Arterial,Scarborough,Mid-Block,No Control,Clear,Daylight,Dry,Non-Fatal Injury,Rear End,Vehicle Owner,unknown,,,,,,,,,,,,,Yes,,,,Yes,,,,Yes,Bendale-Glen Andrew
1645,Local,North York,Mid-Block,No Control,Clear,Daylight,Dry,Non-Fatal Injury,Pedestrian Collisions,Pedestrian,15 to 19,Major,,,,Pedestrian hit at mid-block,Running onto Roadway,Normal,,,,Yes,,Yes,,,,,,,,,Newtonbrook East
915,Major Arterial,Etobicoke York,Mid-Block,No Control,Clear,Daylight,Dry,Non-Fatal Injury,SMV Other,Other Property Owner,unknown,,,,,,,,,,,,,,,Yes,,,,,,,Junction Area
645,Minor Arterial,Scarborough,Mid-Block,No Control,Clear,Daylight,Dry,Non-Fatal Injury,Rear End,Driver,25 to 29,Major,East,Going Ahead,Lost control,,,,,,,,,Yes,,,,Yes,,,,Yes,Bendale-Glen Andrew
1715,Collector,Etobicoke York,Mid-Block,No Control,Freezing Rain,Dark,Slush,Non-Fatal Injury,Approaching,Vehicle Owner,unknown,,,,,,,,,,,,,Yes,,,,,,Yes,,,West Humber-Clairville
638,Major Arterial,Etobicoke York,Intersection,Traffic Signal,Clear,Dawn,Dry,Non-Fatal Injury,Turning Movement,Driver,20 to 24,Minor,East,Going Ahead,Disobeyed Traffic Control,,,,,,,,,Yes,,,,,,Yes,Yes,,Brookhaven-Amesbury
1957,Major Arterial,North York,Intersection,Traffic Signal,Clear,Dark,Dry,Non-Fatal Injury,Pedestrian Collisions,Pedestrian,35 to 39,Major,North,,,Vehicle is going straight thru inter.while ped cross without ROW,Crossing without right of way,Normal,,,,Yes,,Yes,,,,,,,,,Oakwood Village
425,Major Arterial,Scarborough,Intersection,Traffic Signal,Clear,Dark,Wet,Non-Fatal Injury,Rear End,Passenger,40 to 44,Major,,,,,,,,,,,,Yes,,,,Yes,,Yes,Yes,,Wexford/Maryvale
830,Major Arterial,Etobicoke York,Intersection,Traffic Signal,Clear,Daylight,Dry,Non-Fatal Injury,Angle,Driver,65 to 69,,West,Going Ahead,Driving Properly,,,,,,,,,Yes,,,,Yes,,Yes,Yes,,Elms-Old Rexdale
830,,Etobicoke York,Mid-Block,,Other,Daylight,Other,Non-Fatal Injury,Other,Vehicle Owner,unknown,,West,Unknown,,,,,,,,,,Yes,,,,,,,,,Mimico-Queensway
1830,Minor Arterial,Toronto and East York,Intersection,Traffic Signal,Clear,"Dusk, artificial",Dry,Non-Fatal Injury,Cyclist Collisions,Driver,75 to 79,,West,Going Ahead,Driving Properly,,,,,,,,Yes,Yes,,,,,,,,,Oakwood Village
915,Major Arterial,Etobicoke York,Mid-Block,No Control,Clear,Daylight,Dry,Non-Fatal Injury,SMV Other,Other Property Owner,unknown,,,,,,,,,,,,,,,Yes,,,,,,,Junction Area
1830,Minor Arterial,Toronto and East York,Intersection,Traffic Signal,Clear,"Dusk, artificial",Dry,Non-Fatal Injury,Cyclist Collisions,Cyclist,40 to 44,Major,South,Going Ahead,,,,,"Cyclist without ROW rides into path of motorist at inter, lnwy, dwy-Cyclist not turn.",Disobeyed Traffic Control,Normal,,Yes,Yes,,,,,,,,,Oakwood Village
2034,Major Arterial,Etobicoke York,Mid-Block,No Control,Rain,Dark,Wet,Fatal,Approaching,Driver,45 to 49,Fatal,East,Going Ahead,Driving Properly,,,,,,,,,Yes,,,,,,,,Yes,Mount Olive-Silverstone-Jamestown
830,Major Arterial,Etobicoke York,Intersection,Traffic Signal,Clear,Daylight,Dry,Non-Fatal Injury,Angle,Driver,70 to 74,Major,East,Going Ahead,Driving Properly,,,,,,,,,Yes,,,,Yes,,Yes,Yes,,Elms-Old Rexdale
830,,Etobicoke York,Mid-Block,,Other,Daylight,Other,Non-Fatal Injury,Other,Driver,25 to 29,,West,Unknown,,,,,,,,,,Yes,,,,,,,,,Mimico-Queensway
948,Major Arterial,Toronto and East York,Intersection,Traffic Signal,Clear,Daylight,Dry,Non-Fatal Injury,Pedestrian Collisions,Driver,45 to 49,,South,Turning Left,Driving Properly,,,,,,,Yes,,Yes,,,,,,,,,Downtown Yonge East
1103,Major Arterial,Toronto and East York,Mid-Block,No Control,Clear,Daylight,Dry,Non-Fatal Injury,Pedestrian Collisions,Driver,60 to 64,,East,Going Ahead,Driving Properly,,,,,,,Yes,,Yes,,,,,,,,,Junction-Wallace Emerson
425,Major Arterial,Scarborough,Intersection,Traffic Signal,Clear,Dark,Wet,Non-Fatal Injury,Rear End,Driver,30 to 34,Minor,North,Going Ahead,Driving Properly,,,,,,,,,Yes,,,,Yes,,Yes,Yes,,Wexford/Maryvale
850,Major Arterial,Etobicoke York,Intersection,No Control,Clear,Daylight,Dry,Non-Fatal Injury,Rear End,Driver,50 to 54,Major,West,Stopped,Driving Properly,,,,,,,,,Yes,,,,,,Yes,,,Rockcliffe-Smythe
1513,Collector,Etobicoke York,Mid-Block,No Control,Clear,Daylight,Slush,Non-Fatal Injury,Approaching,Vehicle Owner,unknown,,,,,,,,,,,,,Yes,,,,Yes,,,,,West Humber-Clairville
948,Major Arterial,Toronto and East York,Intersection,Traffic Signal,Clear,Daylight,Dry,Non-Fatal Injury,Pedestrian Collisions,Pedestrian,30 to 34,Major,North,,,Vehicle turns left while ped crosses without ROW at inter.,Crossing without right of way,Normal,,,,Yes,,Yes,,,,,,,,,Downtown Yonge East
1103,Major Arterial,Toronto and East York,Mid-Block,No Control,Clear,Daylight,Dry,Non-Fatal Injury,Pedestrian Collisions,Pedestrian,75 to 79,Major,South,,,Pedestrian hit at mid-block,Running onto Roadway,Unknown,,,,Yes,,Yes,,,,,,,,,Junction-Wallace Emerson
850,Major Arterial,Etobicoke York,Intersection,No Control,Clear,Daylight,Dry,Non-Fatal Injury,Rear End,Driver,20 to 24,,West,Going Ahead,Following too Close,,,,,,,,,Yes,,,,,,Yes,,,Rockcliffe-Smythe
1809,Major Arterial,North York,Intersection,No Control,Rain,Dark,Wet,Fatal,Pedestrian Collisions,Vehicle Owner,unknown,,,,,,,,,,,Yes,,Yes,,,,,,,,,Victoria Village
830,Major Arterial,Etobicoke York,Intersection,Traffic Signal,Clear,Daylight,Dry,Non-Fatal Injury,Angle,Passenger,15 to 19,Major,,,,,,,,,,,,Yes,,,,Yes,,Yes,Yes,,Elms-Old Rexdale
2034,Major Arterial,Etobicoke York,Mid-Block,No Control,Rain,Dark,Wet,Fatal,Approaching,Driver,45 to 49,Minor,West,Going Ahead,Lost control,,,,,,,,,Yes,,,,,,,,Yes,Mount Olive-Silverstone-Jamestown
830,,Etobicoke York,Mid-Block,,Other,Daylight,Other,Non-Fatal Injury,Other,Driver,40 to 44,Major,West,Unknown,,,,,,,,,,Yes,,,,,,,,,Mimico-Queensway
1724,Major Arterial,Toronto and East York,Intersection,Traffic Signal,Clear,Dusk,Dry,Fatal,Pedestrian Collisions,Vehicle Owner,unknown,,,,,,,,,,,Yes,,Yes,,,,,,Yes,,,Old East York
315,Major Arterial,Etobicoke York,Mid-Block,No Control,Clear,Dark,Dry,Non-Fatal Injury,SMV Other,Driver,45 to 49,Major,West,Going Ahead,Lost control,,,,,,,,,Yes,,,,,,,,,West Humber-Clairville
700,Minor Arterial,Scarborough,Mid-Block,No Control,Snow,Dark,Packed Snow,Fatal,Pedestrian Collisions,Driver,25 to 29,,East,Going Ahead,Speed too Fast For Condition,,,,,,,Yes,,Yes,,,,,Yes,Yes,,,Steeles
2300,Minor Arterial,Scarborough,Intersection,Stop Sign,Clear,Dark,Dry,Non-Fatal Injury,Turning Movement,Passenger,30 to 34,Minor,,,,,,,,,,,,Yes,,,,Yes,,Yes,,,Clairlea-Birchmount
700,Minor Arterial,Scarborough,Mid-Block,No Control,Snow,Dark,Packed Snow,Fatal,Pedestrian Collisions,Pedestrian,30 to 34,Fatal,North,,,Pedestrian hit at mid-block,Walking on Roadway with Traffic,Inattentive,,,,Yes,,Yes,,,,,Yes,Yes,,,Steeles
1809,Major Arterial,North York,Intersection,No Control,Rain,Dark,Wet,Fatal,Pedestrian Collisions,Driver,30 to 34,,East,Going Ahead,Driving Properly,,,,,,,Yes,,Yes,,,,,,,,,Victoria Village
1513,Collector,Etobicoke York,Mid-Block,No Control,Clear,Daylight,Slush,Non-Fatal Injury,Approaching,Passenger,40 to 44,Major,,,,,,,,,,,,Yes,,,,Yes,,,,,West Humber-Clairville
1539,Minor Arterial,Toronto and East York,Intersection,No Control,Clear,Daylight,Dry,Non-Fatal Injury,Rear End,Driver,55 to 59,,East,Stopped,,,,,,,,,,Yes,,,,Yes,,,,,Greenwood-Coxwell
1724,Major Arterial,Toronto and East York,Intersection,Traffic Signal,Clear,Dusk,Dry,Fatal,Pedestrian Collisions,Driver,50 to 54,,East,Turning Left,Failed to Yield Right of Way,,,,,,,Yes,,Yes,,,,,,Yes,,,Old East York
1002,Minor Arterial,Toronto and East York,Intersection,Traffic Signal,Clear,Daylight,Dry,Non-Fatal Injury,Cyclist Collisions,Driver,25 to 29,,South,Going Ahead,Driving Properly,,,,,,,,Yes,Yes,,,,,,,,,Regent Park
830,,Etobicoke York,Mid-Block,,Other,Daylight,Other,Non-Fatal Injury,Other,Vehicle Owner,unknown,,West,Unknown,,,,,,,,,,Yes,,,,,,,,,Mimico-Queensway
1513,Collector,Etobicoke York,Mid-Block,No Control,Clear,Daylight,Slush,Non-Fatal Injury,Approaching,Driver,40 to 44,,North,Slowing or Stopping,Driving Properly,,,,,,,,,Yes,,,,Yes,,,,,West Humber-Clairville
2300,Minor Arterial,Scarborough,Intersection,Stop Sign,Clear,Dark,Dry,Non-Fatal Injury,Turning Movement,Driver,40 to 44,Minimal,South,Going Ahead,Driving Properly,,,,,,,,,Yes,,,,Yes,,Yes,,,Clairlea-Birchmount
1539,Minor Arterial,Toronto and East York,Intersection,No Control,Clear,Daylight,Dry,Non-Fatal Injury,Rear End,Passenger,unknown,Minor,,Other,,,,,,,,,,Yes,,,,Yes,,,,,Greenwood-Coxwell
1305,Major Arterial,Etobicoke York,Intersection,Traffic Signal,Snow,Daylight,Loose Snow,Non-Fatal Injury,Angle,Driver,25 to 29,,East,Going Ahead,Speed too Fast For Condition,,,,,,,,,Yes,,Yes,,,Yes,Yes,,,Etobicoke City Centre
1809,Major Arterial,North York,Intersection,No Control,Rain,Dark,Wet,Fatal,Pedestrian Collisions,Pedestrian,65 to 69,Fatal,North,,,Pedestrian hit at mid-block,"Crossing, no Traffic Control",Inattentive,,,,Yes,,Yes,,,,,,,,,Victoria Village
830,Major Arterial,Etobicoke York,Intersection,Traffic Signal,Clear,Daylight,Dry,Non-Fatal Injury,Angle,Driver,45 to 49,Minor,North,Going Ahead,Disobeyed Traffic Control,,,,,,,,,Yes,,,,Yes,,Yes,Yes,,Elms-Old Rexdale
1002,Minor Arterial,Toronto and East York,Intersection,Traffic Signal,Clear,Daylight,Dry,Non-Fatal Injury,Cyclist Collisions,Cyclist,35 to 39,Major,East,Turning Left,,,,,Cyclist turned left across motorists path.,Improper Turn,Normal,,Yes,Yes,,,,,,,,,Regent Park
830,Major Arterial,Etobicoke York,Intersection,Traffic Signal,Clear,Daylight,Dry,Non-Fatal Injury,Angle,Other Property Owner,unknown,,,,,,,,,,,,,Yes,,,,Yes,,Yes,Yes,,Elms-Old Rexdale
1724,Major Arterial,Toronto and East York,Intersection,Traffic Signal,Clear,Dusk,Dry,Fatal,Pedestrian Collisions,Pedestrian,70 to 74,Fatal,West,,,Pedestrian involved in a collision with transit vehicle anywhere along roadway,Crossing with right of way,Normal,,,,Yes,,Yes,,,,,,Yes,,,Old East York
1513,Collector,Etobicoke York,Mid-Block,No Control,Clear,Daylight,Slush,Non-Fatal Injury,Approaching,Vehicle Owner,unknown,,,,,,,,,,,,,Yes,,,,Yes,,,,,West Humber-Clairville
30,Major Arterial,North York,Mid-Block,No Control,Clear,Dark,Dry,Non-Fatal Injury,Approaching,Driver,40 to 44,,South,Going Ahead,Lost control,,,,,,,,,Yes,,,,Yes,,,,,Lawrence Park North
1539,Minor Arterial,Toronto and East York,Intersection,No Control,Clear,Daylight,Dry,Non-Fatal Injury,Rear End,Vehicle Owner,unknown,,,Other,,,,,,,,,,Yes,,,,Yes,,,,,Greenwood-Coxwell
1305,Major Arterial,Etobicoke York,Intersection,Traffic Signal,Snow,Daylight,Loose Snow,Non-Fatal Injury,Angle,Vehicle Owner,unknown,,,,,,,,,,,,,Yes,,Yes,,,Yes,Yes,,,Etobicoke City Centre
2300,Minor Arterial,Scarborough,Intersection,Stop Sign,Clear,Dark,Dry,Non-Fatal Injury,Turning Movement,Passenger,15 to 19,Minimal,,,,,,,,,,,,Yes,,,,Yes,,Yes,,,Clairlea-Birchmount
830,,Etobicoke York,Mid-Block,,Other,Daylight,Other,Non-Fatal Injury,Other,Driver,40 to 44,,West,Unknown,,,,,,,,,,Yes,,,,,,,,,Mimico-Queensway
1513,Collector,Etobicoke York,Mid-Block,No Control,Clear,Daylight,Slush,Non-Fatal Injury,Approaching,Driver,45 to 49,,South,Going Ahead,Lost control,,,,,,,,,Yes,,,,Yes,,,,,West Humber-Clairville
1354,Minor Arterial,Toronto and East York,Intersection,Stop Sign,Clear,Daylight,Dry,Non-Fatal Injury,Pedestrian Collisions,Driver,45 to 49,,West,Turning Left,Failed to Yield Right of Way,,,,,,,Yes,,Yes,,,,,,Yes,,,Junction-Wallace Emerson
1912,Major Arterial,North York,Intersection,Traffic Signal,Clear,Dark,Dry,Non-Fatal Injury,Pedestrian Collisions,Driver,60 to 64,,North,Going Ahead,Disobeyed Traffic Control,,,,,,,Yes,,Yes,,,,,,Yes,Yes,,Yonge-Doris
1539,Minor Arterial,Toronto and East York,Intersection,No Control,Clear,Daylight,Dry,Non-Fatal Injury,Rear End,Driver,25 to 29,Major,East,Going Ahead,,,,,,,,,,Yes,,,,Yes,,,,,Greenwood-Coxwell
2300,Minor Arterial,Scarborough,Intersection,Stop Sign,Clear,Dark,Dry,Non-Fatal Injury,Turning Movement,Passenger,15 to 19,Minimal,,,,,,,,,,,,Yes,,,,Yes,,Yes,,,Clairlea-Birchmount
1315,Minor Arterial,Toronto and East York,Mid-Block,No Control,Clear,Daylight,Dry,Non-Fatal Injury,Pedestrian Collisions,Truck Driver,35 to 39,,North,Going Ahead,Driving Properly,,,,,,,Yes,,Yes,,Yes,,,,,,,High Park North
1053,Major Arterial,North York,Intersection,Traffic Signal,Clear,Daylight,Dry,Non-Fatal Injury,Pedestrian Collisions,Driver,50 to 54,,West,Going Ahead,Driving Properly,,,,,,,Yes,,Yes,,,,,,,,,NSA
1735,Major Arterial,Etobicoke York,Intersection,Traffic Signal,Clear,Dark,Dry,Non-Fatal Injury,Turning Movement,Vehicle Owner,unknown,,,,,,,,,,,,,Yes,,Yes,,,,,,,Kingsview Village-The Westway
30,Major Arterial,North York,Mid-Block,No Control,Clear,Dark,Dry,Non-Fatal Injury,Approaching,Driver,30 to 34,,North,Going Ahead,Driving Properly,,,,,,,,,Yes,,,,Yes,,,,,Lawrence Park North
1354,Minor Arterial,Toronto and East York,Intersection,Stop Sign,Clear,Daylight,Dry,Non-Fatal Injury,Pedestrian Collisions,Pedestrian,60 to 64,Major,East,,,Vehicle turns left while ped crosses with ROW at inter.,Crossing with right of way,Normal,,,,Yes,,Yes,,,,,,Yes,,,Junction-Wallace Emerson
1305,Major Arterial,Etobicoke York,Intersection,Traffic Signal,Snow,Daylight,Loose Snow,Non-Fatal Injury,Angle,Truck Driver,35 to 39,Major,South,Going Ahead,Driving Properly,,,,,,,,,Yes,,Yes,,,Yes,Yes,,,Etobicoke City Centre
1912,Major Arterial,North York,Intersection,Traffic Signal,Clear,Dark,Dry,Non-Fatal Injury,Pedestrian Collisions,Pedestrian,25 to 29,Major,,,,Pedestrian hit on sidewalk or shoulder,On Sidewalk or Shoulder,Normal,,,,Yes,,Yes,,,,,,Yes,Yes,,Yonge-Doris
1315,Minor Arterial,Toronto and East York,Mid-Block,No Control,Clear,Daylight,Dry,Non-Fatal Injury,Pedestrian Collisions,Other Property Owner,unknown,,,,,,,,,,,Yes,,Yes,,Yes,,,,,,,High Park North
30,Major Arterial,North York,Mid-Block,No Control,Clear,Dark,Dry,Non-Fatal Injury,Approaching,Passenger,35 to 39,Minor,,,,,,,,,,,,Yes,,,,Yes,,,,,Lawrence Park North
1735,Major Arterial,Etobicoke York,Intersection,Traffic Signal,Clear,Dark,Dry,Non-Fatal Injury,Turning Movement,Truck Driver,40 to 44,Minimal,East,Turning Left,Improper Turn,,,,,,,,,Yes,,Yes,,,,,,,Kingsview Village-The Westway
2300,Minor Arterial,Scarborough,Intersection,Stop Sign,Clear,Dark,Dry,Non-Fatal Injury,Turning Movement,Passenger,15 to 19,Minimal,,,,,,,,,,,,Yes,,,,Yes,,Yes,,,Clairlea-Birchmount
1539,Minor Arterial,Toronto and East York,Intersection,No Control,Clear,Daylight,Dry,Non-Fatal Injury,Rear End,Driver,45 to 49,Minor,East,Stopped,,,,,,,,,,Yes,,,,Yes,,,,,Greenwood-Coxwell
1735,Major Arterial,Etobicoke York,Intersection,Traffic Signal,Clear,Dark,Dry,Non-Fatal Injury,Turning Movement,Driver,25 to 29,Major,West,Going Ahead,Driving Properly,,,,,,,,,Yes,,Yes,,,,,,,Kingsview Village-The Westway
743,Major Arterial,Scarborough,Intersection,Stop Sign,Clear,Daylight,Dry,Non-Fatal Injury,Cyclist Collisions,Driver,50 to 54,,West,Turning Right,Failed to Yield Right of Way,,,,,,,,Yes,Yes,,,,,,Yes,,,Bendale South
1305,Major Arterial,Etobicoke York,Intersection,Traffic Signal,Snow,Daylight,Loose Snow,Non-Fatal Injury,Angle,Other,unknown,,,,,,,,,,,,,Yes,,Yes,,,Yes,Yes,,,Etobicoke City Centre
30,Major Arterial,North York,Mid-Block,No Control,Clear,Dark,Dry,Non-Fatal Injury,Approaching,Passenger,10 to 14,Minor,,,,,,,,,,,,Yes,,,,Yes,,,,,Lawrence Park North
1053,Major Arterial,North York,Intersection,Traffic Signal,Clear,Daylight,Dry,Non-Fatal Injury,Pedestrian Collisions,Driver,40 to 44,,West,Changing Lanes,Improper Lane Change,,,,,,,Yes,,Yes,,,,,,,,,NSA
1235,Local,Etobicoke York,,No Control,Clear,Daylight,Dry,Non-Fatal Injury,Other,Driver,40 to 44,Major,East,Unknown,,,,,,,,,,Yes,,,,,,,,,Oakdale-Beverley Heights
2300,Minor Arterial,Scarborough,Intersection,Stop Sign,Clear,Dark,Dry,Non-Fatal Injury,Turning Movement,Passenger,15 to 19,Major,,,,,,,,,,,,Yes,,,,Yes,,Yes,,,Clairlea-Birchmount
1042,Major Arterial,North York,Mid-Block,No Control,Clear,Daylight,Dry,Non-Fatal Injury,Rear End,Vehicle Owner,unknown,,,,,,,,,,,,,Yes,,,,Yes,,Yes,,,Wexford/Maryvale
1053,Major Arterial,North York,Intersection,Traffic Signal,Clear,Daylight,Dry,Non-Fatal Injury,Pedestrian Collisions,Pedestrian,60 to 64,Major,,,,Pedestrian hit on sidewalk or shoulder,On Sidewalk or Shoulder,Normal,,,,Yes,,Yes,,,,,,,,,NSA
743,Major Arterial,Scarborough,Intersection,Stop Sign,Clear,Daylight,Dry,Non-Fatal Injury,Cyclist Collisions,Cyclist,10 to 14,Major,South,Going Ahead,,,,,"Motorist turns right at non-signal Inter.(stop, yield, no cont.,and dwy) and strikes cyclist.",Driving Properly,Normal,,Yes,Yes,,,,,,Yes,,,Bendale South
1315,Minor Arterial,Toronto and East York,Mid-Block,No Control,Clear,Daylight,Dry,Non-Fatal Injury,Pedestrian Collisions,Pedestrian,60 to 64,Major,North,,,Vehicle is reversing and hits pedestrian,On Sidewalk or Shoulder,Normal,,,,Yes,,Yes,,Yes,,,,,,,High Park North
1556,Major Arterial,Scarborough,Intersection,No Control,Clear,Daylight,Dry,Non-Fatal Injury,Cyclist Collisions,Driver,45 to 49,,South,Turning Right,Failed to Yield Right of Way,,,,,,,,Yes,Yes,,,,,,Yes,,,Scarborough Village
1154,Major Arterial,Scarborough,Mid-Block,No Control,Clear,Daylight,Dry,Non-Fatal Injury,Turning Movement,Driver,45 to 49,,North,Going Ahead,Driving Properly,,,,,,,,,Yes,,,,,,Yes,,,Steeles
1256,Major Arterial,Etobicoke York,Intersection,Traffic Signal,Clear,Daylight,Dry,Non-Fatal Injury,Angle,Driver,60 to 64,Major,South,Going Ahead,Driving Properly,,,,,,,,,Yes,,,,,,Yes,Yes,,West Humber-Clairville
1042,Major Arterial,North York,Mid-Block,No Control,Clear,Daylight,Dry,Non-Fatal Injury,Rear End,Driver,30 to 34,,South,Going Ahead,Following too Close,,,,,,,,,Yes,,,,Yes,,Yes,,,Wexford/Maryvale
2300,Minor Arterial,Scarborough,Intersection,Stop Sign,Clear,Dark,Dry,Non-Fatal Injury,Turning Movement,Passenger,15 to 19,Minor,,,,,,,,,,,,Yes,,,,Yes,,Yes,,,Clairlea-Birchmount
30,Major Arterial,North York,Mid-Block,No Control,Clear,Dark,Dry,Non-Fatal Injury,Approaching,Passenger,15 to 19,Minor,,,,,,,,,,,,Yes,,,,Yes,,,,,Lawrence Park North
1445,Major Arterial,Etobicoke York,Mid-Block,No Control,Clear,Daylight,Other,Non-Fatal Injury,Rear End,Passenger,40 to 44,Major,,Other,,,,,,,,,,Yes,,,,Yes,,Yes,,,Princess-Rosethorn
1751,Minor Arterial,Toronto and East York,Mid-Block,No Control,Clear,Dark,Wet,Non-Fatal Injury,Pedestrian Collisions,Driver,60 to 64,,South,Going Ahead,Driving Properly,,,,,,,Yes,,Yes,,,,,,,,,Weston-Pelham Park
2300,Minor Arterial,Scarborough,Intersection,Stop Sign,Clear,Dark,Dry,Non-Fatal Injury,Turning Movement,Driver,15 to 19,Minimal,East,Turning Left,Improper Turn,,,,,,,,,Yes,,,,Yes,,Yes,,,Clairlea-Birchmount
30,Major Arterial,North York,Mid-Block,No Control,Clear,Dark,Dry,Non-Fatal Injury,Approaching,Driver,40 to 44,Major,North,Going Ahead,Driving Properly,,,,,,,,,Yes,,,,Yes,,,,,Lawrence Park North
1556,Major Arterial,Scarborough,Intersection,No Control,Clear,Daylight,Dry,Non-Fatal Injury,Cyclist Collisions,Cyclist,40 to 44,Major,West,Going Ahead,,,,,"Motorist turns right at non-signal Inter.(stop, yield, no cont.,and dwy) and strikes cyclist.",Driving Properly,Normal,,Yes,Yes,,,,,,Yes,,,Scarborough Village
1256,Major Arterial,Etobicoke York,Intersection,Traffic Signal,Clear,Daylight,Dry,Non-Fatal Injury,Angle,Driver,45 to 49,Minor,West,Going Ahead,Disobeyed Traffic Control,,,,,,,,,Yes,,,,,,Yes,Yes,,West Humber-Clairville
1154,Major Arterial,Scarborough,Mid-Block,No Control,Clear,Daylight,Dry,Non-Fatal Injury,Turning Movement,Vehicle Owner,unknown,,,,,,,,,,,,,Yes,,,,,,Yes,,,Steeles
1154,Major Arterial,Scarborough,Mid-Block,No Control,Clear,Daylight,Dry,Non-Fatal Injury,Turning Movement,Driver,35 to 39,Major,West,Turning Left,Failed to Yield Right of Way,,,,,,,,,Yes,,,,,,Yes,,,Steeles
1751,Minor Arterial,Toronto and East York,Mid-Block,No Control,Clear,Dark,Wet,Non-Fatal Injury,Pedestrian Collisions,Pedestrian,35 to 39,Major,East,,,Pedestrian hit at mid-block,"Crossing, no Traffic Control",Had Been Drinking,,,,Yes,,Yes,,,,,,,,,Weston-Pelham Park
1800,Minor Arterial,Scarborough,Intersection,No Control,Clear,Dark,Dry,Non-Fatal Injury,Sideswipe,Driver,75 to 79,,North,Changing Lanes,Improper Lane Change,,,,,,,,Yes,Yes,,,,,,,,,Wexford/Maryvale
1050,Major Arterial,North York,Intersection,Traffic Signal,Clear,Daylight,Dry,Non-Fatal Injury,Pedestrian Collisions,Driver,75 to 79,,North,Going Ahead,Driving Properly,Vehicle is going straight thru inter.while ped cross without ROW,,,,,,Yes,,Yes,,,,,,,,,Don Valley Village
1315,Minor Arterial,Toronto and East York,Mid-Block,No Control,Clear,Daylight,Dry,Non-Fatal Injury,Pedestrian Collisions,Driver,80 to 84,,East,Reversing,Lost control,,,,,,,Yes,,Yes,,Yes,,,,,,,High Park North
305,Major Arterial,Toronto and East York,Mid-Block,Pedestrian Crossover,Clear,Dark,Wet,Non-Fatal Injury,Sideswipe,Passenger,35 to 39,,,,,,,,,,,,,Yes,,,,Yes,,,,Yes,University
1406,Major Arterial,Toronto and East York,Mid-Block,No Control,Rain,Daylight,Wet,Non-Fatal Injury,Pedestrian Collisions,Pedestrian,unknown,Minimal,,,,Pedestrian involved in a collision with transit vehicle anywhere along roadway,Other,Had Been Drinking,,,,Yes,,,,,Yes,,,,,,Kensington-Chinatown
820,Local,Etobicoke York,Mid-Block,No Control,Clear,Daylight,Dry,Non-Fatal Injury,SMV Other,Driver,90 to 94,Major,West,Unknown,Driving Properly,,,,,,,,,Yes,,,,,,,,,Kingsview Village-The Westway