TIME,ROAD_CLASS,DISTRICT,LOCCOORD,TRAFFCTL,VISIBILITY,LIGHT,RDSFCOND,ACCLASS,IMPACTYPE,INVTYPE,INVAGE,INJURY,INITDIR,MANOEUVER,DRIVACT,PEDTYPE,PEDACT,PEDCOND,CYCLISTYPE,CYCACT,CYCCOND,PEDESTRIAN,CYCLIST,AUTOMOBILE,MOTORCYCLE,TRUCK,TRSN_CITY_VEH,PASSENGER,SPEEDING,AG_DRIV,REDLIGHT,ALCOHOL,NEIGHBOURHOOD_158
1042,Major Arterial,North York,Mid-Block,No Control,Clear,Daylight,Dry,Non-Fatal Injury,Rear End,Driver,55 to 59,Minimal,South,Stopped,Driving Properly,,,,,,,,,Yes,,,,Yes,,Yes,,,Wexford/Maryvale
1800,Minor Arterial,Scarborough,Intersection,No Control,Clear,Dark,Dry,Non-Fatal Injury,Sideswipe,Moped Driver,55 to 59,Major,North,Going Ahead,Driving Properly,,,,,,,,Yes,Yes,,,,,,,,,Wexford/Maryvale
1559,Major Arterial,Toronto and East York,Mid-Block,No Control,Snow,Daylight,Packed Snow,Non-Fatal Injury,Pedestrian Collisions,Vehicle Owner,unknown,,,,,,,,,,,Yes,,,,,Yes,,,,,,South Eglinton-Davisville
1050,Major Arterial,North York,Intersection,Traffic Signal,Clear,Daylight,Dry,Non-Fatal Injury,Pedestrian Collisions,Pedestrian,20 to 24,Major,West,,,Vehicle is going straight thru inter.while ped cross without ROW,Crossing without right of way,Inattentive,,,,Yes,,Yes,,,,,,,,,Don Valley Village
1445,Major Arterial,Etobicoke York,Mid-Block,No Control,Clear,Daylight,Other,Non-Fatal Injury,Rear End,Driver,40 to 44,Minimal,West,Slowing or Stopping,Driving Properly,,,,,,,,,Yes,,,,Yes,,Yes,,,Princess-Rosethorn
305,Major Arterial,Toronto and East York,Mid-Block,Pedestrian Crossover,Clear,Dark,Wet,Non-Fatal Injury,Sideswipe,Vehicle Owner,unknown,,,,,,,,,,,,,Yes,,,,Yes,,,,Yes,University
1406,Major Arterial,Toronto and East York,Mid-Block,No Control,Rain,Daylight,Wet,Non-Fatal Injury,Pedestrian Collisions,Pedestrian,45 to 49,Major,,,,Pedestrian involved in a collision with transit vehicle anywhere along roadway,Other,Had Been Drinking,,,,Yes,,,,,Yes,,,,,,Kensington-Chinatown
1450,Major Arterial,North York,Intersection,Traffic Signal,Clear,Daylight,Dry,Non-Fatal Injury,Rear End,Driver,60 to 64,Minimal,North,Turning Left,Driving Properly,,,,,,,,,Yes,,,,,,,,,Bedford Park-Nortown
850,Major Arterial,Scarborough,Intersection,Traffic Signal,Clear,Daylight,Dry,Fatal,Angle,Vehicle Owner,unknown,,,,,,,,,,,,,Yes,,,,,,Yes,Yes,,Woburn North
1408,Major Arterial,North York,Intersection,Traffic Signal,Clear,Daylight,Dry,Non-Fatal Injury,Pedestrian Collisions,Vehicle Owner,unknown,,,,,,,,,,,Yes,,Yes,,,,,,,,,Westminster-Branson
305,Major Arterial,Toronto and East York,Mid-Block,Pedestrian Crossover,Clear,Dark,Wet,Non-Fatal Injury,Sideswipe,Driver,45 to 49,,North,Going Ahead,Driving Properly,,,,,,,,,Yes,,,,Yes,,,,Yes,University
1406,Major Arterial,Toronto and East York,Mid-Block,No Control,Rain,Daylight,Wet,Non-Fatal Injury,Pedestrian Collisions,Vehicle Owner,unknown,,,,,,,,,,,Yes,,,,,Yes,,,,,,Kensington-Chinatown
1445,Major Arterial,Etobicoke York,Mid-Block,No Control,Clear,Daylight,Other,Non-Fatal Injury,Rear End,Driver,20 to 24,,West,Going Ahead,Following too Close,,,,,,,,,Yes,,,,Yes,,Yes,,,Princess-Rosethorn
850,Major Arterial,Scarborough,Intersection,Traffic Signal,Clear,Daylight,Dry,Fatal,Angle,Driver,25 to 29,Minor,North,Going Ahead,Disobeyed Traffic Control,,,,,,,,,Yes,,,,,,Yes,Yes,,Woburn North
1559,Major Arterial,Toronto and East York,Mid-Block,No Control,Snow,Daylight,Packed Snow,Non-Fatal Injury,Pedestrian Collisions,Driver,40 to 44,,West,Going Ahead,Driving Properly,,,,,,,Yes,,,,,Yes,,,,,,South Eglinton-Davisville
1042,Major Arterial,North York,Mid-Block,No Control,Clear,Daylight,Dry,Non-Fatal Injury,Rear End,Passenger,50 to 54,Minor,,,,,,,,,,,,Yes,,,,Yes,,Yes,,,Wexford/Maryvale
1805,Major Arterial,Scarborough,Intersection,Traffic Signal,Clear,Dark,Dry,Fatal,Turning Movement,Driver,75 to 79,Fatal,South,Turning Left,Failed to Yield Right of Way,,,,,,,,,Yes,,,,,,Yes,,,Steeles
1408,Major Arterial,North York,Intersection,Traffic Signal,Clear,Daylight,Dry,Non-Fatal Injury,Pedestrian Collisions,Driver,55 to 59,,East,Going Ahead,Driving Properly,,,,,,,Yes,,Yes,,,,,,,,,Westminster-Branson
1559,Major Arterial,Toronto and East York,Mid-Block,No Control,Snow,Daylight,Packed Snow,Non-Fatal Injury,Pedestrian Collisions,Pedestrian,55 to 59,Major,South,,,Pedestrian involved in a collision with transit vehicle anywhere along roadway,Running onto Roadway,Normal,,,,Yes,,,,,Yes,,,,,,South Eglinton-Davisville
1450,Major Arterial,North York,Intersection,Traffic Signal,Clear,Daylight,Dry,Non-Fatal Injury,Rear End,Driver,50 to 54,Major,North,Turning Left,Other,,,,,,,,,Yes,,,,,,,,,Bedford Park-Nortown
1042,Major Arterial,North York,Mid-Block,No Control,Clear,Daylight,Dry,Non-Fatal Injury,Rear End,Driver,55 to 59,Major,South,Stopped,Driving Properly,,,,,,,,,Yes,,,,Yes,,Yes,,,Wexford/Maryvale
1805,Major Arterial,Scarborough,Intersection,Traffic Signal,Clear,Dark,Dry,Fatal,Turning Movement,Vehicle Owner,unknown,,,,,,,,,,,,,Yes,,,,,,Yes,,,Steeles
705,Major Arterial,North York,Intersection,Traffic Signal,Clear,Daylight,Dry,Non-Fatal Injury,Angle,Vehicle Owner,unknown,,,,,,,,,,,,,Yes,,Yes,,,,Yes,Yes,,St.Andrew-Windfields
1408,Major Arterial,North York,Intersection,Traffic Signal,Clear,Daylight,Dry,Non-Fatal Injury,Pedestrian Collisions,Pedestrian,50 to 54,Major,South,,,Vehicle is going straight thru inter.while ped cross without ROW,Crossing without right of way,Unknown,,,,Yes,,Yes,,,,,,,,,Westminster-Branson
850,Major Arterial,Scarborough,Intersection,Traffic Signal,Clear,Daylight,Dry,Fatal,Angle,Driver,40 to 44,Fatal,West,Going Ahead,Driving Properly,,,,,,,,,Yes,,,,,,Yes,Yes,,Woburn North
305,Major Arterial,Toronto and East York,Mid-Block,Pedestrian Crossover,Clear,Dark,Wet,Non-Fatal Injury,Sideswipe,Passenger,20 to 24,Major,,,,,,,,,,,,Yes,,,,Yes,,,,Yes,University
1406,Major Arterial,Toronto and East York,Mid-Block,No Control,Rain,Daylight,Wet,Non-Fatal Injury,Pedestrian Collisions,Driver,30 to 34,,North,Slowing or Stopping,Driving Properly,,,,,,,Yes,,,,,Yes,,,,,,Kensington-Chinatown
1350,Collector,North York,Mid-Block,No Control,Clear,Daylight,Dry,Non-Fatal Injury,Approaching,Driver,55 to 59,Minor,East,Going Ahead,Lost control,,,,,,,,,Yes,,,,,,,,,Englemount-Lawrence
1531,Major Arterial,Etobicoke York,Intersection,Traffic Signal,Clear,Daylight,Dry,Non-Fatal Injury,Pedestrian Collisions,Driver,20 to 24,,West,Turning Right,Improper Turn,,,,,,,Yes,,Yes,,,,,,,,,Rockcliffe-Smythe
1305,Major Arterial,North York,Mid-Block,No Control,Clear,Daylight,Dry,Non-Fatal Injury,Pedestrian Collisions,Driver,45 to 49,,East,Going Ahead,Driving Properly,,,,,,,Yes,,Yes,,,,,,,,,Don Valley Village
517,Major Arterial,Etobicoke York,Intersection,Traffic Controller,Clear,Daylight,Dry,Non-Fatal Injury,Angle,Driver,30 to 34,Major,East,Going Ahead,Disobeyed Traffic Control,,,,,,,,,Yes,,,,,,Yes,,,Mount Olive-Silverstone-Jamestown
2255,Major Arterial,Etobicoke York,Intersection,Traffic Signal,Rain,Dark,Wet,Non-Fatal Injury,Pedestrian Collisions,Driver,unknown,,,Unknown,,,,,,,,Yes,,Yes,,,,,,,,,York University Heights
1500,Local,Etobicoke York,Mid-Block,No Control,Clear,Daylight,Dry,Non-Fatal Injury,Pedestrian Collisions,Vehicle Owner,unknown,,,,,,,,,,,Yes,,Yes,,,,,,,,,Willowridge-Martingrove-Richview
305,Major Arterial,Toronto and East York,Mid-Block,Pedestrian Crossover,Clear,Dark,Wet,Non-Fatal Injury,Sideswipe,Driver,25 to 29,Minimal,North,Overtaking,Lost control,,,,,,,,,Yes,,,,Yes,,,,Yes,University
1500,Local,Etobicoke York,Mid-Block,No Control,Clear,Daylight,Dry,Non-Fatal Injury,Pedestrian Collisions,Driver,35 to 39,,East,Reversing,Driving Properly,,,,,,,Yes,,Yes,,,,,,,,,Willowridge-Martingrove-Richview
517,Major Arterial,Etobicoke York,Intersection,Traffic Controller,Clear,Daylight,Dry,Non-Fatal Injury,Angle,Driver,45 to 49,Major,North,Going Ahead,Driving Properly,,,,,,,,,Yes,,,,,,Yes,,,Mount Olive-Silverstone-Jamestown
1350,Collector,North York,Mid-Block,No Control,Clear,Daylight,Dry,Non-Fatal Injury,Approaching,Driver,40 to 44,Major,West,Going Ahead,Driving Properly,,,,,,,,,Yes,,,,,,,,,Englemount-Lawrence
1531,Major Arterial,Etobicoke York,Intersection,Traffic Signal,Clear,Daylight,Dry,Non-Fatal Injury,Pedestrian Collisions,Vehicle Owner,unknown,,,,,,,,,,,Yes,,Yes,,,,,,,,,Rockcliffe-Smythe
1805,Major Arterial,Scarborough,Intersection,Traffic Signal,Clear,Dark,Dry,Fatal,Turning Movement,Driver,25 to 29,,North,Going Ahead,Driving Properly,,,,,,,,,Yes,,,,,,Yes,,,Steeles
2255,Major Arterial,Etobicoke York,Intersection,Traffic Signal,Rain,Dark,Wet,Non-Fatal Injury,Pedestrian Collisions,Pedestrian,unknown,Major,,Other,,Unknown,,,,,,Yes,,Yes,,,,,,,,,York University Heights
1305,Major Arterial,North York,Mid-Block,No Control,Clear,Daylight,Dry,Non-Fatal Injury,Pedestrian Collisions,Pedestrian,65 to 69,Major,North,,,Pedestrian hit at mid-block,"Crossing, no Traffic Control",Unknown,,,,Yes,,Yes,,,,,,,,,Don Valley Village
705,Major Arterial,North York,Intersection,Traffic Signal,Clear,Daylight,Dry,Non-Fatal Injury,Angle,Truck Driver,25 to 29,,West,Going Ahead,Disobeyed Traffic Control,,,,,,,,,Yes,,Yes,,,,Yes,Yes,,St.Andrew-Windfields
1210,Major Arterial,Etobicoke York,Mid-Block,No Control,Clear,Daylight,Dry,Non-Fatal Injury,Pedestrian Collisions,Truck Driver,35 to 39,,East,Going Ahead,Driving Properly,,,,,,,Yes,,,,Yes,,,,,,,Humber Bay Shores
1928,Major Arterial,Etobicoke York,Mid-Block,No Control,Clear,Dark,Dry,Non-Fatal Injury,Approaching,Vehicle Owner,unknown,,,,,,,,,,,,,Yes,,Yes,,,,,,,Black Creek
1805,Major Arterial,Scarborough,Intersection,Traffic Signal,Clear,Dark,Dry,Fatal,Turning Movement,Driver,65 to 69,,West,Stopped,Driving Properly,,,,,,,,,Yes,,,,,,Yes,,,Steeles
1500,Local,Etobicoke York,Mid-Block,No Control,Clear,Daylight,Dry,Non-Fatal Injury,Pedestrian Collisions,Pedestrian,85 to 89,Major,Unknown,,,Vehicle is reversing and hits pedestrian,Playing or Working on Highway,Normal,,,,Yes,,Yes,,,,,,,,,Willowridge-Martingrove-Richview
1350,Collector,North York,Mid-Block,No Control,Clear,Daylight,Dry,Non-Fatal Injury,Approaching,Other Property Owner,unknown,,,,,,,,,,,,,Yes,,,,,,,,,Englemount-Lawrence
1817,Major Arterial,North York,Intersection,Traffic Signal,Clear,Daylight,Dry,Non-Fatal Injury,Turning Movement,Motorcycle Driver,30 to 34,Major,West,Going Ahead,Driving Properly,,,,,,,,,Yes,Yes,,,,,,,,Yorkdale-Glen Park
1457,Collector,Toronto and East York,Intersection,Stop Sign,Clear,Daylight,Wet,Non-Fatal Injury,Cyclist Collisions,Driver,20 to 24,,South,Going Ahead,Speed too Slow,,,,,,,,Yes,Yes,,,,,,,,,Wellington Place
1928,Major Arterial,Etobicoke York,Mid-Block,No Control,Clear,Dark,Dry,Non-Fatal Injury,Approaching,Truck Driver,35 to 39,,East,Stopped,Driving Properly,,,,,,,,,Yes,,Yes,,,,,,,Black Creek
705,Major Arterial,North York,Intersection,Traffic Signal,Clear,Daylight,Dry,Non-Fatal Injury,Angle,Driver,50 to 54,Major,South,Going Ahead,Driving Properly,,,,,,,,,Yes,,Yes,,,,Yes,Yes,,St.Andrew-Windfields
1531,Major Arterial,Etobicoke York,Intersection,Traffic Signal,Clear,Daylight,Dry,Non-Fatal Injury,Pedestrian Collisions,Pedestrian,45 to 49,Major,West,,,Vehicle turns right while ped crosses with ROW at inter.,Crossing with right of way,Normal,,,,Yes,,Yes,,,,,,,,,Rockcliffe-Smythe
1210,Major Arterial,Etobicoke York,Mid-Block,No Control,Clear,Daylight,Dry,Non-Fatal Injury,Pedestrian Collisions,Pedestrian,60 to 64,Major,North,,,Pedestrian hit at mid-block,"Crossing, no Traffic Control",Unknown,,,,Yes,,,,Yes,,,,,,,Humber Bay Shores
1040,Major Arterial,Etobicoke York,Intersection,Traffic Signal,Clear,Daylight,Dry,Non-Fatal Injury,Angle,Driver,65 to 69,,South,Going Ahead,Disobeyed Traffic Control,,,,,,,,,Yes,,,,Yes,,Yes,Yes,,West Humber-Clairville
1933,Major Arterial,Scarborough,Mid-Block,No Control,Clear,Dark,Dry,Non-Fatal Injury,Pedestrian Collisions,Driver,30 to 34,,West,Going Ahead,Driving Properly,,,,,,,Yes,,Yes,,,,,,,,,Milliken
1928,Major Arterial,Etobicoke York,Mid-Block,No Control,Clear,Dark,Dry,Non-Fatal Injury,Approaching,Vehicle Owner,unknown,,,,,,,,,,,,,Yes,,Yes,,,,,,,Black Creek
1916,Major Arterial,North York,Intersection,Traffic Signal,Rain,Dark,Wet,Non-Fatal Injury,Pedestrian Collisions,Vehicle Owner,unknown,,,,,,,,,,,Yes,,Yes,,,,,,,,,Englemount-Lawrence
1500,Major Arterial,Etobicoke York,Intersection,Traffic Signal,Clear,Daylight,Dry,Non-Fatal Injury,Rear End,Vehicle Owner,unknown,,,,,,,,,,,,,Yes,,Yes,,,,Yes,,Yes,Humber Heights-Westmount
2008,Major Arterial,Toronto and East York,Intersection,Traffic Signal,Clear,Dark,Dry,Non-Fatal Injury,Turning Movement,Passenger,35 to 39,Minor,,Other,,,,,,,,,,Yes,,,,Yes,,Yes,Yes,,Fort York-Liberty Village
1040,Major Arterial,Etobicoke York,Intersection,Traffic Signal,Clear,Daylight,Dry,Non-Fatal Injury,Angle,Passenger,10 to 14,Minimal,,,,,,,,,,,,Yes,,,,Yes,,Yes,Yes,,West Humber-Clairville
1928,Major Arterial,Etobicoke York,Mid-Block,No Control,Clear,Dark,Dry,Non-Fatal Injury,Approaching,Driver,40 to 44,Major,West,Going Ahead,Lost control,,,,,,,,,Yes,,Yes,,,,,,,Black Creek
852,Collector,North York,Mid-Block,No Control,Clear,Daylight,Dry,Non-Fatal Injury,SMV Other,Passenger,30 to 34,Major,,,,,,,,,,,,Yes,,,,Yes,Yes,Yes,,,Mount Pleasant East
1457,Collector,Toronto and East York,Intersection,Stop Sign,Clear,Daylight,Wet,Non-Fatal Injury,Cyclist Collisions,Cyclist,20 to 24,Major,West,Going Ahead,,,,,"Cyclist without ROW rides into path of motorist at inter, lnwy, dwy-Cyclist not turn.",Disobeyed Traffic Control,Inattentive,,Yes,Yes,,,,,,,,,Wellington Place
1817,Major Arterial,North York,Intersection,Traffic Signal,Clear,Daylight,Dry,Non-Fatal Injury,Turning Movement,Driver,50 to 54,,East,Turning Left,Improper Turn,,,,,,,,,Yes,Yes,,,,,,,,Yorkdale-Glen Park
1500,Major Arterial,Etobicoke York,Intersection,Traffic Signal,Clear,Daylight,Dry,Non-Fatal Injury,Rear End,Truck Driver,35 to 39,,North,Stopped,Driving Properly,,,,,,,,,Yes,,Yes,,,,Yes,,Yes,Humber Heights-Westmount
1916,Major Arterial,North York,Intersection,Traffic Signal,Rain,Dark,Wet,Non-Fatal Injury,Pedestrian Collisions,Driver,55 to 59,,North,Going Ahead,Driving Properly,,,,,,,Yes,,Yes,,,,,,,,,Englemount-Lawrence
2008,Major Arterial,Toronto and East York,Intersection,Traffic Signal,Clear,Dark,Dry,Non-Fatal Injury,Turning Movement,Vehicle Owner,unknown,,,Other,,,,,,,,,,Yes,,,,Yes,,Yes,Yes,,Fort York-Liberty Village
1040,Major Arterial,Etobicoke York,Intersection,Traffic Signal,Clear,Daylight,Dry,Non-Fatal Injury,Angle,Passenger,60 to 64,Major,,,,,,,,,,,,Yes,,,,Yes,,Yes,Yes,,West Humber-Clairville
226,Minor Arterial,Toronto and East York,Mid-Block,No Control,Clear,Dark,Dry,Non-Fatal Injury,SMV Other,Driver,40 to 44,Major,South,Going Ahead,Other,,,,,,,,,Yes,,,,,,,,,North Riverdale
1933,Major Arterial,Scarborough,Mid-Block,No Control,Clear,Dark,Dry,Non-Fatal Injury,Pedestrian Collisions,Pedestrian,30 to 34,Major,South,,,Pedestrian hit at mid-block,"Crossing, no Traffic Control",Inattentive,,,,Yes,,Yes,,,,,,,,,Milliken
1040,Major Arterial,Etobicoke York,Intersection,Traffic Signal,Clear,Daylight,Dry,Non-Fatal Injury,Angle,Passenger,15 to 19,Minimal,,,,,,,,,,,,Yes,,,,Yes,,Yes,Yes,,West Humber-Clairville
2008,Major Arterial,Toronto and East York,Intersection,Traffic Signal,Clear,Dark,Dry,Non-Fatal Injury,Turning Movement,Driver,35 to 39,Minor,East,Turning Left,Driving Properly,,,,,,,,,Yes,,,,Yes,,Yes,Yes,,Fort York-Liberty Village
1500,Major Arterial,Etobicoke York,Intersection,Traffic Signal,Clear,Daylight,Dry,Non-Fatal Injury,Rear End,Vehicle Owner,unknown,,,,,,,,,,,,,Yes,,Yes,,,,Yes,,Yes,Humber Heights-Westmount
1550,Major Arterial,Etobicoke York,Intersection,Traffic Signal,Clear,Daylight,Dry,Non-Fatal Injury,Turning Movement,Vehicle Owner,unknown,,,,,,,,,,,,,Yes,,,Yes,Yes,,,,,West Humber-Clairville
852,Collector,North York,Mid-Block,No Control,Clear,Daylight,Dry,Non-Fatal Injury,SMV Other,Vehicle Owner,unknown,,,,,,,,,,,,,Yes,,,,Yes,Yes,Yes,,,Mount Pleasant East
127,Major Arterial,Toronto and East York,Intersection,Traffic Signal,Clear,Dark,Wet,Non-Fatal Injury,Cyclist Collisions,Vehicle Owner,unknown,,,,,,,,,,,,Yes,,,Yes,,,,,,,North Riverdale
852,Collector,North York,Mid-Block,No Control,Clear,Daylight,Dry,Non-Fatal Injury,SMV Other,Driver,25 to 29,Minor,West,Going Ahead,Speed too Fast For Condition,,,,,,,,,Yes,,,,Yes,Yes,Yes,,,Mount Pleasant East
2008,Major Arterial,Toronto and East York,Intersection,Traffic Signal,Clear,Dark,Dry,Non-Fatal Injury,Turning Movement,Driver,60 to 64,Major,West,Other,Disobeyed Traffic Control,,,,,,,,,Yes,,,,Yes,,Yes,Yes,,Fort York-Liberty Village
2259,Minor Arterial,Toronto and East York,Mid-Block,No Control,Rain,Dark,Wet,Non-Fatal Injury,SMV Other,Passenger,20 to 24,Minor,,,,,,,,,,,,Yes,,,,Yes,Yes,Yes,,,Cabbagetown-South St.James Town
1550,Major Arterial,Etobicoke York,Intersection,Traffic Signal,Clear,Daylight,Dry,Non-Fatal Injury,Turning Movement,Driver,35 to 39,,North,Going Ahead,Lost control,,,,,,,,,Yes,,,Yes,Yes,,,,,West Humber-Clairville
1916,Major Arterial,North York,Intersection,Traffic Signal,Rain,Dark,Wet,Non-Fatal Injury,Pedestrian Collisions,Pedestrian,70 to 74,Major,East,,,Vehicle is going straight thru inter.while ped cross without ROW,Crossing without right of way,Normal,,,,Yes,,Yes,,,,,,,,,Englemount-Lawrence
1500,Major Arterial,Etobicoke York,Intersection,Traffic Signal,Clear,Daylight,Dry,Non-Fatal Injury,Rear End,Driver,25 to 29,Major,North,Going Ahead,Following too Close,,,,,,,,,Yes,,Yes,,,,Yes,,Yes,Humber Heights-Westmount
710,Major Arterial,Etobicoke York,Intersection,Stop Sign,Clear,Dark,Dry,Non-Fatal Injury,Pedestrian Collisions,Driver,35 to 39,,North,Turning Left,Failed to Yield Right of Way,,,,,,,Yes,,Yes,,,,,,Yes,,,Pelmo Park-Humberlea
127,Major Arterial,Toronto and East York,Intersection,Traffic Signal,Clear,Dark,Wet,Non-Fatal Injury,Cyclist Collisions,Truck Driver,30 to 34,,East,Turning Right,Improper Turn,,,,,,,,Yes,,,Yes,,,,,,,North Riverdale
2305,Major Arterial,North York,Mid-Block,Traffic Signal,Clear,Dark,Wet,Non-Fatal Injury,Turning Movement,Vehicle Owner,unknown,,,Unknown,,,,,,,,,,Yes,,,,Yes,,Yes,Yes,,York University Heights
2259,Minor Arterial,Toronto and East York,Mid-Block,No Control,Rain,Dark,Wet,Non-Fatal Injury,SMV Other,Vehicle Owner,unknown,,,,,,,,,,,,,Yes,,,,Yes,Yes,Yes,,,Cabbagetown-South St.James Town
226,Minor Arterial,Toronto and East York,Mid-Block,No Control,Clear,Dark,Dry,Non-Fatal Injury,SMV Other,Other Property Owner,unknown,,,,,,,,,,,,,Yes,,,,,,,,,North Riverdale
1040,Major Arterial,Etobicoke York,Intersection,Traffic Signal,Clear,Daylight,Dry,Non-Fatal Injury,Angle,Driver,45 to 49,Minimal,West,Going Ahead,Driving Properly,,,,,,,,,Yes,,,,Yes,,Yes,Yes,,West Humber-Clairville
2325,Major Arterial,Toronto and East York,Intersection,Traffic Signal,Clear,Dark,Dry,Non-Fatal Injury,Cyclist Collisions,Vehicle Owner,unknown,,,,,,,,,,,,Yes,Yes,,,,,,Yes,,,Yonge-Bay Corridor
2330,Local,North York,Mid-Block,No Control,Clear,Dark,Wet,Non-Fatal Injury,SMV Unattended Vehicle,Driver,15 to 19,Major,West,Going Ahead,Lost control,,,,,,,,,Yes,,,,,,,,,Bedford Park-Nortown
710,Major Arterial,Etobicoke York,Intersection,Stop Sign,Clear,Dark,Dry,Non-Fatal Injury,Pedestrian Collisions,Pedestrian,55 to 59,Major,South,,,Vehicle turns left while ped crosses with ROW at inter.,Crossing with right of way,Normal,,,,Yes,,Yes,,,,,,Yes,,,Pelmo Park-Humberlea
2259,Minor Arterial,Toronto and East York,Mid-Block,No Control,Rain,Dark,Wet,Non-Fatal Injury,SMV Other,Driver,25 to 29,Major,West,Going Ahead,Speed too Fast For Condition,,,,,,,,,Yes,,,,Yes,Yes,Yes,,,Cabbagetown-South St.James Town
2305,Major Arterial,North York,Mid-Block,Traffic Signal,Clear,Dark,Wet,Non-Fatal Injury,Turning Movement,Driver,unknown,,South,Going Ahead,Disobeyed Traffic Control,,,,,,,,,Yes,,,,Yes,,Yes,Yes,,York University Heights
2259,Minor Arterial,Toronto and East York,Mid-Block,No Control,Rain,Dark,Wet,Non-Fatal Injury,SMV Other,Vehicle Owner,unknown,,,,,,,,,,,,,Yes,,,,Yes,Yes,Yes,,,Cabbagetown-South St.James Town
2330,Local,North York,Mid-Block,No Control,Clear,Dark,Wet,Non-Fatal Injury,SMV Unattended Vehicle,Vehicle Owner,unknown,,East,Parked,,,,,,,,,,Yes,,,,,,,,,Bedford Park-Nortown
1930,Minor Arterial,Etobicoke York,Intersection,Traffic Signal,Clear,Daylight,Dry,Non-Fatal Injury,Angle,Passenger,40 to 44,Minor,,,,,,,,,,,,Yes,,,,Yes,,Yes,Yes,,West Humber-Clairville
1550,Major Arterial,Etobicoke York,Intersection,Traffic Signal,Clear,Daylight,Dry,Non-Fatal Injury,Turning Movement,Passenger,35 to 39,Minimal,,,,,,,,,,,,Yes,,,Yes,Yes,,,,,West Humber-Clairville
127,Major Arterial,Toronto and East York,Intersection,Traffic Signal,Clear,Dark,Wet,Non-Fatal Injury,Cyclist Collisions,Cyclist,25 to 29,Major,East,Going Ahead,,,,,Motorist turning right on green or amber at signalized intersection strikes cyclist.,Driving Properly,Normal,,Yes,,,Yes,,,,,,,North Riverdale
2325,Major Arterial,Toronto and East York,Intersection,Traffic Signal,Clear,Dark,Dry,Non-Fatal Injury,Cyclist Collisions,Driver,45 to 49,,East,Going Ahead,Failed to Yield Right of Way,,,,,,,,Yes,Yes,,,,,,Yes,,,Yonge-Bay Corridor
740,Major Arterial,Scarborough,Intersection,Traffic Signal,Clear,Daylight,Dry,Non-Fatal Injury,Turning Movement,Driver,70 to 74,Major,North,Going Ahead,Disobeyed Traffic Control,,,,,,,,,Yes,,,,,,Yes,Yes,,Tam O'Shanter-Sullivan
2305,Major Arterial,North York,Mid-Block,Traffic Signal,Clear,Dark,Wet,Non-Fatal Injury,Turning Movement,Passenger,40 to 44,Major,,Other,,,,,,,,,,Yes,,,,Yes,,Yes,Yes,,York University Heights
1906,Minor Arterial,Etobicoke York,Intersection,Stop Sign,Clear,Dark,Dry,Non-Fatal Injury,Pedestrian Collisions,Pedestrian,50 to 54,Major,,,,Vehicle is going straight thru inter.while ped cross without ROW,Crossing without right of way,Inattentive,,,,Yes,,Yes,,,,,,,,,Keelesdale-Eglinton West
1331,Major Arterial,Toronto and East York,Intersection,Traffic Signal,Clear,Daylight,Dry,Non-Fatal Injury,Pedestrian Collisions,Vehicle Owner,unknown,,,,,,,,,,,Yes,,Yes,,,,,,Yes,,,South Parkdale
2325,Major Arterial,Toronto and East York,Intersection,Traffic Signal,Clear,Dark,Dry,Non-Fatal Injury,Cyclist Collisions,Vehicle Owner,unknown,,,,,,,,,,,,Yes,Yes,,,,,,Yes,,,Yonge-Bay Corridor
740,Major Arterial,Scarborough,Intersection,Traffic Signal,Clear,Daylight,Dry,Non-Fatal Injury,Turning Movement,Driver,35 to 39,,North,Reversing,Driving Properly,,,,,,,,,Yes,,,,,,Yes,Yes,,Tam O'Shanter-Sullivan
1906,Minor Arterial,Etobicoke York,Intersection,Stop Sign,Clear,Dark,Dry,Non-Fatal Injury,Pedestrian Collisions,Driver,75 to 79,,West,Going Ahead,Driving Properly,,,,,,,Yes,,Yes,,,,,,,,,Keelesdale-Eglinton West
2158,Major Arterial,Scarborough,Intersection,No Control,Rain,Dark,Wet,Fatal,SMV Other,Vehicle Owner,unknown,,,,,,,,,,,,,Yes,,,,,Yes,Yes,,,Eglinton East
1930,Minor Arterial,Etobicoke York,Intersection,Traffic Signal,Clear,Daylight,Dry,Non-Fatal Injury,Angle,Passenger,40 to 44,Minor,,,,,,,,,,,,Yes,,,,Yes,,Yes,Yes,,West Humber-Clairville
1550,Major Arterial,Etobicoke York,Intersection,Traffic Signal,Clear,Daylight,Dry,Non-Fatal Injury,Turning Movement,Driver,50 to 54,Major,West,Turning Right,Driving Properly,,,,,,,,,Yes,,,Yes,Yes,,,,,West Humber-Clairville
114,Major Arterial,Etobicoke York,Mid-Block,Stop Sign,Clear,Dark,Dry,Non-Fatal Injury,Turning Movement,Vehicle Owner,unknown,,,,,,,,,,,,,Yes,,,,Yes,,,,,West Humber-Clairville
2325,Major Arterial,Toronto and East York,Intersection,Traffic Signal,Clear,Dark,Dry,Non-Fatal Injury,Cyclist Collisions,Driver,20 to 24,Minimal,North,Going Ahead,Other,,,,,,,,Yes,Yes,,,,,,Yes,,,Yonge-Bay Corridor
1930,Minor Arterial,Etobicoke York,Intersection,Traffic Signal,Clear,Daylight,Dry,Non-Fatal Injury,Angle,Driver,35 to 39,Major,South,Going Ahead,Disobeyed Traffic Control,,,,,,,,,Yes,,,,Yes,,Yes,Yes,,West Humber-Clairville
1331,Major Arterial,Toronto and East York,Intersection,Traffic Signal,Clear,Daylight,Dry,Non-Fatal Injury,Pedestrian Collisions,Driver,45 to 49,,East,Turning Left,Failed to Yield Right of Way,,,,,,,Yes,,Yes,,,,,,Yes,,,South Parkdale