TIME,ROAD_CLASS,DISTRICT,LOCCOORD,TRAFFCTL,VISIBILITY,LIGHT,RDSFCOND,ACCLASS,IMPACTYPE,INVTYPE,INVAGE,INJURY,INITDIR,MANOEUVER,DRIVACT,PEDTYPE,PEDACT,PEDCOND,CYCLISTYPE,CYCACT,CYCCOND,PEDESTRIAN,CYCLIST,AUTOMOBILE,MOTORCYCLE,TRUCK,TRSN_CITY_VEH,PASSENGER,SPEEDING,AG_DRIV,REDLIGHT,ALCOHOL,NEIGHBOURHOOD_158
2158,Major Arterial,Scarborough,Intersection,No Control,Rain,Dark,Wet,Fatal,SMV Other,Driver,40 to 44,Fatal,South,Turning Left,Lost control,,,,,,,,,Yes,,,,,Yes,Yes,,,Eglinton East
2305,Major Arterial,North York,Mid-Block,Traffic Signal,Clear,Dark,Wet,Non-Fatal Injury,Turning Movement,Passenger,10 to 14,Minor,,Other,,,,,,,,,,Yes,,,,Yes,,Yes,Yes,,York University Heights
2325,Major Arterial,Toronto and East York,Intersection,Traffic Signal,Clear,Dark,Dry,Non-Fatal Injury,Cyclist Collisions,Other Property Owner,unknown,,,,,,,,,,,,Yes,Yes,,,,,,Yes,,,Yonge-Bay Corridor
114,Major Arterial,Etobicoke York,Mid-Block,Stop Sign,Clear,Dark,Dry,Non-Fatal Injury,Turning Movement,Driver,20 to 24,,North,Turning Left,Improper Turn,,,,,,,,,Yes,,,,Yes,,,,,West Humber-Clairville
805,Major Arterial,Etobicoke York,Intersection,Traffic Signal,Clear,Daylight,Dry,Non-Fatal Injury,Pedestrian Collisions,Driver,45 to 49,,South,Turning Left,Failed to Yield Right of Way,,,,,,,Yes,,Yes,,,,,,Yes,,,Etobicoke West Mall
1930,Minor Arterial,Etobicoke York,Intersection,Traffic Signal,Clear,Daylight,Dry,Non-Fatal Injury,Angle,Passenger,40 to 44,Minimal,,,,,,,,,,,,Yes,,,,Yes,,Yes,Yes,,West Humber-Clairville
2018,Collector,Toronto and East York,Intersection,Stop Sign,Clear,Dark,Dry,Non-Fatal Injury,Pedestrian Collisions,Driver,55 to 59,Minimal,West,Going Ahead,Disobeyed Traffic Control,,,,,,,Yes,,Yes,,,,,,Yes,,,South Riverdale
1550,Major Arterial,Etobicoke York,Intersection,Traffic Signal,Clear,Daylight,Dry,Non-Fatal Injury,Turning Movement,Driver,70 to 74,,West,Turning Right,Driving Properly,,,,,,,,,Yes,,,Yes,Yes,,,,,West Humber-Clairville
740,Major Arterial,Scarborough,Intersection,Traffic Signal,Clear,Daylight,Dry,Non-Fatal Injury,Turning Movement,Vehicle Owner,unknown,,,,,,,,,,,,,Yes,,,,,,Yes,Yes,,Tam O'Shanter-Sullivan
2305,Major Arterial,North York,Mid-Block,Traffic Signal,Clear,Dark,Wet,Non-Fatal Injury,Turning Movement,Passenger,5 to 9,Minimal,,Other,,,,,,,,,,Yes,,,,Yes,,Yes,Yes,,York University Heights
2325,Major Arterial,Toronto and East York,Intersection,Traffic Signal,Clear,Dark,Dry,Non-Fatal Injury,Cyclist Collisions,Cyclist,40 to 44,Major,South,Stopped,,,,,Insufficient information (to determine cyclist crash type).,Driving Properly,Normal,,Yes,Yes,,,,,,Yes,,,Yonge-Bay Corridor
2018,Collector,Toronto and East York,Intersection,Stop Sign,Clear,Dark,Dry,Non-Fatal Injury,Pedestrian Collisions,Pedestrian,20 to 24,Major,,Other,,Vehicle is going straight thru inter.while ped cross with ROW,"Crossing, no Traffic Control",Normal,,,,Yes,,Yes,,,,,,Yes,,,South Riverdale
114,Major Arterial,Etobicoke York,Mid-Block,Stop Sign,Clear,Dark,Dry,Non-Fatal Injury,Turning Movement,Passenger,65 to 69,Major,,,,,,,,,,,,Yes,,,,Yes,,,,,West Humber-Clairville
1331,Major Arterial,Toronto and East York,Intersection,Traffic Signal,Clear,Daylight,Dry,Non-Fatal Injury,Pedestrian Collisions,Pedestrian,65 to 69,Major,West,,,Vehicle turns left while ped crosses with ROW at inter.,Crossing with right of way,Normal,,,,Yes,,Yes,,,,,,Yes,,,South Parkdale
1550,Major Arterial,Etobicoke York,Intersection,Traffic Signal,Clear,Daylight,Dry,Non-Fatal Injury,Turning Movement,Vehicle Owner,unknown,,,,,,,,,,,,,Yes,,,Yes,Yes,,,,,West Humber-Clairville
740,Major Arterial,Scarborough,Intersection,Traffic Signal,Clear,Daylight,Dry,Non-Fatal Injury,Turning Movement,Driver,35 to 39,Minor,West,Turning Left,Driving Properly,,,,,,,,,Yes,,,,,,Yes,Yes,,Tam O'Shanter-Sullivan
1348,Minor Arterial,Toronto and East York,Intersection,Pedestrian Crossover,Clear,Daylight,Dry,Non-Fatal Injury,Rear End,Moped Driver,70 to 74,Major,North,Going Ahead,Other,,,,,,,,Yes,Yes,,,,,,,,,Palmerston-Little Italy
638,,Etobicoke York,Mid-Block,No Control,Clear,Dark,Wet,Fatal,Sideswipe,Driver,45 to 49,Fatal,West,Going Ahead,Lost control,,,,,,,,,Yes,,,,Yes,,,,,Humber Bay Shores
114,Major Arterial,Etobicoke York,Mid-Block,Stop Sign,Clear,Dark,Dry,Non-Fatal Injury,Turning Movement,Driver,55 to 59,Major,East,Going Ahead,Driving Properly,,,,,,,,,Yes,,,,Yes,,,,,West Humber-Clairville
2305,Major Arterial,North York,Mid-Block,Traffic Signal,Clear,Dark,Wet,Non-Fatal Injury,Turning Movement,Passenger,15 to 19,Minor,,Other,,,,,,,,,,Yes,,,,Yes,,Yes,Yes,,York University Heights
1930,Minor Arterial,Etobicoke York,Intersection,Traffic Signal,Clear,Daylight,Dry,Non-Fatal Injury,Angle,Passenger,15 to 19,Minimal,,,,,,,,,,,,Yes,,,,Yes,,Yes,Yes,,West Humber-Clairville
2205,Major Arterial,Scarborough,Intersection,Traffic Signal,Rain,Dark,Wet,Non-Fatal Injury,Pedestrian Collisions,Driver,45 to 49,,East,Going Ahead,Driving Properly,,,,,,,Yes,,Yes,,,,,,,,,Kennedy Park
805,Major Arterial,Etobicoke York,Intersection,Traffic Signal,Clear,Daylight,Dry,Non-Fatal Injury,Pedestrian Collisions,Pedestrian,35 to 39,Major,North,,,Vehicle turns left while ped crosses with ROW at inter.,Crossing with right of way,Normal,,,,Yes,,Yes,,,,,,Yes,,,Etobicoke West Mall
2305,Major Arterial,North York,Mid-Block,Traffic Signal,Clear,Dark,Wet,Non-Fatal Injury,Turning Movement,Driver,25 to 29,Minor,East,Turning Left,Driving Properly,,,,,,,,,Yes,,,,Yes,,Yes,Yes,,York University Heights
1805,Major Arterial,Scarborough,Intersection,Traffic Signal,Clear,Dark,Wet,Non-Fatal Injury,Turning Movement,Passenger,25 to 29,Major,,,,,,,,,,,,Yes,,Yes,,Yes,,Yes,Yes,,Eglinton East
1550,Major Arterial,Etobicoke York,Intersection,Traffic Signal,Clear,Daylight,Dry,Non-Fatal Injury,Turning Movement,Driver,55 to 59,,South,Turning Left,Driving Properly,,,,,,,,,Yes,,,Yes,Yes,,,,,West Humber-Clairville
751,Major Arterial,North York,Intersection,Traffic Signal,Clear,Daylight,Dry,Non-Fatal Injury,Angle,Driver,40 to 44,Minimal,West,Stopped,Driving Properly,,,,,,,,,Yes,,,,,,Yes,Yes,,Bayview Village
751,Major Arterial,North York,Intersection,Traffic Signal,Clear,Daylight,Dry,Non-Fatal Injury,Angle,Vehicle Owner,unknown,,,,,,,,,,,,,Yes,,,,,,Yes,Yes,,Bayview Village
1348,Minor Arterial,Toronto and East York,Intersection,Pedestrian Crossover,Clear,Daylight,Dry,Non-Fatal Injury,Rear End,Driver,35 to 39,,North,Going Ahead,Driving Properly,,,,,,,,Yes,Yes,,,,,,,,,Palmerston-Little Italy
2205,Major Arterial,Scarborough,Intersection,Traffic Signal,Rain,Dark,Wet,Non-Fatal Injury,Pedestrian Collisions,Pedestrian,45 to 49,Major,North,,,Vehicle is going straight thru inter.while ped cross without ROW,Crossing without right of way,Unknown,,,,Yes,,Yes,,,,,,,,,Kennedy Park
1912,Major Arterial,Etobicoke York,Intersection,Traffic Signal,Clear,Dark,Dry,Non-Fatal Injury,Turning Movement,Driver,55 to 59,Major,West,Turning Left,Lost control,,,,,,,,,Yes,,,,,,,,,West Humber-Clairville
1242,Minor Arterial,North York,Intersection,Traffic Signal,Clear,Daylight,Dry,Non-Fatal Injury,Pedestrian Collisions,Vehicle Owner,unknown,,,,,,,,,,,Yes,,,,Yes,,,,Yes,,,Thorncliffe Park
1805,Major Arterial,Scarborough,Intersection,Traffic Signal,Clear,Dark,Wet,Non-Fatal Injury,Turning Movement,Truck Driver,20 to 24,Minor,East,Going Ahead,Disobeyed Traffic Control,,,,,,,,,Yes,,Yes,,Yes,,Yes,Yes,,Eglinton East
617,Local,Etobicoke York,Mid-Block,No Control,Clear,Dark,Dry,Non-Fatal Injury,Pedestrian Collisions,Driver,65 to 69,,West,Going Ahead,Driving Properly,,,,,,,Yes,,Yes,,,,,,,,,Rexdale-Kipling
1930,Minor Arterial,Etobicoke York,Intersection,Traffic Signal,Clear,Daylight,Dry,Non-Fatal Injury,Angle,Passenger,15 to 19,Minimal,,,,,,,,,,,,Yes,,,,Yes,,Yes,Yes,,West Humber-Clairville
638,,Etobicoke York,Mid-Block,No Control,Clear,Dark,Wet,Fatal,Sideswipe,Passenger,25 to 29,,,,,,,,,,,,,Yes,,,,Yes,,,,,Humber Bay Shores
1912,Major Arterial,Etobicoke York,Intersection,Traffic Signal,Clear,Dark,Dry,Non-Fatal Injury,Turning Movement,Driver,45 to 49,,West,Going Ahead,Driving Properly,,,,,,,,,Yes,,,,,,,,,West Humber-Clairville
751,Major Arterial,North York,Intersection,Traffic Signal,Clear,Daylight,Dry,Non-Fatal Injury,Angle,Driver,35 to 39,Major,East,Going Ahead,Disobeyed Traffic Control,,,,,,,,,Yes,,,,,,Yes,Yes,,Bayview Village
2204,Major Arterial,North York,Intersection,Traffic Signal,Clear,Daylight,Dry,Non-Fatal Injury,Pedestrian Collisions,Driver,25 to 29,,East,Turning Left,Failed to Yield Right of Way,,,,,,,Yes,,Yes,,,,,,Yes,,,Briar Hill-Belgravia
751,Major Arterial,North York,Intersection,Traffic Signal,Clear,Daylight,Dry,Non-Fatal Injury,Angle,Driver,70 to 74,,South,Going Ahead,Driving Properly,,,,,,,,,Yes,,,,,,Yes,Yes,,Bayview Village
617,Local,Etobicoke York,Mid-Block,No Control,Clear,Dark,Dry,Non-Fatal Injury,Pedestrian Collisions,Pedestrian,80 to 84,Major,North,,,Pedestrian hit at mid-block,"Crossing, no Traffic Control",Normal,,,,Yes,,Yes,,,,,,,,,Rexdale-Kipling
1242,Minor Arterial,North York,Intersection,Traffic Signal,Clear,Daylight,Dry,Non-Fatal Injury,Pedestrian Collisions,Truck Driver,30 to 34,,South,Turning Left,Failed to Yield Right of Way,,,,,,,Yes,,,,Yes,,,,Yes,,,Thorncliffe Park
1805,Major Arterial,Scarborough,Intersection,Traffic Signal,Clear,Dark,Wet,Non-Fatal Injury,Turning Movement,Driver,20 to 24,,North,Stopped,Driving Properly,,,,,,,,,Yes,,Yes,,Yes,,Yes,Yes,,Eglinton East
638,,Etobicoke York,Mid-Block,No Control,Clear,Dark,Wet,Fatal,Sideswipe,Driver,60 to 64,Minor,West,Going Ahead,Driving Properly,,,,,,,,,Yes,,,,Yes,,,,,Humber Bay Shores
1930,Minor Arterial,Etobicoke York,Intersection,Traffic Signal,Clear,Daylight,Dry,Non-Fatal Injury,Angle,Driver,45 to 49,Major,West,Going Ahead,Driving Properly,,,,,,,,,Yes,,,,Yes,,Yes,Yes,,West Humber-Clairville
1358,Major Arterial,Toronto and East York,Intersection,No Control,Clear,Daylight,Wet,Fatal,Pedestrian Collisions,Pedestrian,55 to 59,Fatal,East,,,Pedestrian hit at mid-block,"Crossing, no Traffic Control",Normal,,,,Yes,,Yes,,,,,,,,,Kensington-Chinatown
2022,Minor Arterial,Etobicoke York,,Traffic Signal,Rain,Dark,Wet,Non-Fatal Injury,Pedestrian Collisions,Driver,unknown,,North,Going Ahead,,,,,,,,Yes,,Yes,,,,,,,,,Etobicoke City Centre
1242,Minor Arterial,North York,Intersection,Traffic Signal,Clear,Daylight,Dry,Non-Fatal Injury,Pedestrian Collisions,Pedestrian,80 to 84,Major,South,,,Vehicle turns left while ped crosses with ROW at inter.,Crossing with right of way,Normal,,,,Yes,,,,Yes,,,,Yes,,,Thorncliffe Park
2204,Major Arterial,North York,Intersection,Traffic Signal,Clear,Daylight,Dry,Non-Fatal Injury,Pedestrian Collisions,Pedestrian,20 to 24,Major,West,,,Vehicle turns left while ped crosses with ROW at inter.,Crossing with right of way,Normal,,,,Yes,,Yes,,,,,,Yes,,,Briar Hill-Belgravia
2103,Major Arterial,Toronto and East York,Mid-Block,No Control,Clear,Dark,Dry,Non-Fatal Injury,Pedestrian Collisions,Driver,unknown,,South,Going Ahead,Other,,,,,,,Yes,,Yes,,,,,,,,,Moss Park
1805,Major Arterial,Scarborough,Intersection,Traffic Signal,Clear,Dark,Wet,Non-Fatal Injury,Turning Movement,Passenger,15 to 19,Major,,,,,,,,,,,,Yes,,Yes,,Yes,,Yes,Yes,,Eglinton East
1603,Local,Etobicoke York,Mid-Block,No Control,Clear,Daylight,Dry,Fatal,SMV Other,Passenger,80 to 84,Major,,,,,,,,,,,,Yes,,,,Yes,,,,,Alderwood
400,Major Arterial,Toronto and East York,Intersection,Traffic Signal,Snow,Dark,Loose Snow,Non-Fatal Injury,SMV Other,Passenger,30 to 34,Major,,,,,,,,,,,,Yes,,,,Yes,,,,,South Riverdale
1912,Major Arterial,Etobicoke York,Mid-Block,No Control,Clear,Dark,Dry,Non-Fatal Injury,Cyclist Collisions,Cyclist,45 to 49,Major,East,Going Ahead,,,,,"Motorist without ROW drives into path of cyclist at inter, lnwy, dwy-Driver not turn.",Other,Normal,,Yes,Yes,,,,,,Yes,,,Humbermede
2022,Minor Arterial,Etobicoke York,,Traffic Signal,Rain,Dark,Wet,Non-Fatal Injury,Pedestrian Collisions,Pedestrian,unknown,Major,,Other,,Unknown,,,,,,Yes,,Yes,,,,,,,,,Etobicoke City Centre
638,,Etobicoke York,Mid-Block,No Control,Clear,Dark,Wet,Fatal,Sideswipe,Passenger,50 to 54,Minor,,,,,,,,,,,,Yes,,,,Yes,,,,,Humber Bay Shores
1443,Major Arterial,North York,Intersection,No Control,Clear,Daylight,Dry,Non-Fatal Injury,Pedestrian Collisions,Driver,50 to 54,,East,Turning Left,Failed to Yield Right of Way,,,,,,,Yes,,Yes,,,,,,Yes,,,Caledonia-Fairbank
2103,Major Arterial,Toronto and East York,Mid-Block,No Control,Clear,Dark,Dry,Non-Fatal Injury,Pedestrian Collisions,Pedestrian,80 to 84,Major,East,,,Pedestrian hit at mid-block,"Crossing, no Traffic Control",Unknown,,,,Yes,,Yes,,,,,,,,,Moss Park
1603,Local,Etobicoke York,Mid-Block,No Control,Clear,Daylight,Dry,Fatal,SMV Other,Driver,90 to 94,Fatal,East,Going Ahead,Lost control,,,,,,,,,Yes,,,,Yes,,,,,Alderwood
400,Major Arterial,Toronto and East York,Intersection,Traffic Signal,Snow,Dark,Loose Snow,Non-Fatal Injury,SMV Other,Vehicle Owner,unknown,,,,,,,,,,,,,Yes,,,,Yes,,,,,South Riverdale
1912,Major Arterial,Etobicoke York,Mid-Block,No Control,Clear,Dark,Dry,Non-Fatal Injury,Cyclist Collisions,Driver,40 to 44,,South,Turning Right,Failed to Yield Right of Way,,,,,,,,Yes,Yes,,,,,,Yes,,,Humbermede
1358,Major Arterial,Toronto and East York,Intersection,No Control,Clear,Daylight,Wet,Fatal,Pedestrian Collisions,Vehicle Owner,unknown,,,,,,,,,,,Yes,,Yes,,,,,,,,,Kensington-Chinatown
1836,Collector,Toronto and East York,Mid-Block,No Control,Clear,Daylight,Dry,Non-Fatal Injury,SMV Other,Vehicle Owner,unknown,,,,,,,,,,,,,,Yes,,,,,,,,Downtown Yonge East
1645,Local,Scarborough,Mid-Block,No Control,Clear,Daylight,Dry,Non-Fatal Injury,Sideswipe,Motorcycle Driver,25 to 29,Major,North,Going Ahead,Driving Properly,,,,,,,,,Yes,Yes,,,,,,,,Agincourt South-Malvern West
400,Major Arterial,Toronto and East York,Intersection,Traffic Signal,Snow,Dark,Loose Snow,Non-Fatal Injury,SMV Other,Driver,25 to 29,,East,Going Ahead,Lost control,,,,,,,,,Yes,,,,Yes,,,,,South Riverdale
745,Minor Arterial,North York,Mid-Block,No Control,Clear,Daylight,Dry,Non-Fatal Injury,Pedestrian Collisions,Driver,40 to 44,,East,Going Ahead,Improper Passing,,,,,,,Yes,,Yes,,,,,,Yes,,,Newtonbrook East
1443,Major Arterial,North York,Intersection,No Control,Clear,Daylight,Dry,Non-Fatal Injury,Pedestrian Collisions,Pedestrian,75 to 79,Major,West,,,Vehicle turns left while ped crosses with ROW at inter.,Crossing with right of way,Normal,,,,Yes,,Yes,,,,,,Yes,,,Caledonia-Fairbank
638,,Etobicoke York,Mid-Block,No Control,Clear,Dark,Wet,Fatal,Sideswipe,Vehicle Owner,unknown,,,,,,,,,,,,,Yes,,,,Yes,,,,,Humber Bay Shores
645,Major Arterial,Toronto and East York,Mid-Block,No Control,Clear,Daylight,Dry,Non-Fatal Injury,SMV Other,Passenger,20 to 24,Major,,,,,,,,,,,,Yes,,,,Yes,,,,Yes,Fort York-Liberty Village
745,Minor Arterial,North York,Mid-Block,No Control,Clear,Daylight,Dry,Non-Fatal Injury,Pedestrian Collisions,Pedestrian,75 to 79,Major,North,,,Pedestrian hit at mid-block,"Crossing, no Traffic Control",Normal,,,,Yes,,Yes,,,,,,Yes,,,Newtonbrook East
1645,Local,Scarborough,Mid-Block,No Control,Clear,Daylight,Dry,Non-Fatal Injury,Sideswipe,Vehicle Owner,unknown,,,,,,,,,,,,,Yes,Yes,,,,,,,,Agincourt South-Malvern West
1836,Collector,Toronto and East York,Mid-Block,No Control,Clear,Daylight,Dry,Non-Fatal Injury,SMV Other,Motorcycle Driver,20 to 24,Major,West,Going Ahead,Other,,,,,,,,,,Yes,,,,,,,,Downtown Yonge East
1805,Major Arterial,Scarborough,Intersection,Traffic Signal,Clear,Dark,Wet,Non-Fatal Injury,Turning Movement,Driver,15 to 19,Minor,West,Turning Left,Improper Turn,,,,,,,,,Yes,,Yes,,Yes,,Yes,Yes,,Eglinton East
400,Major Arterial,Toronto and East York,Intersection,Traffic Signal,Snow,Dark,Loose Snow,Non-Fatal Injury,SMV Other,Other Property Owner,unknown,,,,,,,,,,,,,Yes,,,,Yes,,,,,South Riverdale
832,Minor Arterial,Toronto and East York,Intersection,No Control,Clear,Daylight,Wet,Non-Fatal Injury,Pedestrian Collisions,Vehicle Owner,unknown,,,,,,,,,,,Yes,,Yes,,,Yes,,,Yes,,,South Riverdale
1525,Major Arterial,Scarborough,Mid-Block,No Control,Clear,Daylight,Dry,Non-Fatal Injury,Rear End,Other,unknown,,West,Parked,,,,,,,,,,Yes,,,,Yes,,,,,Wexford/Maryvale
638,,Etobicoke York,Mid-Block,No Control,Clear,Dark,Wet,Fatal,Sideswipe,Driver,60 to 64,Minor,West,Going Ahead,Driving Properly,,,,,,,,,Yes,,,,Yes,,,,,Humber Bay Shores
1358,Major Arterial,Toronto and East York,Intersection,No Control,Clear,Daylight,Wet,Fatal,Pedestrian Collisions,Driver,35 to 39,,North,Going Ahead,Driving Properly,,,,,,,Yes,,Yes,,,,,,,,,Kensington-Chinatown
1645,Local,Scarborough,Mid-Block,No Control,Clear,Daylight,Dry,Non-Fatal Injury,Sideswipe,Driver,20 to 24,,North,Turning Left,Improper Turn,,,,,,,,,Yes,Yes,,,,,,,,Agincourt South-Malvern West
645,Major Arterial,Toronto and East York,Mid-Block,No Control,Clear,Daylight,Dry,Non-Fatal Injury,SMV Other,Driver,20 to 24,Major,West,Going Ahead,Lost control,,,,,,,,,Yes,,,,Yes,,,,Yes,Fort York-Liberty Village
1042,Local,Toronto and East York,Mid-Block,No Control,Rain,Daylight,Wet,Non-Fatal Injury,SMV Other,Passenger,10 to 14,Major,,Other,,,,,,,,,,Yes,,,,Yes,,,,,High Park-Swansea
1836,Collector,Toronto and East York,Mid-Block,No Control,Clear,Daylight,Dry,Non-Fatal Injury,SMV Other,Other Property Owner,unknown,,,,,,,,,,,,,,Yes,,,,,,,,Downtown Yonge East
1200,Minor Arterial,Toronto and East York,Intersection,No Control,Clear,Daylight,Dry,Non-Fatal Injury,Pedestrian Collisions,Driver,45 to 49,,North,Turning Left,Failed to Yield Right of Way,,,,,,,Yes,,Yes,,,,,,Yes,,,Trinity-Bellwoods
1941,Major Arterial,Etobicoke York,Intersection,Stop Sign,Clear,Dark,Dry,Non-Fatal Injury,Turning Movement,Driver,60 to 64,,West,Turning Left,Improper Turn,,,,,,,,,Yes,,,,,,,,,Kingsview Village-The Westway
318,Major Arterial,North York,Mid-Block,No Control,Clear,Dark,Dry,Non-Fatal Injury,SMV Unattended Vehicle,Other,unknown,,,Parked,,,,,,,,,,Yes,,,,Yes,,,,,Bridle Path-Sunnybrook-York Mills
1941,Major Arterial,Etobicoke York,Intersection,Stop Sign,Clear,Dark,Dry,Non-Fatal Injury,Turning Movement,Driver,25 to 29,Major,North,Going Ahead,Driving Properly,,,,,,,,,Yes,,,,,,,,,Kingsview Village-The Westway
1145,Minor Arterial,Toronto and East York,Intersection,Stop Sign,Rain,Daylight,Wet,Non-Fatal Injury,Pedestrian Collisions,Vehicle Owner,unknown,,,Unknown,,,,,,,,Yes,,Yes,,,,,,Yes,,,Junction-Wallace Emerson
1042,Local,Toronto and East York,Mid-Block,No Control,Rain,Daylight,Wet,Non-Fatal Injury,SMV Other,Passenger,15 to 19,Minor,,Other,,,,,,,,,,Yes,,,,Yes,,,,,High Park-Swansea
832,Minor Arterial,Toronto and East York,Intersection,No Control,Clear,Daylight,Wet,Non-Fatal Injury,Pedestrian Collisions,Driver,40 to 44,,East,Stopped,Driving Properly,,,,,,,Yes,,Yes,,,Yes,,,Yes,,,South Riverdale
1525,Major Arterial,Scarborough,Mid-Block,No Control,Clear,Daylight,Dry,Non-Fatal Injury,Rear End,Passenger,45 to 49,Minimal,,,,,,,,,,,,Yes,,,,Yes,,,,,Wexford/Maryvale
1200,Minor Arterial,Toronto and East York,Intersection,No Control,Clear,Daylight,Dry,Non-Fatal Injury,Pedestrian Collisions,Pedestrian,60 to 64,Major,South,,,Vehicle turns left while ped crosses with ROW at inter.,Crossing with right of way,Inattentive,,,,Yes,,Yes,,,,,,Yes,,,Trinity-Bellwoods
1836,Collector,Toronto and East York,Mid-Block,No Control,Clear,Daylight,Dry,Non-Fatal Injury,SMV Other,Other Property Owner,unknown,,,,,,,,,,,,,,Yes,,,,,,,,Downtown Yonge East
832,Minor Arterial,Toronto and East York,Intersection,No Control,Clear,Daylight,Wet,Non-Fatal Injury,Pedestrian Collisions,Driver,35 to 39,,East,Going Ahead,Failed to Yield Right of Way,,,,,,,Yes,,Yes,,,Yes,,,Yes,,,South Riverdale
1741,Major Arterial,Etobicoke York,Mid-Block,No Control,Rain,Dark,Wet,Non-Fatal Injury,Pedestrian Collisions,Driver,65 to 69,,East,Going Ahead,Driving Properly,,,,,,,Yes,,Yes,,,,,,,,,Rustic
1525,Major Arterial,Scarborough,Mid-Block,No Control,Clear,Daylight,Dry,Non-Fatal Injury,Rear End,Driver,40 to 44,Minimal,West,Going Ahead,Lost control,,,,,,,,,Yes,,,,Yes,,,,,Wexford/Maryvale
1400,Major Arterial,Toronto and East York,Intersection,Traffic Signal,Clear,Daylight,Wet,Non-Fatal Injury,Pedestrian Collisions,Driver,20 to 24,,North,Slowing or Stopping,Disobeyed Traffic Control,,,,,,,Yes,,Yes,,,,,,Yes,Yes,,Downtown Yonge East
2257,Major Arterial,Toronto and East York,Mid-Block,No Control,Clear,Dark,Dry,Non-Fatal Injury,SMV Unattended Vehicle,Vehicle Owner,unknown,,,Parked,,,,,,,,,,Yes,,,,Yes,Yes,Yes,,Yes,Humewood-Cedarvale
832,Minor Arterial,Toronto and East York,Intersection,No Control,Clear,Daylight,Wet,Non-Fatal Injury,Pedestrian Collisions,Pedestrian,35 to 39,Major,South,,,Pedestrian involved in a collision with transit vehicle anywhere along roadway,Person Getting on/off Vehicle,Normal,,,,Yes,,Yes,,,Yes,,,Yes,,,South Riverdale
1145,Minor Arterial,Toronto and East York,Intersection,Stop Sign,Rain,Daylight,Wet,Non-Fatal Injury,Pedestrian Collisions,Driver,55 to 59,,East,Turning Left,Failed to Yield Right of Way,,,,,,,Yes,,Yes,,,,,,Yes,,,Junction-Wallace Emerson
1042,Local,Toronto and East York,Mid-Block,No Control,Rain,Daylight,Wet,Non-Fatal Injury,SMV Other,Vehicle Owner,unknown,,,,,,,,,,,,,Yes,,,,Yes,,,,,High Park-Swansea
1405,Collector,Scarborough,Mid-Block,No Control,Clear,Daylight,Dry,Non-Fatal Injury,Approaching,Vehicle Owner,unknown,,,,,,,,,,,,,Yes,,,,,Yes,Yes,,Yes,Golfdale-Cedarbrae-Woburn
1525,Major Arterial,Scarborough,Mid-Block,No Control,Clear,Daylight,Dry,Non-Fatal Injury,Rear End,Passenger,0 to 4,Major,,,,,,,,,,,,Yes,,,,Yes,,,,,Wexford/Maryvale
1145,Minor Arterial,Toronto and East York,Intersection,Stop Sign,Rain,Daylight,Wet,Non-Fatal Injury,Pedestrian Collisions,Pedestrian,65 to 69,Major,West,,,Vehicle turns left while ped crosses with ROW at inter.,Crossing with right of way,Normal,,,,Yes,,Yes,,,,,,Yes,,,Junction-Wallace Emerson
1400,Major Arterial,Toronto and East York,Intersection,Traffic Signal,Clear,Daylight,Wet,Non-Fatal Injury,Pedestrian Collisions,Pedestrian,55 to 59,Major,West,,,Vehicle is going straight thru inter.while ped cross with ROW,Crossing with right of way,Normal,,,,Yes,,Yes,,,,,,Yes,Yes,,Downtown Yonge East
1741,Major Arterial,Etobicoke York,Mid-Block,No Control,Rain,Dark,Wet,Non-Fatal Injury,Pedestrian Collisions,Pedestrian,50 to 54,Major,South,,,Pedestrian hit at private driveway,"Crossing, no Traffic Control","Ability Impaired, Alcohol Over .80",,,,Yes,,Yes,,,,,,,,,Rustic
318,Major Arterial,North York,Mid-Block,No Control,Clear,Dark,Dry,Non-Fatal Injury,SMV Unattended Vehicle,Passenger,45 to 49,,,,,,,,,,,,,Yes,,,,Yes,,,,,Bridle Path-Sunnybrook-York Mills
1402,Major Arterial,Etobicoke York,Mid-Block,No Control,Clear,Daylight,Wet,Non-Fatal Injury,SMV Other,Vehicle Owner,unknown,,,,,,,,,,,,,Yes,,,,,Yes,Yes,,,Junction Area
318,Major Arterial,North York,Mid-Block,No Control,Clear,Dark,Dry,Non-Fatal Injury,SMV Unattended Vehicle,Vehicle Owner,unknown,,,,,,,,,,,,,Yes,,,,Yes,,,,,Bridle Path-Sunnybrook-York Mills
2257,Major Arterial,Toronto and East York,Mid-Block,No Control,Clear,Dark,Dry,Non-Fatal Injury,SMV Unattended Vehicle,Driver,35 to 39,Minor,South,Going Ahead,Driving Properly,,,,,,,,,Yes,,,,Yes,Yes,Yes,,Yes,Humewood-Cedarvale
1844,Major Arterial,Etobicoke York,Intersection,Traffic Signal,Clear,Daylight,Dry,Non-Fatal Injury,Pedestrian Collisions,Driver,55 to 59,,North,Turning Left,Driving Properly,,,,,,,Yes,,Yes,,,,,,,,,Islington
19,Major Arterial,North York,Intersection,Traffic Signal,Rain,Dark,Wet,Non-Fatal Injury,Rear End,Driver,15 to 19,,North,Going Ahead,Following too Close,,,,,,,,,Yes,,,,Yes,,Yes,,,Newtonbrook West
1042,Local,Toronto and East York,Mid-Block,No Control,Rain,Daylight,Wet,Non-Fatal Injury,SMV Other,Driver,15 to 19,,North,Going Ahead,Lost control,,,,,,,,,Yes,,,,Yes,,,,,High Park-Swansea
1525,Major Arterial,Scarborough,Mid-Block,No Control,Clear,Daylight,Dry,Non-Fatal Injury,Rear End,Driver,35 to 39,Minor,West,Going Ahead,Driving Properly,,,,,,,,,Yes,,,,Yes,,,,,Wexford/Maryvale