TIME,ROAD_CLASS,DISTRICT,LOCCOORD,TRAFFCTL,VISIBILITY,LIGHT,RDSFCOND,ACCLASS,IMPACTYPE,INVTYPE,INVAGE,INJURY,INITDIR,MANOEUVER,DRIVACT,PEDTYPE,PEDACT,PEDCOND,CYCLISTYPE,CYCACT,CYCCOND,PEDESTRIAN,CYCLIST,AUTOMOBILE,MOTORCYCLE,TRUCK,TRSN_CITY_VEH,PASSENGER,SPEEDING,AG_DRIV,REDLIGHT,ALCOHOL,NEIGHBOURHOOD_158
1848,Major Arterial,Scarborough,Mid-Block,No Control,Rain,Dark,Wet,Non-Fatal Injury,Pedestrian Collisions,Vehicle Owner,unknown,,,,,,,,,,,Yes,,Yes,,,,,Yes,Yes,,,Kennedy Park
1402,Major Arterial,Etobicoke York,Mid-Block,No Control,Clear,Daylight,Wet,Non-Fatal Injury,SMV Other,Driver,30 to 34,Major,South,Going Ahead,Speed too Fast For Condition,,,,,,,,,Yes,,,,,Yes,Yes,,,Junction Area
2257,Major Arterial,Toronto and East York,Mid-Block,No Control,Clear,Dark,Dry,Non-Fatal Injury,SMV Unattended Vehicle,Driver,35 to 39,,North,Going Ahead,Driving Properly,,,,,,,,,Yes,,,,Yes,Yes,Yes,,Yes,Humewood-Cedarvale
1844,Major Arterial,Etobicoke York,Intersection,Traffic Signal,Clear,Daylight,Dry,Non-Fatal Injury,Pedestrian Collisions,Pedestrian,35 to 39,Major,South,,,Vehicle turns left while ped crosses without ROW at inter.,Running onto Roadway,Inattentive,,,,Yes,,Yes,,,,,,,,,Islington
19,Major Arterial,North York,Intersection,Traffic Signal,Rain,Dark,Wet,Non-Fatal Injury,Rear End,Passenger,40 to 44,Major,,,,,,,,,,,,Yes,,,,Yes,,Yes,,,Newtonbrook West
1405,Collector,Scarborough,Mid-Block,No Control,Clear,Daylight,Dry,Non-Fatal Injury,Approaching,Vehicle Owner,unknown,,,,,,,,,,,,,Yes,,,,,Yes,Yes,,Yes,Golfdale-Cedarbrae-Woburn
1042,Local,Toronto and East York,Mid-Block,No Control,Rain,Daylight,Wet,Non-Fatal Injury,SMV Other,Other Property Owner,unknown,,,,,,,,,,,,,Yes,,,,Yes,,,,,High Park-Swansea
1848,Major Arterial,Scarborough,Mid-Block,No Control,Rain,Dark,Wet,Non-Fatal Injury,Pedestrian Collisions,Driver,30 to 34,,East,Going Ahead,Speed too Fast For Condition,,,,,,,Yes,,Yes,,,,,Yes,Yes,,,Kennedy Park
19,Major Arterial,North York,Intersection,Traffic Signal,Rain,Dark,Wet,Non-Fatal Injury,Rear End,Driver,25 to 29,Minimal,North,Stopped,Driving Properly,,,,,,,,,Yes,,,,Yes,,Yes,,,Newtonbrook West
800,Major Arterial,Scarborough,Mid-Block,No Control,Clear,Daylight,Dry,Non-Fatal Injury,Pedestrian Collisions,Driver,40 to 44,,West,Going Ahead,Driving Properly,,,,,,,Yes,,Yes,,,,,,,,,Bendale South
318,Major Arterial,North York,Mid-Block,No Control,Clear,Dark,Dry,Non-Fatal Injury,SMV Unattended Vehicle,Driver,15 to 19,Major,East,Going Ahead,Lost control,,,,,,,,,Yes,,,,Yes,,,,,Bridle Path-Sunnybrook-York Mills
2028,Major Arterial,North York,Intersection,Traffic Signal,Rain,Dark,Wet,Non-Fatal Injury,Pedestrian Collisions,Vehicle Owner,unknown,,,,,,,,,,,Yes,,Yes,,,,,,,,,Downsview
19,Major Arterial,North York,Intersection,Traffic Signal,Rain,Dark,Wet,Non-Fatal Injury,Rear End,Driver,25 to 29,,North,Stopped,Following too Close,,,,,,,,,Yes,,,,Yes,,Yes,,,Newtonbrook West
1405,Collector,Scarborough,Mid-Block,No Control,Clear,Daylight,Dry,Non-Fatal Injury,Approaching,Vehicle Owner,unknown,,,,,,,,,,,,,Yes,,,,,Yes,Yes,,Yes,Golfdale-Cedarbrae-Woburn
800,Major Arterial,Scarborough,Mid-Block,No Control,Clear,Daylight,Dry,Non-Fatal Injury,Pedestrian Collisions,Pedestrian,10 to 14,Major,,,,Pedestrian hit at mid-block,Running onto Roadway,Inattentive,,,,Yes,,Yes,,,,,,,,,Bendale South
1402,Major Arterial,Etobicoke York,Mid-Block,No Control,Clear,Daylight,Wet,Non-Fatal Injury,SMV Other,Other Property Owner,unknown,,,,,,,,,,,,,Yes,,,,,Yes,Yes,,,Junction Area
2257,Major Arterial,Toronto and East York,Mid-Block,No Control,Clear,Dark,Dry,Non-Fatal Injury,SMV Unattended Vehicle,Vehicle Owner,unknown,,,Parked,,,,,,,,,,Yes,,,,Yes,Yes,Yes,,Yes,Humewood-Cedarvale
1907,Major Arterial,North York,Intersection,Yield Sign,Clear,"Dusk, artificial",Dry,Non-Fatal Injury,Pedestrian Collisions,Vehicle Owner,unknown,,,,,,,,,,,Yes,,Yes,,,,,,Yes,,,Yorkdale-Glen Park
2257,Major Arterial,Toronto and East York,Mid-Block,No Control,Clear,Dark,Dry,Non-Fatal Injury,SMV Unattended Vehicle,Passenger,20 to 24,Minor,,,,,,,,,,,,Yes,,,,Yes,Yes,Yes,,Yes,Humewood-Cedarvale
2028,Major Arterial,North York,Intersection,Traffic Signal,Rain,Dark,Wet,Non-Fatal Injury,Pedestrian Collisions,Driver,30 to 34,,West,Slowing or Stopping,Driving Properly,,,,,,,Yes,,Yes,,,,,,,,,Downsview
1405,Collector,Scarborough,Mid-Block,No Control,Clear,Daylight,Dry,Non-Fatal Injury,Approaching,Driver,65 to 69,Major,West,Going Ahead,Speed too Fast For Condition,,,,,,,,,Yes,,,,,Yes,Yes,,Yes,Golfdale-Cedarbrae-Woburn
1848,Major Arterial,Scarborough,Mid-Block,No Control,Rain,Dark,Wet,Non-Fatal Injury,Pedestrian Collisions,Pedestrian,15 to 19,Major,South,,,Pedestrian hit at mid-block,"Crossing, no Traffic Control",Normal,,,,Yes,,Yes,,,,,Yes,Yes,,,Kennedy Park
1907,Major Arterial,North York,Intersection,Yield Sign,Clear,"Dusk, artificial",Dry,Non-Fatal Injury,Pedestrian Collisions,Driver,65 to 69,,South,Going Ahead,Failed to Yield Right of Way,,,,,,,Yes,,Yes,,,,,,Yes,,,Yorkdale-Glen Park
2257,Major Arterial,Toronto and East York,Mid-Block,No Control,Clear,Dark,Dry,Non-Fatal Injury,SMV Unattended Vehicle,Passenger,20 to 24,Minor,,,,,,,,,,,,Yes,,,,Yes,Yes,Yes,,Yes,Humewood-Cedarvale
2028,Major Arterial,North York,Intersection,Traffic Signal,Rain,Dark,Wet,Non-Fatal Injury,Pedestrian Collisions,Pedestrian,75 to 79,Major,South,,,Vehicle is going straight thru inter.while ped cross without ROW,Crossing without right of way,Normal,,,,Yes,,Yes,,,,,,,,,Downsview
1405,Collector,Scarborough,Mid-Block,No Control,Clear,Daylight,Dry,Non-Fatal Injury,Approaching,Vehicle Owner,unknown,,,,,,,,,,,,,Yes,,,,,Yes,Yes,,Yes,Golfdale-Cedarbrae-Woburn
958,Major Arterial,Etobicoke York,Intersection,Traffic Signal,Clear,Daylight,Dry,Non-Fatal Injury,Angle,Passenger,40 to 44,Major,,,,,,,,,,,,Yes,,,,Yes,,Yes,Yes,,Kingsview Village-The Westway
1453,Major Arterial,North York,Mid-Block,No Control,Clear,Daylight,Dry,Non-Fatal Injury,Pedestrian Collisions,Driver,55 to 59,Major,South,Going Ahead,Lost control,,,,,,,Yes,,Yes,,,,,,,,,Bedford Park-Nortown
2245,Major Arterial,Etobicoke York,Intersection,Traffic Signal,Clear,Daylight,Dry,Non-Fatal Injury,Turning Movement,Driver,40 to 44,Major,South,Turning Left,Disobeyed Traffic Control,,,,,,,,,Yes,,,,Yes,,Yes,Yes,,West Humber-Clairville
637,Major Arterial,Scarborough,Intersection,Traffic Signal,Clear,Dawn,Dry,Non-Fatal Injury,Pedestrian Collisions,Vehicle Owner,unknown,,,,,,,,,,,Yes,,Yes,,,,,,Yes,,,Woburn North
958,Major Arterial,Etobicoke York,Intersection,Traffic Signal,Clear,Daylight,Dry,Non-Fatal Injury,Angle,Vehicle Owner,unknown,,,,,,,,,,,,,Yes,,,,Yes,,Yes,Yes,,Kingsview Village-The Westway
1958,,Etobicoke York,Mid-Block (Abnormal),No Control,Rain,Dark,Wet,Non-Fatal Injury,SMV Other,Driver,50 to 54,Minimal,East,Going Ahead,Driving Properly,,,,,,,,,Yes,,,,Yes,Yes,Yes,,,Humber Bay Shores
2000,Major Arterial,Scarborough,Mid-Block,No Control,Clear,Dark,Dry,Non-Fatal Injury,Pedestrian Collisions,Driver,50 to 54,Minor,West,Overtaking,Other,,,,,,,Yes,,Yes,,,,,,,,,Wexford/Maryvale
1907,Major Arterial,North York,Intersection,Yield Sign,Clear,"Dusk, artificial",Dry,Non-Fatal Injury,Pedestrian Collisions,Pedestrian,45 to 49,Major,East,,,Vehicle is going straight thru inter.while ped cross with ROW,Crossing with right of way,Normal,,,,Yes,,Yes,,,,,,Yes,,,Yorkdale-Glen Park
2000,Major Arterial,Scarborough,Mid-Block,No Control,Clear,Dark,Dry,Non-Fatal Injury,Pedestrian Collisions,Pedestrian,55 to 59,Major,South,,,Pedestrian hit at mid-block,"Crossing, no Traffic Control",Inattentive,,,,Yes,,Yes,,,,,,,,,Wexford/Maryvale
2257,Major Arterial,Toronto and East York,Mid-Block,No Control,Clear,Dark,Dry,Non-Fatal Injury,SMV Unattended Vehicle,Driver,20 to 24,Major,North,Changing Lanes,Failed to Yield Right of Way,,,,,,,,,Yes,,,,Yes,Yes,Yes,,Yes,Humewood-Cedarvale
1405,Collector,Scarborough,Mid-Block,No Control,Clear,Daylight,Dry,Non-Fatal Injury,Approaching,Vehicle Owner,unknown,,,,,,,,,,,,,Yes,,,,,Yes,Yes,,Yes,Golfdale-Cedarbrae-Woburn
2245,Major Arterial,Etobicoke York,Intersection,Traffic Signal,Clear,Daylight,Dry,Non-Fatal Injury,Turning Movement,Passenger,15 to 19,Minimal,,,,,,,,,,,,Yes,,,,Yes,,Yes,Yes,,West Humber-Clairville
958,Major Arterial,Etobicoke York,Intersection,Traffic Signal,Clear,Daylight,Dry,Non-Fatal Injury,Angle,Driver,35 to 39,Minor,East,Going Ahead,Disobeyed Traffic Control,,,,,,,,,Yes,,,,Yes,,Yes,Yes,,Kingsview Village-The Westway
1453,Major Arterial,North York,Mid-Block,No Control,Clear,Daylight,Dry,Non-Fatal Injury,Pedestrian Collisions,Other Property Owner,unknown,,,,,,,,,,,Yes,,Yes,,,,,,,,,Bedford Park-Nortown
658,Minor Arterial,Toronto and East York,Mid-Block,No Control,Clear,Daylight,Dry,Non-Fatal Injury,SMV Unattended Vehicle,Driver,45 to 49,Major,South,Going Ahead,Lost control,,,,,,,,,Yes,,,,,,Yes,,,Weston-Pelham Park
2257,Major Arterial,Toronto and East York,Mid-Block,No Control,Clear,Dark,Dry,Non-Fatal Injury,SMV Unattended Vehicle,Other Property Owner,unknown,,,,,,,,,,,,,Yes,,,,Yes,Yes,Yes,,Yes,Humewood-Cedarvale
958,Major Arterial,Etobicoke York,Intersection,Traffic Signal,Clear,Daylight,Dry,Non-Fatal Injury,Angle,Driver,40 to 44,Major,North,Going Ahead,Driving Properly,,,,,,,,,Yes,,,,Yes,,Yes,Yes,,Kingsview Village-The Westway
1958,,Etobicoke York,Mid-Block (Abnormal),No Control,Rain,Dark,Wet,Non-Fatal Injury,SMV Other,Passenger,15 to 19,Major,,,,,,,,,,,,Yes,,,,Yes,Yes,Yes,,,Humber Bay Shores
658,Minor Arterial,Toronto and East York,Mid-Block,No Control,Clear,Daylight,Dry,Non-Fatal Injury,SMV Unattended Vehicle,Vehicle Owner,unknown,,,Parked,,,,,,,,,,Yes,,,,,,Yes,,,Weston-Pelham Park
1453,Major Arterial,North York,Mid-Block,No Control,Clear,Daylight,Dry,Non-Fatal Injury,Pedestrian Collisions,Pedestrian,35 to 39,Minimal,,,,Pedestrian hit on sidewalk or shoulder,On Sidewalk or Shoulder,Unknown,,,,Yes,,Yes,,,,,,,,,Bedford Park-Nortown
1705,Major Arterial,Etobicoke York,Mid-Block,No Control,Clear,Daylight,Dry,Non-Fatal Injury,Approaching,Passenger,75 to 79,Minor,,,,,,,,,,,,Yes,,,,Yes,,Yes,,,Oakdale-Beverley Heights
958,Major Arterial,Etobicoke York,Intersection,Traffic Signal,Clear,Daylight,Dry,Non-Fatal Injury,Angle,Passenger,75 to 79,Minimal,,,,,,,,,,,,Yes,,,,Yes,,Yes,Yes,,Kingsview Village-The Westway
830,Major Arterial,Scarborough,Intersection,Traffic Signal,Clear,Daylight,Dry,Non-Fatal Injury,Pedestrian Collisions,Driver,55 to 59,,East,Turning Right,Failed to Yield Right of Way,,,,,,,Yes,,Yes,,,,,,Yes,,,Clairlea-Birchmount
2245,Major Arterial,Etobicoke York,Intersection,Traffic Signal,Clear,Daylight,Dry,Non-Fatal Injury,Turning Movement,Driver,45 to 49,Minimal,West,Going Ahead,Driving Properly,,,,,,,,,Yes,,,,Yes,,Yes,Yes,,West Humber-Clairville
1958,,Etobicoke York,Mid-Block (Abnormal),No Control,Rain,Dark,Wet,Non-Fatal Injury,SMV Other,Passenger,15 to 19,Minor,,,,,,,,,,,,Yes,,,,Yes,Yes,Yes,,,Humber Bay Shores
658,Minor Arterial,Toronto and East York,Mid-Block,No Control,Clear,Daylight,Dry,Non-Fatal Injury,SMV Unattended Vehicle,Other Property Owner,unknown,,,,,,,,,,,,,Yes,,,,,,Yes,,,Weston-Pelham Park
1453,Major Arterial,North York,Mid-Block,No Control,Clear,Daylight,Dry,Non-Fatal Injury,Pedestrian Collisions,Other Property Owner,unknown,,,,,,,,,,,Yes,,Yes,,,,,,,,,Bedford Park-Nortown
958,Major Arterial,Etobicoke York,Intersection,Traffic Signal,Clear,Daylight,Dry,Non-Fatal Injury,Angle,Driver,45 to 49,,North,Going Ahead,Driving Properly,,,,,,,,,Yes,,,,Yes,,Yes,Yes,,Kingsview Village-The Westway
1705,Major Arterial,Etobicoke York,Mid-Block,No Control,Clear,Daylight,Dry,Non-Fatal Injury,Approaching,Passenger,30 to 34,Minor,,,,,,,,,,,,Yes,,,,Yes,,Yes,,,Oakdale-Beverley Heights
830,Major Arterial,Scarborough,Intersection,Traffic Signal,Clear,Daylight,Dry,Non-Fatal Injury,Pedestrian Collisions,Pedestrian,55 to 59,Major,East,,,Vehicle turns right while ped crosses with ROW at inter.,Crossing with right of way,Normal,,,,Yes,,Yes,,,,,,Yes,,,Clairlea-Birchmount
2330,Minor Arterial,Toronto and East York,Intersection,Traffic Signal,Other,Dark,Dry,Non-Fatal Injury,Angle,Driver,30 to 34,Major,East,Going Ahead,Driving Properly,,,,,,,,,Yes,,,,,,Yes,Yes,,Palmerston-Little Italy
1102,Major Arterial,Toronto and East York,Intersection,Traffic Signal,Clear,Daylight,Dry,Non-Fatal Injury,Pedestrian Collisions,Pedestrian,55 to 59,Minor,South,,,Vehicle turns right while ped crosses with ROW at inter.,Crossing with right of way,Normal,,,,Yes,,Yes,,,,,,Yes,,,Dovercourt Village
2330,Minor Arterial,Toronto and East York,Intersection,Traffic Signal,Other,Dark,Dry,Non-Fatal Injury,Angle,Driver,25 to 29,,North,Going Ahead,Disobeyed Traffic Control,,,,,,,,,Yes,,,,,,Yes,Yes,,Palmerston-Little Italy
817,Major Arterial,Etobicoke York,Mid-Block,No Control,Clear,Daylight,Dry,Non-Fatal Injury,Rear End,Driver,40 to 44,,North,Going Ahead,Following too Close,,,,,,,,,Yes,,,,Yes,,Yes,,,Mount Olive-Silverstone-Jamestown
1425,Major Arterial,Etobicoke York,Intersection,Traffic Signal,Clear,Daylight,Dry,Non-Fatal Injury,Pedestrian Collisions,Other,unknown,,,Unknown,,,,,,,,Yes,,,,Yes,,,,,,,Brookhaven-Amesbury
1958,,Etobicoke York,Mid-Block (Abnormal),No Control,Rain,Dark,Wet,Non-Fatal Injury,SMV Other,Driver,15 to 19,Minimal,East,Changing Lanes,Lost control,,,,,,,,,Yes,,,,Yes,Yes,Yes,,,Humber Bay Shores
320,Minor Arterial,Etobicoke York,Mid-Block,No Control,Clear,Dark,Dry,Non-Fatal Injury,Approaching,Passenger,15 to 19,Minor,,,,,,,,,,,,Yes,,,,Yes,,Yes,,Yes,Beechborough-Greenbrook
1705,Major Arterial,Etobicoke York,Mid-Block,No Control,Clear,Daylight,Dry,Non-Fatal Injury,Approaching,Driver,35 to 39,Minor,West,Going Ahead,Driving Properly,,,,,,,,,Yes,,,,Yes,,Yes,,,Oakdale-Beverley Heights
1600,Major Arterial,Toronto and East York,Intersection,Traffic Signal,Clear,Daylight,Dry,Non-Fatal Injury,Angle,Driver,45 to 49,,North,Going Ahead,Driving Properly,,,,,,,,,Yes,,Yes,,,,Yes,Yes,,South Riverdale
817,Major Arterial,Etobicoke York,Mid-Block,No Control,Clear,Daylight,Dry,Non-Fatal Injury,Rear End,Passenger,35 to 39,Major,,,,,,,,,,,,Yes,,,,Yes,,Yes,,,Mount Olive-Silverstone-Jamestown
1102,Major Arterial,Toronto and East York,Intersection,Traffic Signal,Clear,Daylight,Dry,Non-Fatal Injury,Pedestrian Collisions,Pedestrian,80 to 84,Major,South,,,Vehicle turns right while ped crosses with ROW at inter.,Crossing with right of way,Normal,,,,Yes,,Yes,,,,,,Yes,,,Dovercourt Village
1425,Major Arterial,Etobicoke York,Intersection,Traffic Signal,Clear,Daylight,Dry,Non-Fatal Injury,Pedestrian Collisions,Pedestrian,30 to 34,Major,,,,Pedestrian hit on sidewalk or shoulder,On Sidewalk or Shoulder,Normal,,,,Yes,,,,Yes,,,,,,,Brookhaven-Amesbury
1610,Major Arterial,North York,Intersection,Pedestrian Crossover,Clear,Daylight,Dry,Non-Fatal Injury,Pedestrian Collisions,Passenger,10 to 14,Minimal,,,,,,,,,,Yes,,Yes,,,,Yes,,Yes,,,Bridle Path-Sunnybrook-York Mills
320,Minor Arterial,Etobicoke York,Mid-Block,No Control,Clear,Dark,Dry,Non-Fatal Injury,Approaching,Driver,45 to 49,Major,South,Going Ahead,Driving Properly,,,,,,,,,Yes,,,,Yes,,Yes,,Yes,Beechborough-Greenbrook
330,Major Arterial,Etobicoke York,Intersection,Traffic Signal,Rain,Dark,Wet,Non-Fatal Injury,Pedestrian Collisions,Driver,25 to 29,,North,Going Ahead,Driving Properly,,,,,,,Yes,,Yes,,,,,,,,,West Humber-Clairville
1600,Major Arterial,Toronto and East York,Intersection,Traffic Signal,Clear,Daylight,Dry,Non-Fatal Injury,Angle,Vehicle Owner,unknown,,,,,,,,,,,,,Yes,,Yes,,,,Yes,Yes,,South Riverdale
1705,Major Arterial,Etobicoke York,Mid-Block,No Control,Clear,Daylight,Dry,Non-Fatal Injury,Approaching,Driver,30 to 34,Major,East,Overtaking,Failed to Yield Right of Way,,,,,,,,,Yes,,,,Yes,,Yes,,,Oakdale-Beverley Heights
817,Major Arterial,Etobicoke York,Mid-Block,No Control,Clear,Daylight,Dry,Non-Fatal Injury,Rear End,Driver,40 to 44,,North,Going Ahead,Driving Properly,,,,,,,,,Yes,,,,Yes,,Yes,,,Mount Olive-Silverstone-Jamestown
1610,Major Arterial,North York,Intersection,Pedestrian Crossover,Clear,Daylight,Dry,Non-Fatal Injury,Pedestrian Collisions,Driver,30 to 34,,West,Going Ahead,Disobeyed Traffic Control,,,,,,,Yes,,Yes,,,,Yes,,Yes,,,Bridle Path-Sunnybrook-York Mills
1610,Major Arterial,North York,Intersection,Pedestrian Crossover,Clear,Daylight,Dry,Non-Fatal Injury,Pedestrian Collisions,Pedestrian,15 to 19,Major,,,,Pedestrian hit a PXO/ped. Mid-block signal,"Crossing, Pedestrian Crossover",Normal,,,,Yes,,Yes,,,,Yes,,Yes,,,Bridle Path-Sunnybrook-York Mills
320,Minor Arterial,Etobicoke York,Mid-Block,No Control,Clear,Dark,Dry,Non-Fatal Injury,Approaching,Driver,30 to 34,Major,North,Going Ahead,Lost control,,,,,,,,,Yes,,,,Yes,,Yes,,Yes,Beechborough-Greenbrook
1430,Major Arterial,Etobicoke York,Mid-Block,No Control,Clear,Daylight,Dry,Non-Fatal Injury,SMV Other,Vehicle Owner,unknown,,,,,,,,,,,,,Yes,,,,,,,,,West Humber-Clairville
330,Major Arterial,Etobicoke York,Intersection,Traffic Signal,Rain,Dark,Wet,Non-Fatal Injury,Pedestrian Collisions,Pedestrian,70 to 74,Major,East,,,Vehicle is going straight thru inter.while ped cross without ROW,Crossing without right of way,Inattentive,,,,Yes,,Yes,,,,,,,,,West Humber-Clairville
1425,Major Arterial,Etobicoke York,Intersection,Traffic Signal,Clear,Daylight,Dry,Non-Fatal Injury,Pedestrian Collisions,Other Property Owner,unknown,,,Unknown,,,,,,,,Yes,,,,Yes,,,,,,,Brookhaven-Amesbury
1600,Major Arterial,Toronto and East York,Intersection,Traffic Signal,Clear,Daylight,Dry,Non-Fatal Injury,Angle,Truck Driver,50 to 54,Minimal,North,Going Ahead,Driving Properly,,,,,,,,,Yes,,Yes,,,,Yes,Yes,,South Riverdale
958,Major Arterial,Etobicoke York,Intersection,Traffic Signal,Rain,Daylight,Wet,Non-Fatal Injury,Pedestrian Collisions,Driver,80 to 84,,East,Going Ahead,Driving Properly,,,,,,,Yes,,Yes,,,,,,,,,Thistletown-Beaumond Heights
510,Minor Arterial,Toronto and East York,Mid-Block,No Control,Clear,Dark,Dry,Non-Fatal Injury,Pedestrian Collisions,Other,unknown,,,,,,,,,,,Yes,,Yes,,,,,,,,Yes,Trinity-Bellwoods
334,,Etobicoke York,Mid-Block,No Control,Clear,Dark,Dry,Non-Fatal Injury,SMV Other,Vehicle Owner,unknown,,,,,,,,,,,,,Yes,,,,Yes,Yes,Yes,,,Etobicoke City Centre
1430,Major Arterial,Etobicoke York,Mid-Block,No Control,Clear,Daylight,Dry,Non-Fatal Injury,SMV Other,Driver,20 to 24,Major,South,Going Ahead,Lost control,,,,,,,,,Yes,,,,,,,,,West Humber-Clairville
355,Major Arterial,Toronto and East York,Intersection,Traffic Signal,Rain,Dark,Wet,Non-Fatal Injury,Pedestrian Collisions,Driver,45 to 49,,South,Going Ahead,Driving Properly,,,,,,,Yes,,Yes,,,,,,,,,High Park-Swansea
1102,Major Arterial,Toronto and East York,Intersection,Traffic Signal,Clear,Daylight,Dry,Non-Fatal Injury,Pedestrian Collisions,Driver,70 to 74,,South,Turning Right,Failed to Yield Right of Way,,,,,,,Yes,,Yes,,,,,,Yes,,,Dovercourt Village
355,Major Arterial,Toronto and East York,Intersection,Traffic Signal,Rain,Dark,Wet,Non-Fatal Injury,Pedestrian Collisions,Pedestrian,40 to 44,Major,West,,,Vehicle is going straight thru inter.while ped cross without ROW,Crossing without right of way,Had Been Drinking,,,,Yes,,Yes,,,,,,,,,High Park-Swansea
1435,Minor Arterial,Scarborough,Mid-Block,No Control,Clear,Daylight,Dry,Non-Fatal Injury,Pedestrian Collisions,Vehicle Owner,unknown,,,,,,,,,,,Yes,,,,Yes,,,,,,,Clairlea-Birchmount
958,Major Arterial,Etobicoke York,Intersection,Traffic Signal,Rain,Daylight,Wet,Non-Fatal Injury,Pedestrian Collisions,Pedestrian,50 to 54,Minimal,South,,,Vehicle is going straight thru inter.while ped cross without ROW,Crossing without right of way,Normal,,,,Yes,,Yes,,,,,,,,,Thistletown-Beaumond Heights
1425,Major Arterial,Etobicoke York,Intersection,Traffic Signal,Clear,Daylight,Dry,Non-Fatal Injury,Pedestrian Collisions,Truck Driver,30 to 34,,West,Turning Right,Improper Turn,,,,,,,Yes,,,,Yes,,,,,,,Brookhaven-Amesbury
1645,Minor Arterial,North York,Intersection,Stop Sign,Clear,Dusk,Wet,Non-Fatal Injury,Pedestrian Collisions,Passenger,15 to 19,,,,,,,,,,,Yes,,Yes,,,,Yes,,Yes,,,Willowdale West
2240,Collector,North York,Mid-Block,No Control,Clear,Dark,Dry,Non-Fatal Injury,Pedestrian Collisions,Vehicle Owner,unknown,,,,,,,,,,,Yes,,Yes,,,,,,,,,Pleasant View
510,Minor Arterial,Toronto and East York,Mid-Block,No Control,Clear,Dark,Dry,Non-Fatal Injury,Pedestrian Collisions,Driver,30 to 34,Minor,East,Going Ahead,Lost control,,,,,,,Yes,,Yes,,,,,,,,Yes,Trinity-Bellwoods
334,,Etobicoke York,Mid-Block,No Control,Clear,Dark,Dry,Non-Fatal Injury,SMV Other,Passenger,30 to 34,Major,,Other,,,,,,,,,,Yes,,,,Yes,Yes,Yes,,,Etobicoke City Centre
1600,Major Arterial,Toronto and East York,Intersection,Traffic Signal,Clear,Daylight,Dry,Non-Fatal Injury,Angle,Vehicle Owner,unknown,,,,,,,,,,,,,Yes,,Yes,,,,Yes,Yes,,South Riverdale
440,Major Arterial,Scarborough,Intersection,Traffic Signal,Clear,Dark,Dry,Fatal,Pedestrian Collisions,Driver,20 to 24,,West,Going Ahead,Failed to Yield Right of Way,,,,,,,Yes,,Yes,,,,,,Yes,,,Milliken
2240,Collector,North York,Mid-Block,No Control,Clear,Dark,Dry,Non-Fatal Injury,Pedestrian Collisions,Vehicle Owner,unknown,,,,,,,,,,,Yes,,Yes,,,,,,,,,Pleasant View
2240,Collector,North York,Mid-Block,No Control,Clear,Dark,Dry,Non-Fatal Injury,Pedestrian Collisions,Driver,40 to 44,Major,East,Reversing,Lost control,,,,,,,Yes,,Yes,,,,,,,,,Pleasant View
510,Minor Arterial,Toronto and East York,Mid-Block,No Control,Clear,Dark,Dry,Non-Fatal Injury,Pedestrian Collisions,Pedestrian,40 to 44,Major,,,,Pedestrian hit on sidewalk or shoulder,On Sidewalk or Shoulder,Normal,,,,Yes,,Yes,,,,,,,,Yes,Trinity-Bellwoods
1435,Minor Arterial,Scarborough,Mid-Block,No Control,Clear,Daylight,Dry,Non-Fatal Injury,Pedestrian Collisions,Truck Driver,70 to 74,,North,Stopped,Lost control,,,,,,,Yes,,,,Yes,,,,,,,Clairlea-Birchmount
958,Major Arterial,Etobicoke York,Intersection,Traffic Signal,Rain,Daylight,Wet,Non-Fatal Injury,Pedestrian Collisions,Pedestrian,55 to 59,Major,South,,,Vehicle is going straight thru inter.while ped cross without ROW,Crossing without right of way,Normal,,,,Yes,,Yes,,,,,,,,,Thistletown-Beaumond Heights
334,,Etobicoke York,Mid-Block,No Control,Clear,Dark,Dry,Non-Fatal Injury,SMV Other,Driver,20 to 24,Major,West,Going Ahead,Lost control,,,,,,,,,Yes,,,,Yes,Yes,Yes,,,Etobicoke City Centre
440,Major Arterial,Scarborough,Intersection,Traffic Signal,Clear,Dark,Dry,Fatal,Pedestrian Collisions,Pedestrian,55 to 59,Fatal,South,,,Vehicle is going straight thru inter.while ped cross with ROW,Crossing with right of way,Unknown,,,,Yes,,Yes,,,,,,Yes,,,Milliken
1600,Major Arterial,Toronto and East York,Intersection,Traffic Signal,Clear,Daylight,Dry,Non-Fatal Injury,Angle,Driver,35 to 39,Major,East,Going Ahead,Disobeyed Traffic Control,,,,,,,,,Yes,,Yes,,,,Yes,Yes,,South Riverdale
1645,Minor Arterial,North York,Intersection,Stop Sign,Clear,Dusk,Wet,Non-Fatal Injury,Pedestrian Collisions,Driver,15 to 19,,South,Going Ahead,Disobeyed Traffic Control,,,,,,,Yes,,Yes,,,,Yes,,Yes,,,Willowdale West
1044,Major Arterial,Etobicoke York,Intersection,Traffic Controller,Clear,Daylight,Dry,Non-Fatal Injury,Turning Movement,Driver,35 to 39,Major,East,Going Ahead,Improper Turn,,,,,,,,,Yes,,,,,,,,,West Humber-Clairville
1550,Major Arterial,Toronto and East York,Mid-Block,No Control,Clear,Daylight,Dry,Non-Fatal Injury,Turning Movement,Vehicle Owner,unknown,,,,,,,,,,,,,Yes,,Yes,,,,,,,Annex
1255,Major Arterial,Toronto and East York,Intersection,No Control,Clear,Daylight,Dry,Non-Fatal Injury,Pedestrian Collisions,Vehicle Owner,unknown,,,,,,,,,,,Yes,,Yes,,,,,,Yes,,,Junction-Wallace Emerson
2240,Collector,North York,Mid-Block,No Control,Clear,Dark,Dry,Non-Fatal Injury,Pedestrian Collisions,Pedestrian,35 to 39,Minor,,,,Pedestrian hit at private driveway,Other,Normal,,,,Yes,,Yes,,,,,,,,,Pleasant View
1435,Minor Arterial,Scarborough,Mid-Block,No Control,Clear,Daylight,Dry,Non-Fatal Injury,Pedestrian Collisions,Pedestrian,45 to 49,Major,,,,Pedestrian hit at mid-block,Pushing/Working on Vehicle,Normal,,,,Yes,,,,Yes,,,,,,,Clairlea-Birchmount