TIME,ROAD_CLASS,DISTRICT,LOCCOORD,TRAFFCTL,VISIBILITY,LIGHT,RDSFCOND,ACCLASS,IMPACTYPE,INVTYPE,INVAGE,INJURY,INITDIR,MANOEUVER,DRIVACT,PEDTYPE,PEDACT,PEDCOND,CYCLISTYPE,CYCACT,CYCCOND,PEDESTRIAN,CYCLIST,AUTOMOBILE,MOTORCYCLE,TRUCK,TRSN_CITY_VEH,PASSENGER,SPEEDING,AG_DRIV,REDLIGHT,ALCOHOL,NEIGHBOURHOOD_158
1645,Minor Arterial,North York,Intersection,Stop Sign,Clear,Dusk,Wet,Non-Fatal Injury,Pedestrian Collisions,Pedestrian,65 to 69,Major,West,,,Vehicle is going straight thru inter.while ped cross with ROW,Crossing with right of way,Normal,,,,Yes,,Yes,,,,Yes,,Yes,,,Willowdale West
203,Major Arterial,Scarborough,Intersection,Traffic Signal,Rain,Dark,Wet,Non-Fatal Injury,Pedestrian Collisions,Driver,20 to 24,,South,Going Ahead,Driving Properly,,,,,,,Yes,,Yes,,,,,,,,,Kennedy Park
1044,Major Arterial,Etobicoke York,Intersection,Traffic Controller,Clear,Daylight,Dry,Non-Fatal Injury,Turning Movement,Driver,15 to 19,Minimal,West,Turning Left,Improper Turn,,,,,,,,,Yes,,,,,,,,,West Humber-Clairville
1550,Major Arterial,Toronto and East York,Mid-Block,No Control,Clear,Daylight,Dry,Non-Fatal Injury,Turning Movement,Truck Driver,30 to 34,,North,Going Ahead,Driving Properly,,,,,,,,,Yes,,Yes,,,,,,,Annex
805,Minor Arterial,Toronto and East York,Intersection,Pedestrian Crossover,Clear,Daylight,Dry,Non-Fatal Injury,Pedestrian Collisions,Driver,unknown,,North,Going Ahead,Failed to Yield Right of Way,,,,,,,Yes,,Yes,,,,,,Yes,,,Roncesvalles
1309,Major Arterial,Toronto and East York,Intersection,Stop Sign,Clear,Daylight,Dry,Non-Fatal Injury,Pedestrian Collisions,Driver,55 to 59,,South,Going Ahead,Failed to Yield Right of Way,,,,,,,Yes,,Yes,,,,,,Yes,,,South Riverdale
1255,Major Arterial,Toronto and East York,Intersection,No Control,Clear,Daylight,Dry,Non-Fatal Injury,Pedestrian Collisions,Driver,35 to 39,,North,Turning Left,Failed to Yield Right of Way,,,,,,,Yes,,Yes,,,,,,Yes,,,Junction-Wallace Emerson
1802,Minor Arterial,Scarborough,Intersection,Traffic Signal,Snow,Dark,Wet,Non-Fatal Injury,Pedestrian Collisions,Driver,30 to 34,,East,Turning Left,Failed to Yield Right of Way,,,,,,,Yes,,Yes,,,,,,Yes,,,Malvern West
805,Minor Arterial,Toronto and East York,Intersection,Pedestrian Crossover,Clear,Daylight,Dry,Non-Fatal Injury,Pedestrian Collisions,Pedestrian,65 to 69,Major,East,,,Pedestrian hit a PXO/ped. Mid-block signal,"Crossing, Pedestrian Crossover",Normal,,,,Yes,,Yes,,,,,,Yes,,,Roncesvalles
1044,Major Arterial,Etobicoke York,Intersection,Traffic Controller,Clear,Daylight,Dry,Non-Fatal Injury,Turning Movement,Vehicle Owner,unknown,,,,,,,,,,,,,Yes,,,,,,,,,West Humber-Clairville
1550,Major Arterial,Toronto and East York,Mid-Block,No Control,Clear,Daylight,Dry,Non-Fatal Injury,Turning Movement,Vehicle Owner,unknown,,,,,,,,,,,,,Yes,,Yes,,,,,,,Annex
1750,Major Arterial,North York,Intersection,No Control,Clear,Dark,Dry,Fatal,Pedestrian Collisions,Vehicle Owner,unknown,,,,,,,,,,,Yes,,Yes,,,,,,,,,Pleasant View
1802,Minor Arterial,Scarborough,Intersection,Traffic Signal,Snow,Dark,Wet,Non-Fatal Injury,Pedestrian Collisions,Pedestrian,70 to 74,Major,West,,,Vehicle turns left while ped crosses with ROW at inter.,Crossing with right of way,Normal,,,,Yes,,Yes,,,,,,Yes,,,Malvern West
1904,Minor Arterial,North York,Intersection,Pedestrian Crossover,Rain,Dark,Wet,Non-Fatal Injury,Pedestrian Collisions,Vehicle Owner,unknown,,,,,,,,,,,Yes,,Yes,,,,,,Yes,,,Flemingdon Park
1044,Major Arterial,Etobicoke York,Intersection,Traffic Controller,Clear,Daylight,Dry,Non-Fatal Injury,Turning Movement,Driver,40 to 44,Minor,East,Going Ahead,Driving Properly,,,,,,,,,Yes,,,,,,,,,West Humber-Clairville
1255,Major Arterial,Toronto and East York,Intersection,No Control,Clear,Daylight,Dry,Non-Fatal Injury,Pedestrian Collisions,Pedestrian,60 to 64,Major,South,,,Vehicle turns left while ped crosses with ROW at inter.,Crossing with right of way,Normal,,,,Yes,,Yes,,,,,,Yes,,,Junction-Wallace Emerson
1309,Major Arterial,Toronto and East York,Intersection,Stop Sign,Clear,Daylight,Dry,Non-Fatal Injury,Pedestrian Collisions,Pedestrian,25 to 29,Major,East,Going Ahead,,,,,,,,Yes,,Yes,,,,,,Yes,,,South Riverdale
1915,Minor Arterial,Toronto and East York,Mid-Block,No Control,Snow,Dark,Ice,Non-Fatal Injury,SMV Other,Driver,20 to 24,Major,West,Going Ahead,Lost control,,,,,,,,,Yes,,,,,,,,,Broadview North
1750,Major Arterial,North York,Intersection,No Control,Clear,Dark,Dry,Fatal,Pedestrian Collisions,Driver,50 to 54,,North,Going Ahead,Driving Properly,,,,,,,Yes,,Yes,,,,,,,,,Pleasant View
237,Local,Toronto and East York,Mid-Block,No Control,Clear,Dark,Dry,Non-Fatal Injury,SMV Other,Vehicle Owner,unknown,,,,,,,,,,,,,Yes,,,,Yes,Yes,Yes,,,Broadview North
1904,Minor Arterial,North York,Intersection,Pedestrian Crossover,Rain,Dark,Wet,Non-Fatal Injury,Pedestrian Collisions,Driver,40 to 44,,West,Going Ahead,Failed to Yield Right of Way,,,,,,,Yes,,Yes,,,,,,Yes,,,Flemingdon Park
203,Major Arterial,Scarborough,Intersection,Traffic Signal,Rain,Dark,Wet,Non-Fatal Injury,Pedestrian Collisions,Pedestrian,45 to 49,Major,West,,,Vehicle is going straight thru inter.while ped cross without ROW,Crossing without right of way,Normal,,,,Yes,,Yes,,,,,,,,,Kennedy Park
1012,Major Arterial,Etobicoke York,Intersection,Traffic Signal,Clear,Daylight,Dry,Non-Fatal Injury,Turning Movement,Vehicle Owner,unknown,,,,,,,,,,,,,Yes,,,,,,Yes,Yes,,Etobicoke City Centre
1500,Local,Scarborough,Mid-Block,No Control,Clear,Daylight,Dry,Non-Fatal Injury,SMV Other,Driver,60 to 64,Major,South,Going Ahead,Lost control,,,,,,,,,Yes,,,,,,,,,Guildwood
1904,Minor Arterial,North York,Intersection,Pedestrian Crossover,Rain,Dark,Wet,Non-Fatal Injury,Pedestrian Collisions,Pedestrian,25 to 29,Major,North,,,Pedestrian hit a PXO/ped. Mid-block signal,"Crossing, Pedestrian Crossover",Normal,,,,Yes,,Yes,,,,,,Yes,,,Flemingdon Park
237,Local,Toronto and East York,Mid-Block,No Control,Clear,Dark,Dry,Non-Fatal Injury,SMV Other,Passenger,20 to 24,,,,,,,,,,,,,Yes,,,,Yes,Yes,Yes,,,Broadview North
1741,Major Arterial,Toronto and East York,Intersection,Traffic Signal,Clear,Daylight,Dry,Non-Fatal Injury,Turning Movement,Driver,25 to 29,,West,Going Ahead,Driving Properly,,,,,,,,Yes,Yes,,,,,,Yes,,,University
1750,Major Arterial,North York,Intersection,No Control,Clear,Dark,Dry,Fatal,Pedestrian Collisions,Pedestrian,40 to 44,Fatal,West,,,Vehicle is going straight thru inter.while ped cross without ROW,"Crossing, no Traffic Control",Unknown,,,,Yes,,Yes,,,,,,,,,Pleasant View
3,Major Arterial,Toronto and East York,Intersection,Yield Sign,Clear,Dark,Dry,Non-Fatal Injury,Pedestrian Collisions,Driver,30 to 34,Minimal,West,Going Ahead,Driving Properly,,,,,,,Yes,,Yes,,,,,,,,,Annex
1012,Major Arterial,Etobicoke York,Intersection,Traffic Signal,Clear,Daylight,Dry,Non-Fatal Injury,Turning Movement,Driver,60 to 64,Minor,West,Going Ahead,Disobeyed Traffic Control,,,,,,,,,Yes,,,,,,Yes,Yes,,Etobicoke City Centre
237,Local,Toronto and East York,Mid-Block,No Control,Clear,Dark,Dry,Non-Fatal Injury,SMV Other,Passenger,15 to 19,,,,,,,,,,,,,Yes,,,,Yes,Yes,Yes,,,Broadview North
1910,Major Arterial,Etobicoke York,Intersection,Traffic Signal,Rain,Daylight,Wet,Non-Fatal Injury,Pedestrian Collisions,Driver,65 to 69,,South,Turning Left,Improper Turn,,,,,,,Yes,,Yes,,,,,,,,,Mount Olive-Silverstone-Jamestown
1801,Minor Arterial,Toronto and East York,Intersection,Traffic Signal,Snow,Dark,Loose Snow,Non-Fatal Injury,Angle,Vehicle Owner,unknown,,,Unknown,,,,,,,,,,Yes,,,,,,Yes,Yes,,Fort York-Liberty Village
1741,Major Arterial,Toronto and East York,Intersection,Traffic Signal,Clear,Daylight,Dry,Non-Fatal Injury,Turning Movement,Moped Driver,50 to 54,Major,West,Going Ahead,Driving Properly,,,,,,,,Yes,Yes,,,,,,Yes,,,University
1741,Major Arterial,Toronto and East York,Intersection,Traffic Signal,Clear,Daylight,Dry,Non-Fatal Injury,Turning Movement,Driver,unknown,,East,Turning Left,Failed to Yield Right of Way,,,,,,,,Yes,Yes,,,,,,Yes,,,University
1910,Major Arterial,Etobicoke York,Intersection,Traffic Signal,Rain,Daylight,Wet,Non-Fatal Injury,Pedestrian Collisions,Pedestrian,75 to 79,Major,South,,,Vehicle turns left while ped crosses with ROW at inter.,Crossing with right of way,Normal,,,,Yes,,Yes,,,,,,,,,Mount Olive-Silverstone-Jamestown
1801,Minor Arterial,Toronto and East York,Intersection,Traffic Signal,Snow,Dark,Loose Snow,Non-Fatal Injury,Angle,Driver,30 to 34,,East,Going Ahead,Driving Properly,,,,,,,,,Yes,,,,,,Yes,Yes,,Fort York-Liberty Village
237,Local,Toronto and East York,Mid-Block,No Control,Clear,Dark,Dry,Non-Fatal Injury,SMV Other,Passenger,15 to 19,,,,,,,,,,,,,Yes,,,,Yes,Yes,Yes,,,Broadview North
1012,Major Arterial,Etobicoke York,Intersection,Traffic Signal,Clear,Daylight,Dry,Non-Fatal Injury,Turning Movement,Driver,75 to 79,Major,East,Turning Left,Driving Properly,,,,,,,,,Yes,,,,,,Yes,Yes,,Etobicoke City Centre
3,Major Arterial,Toronto and East York,Intersection,Yield Sign,Clear,Dark,Dry,Non-Fatal Injury,Pedestrian Collisions,Pedestrian,15 to 19,Major,North,,,Vehicle is going straight thru inter.while ped cross without ROW,Crossing without right of way,Inattentive,,,,Yes,,Yes,,,,,,,,,Annex
1335,Major Arterial,Toronto and East York,Intersection,Traffic Signal,Clear,Daylight,Dry,Non-Fatal Injury,Rear End,Driver,80 to 84,Major,East,Going Ahead,Following too Close,,,,,,,,,Yes,,,,,,Yes,,,South Riverdale
4,Major Arterial,Scarborough,Intersection,Traffic Signal,Clear,Dark,Dry,Fatal,Turning Movement,Motorcycle Driver,20 to 24,Fatal,North,Going Ahead,Exceeding Speed Limit,,,,,,,,,Yes,Yes,,,,Yes,Yes,,,Tam O'Shanter-Sullivan
2042,Major Arterial,Etobicoke York,Intersection,Traffic Signal,Rain,Dark,Wet,Non-Fatal Injury,Turning Movement,Driver,80 to 84,Major,North,Turning Left,Improper Turn,,,,,,,,,Yes,,,,,,,,,Etobicoke West Mall
1355,Major Arterial,North York,Mid-Block,No Control,Clear,Daylight,Dry,Non-Fatal Injury,Turning Movement,Vehicle Owner,unknown,,,,,,,,,,,,,Yes,,,,,,Yes,,,York University Heights
1801,Minor Arterial,Toronto and East York,Intersection,Traffic Signal,Snow,Dark,Loose Snow,Non-Fatal Injury,Angle,Vehicle Owner,unknown,,,,,,,,,,,,,Yes,,,,,,Yes,Yes,,Fort York-Liberty Village
1335,Major Arterial,Toronto and East York,Intersection,Traffic Signal,Clear,Daylight,Dry,Non-Fatal Injury,Rear End,Vehicle Owner,unknown,,,,,,,,,,,,,Yes,,,,,,Yes,,,South Riverdale
1740,Collector,North York,Mid-Block,No Control,Clear,Dark,Dry,Non-Fatal Injury,Pedestrian Collisions,Vehicle Owner,unknown,,,,,,,,,,,Yes,,Yes,,,,,,,,,Parkwoods-O'Connor Hills
4,Major Arterial,Scarborough,Intersection,Traffic Signal,Clear,Dark,Dry,Fatal,Turning Movement,Vehicle Owner,unknown,,,,,,,,,,,,,Yes,Yes,,,,Yes,Yes,,,Tam O'Shanter-Sullivan
1355,Major Arterial,North York,Mid-Block,No Control,Clear,Daylight,Dry,Non-Fatal Injury,Turning Movement,Driver,35 to 39,Minor,South,Going Ahead,Driving Properly,,,,,,,,,Yes,,,,,,Yes,,,York University Heights
2042,Major Arterial,Etobicoke York,Intersection,Traffic Signal,Rain,Dark,Wet,Non-Fatal Injury,Turning Movement,Driver,40 to 44,,South,Stopped,Driving Properly,,,,,,,,,Yes,,,,,,,,,Etobicoke West Mall
2042,Major Arterial,Etobicoke York,Intersection,Traffic Signal,Rain,Dark,Wet,Non-Fatal Injury,Turning Movement,Vehicle Owner,unknown,,,,,,,,,,,,,Yes,,,,,,,,,Etobicoke West Mall
2042,Major Arterial,Etobicoke York,Intersection,Traffic Signal,Rain,Dark,Wet,Non-Fatal Injury,Turning Movement,Driver,20 to 24,Minor,West,Going Ahead,Driving Properly,,,,,,,,,Yes,,,,,,,,,Etobicoke West Mall
2042,Major Arterial,Etobicoke York,Intersection,Traffic Signal,Rain,Dark,Wet,Non-Fatal Injury,Turning Movement,Other Property Owner,unknown,,,,,,,,,,,,,Yes,,,,,,,,,Etobicoke West Mall
413,Major Arterial,Scarborough,Intersection,Traffic Signal,Clear,"Dark, artificial",Wet,Non-Fatal Injury,SMV Other,Driver,15 to 19,Major,North,Going Ahead,Speed too Fast For Condition,,,,,,,,,Yes,,,,,Yes,Yes,,,Tam O'Shanter-Sullivan
413,Major Arterial,Scarborough,Intersection,Traffic Signal,Clear,"Dark, artificial",Wet,Non-Fatal Injury,SMV Other,Other Property Owner,unknown,,,,,,,,,,,,,Yes,,,,,Yes,Yes,,,Tam O'Shanter-Sullivan
1540,Major Arterial,Scarborough,Mid-Block,No Control,Clear,Daylight,Dry,Non-Fatal Injury,Rear End,Passenger,55 to 59,Major,,,,,,,,,,,,Yes,,,,Yes,,,,,Ionview
1740,Collector,North York,Mid-Block,No Control,Clear,Dark,Dry,Non-Fatal Injury,Pedestrian Collisions,Driver,20 to 24,,North,Going Ahead,Driving Properly,,,,,,,Yes,,Yes,,,,,,,,,Parkwoods-O'Connor Hills
1335,Major Arterial,Toronto and East York,Intersection,Traffic Signal,Clear,Daylight,Dry,Non-Fatal Injury,Rear End,Driver,30 to 34,Minor,East,Stopped,Driving Properly,,,,,,,,,Yes,,,,,,Yes,,,South Riverdale
1801,Minor Arterial,Toronto and East York,Intersection,Traffic Signal,Snow,Dark,Loose Snow,Non-Fatal Injury,Angle,Driver,25 to 29,Major,North,Going Ahead,Disobeyed Traffic Control,,,,,,,,,Yes,,,,,,Yes,Yes,,Fort York-Liberty Village
905,Major Arterial,Etobicoke York,Intersection,Traffic Signal,Clear,Daylight,Dry,Non-Fatal Injury,Pedestrian Collisions,Driver,70 to 74,,South,Turning Left,Failed to Yield Right of Way,,,,,,,Yes,,Yes,,,,,,Yes,,,Humbermede
2129,Major Arterial,Scarborough,Mid-Block,No Control,Snow,Dark,Packed Snow,Non-Fatal Injury,SMV Other,Driver,55 to 59,Major,East,Going Ahead,Speed too Fast For Condition,,,,,,,,,Yes,,,,,Yes,Yes,,,Malvern East
1355,Major Arterial,North York,Mid-Block,No Control,Clear,Daylight,Dry,Non-Fatal Injury,Turning Movement,Driver,55 to 59,Major,East,Turning Left,Failed to Yield Right of Way,,,,,,,,,Yes,,,,,,Yes,,,York University Heights
905,Major Arterial,Etobicoke York,Intersection,Traffic Signal,Clear,Daylight,Dry,Non-Fatal Injury,Pedestrian Collisions,Pedestrian,55 to 59,Major,North,,,Vehicle turns left while ped crosses with ROW at inter.,Crossing with right of way,Normal,,,,Yes,,Yes,,,,,,Yes,,,Humbermede
2129,Major Arterial,Scarborough,Mid-Block,No Control,Snow,Dark,Packed Snow,Non-Fatal Injury,SMV Other,Other Property Owner,unknown,,,,,,,,,,,,,Yes,,,,,Yes,Yes,,,Malvern East
1740,Collector,North York,Mid-Block,No Control,Clear,Dark,Dry,Non-Fatal Injury,Pedestrian Collisions,Pedestrian,25 to 29,Major,North,,,Pedestrian hit at mid-block,Crossing without right of way,Inattentive,,,,Yes,,Yes,,,,,,,,,Parkwoods-O'Connor Hills
1855,Major Arterial,Etobicoke York,,No Control,Clear,Dark,Dry,Non-Fatal Injury,Cyclist Collisions,Driver,unknown,,,Unknown,,,,,,,,,Yes,Yes,,,,,,,,,NSA
2046,Major Arterial,Etobicoke York,Intersection,Traffic Signal,Clear,Dark,Dry,Non-Fatal Injury,SMV Other,Vehicle Owner,unknown,,,,,,,,,,,,,Yes,,,,,,,,,Rockcliffe-Smythe
1207,Major Arterial,Toronto and East York,Intersection,Traffic Signal,Clear,Daylight,Dry,Non-Fatal Injury,Approaching,Other,10 to 14,,,,,,,,,,,,,Yes,,,,,,,,,Forest Hill South
1855,Major Arterial,Etobicoke York,,No Control,Clear,Dark,Dry,Non-Fatal Injury,Cyclist Collisions,Cyclist,30 to 34,Major,South,Going Ahead,,,,,,,,,Yes,Yes,,,,,,,,,NSA
2046,Major Arterial,Etobicoke York,Intersection,Traffic Signal,Clear,Dark,Dry,Non-Fatal Injury,SMV Other,Driver,30 to 34,Major,South,Turning Right,Lost control,,,,,,,,,Yes,,,,,,,,,Rockcliffe-Smythe
1120,Major Arterial,Toronto and East York,Intersection,Traffic Signal,Clear,Daylight,Dry,Non-Fatal Injury,Pedestrian Collisions,Pedestrian,50 to 54,Major,North,,,Vehicle turns left while ped crosses with ROW at inter.,Crossing with right of way,Normal,,,,Yes,,Yes,,,,,,,,,Woodbine Corridor
225,,Toronto and East York,Mid-Block,No Control,Clear,Dark,Dry,Non-Fatal Injury,SMV Other,Passenger,unknown,Minimal,,,,,,,,,,,,Yes,,,,Yes,Yes,Yes,,,High Park-Swansea
1120,Major Arterial,Toronto and East York,Intersection,Traffic Signal,Clear,Daylight,Dry,Non-Fatal Injury,Pedestrian Collisions,Driver,60 to 64,,South,Turning Left,Improper Turn,,,,,,,Yes,,Yes,,,,,,,,,Woodbine Corridor
225,,Toronto and East York,Mid-Block,No Control,Clear,Dark,Dry,Non-Fatal Injury,SMV Other,Driver,35 to 39,Major,West,Slowing or Stopping,Speed too Fast For Condition,,,,,,,,,Yes,,,,Yes,Yes,Yes,,,High Park-Swansea
523,Minor Arterial,North York,Intersection,Traffic Signal,Clear,Dark,Dry,Fatal,Angle,Passenger,45 to 49,Minor,,,,,,,,,,,,Yes,,,,Yes,,Yes,Yes,,Briar Hill-Belgravia
1207,Major Arterial,Toronto and East York,Intersection,Traffic Signal,Clear,Daylight,Dry,Non-Fatal Injury,Approaching,Driver,45 to 49,,South,Slowing or Stopping,Driving Properly,,,,,,,,,Yes,,,,,,,,,Forest Hill South
523,Minor Arterial,North York,Intersection,Traffic Signal,Clear,Dark,Dry,Fatal,Angle,Driver,45 to 49,Fatal,West,Going Ahead,Driving Properly,,,,,,,,,Yes,,,,Yes,,Yes,Yes,,Briar Hill-Belgravia
523,Minor Arterial,North York,Intersection,Traffic Signal,Clear,Dark,Dry,Fatal,Angle,Vehicle Owner,unknown,,,,,,,,,,,,,Yes,,,,Yes,,Yes,Yes,,Briar Hill-Belgravia
1315,Collector,Scarborough,Mid-Block,No Control,Clear,Daylight,Dry,Non-Fatal Injury,SMV Other,Passenger,90 to 94,Major,,,,,,,,,,,,Yes,,,,Yes,,,,,Morningside Heights
523,Minor Arterial,North York,Intersection,Traffic Signal,Clear,Dark,Dry,Fatal,Angle,Passenger,20 to 24,Minor,,,,,,,,,,,,Yes,,,,Yes,,Yes,Yes,,Briar Hill-Belgravia
523,Minor Arterial,North York,Intersection,Traffic Signal,Clear,Dark,Dry,Fatal,Angle,Driver,20 to 24,Minor,North,Going Ahead,Disobeyed Traffic Control,,,,,,,,,Yes,,,,Yes,,Yes,Yes,,Briar Hill-Belgravia
1315,Collector,Scarborough,Mid-Block,No Control,Clear,Daylight,Dry,Non-Fatal Injury,SMV Other,Passenger,70 to 74,,,,,,,,,,,,,Yes,,,,Yes,,,,,Morningside Heights
523,Minor Arterial,North York,Intersection,Traffic Signal,Clear,Dark,Dry,Fatal,Angle,Other Property Owner,unknown,,,,,,,,,,,,,Yes,,,,Yes,,Yes,Yes,,Briar Hill-Belgravia
1315,Collector,Scarborough,Mid-Block,No Control,Clear,Daylight,Dry,Non-Fatal Injury,SMV Other,Driver,80 to 84,,East,Turning Left,Lost control,,,,,,,,,Yes,,,,Yes,,,,,Morningside Heights
1615,Minor Arterial,Toronto and East York,Intersection,Pedestrian Crossover,Clear,Daylight,Dry,Non-Fatal Injury,Pedestrian Collisions,Vehicle Owner,unknown,,,,,,,,,,,Yes,,,,,,,,Yes,,,South Parkdale
752,Major Arterial,Scarborough,Intersection,Traffic Signal,Clear,Daylight,Dry,Non-Fatal Injury,Cyclist Collisions,Driver,25 to 29,,South,Turning Right,Failed to Yield Right of Way,,,,,,,,Yes,Yes,,,,,,Yes,,,Clairlea-Birchmount
1247,Major Arterial,Etobicoke York,Mid-Block,No Control,Clear,Daylight,Dry,Non-Fatal Injury,SMV Unattended Vehicle,Vehicle Owner,unknown,,,,,,,,,,,,,Yes,,,,,,,,,Junction Area
935,Major Arterial,Toronto and East York,Intersection,No Control,Clear,Daylight,Wet,Non-Fatal Injury,Pedestrian Collisions,Driver,45 to 49,,North,Making U Turn,Improper Turn,,,,,,,Yes,,Yes,,,,,,,,,Clairlea-Birchmount
935,Major Arterial,Toronto and East York,Intersection,No Control,Clear,Daylight,Wet,Non-Fatal Injury,Pedestrian Collisions,Pedestrian,25 to 29,Major,East,,,Other / Undefined,Crossing without right of way,Normal,,,,Yes,,Yes,,,,,,,,,Clairlea-Birchmount
2057,Major Arterial,Toronto and East York,Intersection,Traffic Signal,Clear,Dark,Dry,Non-Fatal Injury,Pedestrian Collisions,Driver,65 to 69,,West,Going Ahead,Driving Properly,,,,,,,Yes,,Yes,,,,,,,,,Roncesvalles
2212,Major Arterial,Toronto and East York,Mid-Block,No Control,Clear,Dark,Dry,Non-Fatal Injury,Sideswipe,Vehicle Owner,unknown,,,,,,,,,,,,,Yes,,,,,,,,,Regent Park
752,Major Arterial,Scarborough,Intersection,Traffic Signal,Clear,Daylight,Dry,Non-Fatal Injury,Cyclist Collisions,Cyclist,50 to 54,Major,North,Going Ahead,,,,,Motorist turning right on red at signalized intersection strikes cyclist.,Driving Properly,Inattentive,,Yes,Yes,,,,,,Yes,,,Clairlea-Birchmount
1425,Minor Arterial,Toronto and East York,,Pedestrian Crossover,Clear,Daylight,Dry,Non-Fatal Injury,Rear End,Vehicle Owner,unknown,,,,,,,,,,,,,Yes,,,Yes,,Yes,Yes,,,Dovercourt Village
2057,Major Arterial,Toronto and East York,Intersection,Traffic Signal,Clear,Dark,Dry,Non-Fatal Injury,Pedestrian Collisions,Pedestrian,45 to 49,Major,South,,,Vehicle is going straight thru inter.while ped cross without ROW,Crossing without right of way,Normal,,,,Yes,,Yes,,,,,,,,,Roncesvalles
1212,Major Arterial,Scarborough,Intersection,No Control,Snow,Daylight,Loose Snow,Fatal,Pedestrian Collisions,Vehicle Owner,unknown,,,,,,,,,,,Yes,,Yes,,,,,,,,,Golfdale-Cedarbrae-Woburn
1212,Major Arterial,Scarborough,Intersection,No Control,Snow,Daylight,Loose Snow,Fatal,Pedestrian Collisions,Driver,55 to 59,,West,Going Ahead,Driving Properly,,,,,,,Yes,,Yes,,,,,,,,,Golfdale-Cedarbrae-Woburn
1212,Major Arterial,Scarborough,Intersection,No Control,Snow,Daylight,Loose Snow,Fatal,Pedestrian Collisions,Pedestrian,40 to 44,Fatal,North,,,Pedestrian hit at mid-block,Running onto Roadway,Normal,,,,Yes,,Yes,,,,,,,,,Golfdale-Cedarbrae-Woburn
58,,North York,Mid-Block,No Control,Snow,Dark,Loose Snow,Non-Fatal Injury,SMV Other,Vehicle Owner,unknown,,,,,,,,,,,,,Yes,,,,,,,,,Parkwoods-O'Connor Hills
58,,North York,Mid-Block,No Control,Snow,Dark,Loose Snow,Non-Fatal Injury,SMV Other,Driver,40 to 44,,South,Going Ahead,Driving Properly,,,,,,,,,Yes,,,,,,,,,Parkwoods-O'Connor Hills
58,,North York,Mid-Block,No Control,Snow,Dark,Loose Snow,Non-Fatal Injury,SMV Other,Vehicle Owner,unknown,,,,,,,,,,,,,Yes,,,,,,,,,Parkwoods-O'Connor Hills
58,,North York,Mid-Block,No Control,Snow,Dark,Loose Snow,Non-Fatal Injury,SMV Other,Driver,20 to 24,Major,South,Going Ahead,Lost control,,,,,,,,,Yes,,,,,,,,,Parkwoods-O'Connor Hills
1222,Major Arterial,Etobicoke York,Mid-Block,No Control,Snow,Daylight,Packed Snow,Non-Fatal Injury,Approaching,Driver,55 to 59,Minimal,West,Pulling Away from Shoulder or Curb,Lost control,,,,,,,,,Yes,,,,,,,,,Mount Olive-Silverstone-Jamestown
1222,Major Arterial,Etobicoke York,Mid-Block,No Control,Snow,Daylight,Packed Snow,Non-Fatal Injury,Approaching,Driver,25 to 29,Major,East,Going Ahead,Driving Properly,,,,,,,,,Yes,,,,,,,,,Mount Olive-Silverstone-Jamestown
1800,Major Arterial,Etobicoke York,Intersection,Stop Sign,Snow,Dark,Packed Snow,Non-Fatal Injury,Turning Movement,Vehicle Owner,unknown,,,,,,,,,,,,,Yes,,,,,,,,,Kingsview Village-The Westway
237,Local,Toronto and East York,Mid-Block,No Control,Clear,Dark,Dry,Non-Fatal Injury,SMV Other,Passenger,15 to 19,,,,,,,,,,,,,Yes,,,,Yes,Yes,Yes,,,Broadview North
1800,Major Arterial,Etobicoke York,Intersection,Stop Sign,Snow,Dark,Packed Snow,Non-Fatal Injury,Turning Movement,Driver,25 to 29,,North,Turning Left,Improper Turn,,,,,,,,,Yes,,,,,,,,,Kingsview Village-The Westway
635,Major Arterial,North York,Mid-Block,No Control,Clear,Dark,Dry,Non-Fatal Injury,Rear End,Driver,35 to 39,Major,South,Slowing or Stopping,Driving Properly,,,,,,,,,Yes,,,,,,Yes,,,Yonge-Doris
1800,Major Arterial,Etobicoke York,Intersection,Stop Sign,Snow,Dark,Packed Snow,Non-Fatal Injury,Turning Movement,Driver,30 to 34,Major,South,Going Ahead,Driving Properly,,,,,,,,,Yes,,,,,,,,,Kingsview Village-The Westway
1232,Major Arterial,Etobicoke York,Intersection,Traffic Signal,Clear,Daylight,Wet,Non-Fatal Injury,Angle,Passenger,5 to 9,Minimal,,,,,,,,,,,,Yes,,,,Yes,,Yes,Yes,,West Humber-Clairville
1232,Major Arterial,Etobicoke York,Intersection,Traffic Signal,Clear,Daylight,Wet,Non-Fatal Injury,Angle,Passenger,5 to 9,Minimal,,,,,,,,,,,,Yes,,,,Yes,,Yes,Yes,,West Humber-Clairville
1232,Major Arterial,Etobicoke York,Intersection,Traffic Signal,Clear,Daylight,Wet,Non-Fatal Injury,Angle,Driver,35 to 39,Major,North,Going Ahead,Disobeyed Traffic Control,,,,,,,,,Yes,,,,Yes,,Yes,Yes,,West Humber-Clairville
1232,Major Arterial,Etobicoke York,Intersection,Traffic Signal,Clear,Daylight,Wet,Non-Fatal Injury,Angle,Driver,45 to 49,Minimal,West,Going Ahead,Driving Properly,,,,,,,,,Yes,,,,Yes,,Yes,Yes,,West Humber-Clairville
455,Major Arterial,Toronto and East York,Mid-Block,No Control,Clear,Dark,Dry,Non-Fatal Injury,Pedestrian Collisions,Driver,40 to 44,,South,Going Ahead,Driving Properly,,,,,,,Yes,,Yes,,,,,,,,,Harbourfront-CityPlace