TIME,ROAD_CLASS,DISTRICT,LOCCOORD,TRAFFCTL,VISIBILITY,LIGHT,RDSFCOND,ACCLASS,IMPACTYPE,INVTYPE,INVAGE,INJURY,INITDIR,MANOEUVER,DRIVACT,PEDTYPE,PEDACT,PEDCOND,CYCLISTYPE,CYCACT,CYCCOND,PEDESTRIAN,CYCLIST,AUTOMOBILE,MOTORCYCLE,TRUCK,TRSN_CITY_VEH,PASSENGER,SPEEDING,AG_DRIV,REDLIGHT,ALCOHOL,NEIGHBOURHOOD_158
1000,Minor Arterial,Scarborough,Intersection,Stop Sign,Clear,Daylight,Dry,Non-Fatal Injury,Angle,Driver,45 to 49,Major,East,Going Ahead,Driving Properly,,,,,,,,,Yes,,,,Yes,,Yes,,,Morningside Heights
1000,Minor Arterial,Scarborough,Intersection,Stop Sign,Clear,Daylight,Dry,Non-Fatal Injury,Angle,Passenger,45 to 49,Major,,,,,,,,,,,,Yes,,,,Yes,,Yes,,,Morningside Heights
1000,Minor Arterial,Scarborough,Intersection,Stop Sign,Clear,Daylight,Dry,Non-Fatal Injury,Angle,Vehicle Owner,unknown,,,,,,,,,,,,,Yes,,,,Yes,,Yes,,,Morningside Heights
1000,Minor Arterial,Scarborough,Intersection,Stop Sign,Clear,Daylight,Dry,Non-Fatal Injury,Angle,Driver,40 to 44,Minimal,South,Going Ahead,Failed to Yield Right of Way,,,,,,,,,Yes,,,,Yes,,Yes,,,Morningside Heights
2123,Major Arterial,Etobicoke York,Mid-Block,No Control,Clear,Dark,Dry,Non-Fatal Injury,Pedestrian Collisions,Driver,20 to 24,,North,Going Ahead,Driving Properly,,,,,,,Yes,,Yes,,,,,,,,,Islington
2123,Major Arterial,Etobicoke York,Mid-Block,No Control,Clear,Dark,Dry,Non-Fatal Injury,Pedestrian Collisions,Pedestrian,60 to 64,Major,West,,,Pedestrian hit at mid-block,"Crossing, no Traffic Control",Inattentive,,,,Yes,,Yes,,,,,,,,,Islington
712,Major Arterial,Etobicoke York,Mid-Block,No Control,Clear,Daylight,Dry,Non-Fatal Injury,Pedestrian Collisions,Driver,20 to 24,,West,Slowing or Stopping,Driving Properly,,,,,,,Yes,,Yes,,,,,,,,,Rockcliffe-Smythe
712,Major Arterial,Etobicoke York,Mid-Block,No Control,Clear,Daylight,Dry,Non-Fatal Injury,Pedestrian Collisions,Pedestrian,80 to 84,Major,North,,,Pedestrian hit at mid-block,"Crossing, no Traffic Control",Normal,,,,Yes,,Yes,,,,,,,,,Rockcliffe-Smythe
855,Major Arterial,Etobicoke York,Intersection,Traffic Signal,Clear,Daylight,Dry,Non-Fatal Injury,Angle,Driver,70 to 74,Minor,North,Going Ahead,Driving Properly,,,,,,,,,Yes,,,,,,Yes,Yes,,Kingsview Village-The Westway
855,Major Arterial,Etobicoke York,Intersection,Traffic Signal,Clear,Daylight,Dry,Non-Fatal Injury,Angle,Driver,40 to 44,Major,West,Going Ahead,Disobeyed Traffic Control,,,,,,,,,Yes,,,,,,Yes,Yes,,Kingsview Village-The Westway
855,Major Arterial,Etobicoke York,Intersection,Traffic Signal,Clear,Daylight,Dry,Non-Fatal Injury,Angle,Driver,50 to 54,,North,Going Ahead,Driving Properly,,,,,,,,,Yes,,,,,,Yes,Yes,,Kingsview Village-The Westway
1139,Major Arterial,North York,Intersection,No Control,Clear,Daylight,Dry,Non-Fatal Injury,Cyclist Collisions,Driver,55 to 59,,North,Overtaking,Driving Properly,,,,,,,,Yes,Yes,,,,,,,,,St.Andrew-Windfields
1139,Major Arterial,North York,Intersection,No Control,Clear,Daylight,Dry,Non-Fatal Injury,Cyclist Collisions,Cyclist,70 to 74,Major,North,Going Ahead,,,,,Cyclist and Driver travelling in same direction. One vehicle sideswipes the other.,Lost control,Normal,,Yes,Yes,,,,,,,,,St.Andrew-Windfields
1500,Major Arterial,Scarborough,Intersection,Traffic Signal,Clear,Daylight,Dry,Non-Fatal Injury,Turning Movement,Vehicle Owner,unknown,,,,,,,,,,,,,Yes,,,,Yes,,,,,Malvern East
1500,Major Arterial,Scarborough,Intersection,Traffic Signal,Clear,Daylight,Dry,Non-Fatal Injury,Turning Movement,Driver,50 to 54,,East,Turning Left,Improper Turn,,,,,,,,,Yes,,,,Yes,,,,,Malvern East
1500,Major Arterial,Scarborough,Intersection,Traffic Signal,Clear,Daylight,Dry,Non-Fatal Injury,Turning Movement,Passenger,10 to 14,Major,,,,,,,,,,,,Yes,,,,Yes,,,,,Malvern East
1500,Major Arterial,Scarborough,Intersection,Traffic Signal,Clear,Daylight,Dry,Non-Fatal Injury,Turning Movement,Passenger,65 to 69,Major,,,,,,,,,,,,Yes,,,,Yes,,,,,Malvern East
1500,Major Arterial,Scarborough,Intersection,Traffic Signal,Clear,Daylight,Dry,Non-Fatal Injury,Turning Movement,Vehicle Owner,unknown,,,,,,,,,,,,,Yes,,,,Yes,,,,,Malvern East
1500,Major Arterial,Scarborough,Intersection,Traffic Signal,Clear,Daylight,Dry,Non-Fatal Injury,Turning Movement,Driver,30 to 34,Major,West,Going Ahead,Driving Properly,,,,,,,,,Yes,,,,Yes,,,,,Malvern East
1730,Major Arterial,North York,Intersection,Traffic Signal,Clear,Daylight,Dry,Non-Fatal Injury,Pedestrian Collisions,Driver,unknown,Major,West,Going Ahead,Other,,,,,,,Yes,,Yes,,,,,,,,,NSA
1730,Major Arterial,North York,Intersection,Traffic Signal,Clear,Daylight,Dry,Non-Fatal Injury,Pedestrian Collisions,Pedestrian,20 to 24,Minor,,,,Vehicle is going straight thru inter.while ped cross without ROW,Crossing without right of way,Unknown,,,,Yes,,Yes,,,,,,,,,NSA
1730,Major Arterial,North York,Intersection,Traffic Signal,Clear,Daylight,Dry,Non-Fatal Injury,Pedestrian Collisions,Pedestrian,45 to 49,Minor,,,,Vehicle is going straight thru inter.while ped cross without ROW,Crossing without right of way,Unknown,,,,Yes,,Yes,,,,,,,,,NSA
1935,Major Arterial,North York,Intersection,No Control,Clear,Daylight,Dry,Non-Fatal Injury,Rear End,Vehicle Owner,unknown,,,,,,,,,,,,,Yes,,,,,Yes,Yes,,,Banbury-Don Mills
1935,Major Arterial,North York,Intersection,No Control,Clear,Daylight,Dry,Non-Fatal Injury,Rear End,Driver,40 to 44,,North,Slowing or Stopping,Driving Properly,,,,,,,,,Yes,,,,,Yes,Yes,,,Banbury-Don Mills
1935,Major Arterial,North York,Intersection,No Control,Clear,Daylight,Dry,Non-Fatal Injury,Rear End,Vehicle Owner,unknown,,,,,,,,,,,,,Yes,,,,,Yes,Yes,,,Banbury-Don Mills
1935,Major Arterial,North York,Intersection,No Control,Clear,Daylight,Dry,Non-Fatal Injury,Rear End,Driver,55 to 59,Major,South,Going Ahead,Lost control,,,,,,,,,Yes,,,,,Yes,Yes,,,Banbury-Don Mills
1935,Major Arterial,North York,Intersection,No Control,Clear,Daylight,Dry,Non-Fatal Injury,Rear End,Vehicle Owner,unknown,,,,,,,,,,,,,Yes,,,,,Yes,Yes,,,Banbury-Don Mills
1935,Major Arterial,North York,Intersection,No Control,Clear,Daylight,Dry,Non-Fatal Injury,Rear End,Driver,35 to 39,,South,Stopped,Driving Properly,,,,,,,,,Yes,,,,,Yes,Yes,,,Banbury-Don Mills
1935,Major Arterial,North York,Intersection,No Control,Clear,Daylight,Dry,Non-Fatal Injury,Rear End,Other,unknown,,,,,,,,,,,,,Yes,,,,,Yes,Yes,,,Banbury-Don Mills
1645,Minor Arterial,Scarborough,Mid-Block,No Control,Clear,Daylight,Dry,Non-Fatal Injury,SMV Other,Driver,20 to 24,Major,East,Going Ahead,Other,,,,,,,,,Yes,,,,,Yes,Yes,,,Morningside Heights
1930,Major Arterial,North York,Mid-Block,No Control,Clear,Daylight,Dry,Non-Fatal Injury,Pedestrian Collisions,Vehicle Owner,unknown,,,,,,,,,,,Yes,,Yes,,,,,,,,,Willowdale West
1930,Major Arterial,North York,Mid-Block,No Control,Clear,Daylight,Dry,Non-Fatal Injury,Pedestrian Collisions,Driver,15 to 19,,North,Going Ahead,Driving Properly,,,,,,,Yes,,Yes,,,,,,,,,Willowdale West
1930,Major Arterial,North York,Mid-Block,No Control,Clear,Daylight,Dry,Non-Fatal Injury,Pedestrian Collisions,Pedestrian,30 to 34,Major,West,,,Pedestrian hit at mid-block,"Crossing, no Traffic Control",Normal,,,,Yes,,Yes,,,,,,,,,Willowdale West
2110,Collector,North York,Mid-Block,No Control,Clear,Dark,Dry,Non-Fatal Injury,Approaching,Vehicle Owner,unknown,,,,,,,,,,,,,Yes,,,,Yes,Yes,Yes,,,Briar Hill-Belgravia
2110,Collector,North York,Mid-Block,No Control,Clear,Dark,Dry,Non-Fatal Injury,Approaching,Driver,20 to 24,Major,West,Unknown,Speed too Fast For Condition,,,,,,,,,Yes,,,,Yes,Yes,Yes,,,Briar Hill-Belgravia
2110,Collector,North York,Mid-Block,No Control,Clear,Dark,Dry,Non-Fatal Injury,Approaching,Passenger,0 to 4,,,,,,,,,,,,,Yes,,,,Yes,Yes,Yes,,,Briar Hill-Belgravia
2110,Collector,North York,Mid-Block,No Control,Clear,Dark,Dry,Non-Fatal Injury,Approaching,Passenger,5 to 9,Minimal,,,,,,,,,,,,Yes,,,,Yes,Yes,Yes,,,Briar Hill-Belgravia
2110,Collector,North York,Mid-Block,No Control,Clear,Dark,Dry,Non-Fatal Injury,Approaching,Vehicle Owner,unknown,,,,,,,,,,,,,Yes,,,,Yes,Yes,Yes,,,Briar Hill-Belgravia
2110,Collector,North York,Mid-Block,No Control,Clear,Dark,Dry,Non-Fatal Injury,Approaching,Driver,25 to 29,,East,Going Ahead,Driving Properly,,,,,,,,,Yes,,,,Yes,Yes,Yes,,,Briar Hill-Belgravia
212,Local,Etobicoke York,Intersection,No Control,Clear,Dark,Dry,Fatal,SMV Other,Vehicle Owner,unknown,,,,,,,,,,,,,Yes,,,,,Yes,Yes,,,Elms-Old Rexdale
212,Local,Etobicoke York,Intersection,No Control,Clear,Dark,Dry,Fatal,SMV Other,Driver,15 to 19,Fatal,North,Going Ahead,Exceeding Speed Limit,,,,,,,,,Yes,,,,,Yes,Yes,,,Elms-Old Rexdale
1447,Major Arterial,Toronto and East York,Mid-Block,No Control,Clear,Daylight,Dry,Non-Fatal Injury,Cyclist Collisions,Driver,45 to 49,,East,Parked,Other,,,,,,,,Yes,Yes,,,,,,,,,Annex
1447,Major Arterial,Toronto and East York,Mid-Block,No Control,Clear,Daylight,Dry,Non-Fatal Injury,Cyclist Collisions,Cyclist,50 to 54,Major,East,Going Ahead,,,,,Cyclist struck opened vehicle door,,,,Yes,Yes,,,,,,,,,Annex
2143,Minor Arterial,Toronto and East York,Mid-Block,No Control,Clear,Dark,Dry,Non-Fatal Injury,Cyclist Collisions,Driver,45 to 49,,West,Parked,Other,,,,,,,,Yes,Yes,,,,,,,,,Greenwood-Coxwell
2143,Minor Arterial,Toronto and East York,Mid-Block,No Control,Clear,Dark,Dry,Non-Fatal Injury,Cyclist Collisions,Cyclist,35 to 39,Major,West,Going Ahead,,,,,Cyclist struck opened vehicle door,Driving Properly,Normal,,Yes,Yes,,,,,,,,,Greenwood-Coxwell
805,Major Arterial,Scarborough,Intersection,Traffic Signal,Clear,Daylight,Dry,Fatal,Angle,Driver,30 to 34,Minimal,North,Going Ahead,Driving Properly,,,,,,,,,Yes,,,,,,Yes,Yes,,Dorset Park
805,Major Arterial,Scarborough,Intersection,Traffic Signal,Clear,Daylight,Dry,Fatal,Angle,Vehicle Owner,unknown,,,,,,,,,,,,,Yes,,,,,,Yes,Yes,,Dorset Park
805,Major Arterial,Scarborough,Intersection,Traffic Signal,Clear,Daylight,Dry,Fatal,Angle,Driver,60 to 64,Fatal,West,Going Ahead,Disobeyed Traffic Control,,,,,,,,,Yes,,,,,,Yes,Yes,,Dorset Park
1815,Major Arterial,North York,Mid-Block,No Control,Clear,Daylight,Dry,Non-Fatal Injury,Rear End,Driver,35 to 39,,East,Going Ahead,Other,,,,,,,,,Yes,,,,Yes,,,,,Yorkdale-Glen Park
1815,Major Arterial,North York,Mid-Block,No Control,Clear,Daylight,Dry,Non-Fatal Injury,Rear End,Passenger,40 to 44,Major,,,,,,,,,,,,Yes,,,,Yes,,,,,Yorkdale-Glen Park
1815,Major Arterial,North York,Mid-Block,No Control,Clear,Daylight,Dry,Non-Fatal Injury,Rear End,Vehicle Owner,unknown,,,,,,,,,,,,,Yes,,,,Yes,,,,,Yorkdale-Glen Park
1815,Major Arterial,North York,Mid-Block,No Control,Clear,Daylight,Dry,Non-Fatal Injury,Rear End,Driver,35 to 39,,East,Stopped,Driving Properly,,,,,,,,,Yes,,,,Yes,,,,,Yorkdale-Glen Park
142,Major Arterial,North York,Intersection,Traffic Signal,Clear,Dark,Dry,Non-Fatal Injury,Turning Movement,Motorcycle Driver,35 to 39,Major,North,Going Ahead,Disobeyed Traffic Control,,,,,,,,,Yes,Yes,,,Yes,Yes,Yes,Yes,,Leaside-Bennington
142,Major Arterial,North York,Intersection,Traffic Signal,Clear,Dark,Dry,Non-Fatal Injury,Turning Movement,Passenger,50 to 54,Major,,,,,,,,,,,,Yes,Yes,,,Yes,Yes,Yes,Yes,,Leaside-Bennington
142,Major Arterial,North York,Intersection,Traffic Signal,Clear,Dark,Dry,Non-Fatal Injury,Turning Movement,Vehicle Owner,unknown,,,,,,,,,,,,,Yes,Yes,,,Yes,Yes,Yes,Yes,,Leaside-Bennington
142,Major Arterial,North York,Intersection,Traffic Signal,Clear,Dark,Dry,Non-Fatal Injury,Turning Movement,Driver,45 to 49,,South,Turning Left,Driving Properly,,,,,,,,,Yes,Yes,,,Yes,Yes,Yes,Yes,,Leaside-Bennington
1120,Major Arterial,Etobicoke York,Intersection,Traffic Signal,Clear,Daylight,Dry,Non-Fatal Injury,Cyclist Collisions,Driver,80 to 84,Minimal,West,Turning Right,Driving Properly,,,,,,,,Yes,Yes,,,,,,,,,Weston
1120,Major Arterial,Etobicoke York,Intersection,Traffic Signal,Clear,Daylight,Dry,Non-Fatal Injury,Cyclist Collisions,Cyclist,80 to 84,Major,West,Going Ahead,,,,,Motorist turning right on green or amber at signalized intersection strikes cyclist.,,,,Yes,Yes,,,,,,,,,Weston
2042,Minor Arterial,Scarborough,Intersection,Traffic Signal,Clear,Dark,Dry,Non-Fatal Injury,Turning Movement,Driver,35 to 39,Major,West,Going Ahead,Disobeyed Traffic Control,,,,,,,,,Yes,,,,Yes,,Yes,Yes,,Highland Creek
2042,Minor Arterial,Scarborough,Intersection,Traffic Signal,Clear,Dark,Dry,Non-Fatal Injury,Turning Movement,Passenger,15 to 19,Minor,,,,,,,,,,,,Yes,,,,Yes,,Yes,Yes,,Highland Creek
2042,Minor Arterial,Scarborough,Intersection,Traffic Signal,Clear,Dark,Dry,Non-Fatal Injury,Turning Movement,Vehicle Owner,unknown,,,,,,,,,,,,,Yes,,,,Yes,,Yes,Yes,,Highland Creek
2042,Minor Arterial,Scarborough,Intersection,Traffic Signal,Clear,Dark,Dry,Non-Fatal Injury,Turning Movement,Driver,15 to 19,Minor,South,Turning Left,Driving Properly,,,,,,,,,Yes,,,,Yes,,Yes,Yes,,Highland Creek
1101,Major Arterial,North York,Intersection,Traffic Signal,Clear,Daylight,Dry,Non-Fatal Injury,Turning Movement,Passenger,85 to 89,Major,,,,,,,,,,,,Yes,,,,Yes,,Yes,Yes,,St.Andrew-Windfields
1101,Major Arterial,North York,Intersection,Traffic Signal,Clear,Daylight,Dry,Non-Fatal Injury,Turning Movement,Vehicle Owner,unknown,,,,,,,,,,,,,Yes,,,,Yes,,Yes,Yes,,St.Andrew-Windfields
1101,Major Arterial,North York,Intersection,Traffic Signal,Clear,Daylight,Dry,Non-Fatal Injury,Turning Movement,Driver,65 to 69,Minor,East,Turning Left,Driving Properly,,,,,,,,,Yes,,,,Yes,,Yes,Yes,,St.Andrew-Windfields
1101,Major Arterial,North York,Intersection,Traffic Signal,Clear,Daylight,Dry,Non-Fatal Injury,Turning Movement,Passenger,45 to 49,,,,,,,,,,,,,Yes,,,,Yes,,Yes,Yes,,St.Andrew-Windfields
1101,Major Arterial,North York,Intersection,Traffic Signal,Clear,Daylight,Dry,Non-Fatal Injury,Turning Movement,Vehicle Owner,unknown,,,,,,,,,,,,,Yes,,,,Yes,,Yes,Yes,,St.Andrew-Windfields
1101,Major Arterial,North York,Intersection,Traffic Signal,Clear,Daylight,Dry,Non-Fatal Injury,Turning Movement,Driver,55 to 59,,North,Stopped,Driving Properly,,,,,,,,,Yes,,,,Yes,,Yes,Yes,,St.Andrew-Windfields
1101,Major Arterial,North York,Intersection,Traffic Signal,Clear,Daylight,Dry,Non-Fatal Injury,Turning Movement,Driver,50 to 54,Minor,South,Going Ahead,Disobeyed Traffic Control,,,,,,,,,Yes,,,,Yes,,Yes,Yes,,St.Andrew-Windfields
1101,Major Arterial,North York,Intersection,Traffic Signal,Clear,Daylight,Dry,Non-Fatal Injury,Turning Movement,Vehicle Owner,unknown,,,,,,,,,,,,,Yes,,,,Yes,,Yes,Yes,,St.Andrew-Windfields
1101,Major Arterial,North York,Intersection,Traffic Signal,Clear,Daylight,Dry,Non-Fatal Injury,Turning Movement,Driver,45 to 49,,North,Stopped,Driving Properly,,,,,,,,,Yes,,,,Yes,,Yes,Yes,,St.Andrew-Windfields
1101,Major Arterial,North York,Intersection,Traffic Signal,Clear,Daylight,Dry,Non-Fatal Injury,Turning Movement,Other Property Owner,unknown,,,,,,,,,,,,,Yes,,,,Yes,,Yes,Yes,,St.Andrew-Windfields
1730,Major Arterial,Etobicoke York,Intersection,Traffic Signal,Clear,Daylight,Dry,Non-Fatal Injury,Rear End,Vehicle Owner,unknown,,,,,,,,,,,,,Yes,,,,,,Yes,,,Brookhaven-Amesbury
1730,Major Arterial,Etobicoke York,Intersection,Traffic Signal,Clear,Daylight,Dry,Non-Fatal Injury,Rear End,Driver,15 to 19,,South,Going Ahead,Following too Close,,,,,,,,,Yes,,,,,,Yes,,,Brookhaven-Amesbury
1730,Major Arterial,Etobicoke York,Intersection,Traffic Signal,Clear,Daylight,Dry,Non-Fatal Injury,Rear End,Driver,35 to 39,Major,South,Stopped,Driving Properly,,,,,,,,,Yes,,,,,,Yes,,,Brookhaven-Amesbury
2020,Major Arterial,Toronto and East York,Intersection,Stop Sign,Clear,Daylight,Dry,Non-Fatal Injury,Turning Movement,Passenger,10 to 14,Minimal,,,,,,,,,,,,Yes,,,,Yes,,,,,Junction-Wallace Emerson
2020,Major Arterial,Toronto and East York,Intersection,Stop Sign,Clear,Daylight,Dry,Non-Fatal Injury,Turning Movement,Driver,25 to 29,Major,South,Going Ahead,Driving Properly,,,,,,,,,Yes,,,,Yes,,,,,Junction-Wallace Emerson
237,Local,Toronto and East York,Mid-Block,No Control,Clear,Dark,Dry,Non-Fatal Injury,SMV Other,Driver,15 to 19,Major,North,Going Ahead,Exceeding Speed Limit,,,,,,,,,Yes,,,,Yes,Yes,Yes,,,Broadview North
2038,Major Arterial,Toronto and East York,Mid-Block,No Control,Clear,Daylight,Wet,Non-Fatal Injury,Pedestrian Collisions,Driver,35 to 39,,North,Slowing or Stopping,Driving Properly,,,,,,,Yes,,Yes,,,,,,,,,High Park-Swansea
2212,Major Arterial,Toronto and East York,Mid-Block,No Control,Clear,Dark,Dry,Non-Fatal Injury,Sideswipe,Vehicle Owner,unknown,,,,,,,,,,,,,Yes,,,,,,,,,Regent Park
726,Major Arterial,Toronto and East York,Intersection,Stop Sign,Clear,Dark,Dry,Non-Fatal Injury,Cyclist Collisions,Cyclist,25 to 29,Major,East,Going Ahead,,,,,Motorist turned left across cyclists path.,Driving Properly,Normal,,Yes,Yes,,,,,,,,,The Beaches
930,Major Arterial,Toronto and East York,Mid-Block,No Control,Clear,Daylight,Dry,Non-Fatal Injury,Pedestrian Collisions,Driver,55 to 59,,South,Going Ahead,Driving Properly,,,,,,,Yes,,Yes,,,,Yes,,,,,Yonge-Bay Corridor
855,Major Arterial,North York,Intersection,No Control,Clear,Daylight,Dry,Non-Fatal Injury,Pedestrian Collisions,Wheelchair,90 to 94,Major,North,Going Ahead,,Other / Undefined,On Sidewalk or Shoulder,Medical or Physical Disability,,,,Yes,,,,,,,,,,,Bridle Path-Sunnybrook-York Mills
235,Major Arterial,Etobicoke York,Mid-Block,No Control,Clear,Dark,Dry,Non-Fatal Injury,Pedestrian Collisions,Passenger,unknown,,,Other,,,,,,,,Yes,,Yes,,,,Yes,,,,Yes,West Humber-Clairville
1015,Major Arterial,Etobicoke York,Mid-Block,No Control,Clear,Daylight,Dry,Non-Fatal Injury,Sideswipe,Driver,40 to 44,,East,Going Ahead,Driving Properly,,,,,,,,,Yes,,,,,,,,,NSA
1425,Minor Arterial,Toronto and East York,,Pedestrian Crossover,Clear,Daylight,Dry,Non-Fatal Injury,Rear End,Vehicle Owner,unknown,,,,,,,,,,,,,Yes,,,Yes,,Yes,Yes,,,Dovercourt Village
930,Major Arterial,Toronto and East York,Mid-Block,No Control,Clear,Daylight,Dry,Non-Fatal Injury,Pedestrian Collisions,Pedestrian,70 to 74,Major,West,,,Pedestrian hit at mid-block,"Crossing, no Traffic Control",Inattentive,,,,Yes,,Yes,,,,Yes,,,,,Yonge-Bay Corridor
235,Major Arterial,Etobicoke York,Mid-Block,No Control,Clear,Dark,Dry,Non-Fatal Injury,Pedestrian Collisions,Passenger,unknown,,,Other,,,,,,,,Yes,,Yes,,,,Yes,,,,Yes,West Humber-Clairville
2038,Major Arterial,Toronto and East York,Mid-Block,No Control,Clear,Daylight,Wet,Non-Fatal Injury,Pedestrian Collisions,Pedestrian,30 to 34,Major,East,,,Vehicle hits the pedestrian walking or running out from between parked vehicles at mid-block,Running onto Roadway,"Ability Impaired, Alcohol",,,,Yes,,Yes,,,,,,,,,High Park-Swansea
235,Minor Arterial,Toronto and East York,Mid-Block,No Control,Clear,Dark,Dry,Non-Fatal Injury,SMV Other,Driver,15 to 19,Major,South,Going Ahead,Lost control,,,,,,,,,Yes,,,,,Yes,Yes,,Yes,North Riverdale
1255,Minor Arterial,Toronto and East York,Intersection,Traffic Signal,Clear,Daylight,Dry,Non-Fatal Injury,Angle,Vehicle Owner,unknown,,,,,,,,,,,,,Yes,,,,Yes,Yes,Yes,Yes,,Danforth East York
1425,Minor Arterial,Toronto and East York,,Pedestrian Crossover,Clear,Daylight,Dry,Non-Fatal Injury,Rear End,Driver,45 to 49,,North,Stopped,Other,,,,,,,,,Yes,,,Yes,,Yes,Yes,,,Dovercourt Village
1015,Major Arterial,Etobicoke York,Mid-Block,No Control,Clear,Daylight,Dry,Non-Fatal Injury,Sideswipe,Vehicle Owner,unknown,,,,,,,,,,,,,Yes,,,,,,,,,NSA
530,Collector,Scarborough,Intersection,No Control,"Fog, Mist, Smoke, Dust",Dark,Dry,Fatal,SMV Other,Passenger,15 to 19,Minor,,,,,,,,,,,,Yes,,,,Yes,,,,,West Rouge
235,Major Arterial,Etobicoke York,Mid-Block,No Control,Clear,Dark,Dry,Non-Fatal Injury,Pedestrian Collisions,Passenger,unknown,,,Other,,,,,,,,Yes,,Yes,,,,Yes,,,,Yes,West Humber-Clairville
1840,Major Arterial,North York,Mid-Block,No Control,Clear,Daylight,Dry,Non-Fatal Injury,SMV Other,Motorcycle Driver,20 to 24,Major,South,Going Ahead,Lost control,,,,,,,,,,Yes,,,,,Yes,,,Don Valley Village
530,Collector,Scarborough,Intersection,No Control,"Fog, Mist, Smoke, Dust",Dark,Dry,Fatal,SMV Other,Driver,15 to 19,Fatal,North,Going Ahead,Lost control,,,,,,,,,Yes,,,,Yes,,,,,West Rouge
724,Major Arterial,Etobicoke York,Intersection,Traffic Signal,Clear,Daylight,Dry,Non-Fatal Injury,Pedestrian Collisions,Vehicle Owner,unknown,,,,,,,,,,,Yes,,Yes,,,,,,,,,Long Branch
235,Major Arterial,Etobicoke York,Mid-Block,No Control,Clear,Dark,Dry,Non-Fatal Injury,Pedestrian Collisions,Pedestrian,unknown,Major,,Other,,,,,,,,Yes,,Yes,,,,Yes,,,,Yes,West Humber-Clairville
1015,Major Arterial,Etobicoke York,Mid-Block,No Control,Clear,Daylight,Dry,Non-Fatal Injury,Sideswipe,Driver,50 to 54,Major,West,Going Ahead,Lost control,,,,,,,,,Yes,,,,,,,,,NSA
2157,,Toronto and East York,Mid-Block,No Control,Clear,Dark,Dry,Non-Fatal Injury,Pedestrian Collisions,Vehicle Owner,unknown,,,,,,,,,,,Yes,,Yes,,,,,,,,,South Riverdale
535,Major Arterial,Toronto and East York,Mid-Block,Traffic Signal,Rain,Dark,Wet,Non-Fatal Injury,SMV Other,Driver,75 to 79,Major,South,Going Ahead,Speed too Fast For Condition,,,,,,,,,Yes,,,,,Yes,Yes,,,Bay-Cloverhill
235,Minor Arterial,Toronto and East York,Mid-Block,No Control,Clear,Dark,Dry,Non-Fatal Injury,SMV Other,Other Property Owner,unknown,,,,,,,,,,,,,Yes,,,,,Yes,Yes,,Yes,North Riverdale
530,Collector,Scarborough,Intersection,No Control,"Fog, Mist, Smoke, Dust",Dark,Dry,Fatal,SMV Other,Other,55 to 59,,East,Parked,,,,,,,,,,Yes,,,,Yes,,,,,West Rouge
724,Major Arterial,Etobicoke York,Intersection,Traffic Signal,Clear,Daylight,Dry,Non-Fatal Injury,Pedestrian Collisions,Driver,40 to 44,,East,Going Ahead,Driving Properly,,,,,,,Yes,,Yes,,,,,,,,,Long Branch
1449,Minor Arterial,Scarborough,Intersection,Stop Sign,Clear,Daylight,Dry,Non-Fatal Injury,Angle,Motorcycle Driver,45 to 49,Major,East,Going Ahead,Driving Properly,,,,,,,,,Yes,Yes,,,,,Yes,,,Morningside Heights
1341,Local,Scarborough,Mid-Block,No Control,Clear,Daylight,Dry,Non-Fatal Injury,Pedestrian Collisions,Vehicle Owner,unknown,,,,,,,,,,,Yes,,,,,,,,,,,Oakridge
1045,Minor Arterial,Scarborough,Intersection,Traffic Signal,Clear,Daylight,Dry,Non-Fatal Injury,Turning Movement,Driver,25 to 29,Minor,East,Turning Left,Improper Turn,,,,,,,,,Yes,,,,,,Yes,,,Morningside Heights
1255,Minor Arterial,Toronto and East York,Intersection,Traffic Signal,Clear,Daylight,Dry,Non-Fatal Injury,Angle,Driver,35 to 39,Minimal,North,Going Ahead,Disobeyed Traffic Control,,,,,,,,,Yes,,,,Yes,Yes,Yes,Yes,,Danforth East York
830,Major Arterial,Toronto and East York,Intersection,Traffic Signal,Clear,Daylight,Dry,Non-Fatal Injury,Cyclist Collisions,Driver,unknown,,East,Stopped,Other,,,,,,,,Yes,Yes,,,,,,,,,Little Portugal
2157,,Toronto and East York,Mid-Block,No Control,Clear,Dark,Dry,Non-Fatal Injury,Pedestrian Collisions,Driver,55 to 59,,South,Going Ahead,Driving Properly,,,,,,,Yes,,Yes,,,,,,,,,South Riverdale
1341,Local,Scarborough,Mid-Block,No Control,Clear,Daylight,Dry,Non-Fatal Injury,Pedestrian Collisions,Pedestrian,60 to 64,Major,,,,Pedestrian hit at parking lot,Other,Normal,,,,Yes,,,,,,,,,,,Oakridge
1449,Minor Arterial,Scarborough,Intersection,Stop Sign,Clear,Daylight,Dry,Non-Fatal Injury,Angle,Driver,55 to 59,,North,Going Ahead,Failed to Yield Right of Way,,,,,,,,,Yes,Yes,,,,,Yes,,,Morningside Heights
724,Major Arterial,Etobicoke York,Intersection,Traffic Signal,Clear,Daylight,Dry,Non-Fatal Injury,Pedestrian Collisions,Pedestrian,20 to 24,Major,North,,,Vehicle is going straight thru inter.while ped cross without ROW,Crossing marked crosswalk without ROW,Inattentive,,,,Yes,,Yes,,,,,,,,,Long Branch
1045,Minor Arterial,Scarborough,Intersection,Traffic Signal,Clear,Daylight,Dry,Non-Fatal Injury,Turning Movement,Driver,25 to 29,Major,West,Going Ahead,Driving Properly,,,,,,,,,Yes,,,,,,Yes,,,Morningside Heights
1255,Minor Arterial,Toronto and East York,Intersection,Traffic Signal,Clear,Daylight,Dry,Non-Fatal Injury,Angle,Driver,70 to 74,Major,East,Going Ahead,Driving Properly,,,,,,,,,Yes,,,,Yes,Yes,Yes,Yes,,Danforth East York
1711,Major Arterial,Toronto and East York,Mid-Block,No Control,Clear,Daylight,Dry,Non-Fatal Injury,SMV Unattended Vehicle,Vehicle Owner,unknown,,,,,,,,,,,,,Yes,,,,,,,,,Annex