TIME,ROAD_CLASS,DISTRICT,LOCCOORD,TRAFFCTL,VISIBILITY,LIGHT,RDSFCOND,ACCLASS,IMPACTYPE,INVTYPE,INVAGE,INJURY,INITDIR,MANOEUVER,DRIVACT,PEDTYPE,PEDACT,PEDCOND,CYCLISTYPE,CYCACT,CYCCOND,PEDESTRIAN,CYCLIST,AUTOMOBILE,MOTORCYCLE,TRUCK,TRSN_CITY_VEH,PASSENGER,SPEEDING,AG_DRIV,REDLIGHT,ALCOHOL,NEIGHBOURHOOD_158
1041,Minor Arterial,Scarborough,Mid-Block,No Control,Clear,Daylight,Dry,Non-Fatal Injury,Cyclist Collisions,Driver,40 to 44,,East,Reversing,Failed to Yield Right of Way,,,,,,,,Yes,Yes,,,,,,Yes,,,West Rouge
505,Minor Arterial,Scarborough,Intersection,Traffic Signal,Clear,Dark,Dry,Non-Fatal Injury,Pedestrian Collisions,Pedestrian,55 to 59,Major,,,,Vehicle turns left while ped crosses with ROW at inter.,Crossing with right of way,Had Been Drinking,,,,Yes,,Yes,,,,,,Yes,,,Highland Creek
2200,Major Arterial,Etobicoke York,Intersection,Traffic Signal,Clear,Dark,Dry,Non-Fatal Injury,Turning Movement,Driver,20 to 24,Minimal,West,Turning Left,Failed to Yield Right of Way,,,,,,,,,Yes,,,,,,Yes,,,Glenfield-Jane Heights
1827,Local,Etobicoke York,Intersection,No Control,Clear,Daylight,Dry,Non-Fatal Injury,Rear End,Driver,25 to 29,,West,Going Ahead,Following too Close,,,,,,,,,Yes,,,,Yes,,Yes,,,Elms-Old Rexdale
1245,Major Arterial,North York,Intersection,No Control,Clear,Daylight,Dry,Non-Fatal Injury,Pedestrian Collisions,Driver,60 to 64,,West,Reversing,Failed to Yield Right of Way,,,,,,,Yes,,Yes,,,,,,Yes,,,Lawrence Park North
1640,Major Arterial,North York,Mid-Block,No Control,Clear,Daylight,Dry,Non-Fatal Injury,Rear End,Driver,60 to 64,Major,South,Going Ahead,Failed to Yield Right of Way,,,,,,,,,Yes,,,,,,Yes,,,Banbury-Don Mills
2135,Minor Arterial,Scarborough,Mid-Block,Pedestrian Crossover,Rain,Dark,Wet,Non-Fatal Injury,Pedestrian Collisions,Driver,50 to 54,,North,Going Ahead,Disobeyed Traffic Control,,,,,,,Yes,,Yes,,,,,,Yes,,,Clairlea-Birchmount
1041,Minor Arterial,Scarborough,Mid-Block,No Control,Clear,Daylight,Dry,Non-Fatal Injury,Cyclist Collisions,Cyclist,60 to 64,Major,South,Going Ahead,,,,,Motorist reversing struck cyclist.,Driving Properly,Normal,,Yes,Yes,,,,,,Yes,,,West Rouge
2013,Minor Arterial,Scarborough,Mid-Block,No Control,Clear,Daylight,Dry,Fatal,Pedestrian Collisions,Driver,55 to 59,,South,Going Ahead,Lost control,,,,,,,Yes,,Yes,,,,,,,,Yes,Cliffcrest
1640,Major Arterial,North York,Mid-Block,No Control,Clear,Daylight,Dry,Non-Fatal Injury,Rear End,Vehicle Owner,unknown,,,,,,,,,,,,,Yes,,,,,,Yes,,,Banbury-Don Mills
1245,Major Arterial,North York,Intersection,No Control,Clear,Daylight,Dry,Non-Fatal Injury,Pedestrian Collisions,Pedestrian,85 to 89,Major,,,,Vehicle is reversing and hits pedestrian,On Sidewalk or Shoulder,Normal,,,,Yes,,Yes,,,,,,Yes,,,Lawrence Park North
2013,Minor Arterial,Scarborough,Mid-Block,No Control,Clear,Daylight,Dry,Fatal,Pedestrian Collisions,Pedestrian,0 to 4,Major,South,,,Pedestrian hit on sidewalk or shoulder,On Sidewalk or Shoulder,Normal,,,,Yes,,Yes,,,,,,,,Yes,Cliffcrest
2135,Minor Arterial,Scarborough,Mid-Block,Pedestrian Crossover,Rain,Dark,Wet,Non-Fatal Injury,Pedestrian Collisions,Pedestrian,45 to 49,Major,West,,,Pedestrian hit a PXO/ped. Mid-block signal,"Crossing, Pedestrian Crossover",Normal,,,,Yes,,Yes,,,,,,Yes,,,Clairlea-Birchmount
300,Major Arterial,Toronto and East York,Intersection,Traffic Signal,Clear,Dark,Dry,Non-Fatal Injury,Pedestrian Collisions,Vehicle Owner,unknown,,,,,,,,,,,Yes,,Yes,,,,,,,,,Wellington Place
1730,Major Arterial,Etobicoke York,Intersection,Traffic Signal,Clear,Daylight,Dry,Non-Fatal Injury,Cyclist Collisions,Driver,35 to 39,,North,Turning Right,Failed to Yield Right of Way,,,,,,,,Yes,Yes,,,,,,Yes,,,Maple Leaf
1937,Major Arterial,Toronto and East York,Intersection,Traffic Signal,Rain,Dark,Wet,Non-Fatal Injury,Pedestrian Collisions,Driver,25 to 29,,South,Turning Left,Failed to Yield Right of Way,,,,,,,Yes,,Yes,,,,,,Yes,,,Annex
1939,Local,Scarborough,Mid-Block,No Control,Clear,Daylight,Dry,Non-Fatal Injury,SMV Other,Driver,55 to 59,Major,North,Reversing,Other,,,,,,,,,,,,,,,,,,Birchcliffe-Cliffside
1140,,Toronto and East York,Mid-Block,No Control,Clear,Daylight,Dry,Non-Fatal Injury,SMV Other,Vehicle Owner,unknown,,,,,,,,,,,,,,,Yes,,,,,,,South Riverdale
1640,Major Arterial,North York,Mid-Block,No Control,Clear,Daylight,Dry,Non-Fatal Injury,Rear End,Driver,25 to 29,Minimal,South,Stopped,Driving Properly,,,,,,,,,Yes,,,,,,Yes,,,Banbury-Don Mills
2013,Minor Arterial,Scarborough,Mid-Block,No Control,Clear,Daylight,Dry,Fatal,Pedestrian Collisions,Pedestrian,35 to 39,Fatal,South,,,Pedestrian hit on sidewalk or shoulder,On Sidewalk or Shoulder,Normal,,,,Yes,,Yes,,,,,,,,Yes,Cliffcrest
1815,Local,North York,Intersection,Stop Sign,Clear,Daylight,Dry,Non-Fatal Injury,Cyclist Collisions,Vehicle Owner,unknown,,,,,,,,,,,,Yes,Yes,,,,,,,,,Fenside-Parkwoods
1730,Major Arterial,Etobicoke York,Intersection,Traffic Signal,Clear,Daylight,Dry,Non-Fatal Injury,Cyclist Collisions,Cyclist,20 to 24,Major,West,Going Ahead,,,,,Motorist turning right on red at signalized intersection strikes cyclist.,Driving Properly,Normal,,Yes,Yes,,,,,,Yes,,,Maple Leaf
1815,Local,North York,Intersection,Stop Sign,Clear,Daylight,Dry,Non-Fatal Injury,Cyclist Collisions,Driver,20 to 24,,West,Slowing or Stopping,Driving Properly,,,,,,,,Yes,Yes,,,,,,,,,Fenside-Parkwoods
1140,,Toronto and East York,Mid-Block,No Control,Clear,Daylight,Dry,Non-Fatal Injury,SMV Other,Truck Driver,25 to 29,Major,North,Merging,Lost control,,,,,,,,,,,Yes,,,,,,,South Riverdale
1225,Minor Arterial,Toronto and East York,Intersection,Traffic Signal,Clear,Daylight,Dry,Non-Fatal Injury,Turning Movement,Motorcycle Driver,55 to 59,Major,East,Going Ahead,Following too Close,,,,,,,,,Yes,Yes,,,,,Yes,,,Harbourfront-CityPlace
2157,Major Arterial,Etobicoke York,Intersection,Traffic Controller,Clear,Dark,Dry,Non-Fatal Injury,Turning Movement,Vehicle Owner,unknown,,,,,,,,,,,,,Yes,,,,,,,,,Willowridge-Martingrove-Richview
1245,Major Arterial,Scarborough,Intersection,Traffic Signal,Clear,Daylight,Dry,Non-Fatal Injury,Pedestrian Collisions,Driver,60 to 64,,South,Slowing or Stopping,Driving Properly,,,,,,,Yes,,Yes,,,,,,,,,Agincourt South-Malvern West
1815,Local,North York,Intersection,Stop Sign,Clear,Daylight,Dry,Non-Fatal Injury,Cyclist Collisions,Cyclist,5 to 9,Major,North,Other,,,,,"Cyclist without ROW rides into path of motorist at inter, lnwy, dwy-Cyclist not turn.",Failed to Yield Right of Way,Inattentive,,Yes,Yes,,,,,,,,,Fenside-Parkwoods
1803,Major Arterial,Scarborough,Mid-Block,No Control,Clear,Dark,Dry,Non-Fatal Injury,Pedestrian Collisions,Vehicle Owner,unknown,,,,,,,,,,,Yes,,Yes,,,,,,Yes,,,Malvern East
1225,Minor Arterial,Toronto and East York,Intersection,Traffic Signal,Clear,Daylight,Dry,Non-Fatal Injury,Turning Movement,Driver,35 to 39,,West,Turning Left,Driving Properly,,,,,,,,,Yes,Yes,,,,,Yes,,,Harbourfront-CityPlace
1937,Major Arterial,Toronto and East York,Intersection,Traffic Signal,Rain,Dark,Wet,Non-Fatal Injury,Pedestrian Collisions,Pedestrian,unknown,Major,South,,,Vehicle turns left while ped crosses with ROW at inter.,Crossing with right of way,Normal,,,,Yes,,Yes,,,,,,Yes,,,Annex
300,Major Arterial,Toronto and East York,Intersection,Traffic Signal,Clear,Dark,Dry,Non-Fatal Injury,Pedestrian Collisions,Driver,45 to 49,,East,Going Ahead,Driving Properly,,,,,,,Yes,,Yes,,,,,,,,,Wellington Place
300,Major Arterial,Toronto and East York,Intersection,Traffic Signal,Clear,Dark,Dry,Non-Fatal Injury,Pedestrian Collisions,Pedestrian,15 to 19,Major,North,,,Vehicle is going straight thru inter.while ped cross without ROW,Crossing without right of way,Had Been Drinking,,,,Yes,,Yes,,,,,,,,,Wellington Place
1800,Major Arterial,Etobicoke York,Mid-Block,No Control,Clear,Daylight,Dry,Non-Fatal Injury,Pedestrian Collisions,Driver,30 to 34,,West,Going Ahead,Driving Properly,,,,,,,Yes,,Yes,,,,,,,,,Mount Olive-Silverstone-Jamestown
1932,Major Arterial,Etobicoke York,Mid-Block,No Control,Clear,Dark,Dry,Fatal,Pedestrian Collisions,Vehicle Owner,unknown,,,,,,,,,,,Yes,,Yes,,,,,,,,,West Humber-Clairville
1245,Major Arterial,Scarborough,Intersection,Traffic Signal,Clear,Daylight,Dry,Non-Fatal Injury,Pedestrian Collisions,Pedestrian,40 to 44,Major,East,,,Pedestrian hit at mid-block,Crossing without right of way,Inattentive,,,,Yes,,Yes,,,,,,,,,Agincourt South-Malvern West
2157,Major Arterial,Etobicoke York,Intersection,Traffic Controller,Clear,Dark,Dry,Non-Fatal Injury,Turning Movement,Driver,25 to 29,Major,South,Going Ahead,Driving Properly,,,,,,,,,Yes,,,,,,,,,Willowridge-Martingrove-Richview
1100,Major Arterial,Toronto and East York,Mid-Block,No Control,Rain,Daylight,Wet,Non-Fatal Injury,Cyclist Collisions,Vehicle Owner,unknown,,,,,,,,,,,,Yes,Yes,,,,,,,,,West Queen West
2030,Major Arterial,Toronto and East York,Intersection,Stop Sign,Clear,Dark,Dry,Non-Fatal Injury,Angle,Passenger,15 to 19,Minor,,Other,,,,,,,,,,Yes,,,,Yes,,Yes,,,Old East York
1803,Major Arterial,Scarborough,Mid-Block,No Control,Clear,Dark,Dry,Non-Fatal Injury,Pedestrian Collisions,Driver,45 to 49,,West,Slowing or Stopping,Driving Properly,,,,,,,Yes,,Yes,,,,,,Yes,,,Malvern East
1932,Major Arterial,Etobicoke York,Mid-Block,No Control,Clear,Dark,Dry,Fatal,Pedestrian Collisions,Driver,55 to 59,,North,Going Ahead,Driving Properly,,,,,,,Yes,,Yes,,,,,,,,,West Humber-Clairville
1800,Major Arterial,Etobicoke York,Mid-Block,No Control,Clear,Daylight,Dry,Non-Fatal Injury,Pedestrian Collisions,Pedestrian,85 to 89,Major,South,,,Pedestrian hit at mid-block,Walking on Roadway with Traffic,Medical or Physical Disability,,,,Yes,,Yes,,,,,,,,,Mount Olive-Silverstone-Jamestown
2157,Major Arterial,Etobicoke York,Intersection,Traffic Controller,Clear,Dark,Dry,Non-Fatal Injury,Turning Movement,Vehicle Owner,unknown,,,,,,,,,,,,,Yes,,,,,,,,,Willowridge-Martingrove-Richview
42,Major Arterial,Scarborough,Intersection,Stop Sign,Clear,Dark,Dry,Non-Fatal Injury,SMV Other,Passenger,25 to 29,Major,,,,,,,,,,,,,,,,Yes,Yes,Yes,,,Woburn North
2030,Major Arterial,Toronto and East York,Intersection,Stop Sign,Clear,Dark,Dry,Non-Fatal Injury,Angle,Driver,45 to 49,Major,North,Going Ahead,Failed to Yield Right of Way,,,,,,,,,Yes,,,,Yes,,Yes,,,Old East York
1910,Major Arterial,Scarborough,Intersection,Traffic Signal,Clear,Daylight,Dry,Fatal,Turning Movement,Motorcycle Driver,35 to 39,Fatal,West,Going Ahead,Exceeding Speed Limit,,,,,,,,,Yes,Yes,,,Yes,Yes,Yes,,,Bendale-Glen Andrew
1803,Major Arterial,Scarborough,Mid-Block,No Control,Clear,Dark,Dry,Non-Fatal Injury,Pedestrian Collisions,Other,60 to 64,,South,Parked,,,,,,,,Yes,,Yes,,,,,,Yes,,,Malvern East
1441,Major Arterial,North York,Intersection,Traffic Signal,Clear,Daylight,Dry,Non-Fatal Injury,Cyclist Collisions,Passenger,20 to 24,,,,,,,,,,,,Yes,Yes,,,,Yes,,,,,Bayview Woods-Steeles
1803,Major Arterial,Scarborough,Mid-Block,No Control,Clear,Dark,Dry,Non-Fatal Injury,Pedestrian Collisions,Driver,15 to 19,,West,Going Ahead,Following too Close,,,,,,,Yes,,Yes,,,,,,Yes,,,Malvern East
1441,Major Arterial,North York,Intersection,Traffic Signal,Clear,Daylight,Dry,Non-Fatal Injury,Cyclist Collisions,Driver,30 to 34,,East,Going Ahead,Driving Properly,,,,,,,,Yes,Yes,,,,Yes,,,,,Bayview Woods-Steeles
1932,Major Arterial,Etobicoke York,Mid-Block,No Control,Clear,Dark,Dry,Fatal,Pedestrian Collisions,Pedestrian,80 to 84,Fatal,West,,,Pedestrian hit at mid-block,"Crossing, no Traffic Control",Unknown,,,,Yes,,Yes,,,,,,,,,West Humber-Clairville
1100,Major Arterial,Toronto and East York,Mid-Block,No Control,Rain,Daylight,Wet,Non-Fatal Injury,Cyclist Collisions,Driver,45 to 49,,East,Changing Lanes,Improper Lane Change,,,,,,,,Yes,Yes,,,,,,,,,West Queen West
1910,Major Arterial,Scarborough,Intersection,Traffic Signal,Clear,Daylight,Dry,Fatal,Turning Movement,Passenger,25 to 29,,,,,,,,,,,,,Yes,Yes,,,Yes,Yes,Yes,,,Bendale-Glen Andrew
2157,Major Arterial,Etobicoke York,Intersection,Traffic Controller,Clear,Dark,Dry,Non-Fatal Injury,Turning Movement,Driver,20 to 24,,North,Turning Left,Improper Turn,,,,,,,,,Yes,,,,,,,,,Willowridge-Martingrove-Richview
2030,Major Arterial,Toronto and East York,Intersection,Stop Sign,Clear,Dark,Dry,Non-Fatal Injury,Angle,Vehicle Owner,unknown,,,,,,,,,,,,,Yes,,,,Yes,,Yes,,,Old East York
42,Major Arterial,Scarborough,Intersection,Stop Sign,Clear,Dark,Dry,Non-Fatal Injury,SMV Other,Driver,15 to 19,,West,Merging,Lost control,,,,,,,,,,,,,Yes,Yes,Yes,,,Woburn North
1100,Major Arterial,Toronto and East York,Mid-Block,No Control,Rain,Daylight,Wet,Non-Fatal Injury,Cyclist Collisions,Cyclist,30 to 34,Major,East,Going Ahead,,,,,Cyclist and Driver travelling in same direction. One vehicle sideswipes the other.,Other,Unknown,,Yes,Yes,,,,,,,,,West Queen West
1803,Major Arterial,Scarborough,Mid-Block,No Control,Clear,Dark,Dry,Non-Fatal Injury,Pedestrian Collisions,Other Property Owner,unknown,,,,,,,,,,,Yes,,Yes,,,,,,Yes,,,Malvern East
1929,Major Arterial,Scarborough,Intersection,Traffic Signal,Clear,Daylight,Dry,Non-Fatal Injury,Pedestrian Collisions,Driver,35 to 39,,North,Turning Left,Failed to Yield Right of Way,,,,,,,Yes,,Yes,,,,,,Yes,,,Clairlea-Birchmount
2030,Major Arterial,Toronto and East York,Intersection,Stop Sign,Clear,Dark,Dry,Non-Fatal Injury,Angle,Driver,25 to 29,Minor,North,Going Ahead,Driving Properly,,,,,,,,,Yes,,,,Yes,,Yes,,,Old East York
2033,Major Arterial,Scarborough,Mid-Block,No Control,Clear,Dark,Dry,Non-Fatal Injury,Pedestrian Collisions,Driver,25 to 29,,West,Going Ahead,Driving Properly,,,,,,,Yes,,Yes,,,,,,,,,Agincourt North
1745,Major Arterial,Toronto and East York,Intersection,Traffic Signal,Clear,Daylight,Dry,Non-Fatal Injury,Turning Movement,Driver,30 to 34,Major,North,Going Ahead,Driving Properly,,,,,,,,,Yes,,,,Yes,,,,,South Riverdale
1925,Minor Arterial,Toronto and East York,Mid-Block,No Control,Rain,Dark,Wet,Non-Fatal Injury,Pedestrian Collisions,Driver,50 to 54,,North,Going Ahead,Driving Properly,,,,,,,Yes,,Yes,,,,,,,,,Greenwood-Coxwell
1441,Major Arterial,North York,Intersection,Traffic Signal,Clear,Daylight,Dry,Non-Fatal Injury,Cyclist Collisions,Cyclist,70 to 74,Major,South,Going Ahead,,,,,"Cyclist without ROW rides into path of motorist at inter, lnwy, dwy-Cyclist not turn.",Disobeyed Traffic Control,Unknown,,Yes,Yes,,,,Yes,,,,,Bayview Woods-Steeles
1803,Major Arterial,Scarborough,Mid-Block,No Control,Clear,Dark,Dry,Non-Fatal Injury,Pedestrian Collisions,Pedestrian,35 to 39,Major,,,,Pedestrian hit on sidewalk or shoulder,On Sidewalk or Shoulder,Normal,,,,Yes,,Yes,,,,,,Yes,,,Malvern East
714,Major Arterial,North York,,Traffic Signal,Clear,Daylight,Dry,Non-Fatal Injury,Sideswipe,Vehicle Owner,unknown,,,Other,,,,,,,,,,Yes,,,,,,,,,Newtonbrook East
1925,Minor Arterial,Toronto and East York,Mid-Block,No Control,Rain,Dark,Wet,Non-Fatal Injury,Pedestrian Collisions,Pedestrian,45 to 49,Major,,,,Pedestrian hit at mid-block,"Crossing, no Traffic Control",Normal,,,,Yes,,Yes,,,,,,,,,Greenwood-Coxwell
1929,Major Arterial,Scarborough,Intersection,Traffic Signal,Clear,Daylight,Dry,Non-Fatal Injury,Pedestrian Collisions,Pedestrian,40 to 44,Major,North,,,Vehicle turns left while ped crosses with ROW at inter.,Crossing with right of way,Normal,,,,Yes,,Yes,,,,,,Yes,,,Clairlea-Birchmount
1635,Major Arterial,Scarborough,Mid-Block,No Control,Clear,Daylight,Dry,Non-Fatal Injury,Pedestrian Collisions,Vehicle Owner,unknown,,,,,,,,,,,Yes,,Yes,,,,,,Yes,,,Clairlea-Birchmount
1910,Major Arterial,Scarborough,Intersection,Traffic Signal,Clear,Daylight,Dry,Fatal,Turning Movement,Passenger,15 to 19,,,,,,,,,,,,,Yes,Yes,,,Yes,Yes,Yes,,,Bendale-Glen Andrew
2033,Major Arterial,Scarborough,Mid-Block,No Control,Clear,Dark,Dry,Non-Fatal Injury,Pedestrian Collisions,Pedestrian,45 to 49,Major,South,,,Pedestrian hit at mid-block,"Crossing, no Traffic Control",Normal,,,,Yes,,Yes,,,,,,,,,Agincourt North
1745,Major Arterial,Toronto and East York,Intersection,Traffic Signal,Clear,Daylight,Dry,Non-Fatal Injury,Turning Movement,Passenger,20 to 24,,,,,,,,,,,,,Yes,,,,Yes,,,,,South Riverdale
1910,Major Arterial,Scarborough,Intersection,Traffic Signal,Clear,Daylight,Dry,Fatal,Turning Movement,Vehicle Owner,unknown,,,,,,,,,,,,,Yes,Yes,,,Yes,Yes,Yes,,,Bendale-Glen Andrew
126,Minor Arterial,Toronto and East York,Intersection,Stop Sign,Rain,Dark,Wet,Non-Fatal Injury,Angle,Passenger,20 to 24,Major,,,,,,,,,,,,Yes,,,Yes,Yes,Yes,Yes,,,Corso Italia-Davenport
1635,Major Arterial,Scarborough,Mid-Block,No Control,Clear,Daylight,Dry,Non-Fatal Injury,Pedestrian Collisions,Driver,40 to 44,,West,Going Ahead,Failed to Yield Right of Way,,,,,,,Yes,,Yes,,,,,,Yes,,,Clairlea-Birchmount
2209,Major Arterial,Etobicoke York,Intersection,Traffic Controller,Clear,Dark,Other,Non-Fatal Injury,Turning Movement,Truck Driver,20 to 24,,South,Going Ahead,Other,,,,,,,,,Yes,,Yes,,,,Yes,,,Mount Olive-Silverstone-Jamestown
2155,Major Arterial,Toronto and East York,Mid-Block,No Control,Clear,Dark,Dry,Non-Fatal Injury,Pedestrian Collisions,Vehicle Owner,unknown,,,,,,,,,,,Yes,,Yes,,,,,,,,,Wellington Place
714,Major Arterial,North York,,Traffic Signal,Clear,Daylight,Dry,Non-Fatal Injury,Sideswipe,Driver,55 to 59,,,Stopped,,,,,,,,,,Yes,,,,,,,,,Newtonbrook East
1600,Major Arterial,Etobicoke York,Intersection,Stop Sign,Clear,Daylight,Dry,Non-Fatal Injury,Angle,Vehicle Owner,unknown,,,,,,,,,,,,,Yes,,,,Yes,,Yes,,,Pelmo Park-Humberlea
1745,Major Arterial,Toronto and East York,Intersection,Traffic Signal,Clear,Daylight,Dry,Non-Fatal Injury,Turning Movement,Passenger,15 to 19,,,,,,,,,,,,,Yes,,,,Yes,,,,,South Riverdale
1910,Major Arterial,Scarborough,Intersection,Traffic Signal,Clear,Daylight,Dry,Fatal,Turning Movement,Driver,20 to 24,,East,Turning Left,Improper Turn,,,,,,,,,Yes,Yes,,,Yes,Yes,Yes,,,Bendale-Glen Andrew
126,Minor Arterial,Toronto and East York,Intersection,Stop Sign,Rain,Dark,Wet,Non-Fatal Injury,Angle,Vehicle Owner,unknown,,,,,,,,,,,,,Yes,,,Yes,Yes,Yes,Yes,,,Corso Italia-Davenport
2,Major Arterial,Toronto and East York,Intersection,No Control,Clear,Dark,Dry,Fatal,SMV Other,Vehicle Owner,unknown,,,,,,,,,,,,,,Yes,,,,Yes,Yes,,,Cabbagetown-South St.James Town
1635,Major Arterial,Scarborough,Mid-Block,No Control,Clear,Daylight,Dry,Non-Fatal Injury,Pedestrian Collisions,Pedestrian,55 to 59,Major,South,,,Pedestrian hit at mid-block,"Crossing, no Traffic Control",Normal,,,,Yes,,Yes,,,,,,Yes,,,Clairlea-Birchmount
2155,Major Arterial,Toronto and East York,Mid-Block,No Control,Clear,Dark,Dry,Non-Fatal Injury,Pedestrian Collisions,Driver,45 to 49,,South,Going Ahead,Driving Properly,,,,,,,Yes,,Yes,,,,,,,,,Wellington Place
1745,Major Arterial,Toronto and East York,Intersection,Traffic Signal,Clear,Daylight,Dry,Non-Fatal Injury,Turning Movement,Passenger,5 to 9,,,,,,,,,,,,,Yes,,,,Yes,,,,,South Riverdale
1600,Major Arterial,Etobicoke York,Intersection,Stop Sign,Clear,Daylight,Dry,Non-Fatal Injury,Angle,Driver,60 to 64,Major,North,Going Ahead,Driving Properly,,,,,,,,,Yes,,,,Yes,,Yes,,,Pelmo Park-Humberlea
2209,Major Arterial,Etobicoke York,Intersection,Traffic Controller,Clear,Dark,Other,Non-Fatal Injury,Turning Movement,Driver,25 to 29,Major,East,Turning Left,Other,,,,,,,,,Yes,,Yes,,,,Yes,,,Mount Olive-Silverstone-Jamestown
714,Major Arterial,North York,,Traffic Signal,Clear,Daylight,Dry,Non-Fatal Injury,Sideswipe,Driver,35 to 39,,,Parked,,,,,,,,,,Yes,,,,,,,,,Newtonbrook East
1600,Major Arterial,Etobicoke York,Intersection,Stop Sign,Clear,Daylight,Dry,Non-Fatal Injury,Angle,Passenger,55 to 59,Minor,,,,,,,,,,,,Yes,,,,Yes,,Yes,,,Pelmo Park-Humberlea
1745,Major Arterial,Toronto and East York,Intersection,Traffic Signal,Clear,Daylight,Dry,Non-Fatal Injury,Turning Movement,Vehicle Owner,unknown,,,,,,,,,,,,,Yes,,,,Yes,,,,,South Riverdale
2155,Major Arterial,Toronto and East York,Mid-Block,No Control,Clear,Dark,Dry,Non-Fatal Injury,Pedestrian Collisions,Pedestrian,55 to 59,Major,West,,,Pedestrian hit at mid-block,Running onto Roadway,Inattentive,,,,Yes,,Yes,,,,,,,,,Wellington Place
126,Minor Arterial,Toronto and East York,Intersection,Stop Sign,Rain,Dark,Wet,Non-Fatal Injury,Angle,Driver,20 to 24,Major,East,Going Ahead,Disobeyed Traffic Control,,,,,,,,,Yes,,,Yes,Yes,Yes,Yes,,,Corso Italia-Davenport
2,Major Arterial,Toronto and East York,Intersection,No Control,Clear,Dark,Dry,Fatal,SMV Other,Motorcycle Driver,25 to 29,Fatal,West,Slowing or Stopping,Lost control,,,,,,,,,,Yes,,,,Yes,Yes,,,Cabbagetown-South St.James Town
610,Major Arterial,Scarborough,Intersection,Traffic Signal,Rain,Dark,Wet,Non-Fatal Injury,Pedestrian Collisions,Driver,55 to 59,,East,Turning Left,Failed to Yield Right of Way,,,,,,,Yes,,Yes,,,,,,Yes,,,Dorset Park
714,Major Arterial,North York,,Traffic Signal,Clear,Daylight,Dry,Non-Fatal Injury,Sideswipe,Vehicle Owner,unknown,,,Other,,,,,,,,,,Yes,,,,,,,,,Newtonbrook East
1745,Major Arterial,Toronto and East York,Intersection,Traffic Signal,Clear,Daylight,Dry,Non-Fatal Injury,Turning Movement,Driver,20 to 24,,South,Turning Left,Driving Properly,,,,,,,,,Yes,,,,Yes,,,,,South Riverdale
925,Collector,Scarborough,Mid-Block,No Control,Clear,Daylight,Dry,Non-Fatal Injury,Pedestrian Collisions,Pedestrian,5 to 9,Major,,,,Pedestrian hit at mid-block,Walking on Roadway with Traffic,Unknown,,,,Yes,,Yes,,,,,,,,,Milliken
830,Local,Etobicoke York,Intersection,Stop Sign,Snow,Daylight,Ice,Non-Fatal Injury,Angle,Driver,55 to 59,,South,Slowing or Stopping,Disobeyed Traffic Control,,,,,,,,,Yes,,,Yes,Yes,,Yes,,,Alderwood
1600,Major Arterial,Etobicoke York,Intersection,Stop Sign,Clear,Daylight,Dry,Non-Fatal Injury,Angle,Driver,45 to 49,Minor,West,Going Ahead,Failed to Yield Right of Way,,,,,,,,,Yes,,,,Yes,,Yes,,,Pelmo Park-Humberlea
126,Minor Arterial,Toronto and East York,Intersection,Stop Sign,Rain,Dark,Wet,Non-Fatal Injury,Angle,Vehicle Owner,unknown,,,,,,,,,,,,,Yes,,,Yes,Yes,Yes,Yes,,,Corso Italia-Davenport
226,Major Arterial,Etobicoke York,Intersection,Traffic Signal,Clear,Dark,Dry,Fatal,Angle,Vehicle Owner,unknown,,,,,,,,,,,,,Yes,,,,Yes,,Yes,Yes,,Humbermede
830,Local,Etobicoke York,Intersection,Stop Sign,Snow,Daylight,Ice,Non-Fatal Injury,Angle,Passenger,55 to 59,Major,,,,,,,,,,,,Yes,,,Yes,Yes,,Yes,,,Alderwood
610,Major Arterial,Scarborough,Intersection,Traffic Signal,Rain,Dark,Wet,Non-Fatal Injury,Pedestrian Collisions,Pedestrian,45 to 49,Major,East,,,Vehicle turns left while ped crosses with ROW at inter.,Crossing with right of way,Normal,,,,Yes,,Yes,,,,,,Yes,,,Dorset Park
129,Major Arterial,Scarborough,Intersection,Traffic Signal,Clear,Dark,Dry,Non-Fatal Injury,Turning Movement,Vehicle Owner,unknown,,,,,,,,,,,,,Yes,,,Yes,,Yes,Yes,Yes,Yes,Scarborough Village
714,Major Arterial,North York,,Traffic Signal,Clear,Daylight,Dry,Non-Fatal Injury,Sideswipe,Driver,55 to 59,,,Stopped,,,,,,,,,,Yes,,,,,,,,,Newtonbrook East
129,Major Arterial,Scarborough,Intersection,Traffic Signal,Clear,Dark,Dry,Non-Fatal Injury,Turning Movement,Driver,25 to 29,Major,West,Going Ahead,Disobeyed Traffic Control,,,,,,,,,Yes,,,Yes,,Yes,Yes,Yes,Yes,Scarborough Village
310,Major Arterial,Scarborough,Mid-Block,No Control,Clear,Dark,Dry,Non-Fatal Injury,Rear End,Passenger,40 to 44,Minimal,,,,,,,,,,,,Yes,,,,Yes,,,,,Morningside Heights
925,Collector,Scarborough,Mid-Block,No Control,Clear,Daylight,Dry,Non-Fatal Injury,Pedestrian Collisions,Driver,40 to 44,,West,Other,Other,,,,,,,Yes,,Yes,,,,,,,,,Milliken
226,Major Arterial,Etobicoke York,Intersection,Traffic Signal,Clear,Dark,Dry,Fatal,Angle,Driver,50 to 54,Minimal,East,Going Ahead,Driving Properly,,,,,,,,,Yes,,,,Yes,,Yes,Yes,,Humbermede
126,Minor Arterial,Toronto and East York,Intersection,Stop Sign,Rain,Dark,Wet,Non-Fatal Injury,Angle,Driver,40 to 44,,North,Going Ahead,Driving Properly,,,,,,,,,Yes,,,Yes,Yes,Yes,Yes,,,Corso Italia-Davenport
1510,Major Arterial,North York,Intersection,Traffic Signal,Clear,Daylight,Dry,Non-Fatal Injury,Turning Movement,Driver,30 to 34,Major,South,Going Ahead,Driving Properly,,,,,,,,,Yes,,,,,,,,,Flemingdon Park