TIME,ROAD_CLASS,DISTRICT,LOCCOORD,TRAFFCTL,VISIBILITY,LIGHT,RDSFCOND,ACCLASS,IMPACTYPE,INVTYPE,INVAGE,INJURY,INITDIR,MANOEUVER,DRIVACT,PEDTYPE,PEDACT,PEDCOND,CYCLISTYPE,CYCACT,CYCCOND,PEDESTRIAN,CYCLIST,AUTOMOBILE,MOTORCYCLE,TRUCK,TRSN_CITY_VEH,PASSENGER,SPEEDING,AG_DRIV,REDLIGHT,ALCOHOL,NEIGHBOURHOOD_158
129,Major Arterial,Scarborough,Intersection,Traffic Signal,Clear,Dark,Dry,Non-Fatal Injury,Turning Movement,Vehicle Owner,unknown,,,,,,,,,,,,,Yes,,,Yes,,Yes,Yes,Yes,Yes,Scarborough Village
830,Local,Etobicoke York,Intersection,Stop Sign,Snow,Daylight,Ice,Non-Fatal Injury,Angle,Vehicle Owner,unknown,,,,,,,,,,,,,Yes,,,Yes,Yes,,Yes,,,Alderwood
1642,Minor Arterial,Scarborough,Mid-Block,No Control,Clear,Daylight,Dry,Non-Fatal Injury,Cyclist Collisions,Driver,55 to 59,,East,Turning Left,Other,,,,,,,,Yes,Yes,,,,,,,,,Bendale-Glen Andrew
1510,Major Arterial,North York,Intersection,Traffic Signal,Clear,Daylight,Dry,Non-Fatal Injury,Turning Movement,Driver,80 to 84,,North,Turning Left,Improper Turn,,,,,,,,,Yes,,,,,,,,,Flemingdon Park
129,Major Arterial,Scarborough,Intersection,Traffic Signal,Clear,Dark,Dry,Non-Fatal Injury,Turning Movement,Driver,40 to 44,Minimal,South,Turning Left,Driving Properly,,,,,,,,,Yes,,,Yes,,Yes,Yes,Yes,Yes,Scarborough Village
430,Major Arterial,Toronto and East York,Mid-Block,No Control,Clear,Dark,Dry,Non-Fatal Injury,SMV Other,Passenger,55 to 59,Minor,,,,,,,,,,,,Yes,,,,Yes,,Yes,,,High Park-Swansea
310,Major Arterial,Scarborough,Mid-Block,No Control,Clear,Dark,Dry,Non-Fatal Injury,Rear End,Vehicle Owner,unknown,,,,,,,,,,,,,Yes,,,,Yes,,,,,Morningside Heights
226,Major Arterial,Etobicoke York,Intersection,Traffic Signal,Clear,Dark,Dry,Fatal,Angle,Vehicle Owner,unknown,,,,,,,,,,,,,Yes,,,,Yes,,Yes,Yes,,Humbermede
830,Local,Etobicoke York,Intersection,Stop Sign,Snow,Daylight,Ice,Non-Fatal Injury,Angle,Driver,55 to 59,,West,Going Ahead,Driving Properly,,,,,,,,,Yes,,,Yes,Yes,,Yes,,,Alderwood
430,Major Arterial,Toronto and East York,Mid-Block,No Control,Clear,Dark,Dry,Non-Fatal Injury,SMV Other,Vehicle Owner,unknown,,,,,,,,,,,,,Yes,,,,Yes,,Yes,,,High Park-Swansea
1005,Major Arterial,Etobicoke York,Intersection,Traffic Signal,Clear,Daylight,Dry,Fatal,Pedestrian Collisions,Vehicle Owner,unknown,,,,,,,,,,,Yes,,,,Yes,,,,,,,Black Creek
830,Local,North York,Intersection,Stop Sign,Clear,Daylight,Dry,Non-Fatal Injury,Angle,Vehicle Owner,unknown,,,,,,,,,,,,,Yes,,,,Yes,,Yes,,,Bathurst Manor
714,Major Arterial,North York,,Traffic Signal,Clear,Daylight,Dry,Non-Fatal Injury,Sideswipe,Driver,90 to 94,Major,,Going Ahead,,,,,,,,,,Yes,,,,,,,,,Newtonbrook East
1642,Minor Arterial,Scarborough,Mid-Block,No Control,Clear,Daylight,Dry,Non-Fatal Injury,Cyclist Collisions,Cyclist,45 to 49,Major,North,Going Ahead,,,,,Motorist turned left across cyclists path.,,,,Yes,Yes,,,,,,,,,Bendale-Glen Andrew
1244,Collector,Scarborough,Intersection,Pedestrian Crossover,Clear,Daylight,Dry,Fatal,Cyclist Collisions,Vehicle Owner,unknown,,,,,,,,,,,,Yes,Yes,,,,,,,,,Tam O'Shanter-Sullivan
830,Local,North York,Intersection,Stop Sign,Clear,Daylight,Dry,Non-Fatal Injury,Angle,Driver,40 to 44,Major,West,Stopped,Failed to Yield Right of Way,,,,,,,,,Yes,,,,Yes,,Yes,,,Bathurst Manor
226,Major Arterial,Etobicoke York,Intersection,Traffic Signal,Clear,Dark,Dry,Fatal,Angle,Driver,15 to 19,Fatal,North,Going Ahead,Disobeyed Traffic Control,,,,,,,,,Yes,,,,Yes,,Yes,Yes,,Humbermede
1005,Major Arterial,Etobicoke York,Intersection,Traffic Signal,Clear,Daylight,Dry,Fatal,Pedestrian Collisions,Truck Driver,20 to 24,,North,Turning Left,Driving Properly,,,,,,,Yes,,,,Yes,,,,,,,Black Creek
430,Major Arterial,Toronto and East York,Mid-Block,No Control,Clear,Dark,Dry,Non-Fatal Injury,SMV Other,Driver,35 to 39,Major,West,Going Ahead,Disobeyed Traffic Control,,,,,,,,,Yes,,,,Yes,,Yes,,,High Park-Swansea
950,Major Arterial,North York,Mid-Block,No Control,Clear,Daylight,Wet,Fatal,Pedestrian Collisions,Vehicle Owner,unknown,,,,,,,,,,,Yes,,,,,Yes,,,,,,Flemingdon Park
310,Major Arterial,Scarborough,Mid-Block,No Control,Clear,Dark,Dry,Non-Fatal Injury,Rear End,Driver,40 to 44,Minor,North,Stopped,Driving Properly,,,,,,,,,Yes,,,,Yes,,,,,Morningside Heights
226,Major Arterial,Etobicoke York,Intersection,Traffic Signal,Clear,Dark,Dry,Fatal,Angle,Passenger,15 to 19,Fatal,,,,,,,,,,,,Yes,,,,Yes,,Yes,Yes,,Humbermede
1005,Major Arterial,Etobicoke York,Intersection,Traffic Signal,Clear,Daylight,Dry,Fatal,Pedestrian Collisions,Pedestrian,65 to 69,Fatal,South,,,Vehicle turns left while ped crosses without ROW at inter.,Crossing without right of way,Unknown,,,,Yes,,,,Yes,,,,,,,Black Creek
830,Local,North York,Intersection,Stop Sign,Clear,Daylight,Dry,Non-Fatal Injury,Angle,Passenger,20 to 24,Minimal,,,,,,,,,,,,Yes,,,,Yes,,Yes,,,Bathurst Manor
200,Major Arterial,Etobicoke York,Intersection,Traffic Signal,Clear,Dark,Dry,Non-Fatal Injury,SMV Other,Driver,40 to 44,Major,West,Going Ahead,Exceeding Speed Limit,,,,,,,,,Yes,,,,,Yes,Yes,,,Long Branch
950,Major Arterial,North York,Mid-Block,No Control,Clear,Daylight,Wet,Fatal,Pedestrian Collisions,Driver,50 to 54,,South,Going Ahead,Driving Properly,,,,,,,Yes,,,,,Yes,,,,,,Flemingdon Park
1244,Collector,Scarborough,Intersection,Pedestrian Crossover,Clear,Daylight,Dry,Fatal,Cyclist Collisions,Driver,40 to 44,,East,Going Ahead,Driving Properly,,,,,,,,Yes,Yes,,,,,,,,,Tam O'Shanter-Sullivan
310,Major Arterial,Scarborough,Mid-Block,No Control,Clear,Dark,Dry,Non-Fatal Injury,Rear End,Driver,35 to 39,Minor,North,Going Ahead,Lost control,,,,,,,,,Yes,,,,Yes,,,,,Morningside Heights
1244,Collector,Scarborough,Intersection,Pedestrian Crossover,Clear,Daylight,Dry,Fatal,Cyclist Collisions,Cyclist,5 to 9,Fatal,South,Going Ahead,,,,,Cyclist struck at PXO(cyclist either travel in same dir. as veh. or ride across xwalk),Disobeyed Traffic Control,Normal,,Yes,Yes,,,,,,,,,Tam O'Shanter-Sullivan
226,Major Arterial,Etobicoke York,Intersection,Traffic Signal,Clear,Dark,Dry,Fatal,Angle,Passenger,15 to 19,Fatal,,,,,,,,,,,,Yes,,,,Yes,,Yes,Yes,,Humbermede
830,Local,North York,Intersection,Stop Sign,Clear,Daylight,Dry,Non-Fatal Injury,Angle,Driver,45 to 49,Minimal,South,Going Ahead,Driving Properly,,,,,,,,,Yes,,,,Yes,,Yes,,,Bathurst Manor
1851,Minor Arterial,Toronto and East York,Intersection,No Control,Clear,Daylight,Dry,Non-Fatal Injury,Pedestrian Collisions,Driver,40 to 44,,South,Turning Left,Failed to Yield Right of Way,,,,,,,Yes,,Yes,,,,,,Yes,,,Roncesvalles
950,Major Arterial,North York,Mid-Block,No Control,Clear,Daylight,Wet,Fatal,Pedestrian Collisions,Pedestrian,85 to 89,Major,West,,,Pedestrian involved in a collision with transit vehicle anywhere along roadway,"Crossing, no Traffic Control",Unknown,,,,Yes,,,,,Yes,,,,,,Flemingdon Park
200,Major Arterial,Etobicoke York,Intersection,Traffic Signal,Clear,Dark,Dry,Non-Fatal Injury,SMV Other,Other Property Owner,unknown,,,,,,,,,,,,,Yes,,,,,Yes,Yes,,,Long Branch
2125,Major Arterial,Toronto and East York,Mid-Block,No Control,Clear,Dark,Dry,Non-Fatal Injury,Turning Movement,Driver,40 to 44,Major,North,Going Ahead,Driving Properly,,,,,,,,,Yes,,,,,,,,,Harbourfront-CityPlace
310,Major Arterial,Scarborough,Mid-Block,No Control,Clear,Dark,Dry,Non-Fatal Injury,Rear End,Vehicle Owner,unknown,,,,,,,,,,,,,Yes,,,,Yes,,,,,Morningside Heights
226,Major Arterial,Etobicoke York,Intersection,Traffic Signal,Clear,Dark,Dry,Fatal,Angle,Vehicle Owner,unknown,,,,,,,,,,,,,Yes,,,,Yes,,Yes,Yes,,Humbermede
2027,Other,Scarborough,Mid-Block,No Control,Clear,Dark,Dry,Non-Fatal Injury,Sideswipe,Motorcycle Driver,unknown,,North,Going Ahead,Other,,,,,,,,,,Yes,,,,,,,,Morningside
1830,Minor Arterial,Toronto and East York,Intersection,Stop Sign,Clear,Daylight,Dry,Non-Fatal Injury,SMV Other,Moped Driver,50 to 54,Major,East,Turning Left,Lost control,,,,,,,,Yes,,,,,,,,,,Little Portugal
2125,Major Arterial,Toronto and East York,Mid-Block,No Control,Clear,Dark,Dry,Non-Fatal Injury,Turning Movement,Vehicle Owner,unknown,,,,,,,,,,,,,Yes,,,,,,,,,Harbourfront-CityPlace
610,Major Arterial,Etobicoke York,Intersection,No Control,Clear,Dark,Dry,Non-Fatal Injury,Pedestrian Collisions,Driver,55 to 59,,West,Going Ahead,Driving Properly,,,,,,,Yes,,Yes,,,,,,,,,NSA
2027,Other,Scarborough,Mid-Block,No Control,Clear,Dark,Dry,Non-Fatal Injury,Sideswipe,Motorcycle Driver,55 to 59,Major,North,Going Ahead,Other,,,,,,,,,,Yes,,,,,,,,Morningside
226,Major Arterial,Etobicoke York,Intersection,Traffic Signal,Clear,Dark,Dry,Fatal,Angle,Driver,40 to 44,Minimal,East,Going Ahead,Driving Properly,,,,,,,,,Yes,,,,Yes,,Yes,Yes,,Humbermede
1757,Major Arterial,Toronto and East York,Intersection,No Control,Clear,Daylight,Dry,Non-Fatal Injury,Pedestrian Collisions,Vehicle Owner,unknown,,,,,,,,,,,Yes,,Yes,,,,,,,,,Kensington-Chinatown
1851,Minor Arterial,Toronto and East York,Intersection,No Control,Clear,Daylight,Dry,Non-Fatal Injury,Pedestrian Collisions,Pedestrian,65 to 69,Major,South,,,Vehicle turns left while ped crosses with ROW at inter.,Crossing with right of way,Normal,,,,Yes,,Yes,,,,,,Yes,,,Roncesvalles
950,Major Arterial,North York,Mid-Block,No Control,Clear,Daylight,Wet,Fatal,Pedestrian Collisions,Pedestrian,75 to 79,Fatal,West,,,Pedestrian involved in a collision with transit vehicle anywhere along roadway,"Crossing, no Traffic Control",Unknown,,,,Yes,,,,,Yes,,,,,,Flemingdon Park
2230,Collector,Scarborough,Intersection,Stop Sign,Clear,Dark,Dry,Non-Fatal Injury,Turning Movement,Passenger,45 to 49,Minor,,,,,,,,,,,,Yes,,Yes,,Yes,,,,,Morningside Heights
610,Major Arterial,Etobicoke York,Intersection,No Control,Clear,Dark,Dry,Non-Fatal Injury,Pedestrian Collisions,Pedestrian,25 to 29,Major,South,,,Pedestrian hit at mid-block,"Crossing, no Traffic Control",Had Been Drinking,,,,Yes,,Yes,,,,,,,,,NSA
310,Major Arterial,Scarborough,Mid-Block,No Control,Clear,Dark,Dry,Non-Fatal Injury,Rear End,Driver,50 to 54,Major,North,Stopped,Driving Properly,,,,,,,,,Yes,,,,Yes,,,,,Morningside Heights
2125,Major Arterial,Toronto and East York,Mid-Block,No Control,Clear,Dark,Dry,Non-Fatal Injury,Turning Movement,Driver,25 to 29,,North,Making U Turn,Improper Turn,,,,,,,,,Yes,,,,,,,,,Harbourfront-CityPlace
1700,Major Arterial,Scarborough,Mid-Block,No Control,Clear,Dusk,Dry,Non-Fatal Injury,Pedestrian Collisions,Driver,45 to 49,,West,Merging,Speed too Fast For Condition,,,,,,,Yes,,Yes,,,,,Yes,Yes,,,Wexford/Maryvale
820,Major Arterial,Etobicoke York,Mid-Block,No Control,Clear,Daylight,Dry,Non-Fatal Injury,Pedestrian Collisions,Driver,20 to 24,,North,Going Ahead,Driving Properly,,,,,,,Yes,,Yes,,,,,,,,,Etobicoke City Centre
605,Major Arterial,North York,Intersection,No Control,Clear,Dark,Dry,Fatal,Pedestrian Collisions,Vehicle Owner,unknown,,,,,,,,,,,Yes,,,,Yes,,,,Yes,,,Lawrence Park North
2230,Collector,Scarborough,Intersection,Stop Sign,Clear,Dark,Dry,Non-Fatal Injury,Turning Movement,Truck Driver,25 to 29,Major,North,Going Ahead,Driving Properly,,,,,,,,,Yes,,Yes,,Yes,,,,,Morningside Heights
2230,Collector,Scarborough,Intersection,Stop Sign,Clear,Dark,Dry,Non-Fatal Injury,Turning Movement,Driver,30 to 34,Minor,West,Turning Left,Improper Turn,,,,,,,,,Yes,,Yes,,Yes,,,,,Morningside Heights
605,Major Arterial,North York,Intersection,No Control,Clear,Dark,Dry,Fatal,Pedestrian Collisions,Truck Driver,35 to 39,,South,Turning Left,Failed to Yield Right of Way,,,,,,,Yes,,,,Yes,,,,Yes,,,Lawrence Park North
1005,Major Arterial,Toronto and East York,Intersection,Traffic Signal,Clear,Daylight,Dry,Non-Fatal Injury,Pedestrian Collisions,Vehicle Owner,unknown,,,,,,,,,,,Yes,,Yes,,,,,,,,,South Parkdale
1757,Major Arterial,Toronto and East York,Intersection,No Control,Clear,Daylight,Dry,Non-Fatal Injury,Pedestrian Collisions,Driver,40 to 44,,West,Going Ahead,Driving Properly,,,,,,,Yes,,Yes,,,,,,,,,Kensington-Chinatown
226,Major Arterial,Etobicoke York,Intersection,Traffic Signal,Clear,Dark,Dry,Fatal,Angle,Other Property Owner,unknown,,,,,,,,,,,,,Yes,,,,Yes,,Yes,Yes,,Humbermede
2156,Major Arterial,Scarborough,Intersection,No Control,Clear,"Dusk, artificial",Dry,Non-Fatal Injury,Turning Movement,Vehicle Owner,unknown,,,,,,,,,,,,Yes,Yes,,,,Yes,,,,,Kennedy Park
1700,Major Arterial,Scarborough,Mid-Block,No Control,Clear,Dusk,Dry,Non-Fatal Injury,Pedestrian Collisions,Pedestrian,20 to 24,Major,North,,,Pedestrian hit at mid-block,"Crossing, no Traffic Control",Normal,,,,Yes,,Yes,,,,,Yes,Yes,,,Wexford/Maryvale
605,Major Arterial,North York,Intersection,No Control,Clear,Dark,Dry,Fatal,Pedestrian Collisions,Pedestrian,70 to 74,Fatal,North,,,Vehicle turns left while ped crosses with ROW at inter.,Crossing with right of way,Unknown,,,,Yes,,,,Yes,,,,Yes,,,Lawrence Park North
1757,Major Arterial,Toronto and East York,Intersection,No Control,Clear,Daylight,Dry,Non-Fatal Injury,Pedestrian Collisions,Pedestrian,60 to 64,Major,South,,,Vehicle is going straight thru inter.while ped cross without ROW,"Crossing, no Traffic Control",Inattentive,,,,Yes,,Yes,,,,,,,,,Kensington-Chinatown
1005,Major Arterial,Toronto and East York,Intersection,Traffic Signal,Clear,Daylight,Dry,Non-Fatal Injury,Pedestrian Collisions,Driver,55 to 59,,West,Turning Right,Driving Properly,,,,,,,Yes,,Yes,,,,,,,,,South Parkdale
809,Major Arterial,Toronto and East York,Intersection,No Control,Clear,Daylight,Dry,Non-Fatal Injury,Pedestrian Collisions,Driver,50 to 54,,South,Reversing,Other,,,,,,,Yes,,Yes,,,,,,,,,Danforth East York
2156,Major Arterial,Scarborough,Intersection,No Control,Clear,"Dusk, artificial",Dry,Non-Fatal Injury,Turning Movement,Moped Driver,35 to 39,Major,South,Going Ahead,Driving Properly,,,,,,,,Yes,Yes,,,,Yes,,,,,Kennedy Park
2358,Major Arterial,Toronto and East York,Intersection,Traffic Signal,Clear,Dark,Dry,Non-Fatal Injury,Turning Movement,Driver,25 to 29,Major,West,Going Ahead,Driving Properly,,,,,,,,,Yes,,,,,Yes,Yes,,,St Lawrence-East Bayfront-The Islands
820,Major Arterial,Etobicoke York,Mid-Block,No Control,Clear,Daylight,Dry,Non-Fatal Injury,Pedestrian Collisions,Pedestrian,35 to 39,Major,West,,,Pedestrian hit at mid-block,"Crossing, no Traffic Control",Inattentive,,,,Yes,,Yes,,,,,,,,,Etobicoke City Centre
1750,Major Arterial,Toronto and East York,Mid-Block,No Control,Clear,Daylight,Dry,Non-Fatal Injury,SMV Other,Passenger,35 to 39,Major,,,,,,,,,,,,Yes,,,,Yes,Yes,Yes,,,Wellington Place
1005,Major Arterial,Toronto and East York,Intersection,Traffic Signal,Clear,Daylight,Dry,Non-Fatal Injury,Pedestrian Collisions,Pedestrian,75 to 79,Major,West,,,Vehicle turns right while ped crosses without ROW at inter.,Crossing without right of way,Normal,,,,Yes,,Yes,,,,,,,,,South Parkdale
2358,Major Arterial,Toronto and East York,Intersection,Traffic Signal,Clear,Dark,Dry,Non-Fatal Injury,Turning Movement,Vehicle Owner,unknown,,,,,,,,,,,,,Yes,,,,,Yes,Yes,,,St Lawrence-East Bayfront-The Islands
1450,Major Arterial,Etobicoke York,Mid-Block,Stop Sign,Clear,Daylight,Dry,Non-Fatal Injury,Turning Movement,Vehicle Owner,unknown,,,,,,,,,,,,,Yes,,,,,,Yes,,,Mount Olive-Silverstone-Jamestown
2358,Major Arterial,Toronto and East York,Intersection,Traffic Signal,Clear,Dark,Dry,Non-Fatal Injury,Turning Movement,Driver,55 to 59,,West,Turning Left,Improper Turn,,,,,,,,,Yes,,,,,Yes,Yes,,,St Lawrence-East Bayfront-The Islands
1750,Major Arterial,Toronto and East York,Mid-Block,No Control,Clear,Daylight,Dry,Non-Fatal Injury,SMV Other,Vehicle Owner,unknown,,,,,,,,,,,,,Yes,,,,Yes,Yes,Yes,,,Wellington Place
2252,,Toronto and East York,Mid-Block,No Control,Clear,Dark,Dry,Fatal,SMV Other,Motorcycle Driver,25 to 29,Fatal,West,Going Ahead,Lost control,,,,,,,,,,Yes,,,,,,,,South Parkdale
1852,Minor Arterial,Toronto and East York,Intersection,Traffic Signal,Rain,Dark,Wet,Non-Fatal Injury,Pedestrian Collisions,Driver,45 to 49,,East,Turning Left,Failed to Yield Right of Way,,,,,,,Yes,,Yes,,,,,,Yes,,,Woodbine Corridor
2156,Major Arterial,Scarborough,Intersection,No Control,Clear,"Dusk, artificial",Dry,Non-Fatal Injury,Turning Movement,Passenger,15 to 19,,,,,,,,,,,,Yes,Yes,,,,Yes,,,,,Kennedy Park
1947,Minor Arterial,Scarborough,Mid-Block,No Control,Clear,Dark,Other,Fatal,SMV Unattended Vehicle,Other,unknown,,West,Parked,,,,,,,,,,Yes,,,,Yes,,,,,Cliffcrest
809,Major Arterial,Toronto and East York,Intersection,No Control,Clear,Daylight,Dry,Non-Fatal Injury,Pedestrian Collisions,Pedestrian,70 to 74,Major,North,,,Vehicle is reversing and hits pedestrian,"Crossing, no Traffic Control",Normal,,,,Yes,,Yes,,,,,,,,,Danforth East York
1450,Major Arterial,Etobicoke York,Mid-Block,Stop Sign,Clear,Daylight,Dry,Non-Fatal Injury,Turning Movement,Driver,45 to 49,,South,Turning Right,Failed to Yield Right of Way,,,,,,,,,Yes,,,,,,Yes,,,Mount Olive-Silverstone-Jamestown
1330,Major Arterial,Etobicoke York,Intersection,Traffic Signal,Clear,Daylight,Dry,Non-Fatal Injury,Turning Movement,Vehicle Owner,unknown,,,,,,,,,,,,,Yes,,Yes,,Yes,,Yes,Yes,,West Humber-Clairville
1947,Minor Arterial,Scarborough,Mid-Block,No Control,Clear,Dark,Other,Fatal,SMV Unattended Vehicle,Passenger,20 to 24,Fatal,,,,,,,,,,,,Yes,,,,Yes,,,,,Cliffcrest
1758,Major Arterial,Scarborough,Intersection,Traffic Signal,Clear,Daylight,Dry,Non-Fatal Injury,Cyclist Collisions,Driver,40 to 44,,West,Turning Right,Disobeyed Traffic Control,,,,,,,,Yes,Yes,,,,,,Yes,Yes,,Milliken
1750,Major Arterial,Toronto and East York,Mid-Block,No Control,Clear,Daylight,Dry,Non-Fatal Injury,SMV Other,Driver,30 to 34,Minor,North,Pulling Onto Shoulder or towardCurb,Lost control,,,,,,,,,Yes,,,,Yes,Yes,Yes,,,Wellington Place
1129,Major Arterial,North York,Mid-Block,No Control,Clear,Daylight,Dry,Non-Fatal Injury,Angle,Driver,40 to 44,Minor,East,Going Ahead,Other,,,,,,,,,Yes,,,,,,,,,Yonge-Eglinton
1852,Minor Arterial,Toronto and East York,Intersection,Traffic Signal,Rain,Dark,Wet,Non-Fatal Injury,Pedestrian Collisions,Pedestrian,70 to 74,Major,East,,,Vehicle turns left while ped crosses with ROW at inter.,Crossing with right of way,Normal,,,,Yes,,Yes,,,,,,Yes,,,Woodbine Corridor
1450,Major Arterial,Etobicoke York,Mid-Block,Stop Sign,Clear,Daylight,Dry,Non-Fatal Injury,Turning Movement,Driver,20 to 24,Major,West,Going Ahead,Driving Properly,,,,,,,,,Yes,,,,,,Yes,,,Mount Olive-Silverstone-Jamestown
1947,Minor Arterial,Scarborough,Mid-Block,No Control,Clear,Dark,Other,Fatal,SMV Unattended Vehicle,Driver,25 to 29,,West,Going Ahead,Lost control,,,,,,,,,Yes,,,,Yes,,,,,Cliffcrest
1330,Major Arterial,Etobicoke York,Intersection,Traffic Signal,Clear,Daylight,Dry,Non-Fatal Injury,Turning Movement,Truck Driver,15 to 19,,West,Going Ahead,Disobeyed Traffic Control,,,,,,,,,Yes,,Yes,,Yes,,Yes,Yes,,West Humber-Clairville
1758,Major Arterial,Scarborough,Intersection,Traffic Signal,Clear,Daylight,Dry,Non-Fatal Injury,Cyclist Collisions,Cyclist,60 to 64,Major,South,Going Ahead,,,,,Motorist turning right on red at signalized intersection strikes cyclist.,,,,Yes,Yes,,,,,,Yes,Yes,,Milliken
1129,Major Arterial,North York,Mid-Block,No Control,Clear,Daylight,Dry,Non-Fatal Injury,Angle,Vehicle Owner,unknown,,,,,,,,,,,,,Yes,,,,,,,,,Yonge-Eglinton
1750,Major Arterial,Toronto and East York,Mid-Block,No Control,Clear,Daylight,Dry,Non-Fatal Injury,SMV Other,Other Property Owner,unknown,,,,,,,,,,,,,Yes,,,,Yes,Yes,Yes,,,Wellington Place
635,Major Arterial,Scarborough,Intersection,Traffic Signal,Rain,Dark,Wet,Non-Fatal Injury,Rear End,Vehicle Owner,unknown,,,,,,,,,,,,,Yes,,Yes,,Yes,,Yes,,,Agincourt North
1814,Major Arterial,North York,Intersection,No Control,Rain,Daylight,Wet,Non-Fatal Injury,Cyclist Collisions,Vehicle Owner,unknown,,,,,,,,,,,,Yes,Yes,,,,,,Yes,,,Downsview
2156,Major Arterial,Scarborough,Intersection,No Control,Clear,"Dusk, artificial",Dry,Non-Fatal Injury,Turning Movement,Passenger,75 to 79,,,,,,,,,,,,Yes,Yes,,,,Yes,,,,,Kennedy Park
1129,Major Arterial,North York,Mid-Block,No Control,Clear,Daylight,Dry,Non-Fatal Injury,Angle,Driver,40 to 44,Major,North,Going Ahead,Driving Properly,,,,,,,,,Yes,,,,,,,,,Yonge-Eglinton
1921,Major Arterial,Toronto and East York,Intersection,Traffic Signal,Rain,Dark,Wet,Non-Fatal Injury,Pedestrian Collisions,Vehicle Owner,unknown,,,,,,,,,,,Yes,,Yes,,,,,,,,,Greenwood-Coxwell
2352,Major Arterial,Toronto and East York,Intersection,No Control,Clear,Dark,Wet,Non-Fatal Injury,Pedestrian Collisions,Driver,70 to 74,,East,Going Ahead,Driving Properly,,,,,,,Yes,,Yes,,,,,,,,,Weston-Pelham Park
635,Major Arterial,Scarborough,Intersection,Traffic Signal,Rain,Dark,Wet,Non-Fatal Injury,Rear End,Truck Driver,55 to 59,,South,Slowing or Stopping,Following too Close,,,,,,,,,Yes,,Yes,,Yes,,Yes,,,Agincourt North
635,Major Arterial,Scarborough,Intersection,Traffic Signal,Rain,Dark,Wet,Non-Fatal Injury,Rear End,Passenger,20 to 24,Major,,,,,,,,,,,,Yes,,Yes,,Yes,,Yes,,,Agincourt North
1814,Major Arterial,North York,Intersection,No Control,Rain,Daylight,Wet,Non-Fatal Injury,Cyclist Collisions,Driver,45 to 49,,South,Going Ahead,Failed to Yield Right of Way,,,,,,,,Yes,Yes,,,,,,Yes,,,Downsview
1409,Major Arterial,Etobicoke York,Intersection,Traffic Signal,Clear,Daylight,Dry,Non-Fatal Injury,Turning Movement,Truck Driver,45 to 49,,West,Slowing or Stopping,Driving Properly,,,,,,,,,Yes,,Yes,,Yes,,,,,Eringate-Centennial-West Deane
1921,Major Arterial,Toronto and East York,Intersection,Traffic Signal,Rain,Dark,Wet,Non-Fatal Injury,Pedestrian Collisions,Driver,20 to 24,,East,Going Ahead,Driving Properly,,,,,,,Yes,,Yes,,,,,,,,,Greenwood-Coxwell
2352,Major Arterial,Toronto and East York,Intersection,No Control,Clear,Dark,Wet,Non-Fatal Injury,Pedestrian Collisions,Pedestrian,65 to 69,Major,South,,,Vehicle is going straight thru inter.while ped cross without ROW,"Crossing, no Traffic Control",Had Been Drinking,,,,Yes,,Yes,,,,,,,,,Weston-Pelham Park
635,Major Arterial,Scarborough,Intersection,Traffic Signal,Rain,Dark,Wet,Non-Fatal Injury,Rear End,Vehicle Owner,unknown,,,,,,,,,,,,,Yes,,Yes,,Yes,,Yes,,,Agincourt North
1814,Major Arterial,North York,Intersection,No Control,Rain,Daylight,Wet,Non-Fatal Injury,Cyclist Collisions,Cyclist,30 to 34,Major,West,Going Ahead,,,,,"Motorist without ROW drives into path of cyclist at inter, lnwy, dwy-Driver not turn.",Driving Properly,Normal,,Yes,Yes,,,,,,Yes,,,Downsview
1409,Major Arterial,Etobicoke York,Intersection,Traffic Signal,Clear,Daylight,Dry,Non-Fatal Injury,Turning Movement,Passenger,30 to 34,,,,,,,,,,,,,Yes,,Yes,,Yes,,,,,Eringate-Centennial-West Deane
1620,Major Arterial,Scarborough,Mid-Block,No Control,Clear,Daylight,Dry,Non-Fatal Injury,Turning Movement,Motorcycle Driver,50 to 54,Major,South,Going Ahead,Driving Properly,,,,,,,,,Yes,Yes,,,,,,,,Clairlea-Birchmount
1330,Major Arterial,Etobicoke York,Intersection,Traffic Signal,Clear,Daylight,Dry,Non-Fatal Injury,Turning Movement,Passenger,35 to 39,Major,,,,,,,,,,,,Yes,,Yes,,Yes,,Yes,Yes,,West Humber-Clairville
2156,Major Arterial,Scarborough,Intersection,No Control,Clear,"Dusk, artificial",Dry,Non-Fatal Injury,Turning Movement,Driver,20 to 24,,North,Turning Left,Improper Turn,,,,,,,,Yes,Yes,,,,Yes,,,,,Kennedy Park
250,Major Arterial,Scarborough,Mid-Block,No Control,Clear,Dark,Dry,Non-Fatal Injury,SMV Other,Passenger,20 to 24,Major,,,,,,,,,,,,Yes,,,,Yes,Yes,Yes,,,Birchcliffe-Cliffside
1913,Local,Etobicoke York,Intersection,Stop Sign,Rain,Dawn,Wet,Non-Fatal Injury,Angle,Passenger,10 to 14,,,,,,,,,,,,,Yes,,,,Yes,,Yes,,,Mimico-Queensway
635,Major Arterial,Scarborough,Intersection,Traffic Signal,Rain,Dark,Wet,Non-Fatal Injury,Rear End,Driver,25 to 29,Minor,South,Stopped,Driving Properly,,,,,,,,,Yes,,Yes,,Yes,,Yes,,,Agincourt North
1921,Major Arterial,Toronto and East York,Intersection,Traffic Signal,Rain,Dark,Wet,Non-Fatal Injury,Pedestrian Collisions,Pedestrian,35 to 39,Major,South,,,Vehicle is going straight thru inter.while ped cross without ROW,Running onto Roadway,Normal,,,,Yes,,Yes,,,,,,,,,Greenwood-Coxwell