TIME,ROAD_CLASS,DISTRICT,LOCCOORD,TRAFFCTL,VISIBILITY,LIGHT,RDSFCOND,ACCLASS,IMPACTYPE,INVTYPE,INVAGE,INJURY,INITDIR,MANOEUVER,DRIVACT,PEDTYPE,PEDACT,PEDCOND,CYCLISTYPE,CYCACT,CYCCOND,PEDESTRIAN,CYCLIST,AUTOMOBILE,MOTORCYCLE,TRUCK,TRSN_CITY_VEH,PASSENGER,SPEEDING,AG_DRIV,REDLIGHT,ALCOHOL,NEIGHBOURHOOD_158
1250,Major Arterial,North York,Mid-Block,No Control,Clear,Daylight,Wet,Non-Fatal Injury,Rear End,Driver,45 to 49,Minimal,South,Stopped,Driving Properly,,,,,,,,,Yes,,,,Yes,,Yes,,,Hillcrest Village
1955,Major Arterial,Toronto and East York,Mid-Block,No Control,Clear,Dark,Dry,Non-Fatal Injury,Approaching,Driver,25 to 29,,South,Changing Lanes,Exceeding Speed Limit,,,,,,,,,Yes,,,,Yes,Yes,Yes,,,Trinity-Bellwoods
1825,Minor Arterial,Toronto and East York,Mid-Block,No Control,Clear,Daylight,Dry,Non-Fatal Injury,Cyclist Collisions,Driver,60 to 64,,East,Parked,Other,,,,,,,,Yes,Yes,,,Yes,,,,,,South Riverdale
1955,Major Arterial,Toronto and East York,Mid-Block,No Control,Clear,Dark,Dry,Non-Fatal Injury,Approaching,Driver,50 to 54,Major,North,Going Ahead,Driving Properly,,,,,,,,,Yes,,,,Yes,Yes,Yes,,,Trinity-Bellwoods
840,Collector,North York,Mid-Block,No Control,Clear,"Daylight, artificial",Dry,Non-Fatal Injury,Pedestrian Collisions,Driver,45 to 49,,West,Going Ahead,Driving Properly,,,,,,,Yes,,Yes,,,,,,,,,Newtonbrook West
1715,Major Arterial,Etobicoke York,Intersection,Traffic Signal,Clear,Daylight,Dry,Non-Fatal Injury,Turning Movement,Driver,45 to 49,,East,Turning Left,Improper Turn,,,,,,,,,Yes,,,,Yes,,,,,Islington
1700,Local,Toronto and East York,Mid-Block,No Control,Clear,Daylight,Dry,Non-Fatal Injury,Pedestrian Collisions,Driver,unknown,,South,Going Ahead,Driving Properly,,,,,,,Yes,,Yes,,,,,,,,,Wychwood
728,Major Arterial,Scarborough,Intersection,Traffic Signal,Clear,Daylight,Dry,Non-Fatal Injury,Turning Movement,Driver,30 to 34,Minor,South,Going Ahead,Driving Properly,,,,,,,,,Yes,,,,Yes,,,,,West Hill
1250,Major Arterial,North York,Mid-Block,No Control,Clear,Daylight,Wet,Non-Fatal Injury,Rear End,Passenger,85 to 89,Major,,,,,,,,,,,,Yes,,,,Yes,,Yes,,,Hillcrest Village
1605,Major Arterial,Scarborough,Intersection,Traffic Signal,Clear,Daylight,Dry,Non-Fatal Injury,Angle,Passenger,40 to 44,Minor,,,,,,,,,,,,Yes,,,,Yes,Yes,Yes,Yes,,Milliken
1955,Major Arterial,Toronto and East York,Mid-Block,No Control,Clear,Dark,Dry,Non-Fatal Injury,Approaching,Passenger,50 to 54,Major,,,,,,,,,,,,Yes,,,,Yes,Yes,Yes,,,Trinity-Bellwoods
1955,Major Arterial,Toronto and East York,Mid-Block,No Control,Clear,Dark,Dry,Non-Fatal Injury,Approaching,Other Property Owner,unknown,,,,,,,,,,,,,Yes,,,,Yes,Yes,Yes,,,Trinity-Bellwoods
1825,Minor Arterial,Toronto and East York,Mid-Block,No Control,Clear,Daylight,Dry,Non-Fatal Injury,Cyclist Collisions,Cyclist,30 to 34,Major,East,Going Ahead,,,,,Cyclist struck opened vehicle door,Driving Properly,Normal,,Yes,Yes,,,Yes,,,,,,South Riverdale
1700,Local,Toronto and East York,Mid-Block,No Control,Clear,Daylight,Dry,Non-Fatal Injury,Pedestrian Collisions,Pedestrian,35 to 39,Major,,,,Pedestrian hit at mid-block,"Crossing, no Traffic Control",Normal,,,,Yes,,Yes,,,,,,,,,Wychwood
1715,Major Arterial,Etobicoke York,Intersection,Traffic Signal,Clear,Daylight,Dry,Non-Fatal Injury,Turning Movement,Passenger,25 to 29,Major,,,,,,,,,,,,Yes,,,,Yes,,,,,Islington
1955,Major Arterial,Toronto and East York,Mid-Block,No Control,Clear,Dark,Dry,Non-Fatal Injury,Approaching,Other Property Owner,unknown,,,,,,,,,,,,,Yes,,,,Yes,Yes,Yes,,,Trinity-Bellwoods
728,Major Arterial,Scarborough,Intersection,Traffic Signal,Clear,Daylight,Dry,Non-Fatal Injury,Turning Movement,Driver,30 to 34,Minimal,North,Turning Left,Improper Turn,,,,,,,,,Yes,,,,Yes,,,,,West Hill
840,Collector,North York,Mid-Block,No Control,Clear,"Daylight, artificial",Dry,Non-Fatal Injury,Pedestrian Collisions,Pedestrian,10 to 14,Major,South,,,Pedestrian hit at mid-block,"Crossing, no Traffic Control",Normal,,,,Yes,,Yes,,,,,,,,,Newtonbrook West
1605,Major Arterial,Scarborough,Intersection,Traffic Signal,Clear,Daylight,Dry,Non-Fatal Injury,Angle,Driver,40 to 44,Minimal,South,Going Ahead,Driving Properly,,,,,,,,,Yes,,,,Yes,Yes,Yes,Yes,,Milliken
1250,Major Arterial,North York,Mid-Block,No Control,Clear,Daylight,Wet,Non-Fatal Injury,Rear End,Driver,45 to 49,Minimal,South,Going Ahead,Following too Close,,,,,,,,,Yes,,,,Yes,,Yes,,,Hillcrest Village
1810,Major Arterial,Etobicoke York,Intersection,Traffic Signal,Rain,Dark,Wet,Fatal,Pedestrian Collisions,Driver,35 to 39,,East,Turning Left,Failed to Yield Right of Way,,,,,,,Yes,,Yes,,,,,,Yes,,,Glenfield-Jane Heights
2005,Major Arterial,North York,Intersection,Stop Sign,Clear,Dark,Dry,Fatal,Angle,Vehicle Owner,unknown,,,,,,,,,,,,,Yes,,Yes,,Yes,Yes,Yes,,,Lawrence Park South
1910,Major Arterial,North York,Mid-Block,Traffic Signal,Clear,Daylight,Dry,Non-Fatal Injury,Pedestrian Collisions,Driver,65 to 69,,North,Turning Right,Failed to Yield Right of Way,,,,,,,Yes,,Yes,,,,,,Yes,,,Newtonbrook West
51,Major Arterial,Toronto and East York,Mid-Block,No Control,Clear,Dark,Dry,Fatal,Rear End,Vehicle Owner,unknown,,,,,,,,,,,,,Yes,,,,Yes,,,,,South Parkdale
1301,Major Arterial,Etobicoke York,Intersection,No Control,Clear,Daylight,Dry,Non-Fatal Injury,Sideswipe,Driver,40 to 44,,South,Going Ahead,Driving Properly,,,,,,,,,Yes,,,,Yes,,,,Yes,Glenfield-Jane Heights
51,Major Arterial,Toronto and East York,Mid-Block,No Control,Clear,Dark,Dry,Fatal,Rear End,Passenger,70 to 74,Major,,,,,,,,,,,,Yes,,,,Yes,,,,,South Parkdale
1605,Major Arterial,Scarborough,Intersection,Traffic Signal,Clear,Daylight,Dry,Non-Fatal Injury,Angle,Passenger,5 to 9,,,,,,,,,,,,,Yes,,,,Yes,Yes,Yes,Yes,,Milliken
1810,Major Arterial,Etobicoke York,Intersection,Traffic Signal,Rain,Dark,Wet,Fatal,Pedestrian Collisions,Pedestrian,80 to 84,Fatal,West,,,Vehicle turns left while ped crosses with ROW at inter.,Crossing with right of way,Unknown,,,,Yes,,Yes,,,,,,Yes,,,Glenfield-Jane Heights
1250,Major Arterial,North York,Mid-Block,No Control,Clear,Daylight,Wet,Non-Fatal Injury,Rear End,Driver,35 to 39,Minor,South,Stopped,Driving Properly,,,,,,,,,Yes,,,,Yes,,Yes,,,Hillcrest Village
1715,Major Arterial,Etobicoke York,Intersection,Traffic Signal,Clear,Daylight,Dry,Non-Fatal Injury,Turning Movement,Driver,30 to 34,Minor,West,Going Ahead,Driving Properly,,,,,,,,,Yes,,,,Yes,,,,,Islington
2005,Major Arterial,North York,Intersection,Stop Sign,Clear,Dark,Dry,Fatal,Angle,Truck Driver,35 to 39,,East,Going Ahead,Failed to Yield Right of Way,,,,,,,,,Yes,,Yes,,Yes,Yes,Yes,,,Lawrence Park South
51,Major Arterial,Toronto and East York,Mid-Block,No Control,Clear,Dark,Dry,Fatal,Rear End,Passenger,30 to 34,Minor,,,,,,,,,,,,Yes,,,,Yes,,,,,South Parkdale
1301,Major Arterial,Etobicoke York,Intersection,No Control,Clear,Daylight,Dry,Non-Fatal Injury,Sideswipe,Passenger,15 to 19,Major,,,,,,,,,,,,Yes,,,,Yes,,,,Yes,Glenfield-Jane Heights
1825,Major Arterial,Etobicoke York,Intersection,Traffic Signal,Rain,Dark,Wet,Non-Fatal Injury,Pedestrian Collisions,Pedestrian,65 to 69,Major,East,,,Vehicle is going straight thru inter.while ped cross with ROW,Crossing with right of way,Normal,,,,Yes,,Yes,,,,,,,,,Weston
1605,Major Arterial,Scarborough,Intersection,Traffic Signal,Clear,Daylight,Dry,Non-Fatal Injury,Angle,Passenger,0 to 4,,,,,,,,,,,,,Yes,,,,Yes,Yes,Yes,Yes,,Milliken
730,Major Arterial,Etobicoke York,Intersection,Stop Sign,Strong wind,Daylight,Wet,Non-Fatal Injury,Pedestrian Collisions,Vehicle Owner,unknown,,,,,,,,,,,Yes,,Yes,,,,,,,,,Stonegate-Queensway
1910,Major Arterial,North York,Mid-Block,Traffic Signal,Clear,Daylight,Dry,Non-Fatal Injury,Pedestrian Collisions,Pedestrian,55 to 59,Major,North,Going Ahead,,Pedestrian hit at mid-block,Crossing with right of way,Normal,,,,Yes,,Yes,,,,,,Yes,,,Newtonbrook West
2005,Major Arterial,North York,Intersection,Stop Sign,Clear,Dark,Dry,Fatal,Angle,Passenger,35 to 39,Minor,,,,,,,,,,,,Yes,,Yes,,Yes,Yes,Yes,,,Lawrence Park South
425,Local,Toronto and East York,Intersection,Stop Sign,Clear,Dark,Dry,Non-Fatal Injury,Pedestrian Collisions,Passenger,unknown,,,Other,,,,,,,,Yes,,Yes,,,,Yes,,,,,Caledonia-Fairbank
730,Major Arterial,Etobicoke York,Intersection,Stop Sign,Strong wind,Daylight,Wet,Non-Fatal Injury,Pedestrian Collisions,Driver,50 to 54,,North,Going Ahead,Driving Properly,,,,,,,Yes,,Yes,,,,,,,,,Stonegate-Queensway
51,Major Arterial,Toronto and East York,Mid-Block,No Control,Clear,Dark,Dry,Fatal,Rear End,Passenger,0 to 4,Fatal,,,,,,,,,,,,Yes,,,,Yes,,,,,South Parkdale
1825,Major Arterial,Etobicoke York,Intersection,Traffic Signal,Rain,Dark,Wet,Non-Fatal Injury,Pedestrian Collisions,Driver,unknown,,South,Going Ahead,Other,,,,,,,Yes,,Yes,,,,,,,,,Weston
1853,Collector,Scarborough,Mid-Block,Pedestrian Crossover,Rain,Dark,Wet,Non-Fatal Injury,Pedestrian Collisions,Driver,20 to 24,,South,Going Ahead,Failed to Yield Right of Way,,,,,,,Yes,,Yes,,,,Yes,,Yes,,,Agincourt North
1605,Major Arterial,Scarborough,Intersection,Traffic Signal,Clear,Daylight,Dry,Non-Fatal Injury,Angle,Passenger,5 to 9,,,,,,,,,,,,,Yes,,,,Yes,Yes,Yes,Yes,,Milliken
51,Major Arterial,Toronto and East York,Mid-Block,No Control,Clear,Dark,Dry,Fatal,Rear End,Passenger,60 to 64,Fatal,,,,,,,,,,,,Yes,,,,Yes,,,,,South Parkdale
2005,Major Arterial,North York,Intersection,Stop Sign,Clear,Dark,Dry,Fatal,Angle,Driver,35 to 39,Minor,West,Stopped,Driving Properly,,,,,,,,,Yes,,Yes,,Yes,Yes,Yes,,,Lawrence Park South
1930,Major Arterial,Scarborough,Mid-Block,No Control,Rain,Dark,Wet,Non-Fatal Injury,Pedestrian Collisions,Vehicle Owner,unknown,,,,,,,,,,,Yes,,Yes,,,,,,,,,Golfdale-Cedarbrae-Woburn
1301,Major Arterial,Etobicoke York,Intersection,No Control,Clear,Daylight,Dry,Non-Fatal Injury,Sideswipe,Passenger,25 to 29,,,,,,,,,,,,,Yes,,,,Yes,,,,Yes,Glenfield-Jane Heights
425,Local,Toronto and East York,Intersection,Stop Sign,Clear,Dark,Dry,Non-Fatal Injury,Pedestrian Collisions,Passenger,unknown,,South,Other,,,,,,,,Yes,,Yes,,,,Yes,,,,,Caledonia-Fairbank
51,Major Arterial,Toronto and East York,Mid-Block,No Control,Clear,Dark,Dry,Fatal,Rear End,Driver,35 to 39,Minor,East,Stopped,Driving Properly,,,,,,,,,Yes,,,,Yes,,,,,South Parkdale
1930,Major Arterial,Scarborough,Mid-Block,No Control,Rain,Dark,Wet,Non-Fatal Injury,Pedestrian Collisions,Driver,55 to 59,,West,Going Ahead,Driving Properly,,,,,,,Yes,,Yes,,,,,,,,,Golfdale-Cedarbrae-Woburn
1605,Major Arterial,Scarborough,Intersection,Traffic Signal,Clear,Daylight,Dry,Non-Fatal Injury,Angle,Passenger,30 to 34,Minor,,,,,,,,,,,,Yes,,,,Yes,Yes,Yes,Yes,,Milliken
2005,Major Arterial,North York,Intersection,Stop Sign,Clear,Dark,Dry,Fatal,Angle,Passenger,20 to 24,Minor,,,,,,,,,,,,Yes,,Yes,,Yes,Yes,Yes,,,Lawrence Park South
1853,Collector,Scarborough,Mid-Block,Pedestrian Crossover,Rain,Dark,Wet,Non-Fatal Injury,Pedestrian Collisions,Passenger,30 to 34,,,,,,,,,,,Yes,,Yes,,,,Yes,,Yes,,,Agincourt North
730,Major Arterial,Etobicoke York,Intersection,Stop Sign,Strong wind,Daylight,Wet,Non-Fatal Injury,Pedestrian Collisions,Pedestrian,45 to 49,Major,East,,,Vehicle is going straight thru inter.while ped cross without ROW,Crossing without right of way,Inattentive,,,,Yes,,Yes,,,,,,,,,Stonegate-Queensway
2005,Major Arterial,North York,Intersection,Stop Sign,Clear,Dark,Dry,Fatal,Angle,Driver,20 to 24,Fatal,North,Going Ahead,Exceeding Speed Limit,,,,,,,,,Yes,,Yes,,Yes,Yes,Yes,,,Lawrence Park South
1250,Major Arterial,Toronto and East York,Intersection,Traffic Signal,Clear,Daylight,Dry,Non-Fatal Injury,Pedestrian Collisions,Vehicle Owner,unknown,,,,,,,,,,,Yes,,,,Yes,,,,,,,Annex
1605,Major Arterial,Scarborough,Intersection,Traffic Signal,Clear,Daylight,Dry,Non-Fatal Injury,Angle,Driver,30 to 34,,North,Going Ahead,Driving Properly,,,,,,,,,Yes,,,,Yes,Yes,Yes,Yes,,Milliken
1853,Collector,Scarborough,Mid-Block,Pedestrian Crossover,Rain,Dark,Wet,Non-Fatal Injury,Pedestrian Collisions,Vehicle Owner,unknown,,,,,,,,,,,Yes,,Yes,,,,Yes,,Yes,,,Agincourt North
425,Local,Toronto and East York,Intersection,Stop Sign,Clear,Dark,Dry,Non-Fatal Injury,Pedestrian Collisions,Passenger,unknown,,South,Other,,,,,,,,Yes,,Yes,,,,Yes,,,,,Caledonia-Fairbank
51,Major Arterial,Toronto and East York,Mid-Block,No Control,Clear,Dark,Dry,Fatal,Rear End,Driver,45 to 49,,East,Going Ahead,Lost control,,,,,,,,,Yes,,,,Yes,,,,,South Parkdale
1930,Major Arterial,Scarborough,Mid-Block,No Control,Rain,Dark,Wet,Non-Fatal Injury,Pedestrian Collisions,Pedestrian,60 to 64,Major,North,,,Pedestrian hit at mid-block,Running onto Roadway,Inattentive,,,,Yes,,Yes,,,,,,,,,Golfdale-Cedarbrae-Woburn
1301,Major Arterial,Etobicoke York,Intersection,No Control,Clear,Daylight,Dry,Non-Fatal Injury,Sideswipe,Vehicle Owner,unknown,,,,,,,,,,,,,Yes,,,,Yes,,,,Yes,Glenfield-Jane Heights
425,Local,Toronto and East York,Intersection,Stop Sign,Clear,Dark,Dry,Non-Fatal Injury,Pedestrian Collisions,Vehicle Owner,unknown,,,,,,,,,,,Yes,,Yes,,,,Yes,,,,,Caledonia-Fairbank
1015,Major Arterial,Scarborough,Intersection,Traffic Signal,Clear,Daylight,Dry,Non-Fatal Injury,Cyclist Collisions,Driver,unknown,,East,Going Ahead,Driving Properly,,,,,,,,Yes,Yes,,,,,,,,,West Rouge
1853,Collector,Scarborough,Mid-Block,Pedestrian Crossover,Rain,Dark,Wet,Non-Fatal Injury,Pedestrian Collisions,Pedestrian,15 to 19,Minimal,West,,,Pedestrian hit a PXO/ped. Mid-block signal,"Crossing, Pedestrian Crossover",Normal,,,,Yes,,Yes,,,,Yes,,Yes,,,Agincourt North
2155,Minor Arterial,Toronto and East York,Intersection,Traffic Signal,Clear,Dark,Dry,Fatal,Turning Movement,Passenger,20 to 24,Fatal,,,,,,,,,,,,Yes,,,,Yes,Yes,Yes,,,Annex
1250,Major Arterial,Toronto and East York,Intersection,Traffic Signal,Clear,Daylight,Dry,Non-Fatal Injury,Pedestrian Collisions,Truck Driver,35 to 39,,West,Turning Right,Driving Properly,,,,,,,Yes,,,,Yes,,,,,,,Annex
2350,Major Arterial,Scarborough,Mid-Block,No Control,Clear,Dark,Dry,Non-Fatal Injury,SMV Other,Passenger,60 to 64,Major,,,,,,,,,,,,Yes,,,,Yes,,,,,Tam O'Shanter-Sullivan
1301,Major Arterial,Etobicoke York,Intersection,No Control,Clear,Daylight,Dry,Non-Fatal Injury,Sideswipe,Driver,15 to 19,Minimal,South,Changing Lanes,Improper Lane Change,,,,,,,,,Yes,,,,Yes,,,,Yes,Glenfield-Jane Heights
425,Local,Toronto and East York,Intersection,Stop Sign,Clear,Dark,Dry,Non-Fatal Injury,Pedestrian Collisions,Driver,20 to 24,,South,Unknown,,,,,,,,Yes,,Yes,,,,Yes,,,,,Caledonia-Fairbank
1900,Major Arterial,North York,Intersection,Traffic Signal,Clear,Dark,Dry,Non-Fatal Injury,Turning Movement,Driver,85 to 89,Major,South,Turning Left,Improper Turn,,,,,,,,,Yes,,,,,,,,,Banbury-Don Mills
425,Local,Toronto and East York,Intersection,Stop Sign,Clear,Dark,Dry,Non-Fatal Injury,Pedestrian Collisions,Pedestrian,unknown,Major,,Other,,,,,,,,Yes,,Yes,,,,Yes,,,,,Caledonia-Fairbank
1250,Major Arterial,Toronto and East York,Intersection,Traffic Signal,Clear,Daylight,Dry,Non-Fatal Injury,Pedestrian Collisions,Pedestrian,15 to 19,Major,Unknown,,,Other / Undefined,On Sidewalk or Shoulder,Normal,,,,Yes,,,,Yes,,,,,,,Annex
1015,Major Arterial,Scarborough,Intersection,Traffic Signal,Clear,Daylight,Dry,Non-Fatal Injury,Cyclist Collisions,Cyclist,55 to 59,Major,East,Going Ahead,,,,,Cyclist and Driver travelling in same direction. One vehicle sideswipes the other.,Driving Properly,Normal,,Yes,Yes,,,,,,,,,West Rouge
1853,Collector,Scarborough,Mid-Block,Pedestrian Crossover,Rain,Dark,Wet,Non-Fatal Injury,Pedestrian Collisions,Pedestrian,40 to 44,Major,West,,,Pedestrian hit a PXO/ped. Mid-block signal,"Crossing, Pedestrian Crossover",Normal,,,,Yes,,Yes,,,,Yes,,Yes,,,Agincourt North
2350,Major Arterial,Scarborough,Mid-Block,No Control,Clear,Dark,Dry,Non-Fatal Injury,SMV Other,Passenger,65 to 69,Minimal,,,,,,,,,,,,Yes,,,,Yes,,,,,Tam O'Shanter-Sullivan
2155,Minor Arterial,Toronto and East York,Intersection,Traffic Signal,Clear,Dark,Dry,Fatal,Turning Movement,Vehicle Owner,unknown,,,,,,,,,,,,,Yes,,,,Yes,Yes,Yes,,,Annex
1900,Major Arterial,North York,Intersection,Traffic Signal,Clear,Dark,Dry,Non-Fatal Injury,Turning Movement,Driver,40 to 44,,North,Going Ahead,Driving Properly,,,,,,,,,Yes,,,,,,,,,Banbury-Don Mills
1250,Local,Toronto and East York,Mid-Block,No Control,Clear,Daylight,Dry,Non-Fatal Injury,SMV Other,Passenger,25 to 29,Major,,,,,,,,,,,,Yes,,,,Yes,,,,,Danforth
1050,Major Arterial,Toronto and East York,Intersection,No Control,Clear,Daylight,Dry,Non-Fatal Injury,Pedestrian Collisions,Driver,40 to 44,,East,Going Ahead,Driving Properly,,,,,,,Yes,,Yes,,,,,,,,,Runnymede-Bloor West Village
1549,Local,Etobicoke York,Mid-Block,No Control,Clear,Daylight,Dry,Non-Fatal Injury,Pedestrian Collisions,Vehicle Owner,unknown,,,,,,,,,,,Yes,,Yes,,,,,,,,,Glenfield-Jane Heights
1549,Local,Etobicoke York,Mid-Block,No Control,Clear,Daylight,Dry,Non-Fatal Injury,Pedestrian Collisions,Driver,unknown,,South,Going Ahead,Lost control,,,,,,,Yes,,Yes,,,,,,,,,Glenfield-Jane Heights
1409,Major Arterial,Scarborough,Mid-Block,Traffic Signal,Clear,Daylight,Dry,Non-Fatal Injury,Rear End,Passenger,55 to 59,Minimal,,,,,,,,,,,,Yes,,,,Yes,,Yes,,,East L'Amoreaux
2155,Minor Arterial,Toronto and East York,Intersection,Traffic Signal,Clear,Dark,Dry,Fatal,Turning Movement,Driver,20 to 24,Minimal,South,Turning Left,Improper Turn,,,,,,,,,Yes,,,,Yes,Yes,Yes,,,Annex
1050,Major Arterial,Toronto and East York,Intersection,No Control,Clear,Daylight,Dry,Non-Fatal Injury,Pedestrian Collisions,Pedestrian,70 to 74,Major,East,,,Pedestrian hit on sidewalk or shoulder,On Sidewalk or Shoulder,Normal,,,,Yes,,Yes,,,,,,,,,Runnymede-Bloor West Village
2350,Major Arterial,Scarborough,Mid-Block,No Control,Clear,Dark,Dry,Non-Fatal Injury,SMV Other,Passenger,55 to 59,Minimal,,,,,,,,,,,,Yes,,,,Yes,,,,,Tam O'Shanter-Sullivan
125,Major Arterial,North York,Intersection,No Control,Clear,Dark,Dry,Non-Fatal Injury,SMV Other,Passenger,unknown,Minor,,Other,,,,,,,,,,Yes,,,,Yes,,,,,Newtonbrook West
1250,Local,Toronto and East York,Mid-Block,No Control,Clear,Daylight,Dry,Non-Fatal Injury,SMV Other,Vehicle Owner,unknown,,,Unknown,,,,,,,,,,Yes,,,,Yes,,,,,Danforth
1856,Minor Arterial,Toronto and East York,Mid-Block,No Control,Clear,Dark,Dry,Fatal,Pedestrian Collisions,Driver,75 to 79,,North,Going Ahead,Driving Properly,,,,,,,Yes,,Yes,,,,,,,,,Trinity-Bellwoods
1409,Major Arterial,Scarborough,Mid-Block,Traffic Signal,Clear,Daylight,Dry,Non-Fatal Injury,Rear End,Driver,60 to 64,,East,Stopped,Driving Properly,,,,,,,,,Yes,,,,Yes,,Yes,,,East L'Amoreaux
2155,Minor Arterial,Toronto and East York,Intersection,Traffic Signal,Clear,Dark,Dry,Fatal,Turning Movement,Passenger,40 to 44,Minor,,,,,,,,,,,,Yes,,,,Yes,Yes,Yes,,,Annex
1551,Local,Toronto and East York,Intersection,No Control,Clear,Daylight,Dry,Non-Fatal Injury,Pedestrian Collisions,Driver,30 to 34,,West,Turning Right,Driving Properly,,,,,,,Yes,,Yes,,,,,,,,,Little Portugal
1250,Local,Toronto and East York,Mid-Block,No Control,Clear,Daylight,Dry,Non-Fatal Injury,SMV Other,Driver,30 to 34,Major,East,Making U Turn,Lost control,,,,,,,,,Yes,,,,Yes,,,,,Danforth
1856,Minor Arterial,Toronto and East York,Mid-Block,No Control,Clear,Dark,Dry,Fatal,Pedestrian Collisions,Pedestrian,45 to 49,Fatal,West,,,Vehicle hits the pedestrian walking or running out from between parked vehicles at mid-block,Coming From Behind Parked Vehicle,Had Been Drinking,,,,Yes,,Yes,,,,,,,,,Trinity-Bellwoods
2350,Major Arterial,Scarborough,Mid-Block,No Control,Clear,Dark,Dry,Non-Fatal Injury,SMV Other,Driver,70 to 74,Minimal,North,Going Ahead,Lost control,,,,,,,,,Yes,,,,Yes,,,,,Tam O'Shanter-Sullivan
1409,Major Arterial,Scarborough,Mid-Block,Traffic Signal,Clear,Daylight,Dry,Non-Fatal Injury,Rear End,Driver,25 to 29,Minor,East,Stopped,Driving Properly,,,,,,,,,Yes,,,,Yes,,Yes,,,East L'Amoreaux
1551,Local,Toronto and East York,Intersection,No Control,Clear,Daylight,Dry,Non-Fatal Injury,Pedestrian Collisions,Pedestrian,70 to 74,Major,,,,Vehicle turns right while ped crosses without ROW at inter.,Crossing without right of way,Inattentive,,,,Yes,,Yes,,,,,,,,,Little Portugal
1250,Local,Toronto and East York,Mid-Block,No Control,Clear,Daylight,Dry,Non-Fatal Injury,SMV Other,Other Property Owner,unknown,,,,,,,,,,,,,Yes,,,,Yes,,,,,Danforth
125,Major Arterial,North York,Intersection,No Control,Clear,Dark,Dry,Non-Fatal Injury,SMV Other,Vehicle Owner,unknown,,,Other,,,,,,,,,,Yes,,,,Yes,,,,,Newtonbrook West
2155,Minor Arterial,Toronto and East York,Intersection,Traffic Signal,Clear,Dark,Dry,Fatal,Turning Movement,Driver,35 to 39,Minimal,North,Going Ahead,Driving Properly,,,,,,,,,Yes,,,,Yes,Yes,Yes,,,Annex
1549,Local,Etobicoke York,Mid-Block,No Control,Clear,Daylight,Dry,Non-Fatal Injury,Pedestrian Collisions,Pedestrian,10 to 14,Major,West,,,Pedestrian hit on sidewalk or shoulder,On Sidewalk or Shoulder,Unknown,,,,Yes,,Yes,,,,,,,,,Glenfield-Jane Heights
48,Major Arterial,North York,Intersection,Traffic Signal,Clear,Dark,Dry,Fatal,SMV Other,Driver,40 to 44,Fatal,East,Going Ahead,Lost control,,,,,,,,,Yes,,,,,,,,,Downsview
1409,Major Arterial,Scarborough,Mid-Block,Traffic Signal,Clear,Daylight,Dry,Non-Fatal Injury,Rear End,Passenger,35 to 39,Major,,,,,,,,,,,,Yes,,,,Yes,,Yes,,,East L'Amoreaux
635,Major Arterial,North York,Mid-Block,No Control,Clear,Dark,Dry,Non-Fatal Injury,Rear End,Vehicle Owner,unknown,,,,,,,,,,,,,Yes,,,,,,Yes,,,Yonge-Doris
1500,Major Arterial,North York,Mid-Block,No Control,Clear,Daylight,Dry,Non-Fatal Injury,Pedestrian Collisions,Driver,60 to 64,,North,Going Ahead,Driving Properly,,,,,,,Yes,,Yes,,,,,,,,,Flemingdon Park
1755,Minor Arterial,Toronto and East York,Intersection,No Control,Clear,Dark,Dry,Non-Fatal Injury,Pedestrian Collisions,Driver,unknown,,North,Turning Left,Failed to Yield Right of Way,,,,,,,Yes,,Yes,,,,,,Yes,,,High Park-Swansea
1409,Major Arterial,Scarborough,Mid-Block,Traffic Signal,Clear,Daylight,Dry,Non-Fatal Injury,Rear End,Vehicle Owner,unknown,,,,,,,,,,,,,Yes,,,,Yes,,Yes,,,East L'Amoreaux
1053,Minor Arterial,Scarborough,Intersection,Traffic Signal,Clear,Daylight,Dry,Non-Fatal Injury,Cyclist Collisions,Driver,45 to 49,,East,Turning Right,Driving Properly,,,,,,,,Yes,Yes,,,,,,,,,Clairlea-Birchmount
639,Major Arterial,Scarborough,Mid-Block,No Control,Clear,Daylight,Dry,Non-Fatal Injury,SMV Other,Passenger,20 to 24,Major,,,,,,,,,,,,Yes,,,,Yes,,,,,Bendale-Glen Andrew
125,Major Arterial,North York,Intersection,No Control,Clear,Dark,Dry,Non-Fatal Injury,SMV Other,Driver,25 to 29,Major,North,Going Ahead,,,,,,,,,,Yes,,,,Yes,,,,,Newtonbrook West
635,Major Arterial,North York,Mid-Block,No Control,Clear,Dark,Dry,Non-Fatal Injury,Rear End,Driver,45 to 49,Minor,South,Going Ahead,Following too Close,,,,,,,,,Yes,,,,,,Yes,,,Yonge-Doris
635,Major Arterial,North York,Mid-Block,No Control,Clear,Dark,Dry,Non-Fatal Injury,Rear End,Driver,55 to 59,Minimal,South,Slowing or Stopping,Driving Properly,,,,,,,,,Yes,,,,,,Yes,,,Yonge-Doris
245,Local,Scarborough,Mid-Block,No Control,Clear,Dark,Dry,Fatal,Cyclist Collisions,Truck Driver,unknown,,West,Going Ahead,Other,,,,,,,,Yes,,,Yes,,,,,,,Wexford/Maryvale
1755,Minor Arterial,Toronto and East York,Intersection,No Control,Clear,Dark,Dry,Non-Fatal Injury,Pedestrian Collisions,Pedestrian,70 to 74,Major,South,,,Vehicle turns left while ped crosses with ROW at inter.,Crossing with right of way,Normal,,,,Yes,,Yes,,,,,,Yes,,,High Park-Swansea
1409,Major Arterial,Scarborough,Mid-Block,Traffic Signal,Clear,Daylight,Dry,Non-Fatal Injury,Rear End,Driver,35 to 39,,East,Going Ahead,Following too Close,,,,,,,,,Yes,,,,Yes,,Yes,,,East L'Amoreaux
245,Local,Scarborough,Mid-Block,No Control,Clear,Dark,Dry,Fatal,Cyclist Collisions,Vehicle Owner,unknown,,,,,,,,,,,,Yes,,,Yes,,,,,,,Wexford/Maryvale
1500,Major Arterial,North York,Mid-Block,No Control,Clear,Daylight,Dry,Non-Fatal Injury,Pedestrian Collisions,Pedestrian,35 to 39,Major,East,,,Pedestrian hit at mid-block,"Crossing, no Traffic Control",Inattentive,,,,Yes,,Yes,,,,,,,,,Flemingdon Park
1810,Minor Arterial,North York,Intersection,No Control,Rain,Daylight,Wet,Non-Fatal Injury,Rear End,Passenger,10 to 14,Minimal,,,,,,,,,,,,Yes,,,,Yes,,Yes,,,Bathurst Manor