TIME,ROAD_CLASS,DISTRICT,LOCCOORD,TRAFFCTL,VISIBILITY,LIGHT,RDSFCOND,ACCLASS,IMPACTYPE,INVTYPE,INVAGE,INJURY,INITDIR,MANOEUVER,DRIVACT,PEDTYPE,PEDACT,PEDCOND,CYCLISTYPE,CYCACT,CYCCOND,PEDESTRIAN,CYCLIST,AUTOMOBILE,MOTORCYCLE,TRUCK,TRSN_CITY_VEH,PASSENGER,SPEEDING,AG_DRIV,REDLIGHT,ALCOHOL,NEIGHBOURHOOD_158
1053,Minor Arterial,Scarborough,Intersection,Traffic Signal,Clear,Daylight,Dry,Non-Fatal Injury,Cyclist Collisions,Cyclist,55 to 59,Major,North,Unknown,,,,,Motorist turning right on red at signalized intersection strikes cyclist.,Other,Unknown,,Yes,Yes,,,,,,,,,Clairlea-Birchmount
639,Major Arterial,Scarborough,Mid-Block,No Control,Clear,Daylight,Dry,Non-Fatal Injury,SMV Other,Vehicle Owner,unknown,,,,,,,,,,,,,Yes,,,,Yes,,,,,Bendale-Glen Andrew
245,Local,Scarborough,Mid-Block,No Control,Clear,Dark,Dry,Fatal,Cyclist Collisions,Cyclist,40 to 44,Fatal,West,Going Ahead,,,,,Insufficient information (to determine cyclist crash type).,Other,Unknown,,Yes,,,Yes,,,,,,,Wexford/Maryvale
1810,Minor Arterial,North York,Intersection,No Control,Rain,Daylight,Wet,Non-Fatal Injury,Rear End,Passenger,40 to 44,Major,,,,,,,,,,,,Yes,,,,Yes,,Yes,,,Bathurst Manor
928,Minor Arterial,Scarborough,Intersection,Traffic Signal,Clear,Daylight,Dry,Non-Fatal Injury,Angle,Driver,40 to 44,Minor,West,Going Ahead,Disobeyed Traffic Control,,,,,,,,,Yes,,,,,,Yes,Yes,,Centennial Scarborough
1949,Major Arterial,Scarborough,Mid-Block,No Control,Clear,Dark,Wet,Non-Fatal Injury,Rear End,Driver,60 to 64,Major,North,Going Ahead,Lost control,,,,,,,,,Yes,,,,,,,,Yes,Wexford/Maryvale
928,Minor Arterial,Scarborough,Intersection,Traffic Signal,Clear,Daylight,Dry,Non-Fatal Injury,Angle,Driver,55 to 59,Major,South,Going Ahead,Driving Properly,,,,,,,,,Yes,,,,,,Yes,Yes,,Centennial Scarborough
457,Major Arterial,Toronto and East York,Intersection,Traffic Signal,Clear,Dark,Dry,Non-Fatal Injury,Angle,Vehicle Owner,unknown,,,,,,,,,,,,,Yes,,Yes,,,,,,,Corso Italia-Davenport
639,Major Arterial,Scarborough,Mid-Block,No Control,Clear,Daylight,Dry,Non-Fatal Injury,SMV Other,Driver,50 to 54,Major,South,Going Ahead,Lost control,,,,,,,,,Yes,,,,Yes,,,,,Bendale-Glen Andrew
2240,Major Arterial,Toronto and East York,Intersection,Traffic Signal,Clear,Dark,Dry,Non-Fatal Injury,Turning Movement,Vehicle Owner,unknown,,,,,,,,,,,,,Yes,,,,Yes,,Yes,,,Yonge-Bay Corridor
1810,Minor Arterial,North York,Intersection,No Control,Rain,Daylight,Wet,Non-Fatal Injury,Rear End,Driver,40 to 44,Minor,South,Stopped,Driving Properly,,,,,,,,,Yes,,,,Yes,,Yes,,,Bathurst Manor
1949,Major Arterial,Scarborough,Mid-Block,No Control,Clear,Dark,Wet,Non-Fatal Injury,Rear End,Driver,60 to 64,,North,Going Ahead,Driving Properly,,,,,,,,,Yes,,,,,,,,Yes,Wexford/Maryvale
457,Major Arterial,Toronto and East York,Intersection,Traffic Signal,Clear,Dark,Dry,Non-Fatal Injury,Angle,Truck Driver,30 to 34,,North,Going Ahead,Driving Properly,,,,,,,,,Yes,,Yes,,,,,,,Corso Italia-Davenport
226,Major Arterial,Toronto and East York,Intersection,Traffic Signal,Clear,Dark,Dry,Non-Fatal Injury,Angle,Vehicle Owner,unknown,,,,,,,,,,,,,Yes,,,,Yes,,Yes,Yes,,Downtown Yonge East
2240,Major Arterial,Toronto and East York,Intersection,Traffic Signal,Clear,Dark,Dry,Non-Fatal Injury,Turning Movement,Driver,45 to 49,,South,Going Ahead,Driving Properly,,,,,,,,,Yes,,,,Yes,,Yes,,,Yonge-Bay Corridor
1425,Minor Arterial,Toronto and East York,,Pedestrian Crossover,Clear,Daylight,Dry,Non-Fatal Injury,Rear End,Vehicle Owner,unknown,,,,,,,,,,,,,Yes,,,Yes,,Yes,Yes,,,Dovercourt Village
324,Collector,Scarborough,Mid-Block,No Control,Clear,Dark,Dry,Non-Fatal Injury,SMV Other,Passenger,20 to 24,Minor,,,,,,,,,,,,Yes,,,,Yes,Yes,Yes,,Yes,Woburn North
457,Major Arterial,Toronto and East York,Intersection,Traffic Signal,Clear,Dark,Dry,Non-Fatal Injury,Angle,Vehicle Owner,unknown,,,,,,,,,,,,,Yes,,Yes,,,,,,,Corso Italia-Davenport
2240,Major Arterial,Toronto and East York,Intersection,Traffic Signal,Clear,Dark,Dry,Non-Fatal Injury,Turning Movement,Passenger,5 to 9,Major,,,,,,,,,,,,Yes,,,,Yes,,Yes,,,Yonge-Bay Corridor
1425,Minor Arterial,Toronto and East York,,Pedestrian Crossover,Clear,Daylight,Dry,Non-Fatal Injury,Rear End,Driver,45 to 49,Major,North,Going Ahead,Following too Close,,,,,,,,,Yes,,,Yes,,Yes,Yes,,,Dovercourt Village
1810,Minor Arterial,North York,Intersection,No Control,Rain,Daylight,Wet,Non-Fatal Injury,Rear End,Driver,25 to 29,,South,Going Ahead,Following too Close,,,,,,,,,Yes,,,,Yes,,Yes,,,Bathurst Manor
226,Major Arterial,Toronto and East York,Intersection,Traffic Signal,Clear,Dark,Dry,Non-Fatal Injury,Angle,Driver,30 to 34,,West,Going Ahead,Driving Properly,,,,,,,,,Yes,,,,Yes,,Yes,Yes,,Downtown Yonge East
457,Major Arterial,Toronto and East York,Intersection,Traffic Signal,Clear,Dark,Dry,Non-Fatal Injury,Angle,Driver,30 to 34,Major,West,Going Ahead,Driving Properly,,,,,,,,,Yes,,Yes,,,,,,,Corso Italia-Davenport
226,Major Arterial,Toronto and East York,Intersection,Traffic Signal,Clear,Dark,Dry,Non-Fatal Injury,Angle,Passenger,15 to 19,Minor,,,,,,,,,,,,Yes,,,,Yes,,Yes,Yes,,Downtown Yonge East
324,Collector,Scarborough,Mid-Block,No Control,Clear,Dark,Dry,Non-Fatal Injury,SMV Other,Passenger,20 to 24,Minor,,,,,,,,,,,,Yes,,,,Yes,Yes,Yes,,Yes,Woburn North
2240,Major Arterial,Toronto and East York,Intersection,Traffic Signal,Clear,Dark,Dry,Non-Fatal Injury,Turning Movement,Passenger,5 to 9,Minimal,,,,,,,,,,,,Yes,,,,Yes,,Yes,,,Yonge-Bay Corridor
1657,Major Arterial,Etobicoke York,Intersection,Traffic Signal,Clear,Daylight,Dry,Non-Fatal Injury,Rear End,Vehicle Owner,unknown,,,,,,,,,,,,,Yes,,Yes,,Yes,,Yes,,,Pelmo Park-Humberlea
1010,Collector,Etobicoke York,Mid-Block,No Control,Rain,Daylight,Wet,Fatal,Approaching,Passenger,80 to 84,Fatal,,,,,,,,,,,,Yes,,,Yes,Yes,,,,Yes,Rexdale-Kipling
1657,Major Arterial,Etobicoke York,Intersection,Traffic Signal,Clear,Daylight,Dry,Non-Fatal Injury,Rear End,Truck Driver,70 to 74,,East,Stopped,Driving Properly,,,,,,,,,Yes,,Yes,,Yes,,Yes,,,Pelmo Park-Humberlea
226,Major Arterial,Toronto and East York,Intersection,Traffic Signal,Clear,Dark,Dry,Non-Fatal Injury,Angle,Passenger,20 to 24,Major,,,,,,,,,,,,Yes,,,,Yes,,Yes,Yes,,Downtown Yonge East
324,Collector,Scarborough,Mid-Block,No Control,Clear,Dark,Dry,Non-Fatal Injury,SMV Other,Passenger,20 to 24,Major,,,,,,,,,,,,Yes,,,,Yes,Yes,Yes,,Yes,Woburn North
1010,Collector,Etobicoke York,Mid-Block,No Control,Rain,Daylight,Wet,Fatal,Approaching,Passenger,80 to 84,Fatal,,,,,,,,,,,,Yes,,,Yes,Yes,,,,Yes,Rexdale-Kipling
1010,Collector,Etobicoke York,Mid-Block,No Control,Rain,Daylight,Wet,Fatal,Approaching,Vehicle Owner,unknown,,,,,,,,,,,,,Yes,,,Yes,Yes,,,,Yes,Rexdale-Kipling
324,Collector,Scarborough,Mid-Block,No Control,Clear,Dark,Dry,Non-Fatal Injury,SMV Other,Vehicle Owner,unknown,,,,,,,,,,,,,Yes,,,,Yes,Yes,Yes,,Yes,Woburn North
1657,Major Arterial,Etobicoke York,Intersection,Traffic Signal,Clear,Daylight,Dry,Non-Fatal Injury,Rear End,Driver,45 to 49,,East,Stopped,Driving Properly,,,,,,,,,Yes,,Yes,,Yes,,Yes,,,Pelmo Park-Humberlea
2240,Major Arterial,Toronto and East York,Intersection,Traffic Signal,Clear,Dark,Dry,Non-Fatal Injury,Turning Movement,Passenger,10 to 14,Minimal,,,,,,,,,,,,Yes,,,,Yes,,Yes,,,Yonge-Bay Corridor
1010,Collector,Etobicoke York,Mid-Block,No Control,Rain,Daylight,Wet,Fatal,Approaching,Driver,70 to 74,Major,North,Going Ahead,Lost control,,,,,,,,,Yes,,,Yes,Yes,,,,Yes,Rexdale-Kipling
1657,Major Arterial,Etobicoke York,Intersection,Traffic Signal,Clear,Daylight,Dry,Non-Fatal Injury,Rear End,Driver,30 to 34,Major,East,Stopped,Driving Properly,,,,,,,,,Yes,,Yes,,Yes,,Yes,,,Pelmo Park-Humberlea
324,Collector,Scarborough,Mid-Block,No Control,Clear,Dark,Dry,Non-Fatal Injury,SMV Other,Driver,25 to 29,Minimal,North,Going Ahead,Lost control,,,,,,,,,Yes,,,,Yes,Yes,Yes,,Yes,Woburn North
2240,Major Arterial,Toronto and East York,Intersection,Traffic Signal,Clear,Dark,Dry,Non-Fatal Injury,Turning Movement,Passenger,35 to 39,Minimal,,,,,,,,,,,,Yes,,,,Yes,,Yes,,,Yonge-Bay Corridor
1010,Collector,Etobicoke York,Mid-Block,No Control,Rain,Daylight,Wet,Fatal,Approaching,Vehicle Owner,unknown,,,,,,,,,,,,,Yes,,,Yes,Yes,,,,Yes,Rexdale-Kipling
1657,Major Arterial,Etobicoke York,Intersection,Traffic Signal,Clear,Daylight,Dry,Non-Fatal Injury,Rear End,Driver,55 to 59,,East,Stopped,Driving Properly,,,,,,,,,Yes,,Yes,,Yes,,Yes,,,Pelmo Park-Humberlea
324,Collector,Scarborough,Mid-Block,No Control,Clear,Dark,Dry,Non-Fatal Injury,SMV Other,Other Property Owner,unknown,,,,,,,,,,,,,Yes,,,,Yes,Yes,Yes,,Yes,Woburn North
2240,Major Arterial,Toronto and East York,Intersection,Traffic Signal,Clear,Dark,Dry,Non-Fatal Injury,Turning Movement,Driver,40 to 44,Minimal,North,Turning Left,Improper Turn,,,,,,,,,Yes,,,,Yes,,Yes,,,Yonge-Bay Corridor
1010,Collector,Etobicoke York,Mid-Block,No Control,Rain,Daylight,Wet,Fatal,Approaching,Driver,55 to 59,,South,Going Ahead,Driving Properly,,,,,,,,,Yes,,,Yes,Yes,,,,Yes,Rexdale-Kipling
930,Major Arterial,Scarborough,Intersection,Traffic Signal,Clear,Daylight,Dry,Non-Fatal Injury,Angle,Vehicle Owner,unknown,,,Unknown,,,,,,,,,,Yes,,,,,,,,,East L'Amoreaux
2240,Major Arterial,Toronto and East York,Intersection,Traffic Signal,Clear,Dark,Dry,Non-Fatal Injury,Turning Movement,Vehicle Owner,unknown,,,,,,,,,,,,,Yes,,,,Yes,,Yes,,,Yonge-Bay Corridor
1657,Major Arterial,Etobicoke York,Intersection,Traffic Signal,Clear,Daylight,Dry,Non-Fatal Injury,Rear End,Passenger,60 to 64,Minor,,,,,,,,,,,,Yes,,Yes,,Yes,,Yes,,,Pelmo Park-Humberlea
2240,Major Arterial,Toronto and East York,Intersection,Traffic Signal,Clear,Dark,Dry,Non-Fatal Injury,Turning Movement,Driver,35 to 39,,South,Going Ahead,Driving Properly,,,,,,,,,Yes,,,,Yes,,Yes,,,Yonge-Bay Corridor
1657,Major Arterial,Etobicoke York,Intersection,Traffic Signal,Clear,Daylight,Dry,Non-Fatal Injury,Rear End,Driver,70 to 74,Minor,East,Going Ahead,Following too Close,,,,,,,,,Yes,,Yes,,Yes,,Yes,,,Pelmo Park-Humberlea
752,Major Arterial,Scarborough,Intersection,Traffic Signal,Clear,Daylight,Dry,Non-Fatal Injury,Cyclist Collisions,Vehicle Owner,unknown,,,,,,,,,,,,Yes,Yes,,,,,,Yes,,,Clairlea-Birchmount
1657,Major Arterial,Etobicoke York,Intersection,Traffic Signal,Clear,Daylight,Dry,Non-Fatal Injury,Rear End,Driver,35 to 39,,East,Stopped,Driving Properly,,,,,,,,,Yes,,Yes,,Yes,,Yes,,,Pelmo Park-Humberlea
1700,Collector,Etobicoke York,Mid-Block,No Control,Clear,Dark,Wet,Non-Fatal Injury,Approaching,Driver,25 to 29,,North,Going Ahead,Improper Passing,,,,,,,,,Yes,,,,,,Yes,,,Brookhaven-Amesbury
120,Major Arterial,North York,Intersection,Traffic Signal,Clear,Dark,Dry,Non-Fatal Injury,Pedestrian Collisions,Vehicle Owner,unknown,,,,,,,,,,,Yes,,Yes,,,,,,,,,Lansing-Westgate
1700,Collector,Etobicoke York,Mid-Block,No Control,Clear,Dark,Wet,Non-Fatal Injury,Approaching,Vehicle Owner,unknown,,,,,,,,,,,,,Yes,,,,,,Yes,,,Brookhaven-Amesbury
930,Major Arterial,Scarborough,Intersection,Traffic Signal,Clear,Daylight,Dry,Non-Fatal Injury,Angle,Driver,unknown,,South,Going Ahead,,,,,,,,,,Yes,,,,,,,,,East L'Amoreaux
120,Major Arterial,North York,Intersection,Traffic Signal,Clear,Dark,Dry,Non-Fatal Injury,Pedestrian Collisions,Driver,45 to 49,,North,Going Ahead,Driving Properly,,,,,,,Yes,,Yes,,,,,,,,,Lansing-Westgate
930,Major Arterial,Scarborough,Intersection,Traffic Signal,Clear,Daylight,Dry,Non-Fatal Injury,Angle,Driver,70 to 74,Major,West,Going Ahead,,,,,,,,,,Yes,,,,,,,,,East L'Amoreaux
630,Minor Arterial,Scarborough,Mid-Block,No Control,Clear,Daylight,Dry,Non-Fatal Injury,SMV Other,Driver,45 to 49,Major,West,Going Ahead,Other,,,,,,,,,Yes,,,,,,,,,Steeles
630,Minor Arterial,Scarborough,Mid-Block,No Control,Clear,Daylight,Dry,Non-Fatal Injury,SMV Other,Other Property Owner,unknown,,,,,,,,,,,,,Yes,,,,,,,,,Steeles
2212,Major Arterial,Toronto and East York,Mid-Block,No Control,Clear,Dark,Dry,Non-Fatal Injury,Sideswipe,Driver,25 to 29,,East,Stopped,Driving Properly,,,,,,,,,Yes,,,,,,,,,Regent Park
1700,Collector,Etobicoke York,Mid-Block,No Control,Clear,Dark,Wet,Non-Fatal Injury,Approaching,Driver,35 to 39,Major,South,Going Ahead,Driving Properly,,,,,,,,,Yes,,,,,,Yes,,,Brookhaven-Amesbury
1806,Minor Arterial,Etobicoke York,Intersection,No Control,Clear,Dark,Wet,Non-Fatal Injury,Pedestrian Collisions,Driver,35 to 39,,North,Going Ahead,Driving Properly,,,,,,,Yes,,Yes,,,,,,,,,West Humber-Clairville
1806,Minor Arterial,Etobicoke York,Intersection,No Control,Clear,Dark,Wet,Non-Fatal Injury,Pedestrian Collisions,Pedestrian,85 to 89,Major,West,,,Vehicle is going straight thru inter.while ped cross without ROW,"Crossing, no Traffic Control",Inattentive,,,,Yes,,Yes,,,,,,,,,West Humber-Clairville
630,Major Arterial,Etobicoke York,Intersection,Traffic Signal,Clear,Dark,Wet,Non-Fatal Injury,Pedestrian Collisions,Driver,55 to 59,,West,Turning Left,Failed to Yield Right of Way,,,,,,,Yes,,Yes,,,,,,Yes,,,Willowridge-Martingrove-Richview
630,Major Arterial,Etobicoke York,Intersection,Traffic Signal,Clear,Dark,Wet,Non-Fatal Injury,Pedestrian Collisions,Pedestrian,50 to 54,Major,East,,,Vehicle turns left while ped crosses with ROW at inter.,Crossing with right of way,Normal,,,,Yes,,Yes,,,,,,Yes,,,Willowridge-Martingrove-Richview
1247,Major Arterial,Etobicoke York,Mid-Block,No Control,Clear,Daylight,Dry,Non-Fatal Injury,SMV Unattended Vehicle,Driver,70 to 74,Major,,Unknown,,,,,,,,,,Yes,,,,,,,,,Junction Area
1350,Major Arterial,Scarborough,Intersection,Traffic Signal,Clear,Daylight,Dry,Non-Fatal Injury,Pedestrian Collisions,Pedestrian,75 to 79,Major,South,,,Vehicle is going straight thru inter.while ped cross with ROW,Crossing with right of way,Medical or Physical Disability,,,,Yes,,Yes,,,,,,Yes,,,Wexford/Maryvale
1800,Major Arterial,Scarborough,Mid-Block,No Control,Clear,Daylight,Dry,Non-Fatal Injury,Pedestrian Collisions,Driver,60 to 64,,South,Going Ahead,Driving Properly,,,,,,,Yes,,Yes,,,,,,,,,Scarborough Village
1800,Major Arterial,Scarborough,Mid-Block,No Control,Clear,Daylight,Dry,Non-Fatal Injury,Pedestrian Collisions,Pedestrian,10 to 14,Major,West,,,Pedestrian hit at mid-block,Running onto Roadway,Normal,,,,Yes,,Yes,,,,,,,,,Scarborough Village
1422,Major Arterial,North York,Mid-Block,No Control,Clear,Daylight,Dry,Non-Fatal Injury,Pedestrian Collisions,Driver,65 to 69,,East,Going Ahead,Driving Properly,,,,,,,Yes,,Yes,,,,,,,,,Forest Hill North
1422,Major Arterial,North York,Mid-Block,No Control,Clear,Daylight,Dry,Non-Fatal Injury,Pedestrian Collisions,Pedestrian,40 to 44,Major,South,,,Pedestrian hit at mid-block,Running onto Roadway,Unknown,,,,Yes,,Yes,,,,,,,,,Forest Hill North
1915,Major Arterial,Toronto and East York,Intersection,Traffic Signal,Clear,Dark,Dry,Non-Fatal Injury,Pedestrian Collisions,Pedestrian,35 to 39,Minimal,,,,Pedestrian hit on sidewalk or shoulder,On Sidewalk or Shoulder,Normal,,,,Yes,,Yes,,,,,,Yes,Yes,,St Lawrence-East Bayfront-The Islands
1915,Major Arterial,Toronto and East York,Intersection,Traffic Signal,Clear,Dark,Dry,Non-Fatal Injury,Pedestrian Collisions,Pedestrian,45 to 49,Major,,,,Pedestrian hit on sidewalk or shoulder,On Sidewalk or Shoulder,Normal,,,,Yes,,Yes,,,,,,Yes,Yes,,St Lawrence-East Bayfront-The Islands
1915,Major Arterial,Toronto and East York,Intersection,Traffic Signal,Clear,Dark,Dry,Non-Fatal Injury,Pedestrian Collisions,Vehicle Owner,unknown,,,,,,,,,,,Yes,,Yes,,,,,,Yes,Yes,,St Lawrence-East Bayfront-The Islands
1915,Major Arterial,Toronto and East York,Intersection,Traffic Signal,Clear,Dark,Dry,Non-Fatal Injury,Pedestrian Collisions,Driver,50 to 54,Major,West,Going Ahead,Disobeyed Traffic Control,,,,,,,Yes,,Yes,,,,,,Yes,Yes,,St Lawrence-East Bayfront-The Islands
1743,Minor Arterial,Scarborough,Mid-Block,No Control,Clear,Daylight,Dry,Non-Fatal Injury,Turning Movement,Motorcycle Driver,30 to 34,Major,West,Turning Right,Driving Properly,,,,,,,,,Yes,Yes,,,Yes,,,,,Agincourt South-Malvern West
1743,Minor Arterial,Scarborough,Mid-Block,No Control,Clear,Daylight,Dry,Non-Fatal Injury,Turning Movement,Passenger,50 to 54,,,,,,,,,,,,,Yes,Yes,,,Yes,,,,,Agincourt South-Malvern West
1743,Minor Arterial,Scarborough,Mid-Block,No Control,Clear,Daylight,Dry,Non-Fatal Injury,Turning Movement,Passenger,35 to 39,,,,,,,,,,,,,Yes,Yes,,,Yes,,,,,Agincourt South-Malvern West
1743,Minor Arterial,Scarborough,Mid-Block,No Control,Clear,Daylight,Dry,Non-Fatal Injury,Turning Movement,Vehicle Owner,unknown,,,,,,,,,,,,,Yes,Yes,,,Yes,,,,,Agincourt South-Malvern West
1743,Minor Arterial,Scarborough,Mid-Block,No Control,Clear,Daylight,Dry,Non-Fatal Injury,Turning Movement,Driver,40 to 44,,South,Turning Left,Improper Turn,,,,,,,,,Yes,Yes,,,Yes,,,,,Agincourt South-Malvern West
1645,Major Arterial,Scarborough,Intersection,Traffic Signal,Clear,Daylight,Dry,Non-Fatal Injury,Pedestrian Collisions,Driver,70 to 74,,West,Turning Left,Driving Properly,,,,,,,Yes,,Yes,,,,,,,,,Agincourt South-Malvern West
1645,Major Arterial,Scarborough,Intersection,Traffic Signal,Clear,Daylight,Dry,Non-Fatal Injury,Pedestrian Collisions,Pedestrian,70 to 74,Major,East,,,Vehicle turns left while ped crosses without ROW at inter.,Crossing without right of way,Unknown,,,,Yes,,Yes,,,,,,,,,Agincourt South-Malvern West
1200,Major Arterial,Toronto and East York,Intersection,Traffic Signal,Clear,Daylight,Dry,Non-Fatal Injury,Pedestrian Collisions,Vehicle Owner,unknown,,,,,,,,,,,Yes,,Yes,,,,,,,,,Cabbagetown-South St.James Town
1200,Major Arterial,Toronto and East York,Intersection,Traffic Signal,Clear,Daylight,Dry,Non-Fatal Injury,Pedestrian Collisions,Driver,30 to 34,,South,Stopped,Driving Properly,,,,,,,Yes,,Yes,,,,,,,,,Cabbagetown-South St.James Town
1200,Major Arterial,Toronto and East York,Intersection,Traffic Signal,Clear,Daylight,Dry,Non-Fatal Injury,Pedestrian Collisions,Vehicle Owner,unknown,,,,,,,,,,,Yes,,Yes,,,,,,,,,Cabbagetown-South St.James Town
1200,Major Arterial,Toronto and East York,Intersection,Traffic Signal,Clear,Daylight,Dry,Non-Fatal Injury,Pedestrian Collisions,Driver,20 to 24,Minimal,West,Going Ahead,Lost control,,,,,,,Yes,,Yes,,,,,,,,,Cabbagetown-South St.James Town
1200,Major Arterial,Toronto and East York,Intersection,Traffic Signal,Clear,Daylight,Dry,Non-Fatal Injury,Pedestrian Collisions,Pedestrian,50 to 54,Major,North,,,Pedestrian hit on sidewalk or shoulder,On Sidewalk or Shoulder,Normal,,,,Yes,,Yes,,,,,,,,,Cabbagetown-South St.James Town
624,Major Arterial,Toronto and East York,Intersection,Traffic Signal,Clear,Dark,Dry,Non-Fatal Injury,Pedestrian Collisions,Driver,40 to 44,,East,Turning Left,Failed to Yield Right of Way,,,,,,,Yes,,Yes,,,,,,Yes,,,Corso Italia-Davenport
624,Major Arterial,Toronto and East York,Intersection,Traffic Signal,Clear,Dark,Dry,Non-Fatal Injury,Pedestrian Collisions,Pedestrian,65 to 69,Major,West,,,Vehicle turns left while ped crosses with ROW at inter.,Crossing with right of way,Normal,,,,Yes,,Yes,,,,,,Yes,,,Corso Italia-Davenport
1646,Major Arterial,Toronto and East York,Mid-Block,No Control,Clear,Daylight,Dry,Non-Fatal Injury,Pedestrian Collisions,Driver,60 to 64,,East,Going Ahead,Driving Properly,,,,,,,Yes,,Yes,,,,,,,,,North Riverdale
1646,Major Arterial,Toronto and East York,Mid-Block,No Control,Clear,Daylight,Dry,Non-Fatal Injury,Pedestrian Collisions,Pedestrian,45 to 49,Major,South,,,Pedestrian hit at mid-block,Running onto Roadway,Had Been Drinking,,,,Yes,,Yes,,,,,,,,,North Riverdale
2210,Major Arterial,Scarborough,Mid-Block,No Control,Clear,Dark,Dry,Non-Fatal Injury,Pedestrian Collisions,Driver,30 to 34,,East,Going Ahead,Driving Properly,,,,,,,Yes,,Yes,,,,,,,,,Oakridge
2210,Major Arterial,Scarborough,Mid-Block,No Control,Clear,Dark,Dry,Non-Fatal Injury,Pedestrian Collisions,Pedestrian,40 to 44,Major,North,,,Pedestrian hit at mid-block,Running onto Roadway,"Ability Impaired, Alcohol",,,,Yes,,Yes,,,,,,,,,Oakridge
1849,Major Arterial,Etobicoke York,Intersection,Traffic Signal,Clear,Daylight,Dry,Non-Fatal Injury,Rear End,Passenger,35 to 39,,,,,,,,,,,,,Yes,,,,Yes,,Yes,,,Edenbridge-Humber Valley
1849,Major Arterial,Etobicoke York,Intersection,Traffic Signal,Clear,Daylight,Dry,Non-Fatal Injury,Rear End,Vehicle Owner,unknown,,,,,,,,,,,,,Yes,,,,Yes,,Yes,,,Edenbridge-Humber Valley
1849,Major Arterial,Etobicoke York,Intersection,Traffic Signal,Clear,Daylight,Dry,Non-Fatal Injury,Rear End,Driver,40 to 44,Major,West,Slowing or Stopping,Driving Properly,,,,,,,,,Yes,,,,Yes,,Yes,,,Edenbridge-Humber Valley
1849,Major Arterial,Etobicoke York,Intersection,Traffic Signal,Clear,Daylight,Dry,Non-Fatal Injury,Rear End,Driver,45 to 49,Minimal,West,Going Ahead,Following too Close,,,,,,,,,Yes,,,,Yes,,Yes,,,Edenbridge-Humber Valley
2209,Major Arterial,Scarborough,Intersection,No Control,Rain,Dark,Wet,Non-Fatal Injury,Rear End,Vehicle Owner,unknown,,,,,,,,,,,,,Yes,,,,Yes,,,,,Cliffcrest
2209,Major Arterial,Scarborough,Intersection,No Control,Rain,Dark,Wet,Non-Fatal Injury,Rear End,Driver,45 to 49,,West,Parked,Other,,,,,,,,,Yes,,,,Yes,,,,,Cliffcrest
2209,Major Arterial,Scarborough,Intersection,No Control,Rain,Dark,Wet,Non-Fatal Injury,Rear End,Passenger,70 to 74,Major,,,,,,,,,,,,Yes,,,,Yes,,,,,Cliffcrest
2209,Major Arterial,Scarborough,Intersection,No Control,Rain,Dark,Wet,Non-Fatal Injury,Rear End,Driver,70 to 74,Minimal,West,Going Ahead,Other,,,,,,,,,Yes,,,,Yes,,,,,Cliffcrest
244,Major Arterial,Toronto and East York,Intersection,Traffic Signal,Rain,Dark,Wet,Fatal,Pedestrian Collisions,Passenger,20 to 24,,,,,,,,,,,Yes,,Yes,,,,Yes,,,,,Trinity-Bellwoods
244,Major Arterial,Toronto and East York,Intersection,Traffic Signal,Rain,Dark,Wet,Fatal,Pedestrian Collisions,Vehicle Owner,unknown,,,,,,,,,,,Yes,,Yes,,,,Yes,,,,,Trinity-Bellwoods
244,Major Arterial,Toronto and East York,Intersection,Traffic Signal,Rain,Dark,Wet,Fatal,Pedestrian Collisions,Driver,45 to 49,,South,Going Ahead,Driving Properly,,,,,,,Yes,,Yes,,,,Yes,,,,,Trinity-Bellwoods
244,Major Arterial,Toronto and East York,Intersection,Traffic Signal,Rain,Dark,Wet,Fatal,Pedestrian Collisions,Pedestrian,20 to 24,Fatal,East,,,Vehicle is going straight thru inter.while ped cross without ROW,Running onto Roadway,"Ability Impaired, Alcohol",,,,Yes,,Yes,,,,Yes,,,,,Trinity-Bellwoods
1110,Minor Arterial,Etobicoke York,Intersection,Traffic Signal,Clear,Daylight,Dry,Non-Fatal Injury,Rear End,Driver,20 to 24,,East,Slowing or Stopping,Following too Close,,,,,,,,,Yes,,,,Yes,,Yes,,,Mount Dennis
1110,Minor Arterial,Etobicoke York,Intersection,Traffic Signal,Clear,Daylight,Dry,Non-Fatal Injury,Rear End,Passenger,35 to 39,Major,,,,,,,,,,,,Yes,,,,Yes,,Yes,,,Mount Dennis
1110,Minor Arterial,Etobicoke York,Intersection,Traffic Signal,Clear,Daylight,Dry,Non-Fatal Injury,Rear End,Vehicle Owner,unknown,,,,,,,,,,,,,Yes,,,,Yes,,Yes,,,Mount Dennis
1110,Minor Arterial,Etobicoke York,Intersection,Traffic Signal,Clear,Daylight,Dry,Non-Fatal Injury,Rear End,Driver,40 to 44,,West,Stopped,Driving Properly,,,,,,,,,Yes,,,,Yes,,Yes,,,Mount Dennis
1430,Major Arterial,Scarborough,Intersection,Traffic Signal,Clear,Daylight,Dry,Non-Fatal Injury,Angle,Driver,50 to 54,Minor,North,Going Ahead,Disobeyed Traffic Control,,,,,,,,,Yes,,,,Yes,,Yes,Yes,,Dorset Park
1430,Major Arterial,Scarborough,Intersection,Traffic Signal,Clear,Daylight,Dry,Non-Fatal Injury,Angle,Passenger,60 to 64,Minor,,,,,,,,,,,,Yes,,,,Yes,,Yes,Yes,,Dorset Park
1430,Major Arterial,Scarborough,Intersection,Traffic Signal,Clear,Daylight,Dry,Non-Fatal Injury,Angle,Driver,60 to 64,Major,East,Going Ahead,Driving Properly,,,,,,,,,Yes,,,,Yes,,Yes,Yes,,Dorset Park
1509,Minor Arterial,Toronto and East York,Intersection,Stop Sign,Clear,Daylight,Dry,Non-Fatal Injury,Pedestrian Collisions,Driver,unknown,,South,Unknown,Failed to Yield Right of Way,,,,,,,Yes,,Yes,,,,,,Yes,,,North Riverdale
1509,Minor Arterial,Toronto and East York,Intersection,Stop Sign,Clear,Daylight,Dry,Non-Fatal Injury,Pedestrian Collisions,Pedestrian,35 to 39,Major,South,Unknown,,Pedestrian hit on sidewalk or shoulder,On Sidewalk or Shoulder,Medical or Physical Disability,,,,Yes,,Yes,,,,,,Yes,,,North Riverdale