TIME,ROAD_CLASS,DISTRICT,LOCCOORD,TRAFFCTL,VISIBILITY,LIGHT,RDSFCOND,ACCLASS,IMPACTYPE,INVTYPE,INVAGE,INJURY,INITDIR,MANOEUVER,DRIVACT,PEDTYPE,PEDACT,PEDCOND,CYCLISTYPE,CYCACT,CYCCOND,PEDESTRIAN,CYCLIST,AUTOMOBILE,MOTORCYCLE,TRUCK,TRSN_CITY_VEH,PASSENGER,SPEEDING,AG_DRIV,REDLIGHT,ALCOHOL,NEIGHBOURHOOD_158
1630,Minor Arterial,Toronto and East York,Intersection,Traffic Signal,Clear,Daylight,Dry,Non-Fatal Injury,Pedestrian Collisions,Vehicle Owner,unknown,,,,,,,,,,,Yes,,,,Yes,,,,,,,Cabbagetown-South St.James Town
1630,Minor Arterial,Toronto and East York,Intersection,Traffic Signal,Clear,Daylight,Dry,Non-Fatal Injury,Pedestrian Collisions,Truck Driver,40 to 44,,North,Turning Left,Driving Properly,,,,,,,Yes,,,,Yes,,,,,,,Cabbagetown-South St.James Town
1630,Minor Arterial,Toronto and East York,Intersection,Traffic Signal,Clear,Daylight,Dry,Non-Fatal Injury,Pedestrian Collisions,Pedestrian,30 to 34,Major,West,,,Vehicle turns left while ped crosses without ROW at inter.,Crossing without right of way,Had Been Drinking,,,,Yes,,,,Yes,,,,,,,Cabbagetown-South St.James Town
2321,Major Arterial,Etobicoke York,Intersection,Traffic Signal,Clear,Dark,Dry,Non-Fatal Injury,Rear End,Passenger,40 to 44,Major,,,,,,,,,,,,Yes,,,,Yes,,Yes,,,West Humber-Clairville
2321,Major Arterial,Etobicoke York,Intersection,Traffic Signal,Clear,Dark,Dry,Non-Fatal Injury,Rear End,Passenger,25 to 29,Major,,,,,,,,,,,,Yes,,,,Yes,,Yes,,,West Humber-Clairville
2321,Major Arterial,Etobicoke York,Intersection,Traffic Signal,Clear,Dark,Dry,Non-Fatal Injury,Rear End,Passenger,30 to 34,Minimal,,,,,,,,,,,,Yes,,,,Yes,,Yes,,,West Humber-Clairville
2321,Major Arterial,Etobicoke York,Intersection,Traffic Signal,Clear,Dark,Dry,Non-Fatal Injury,Rear End,Driver,25 to 29,,West,Stopped,Driving Properly,,,,,,,,,Yes,,,,Yes,,Yes,,,West Humber-Clairville
2321,Major Arterial,Etobicoke York,Intersection,Traffic Signal,Clear,Dark,Dry,Non-Fatal Injury,Rear End,Passenger,25 to 29,Major,,,,,,,,,,,,Yes,,,,Yes,,Yes,,,West Humber-Clairville
2321,Major Arterial,Etobicoke York,Intersection,Traffic Signal,Clear,Dark,Dry,Non-Fatal Injury,Rear End,Passenger,50 to 54,Major,,,,,,,,,,,,Yes,,,,Yes,,Yes,,,West Humber-Clairville
2321,Major Arterial,Etobicoke York,Intersection,Traffic Signal,Clear,Dark,Dry,Non-Fatal Injury,Rear End,Vehicle Owner,unknown,,,,,,,,,,,,,Yes,,,,Yes,,Yes,,,West Humber-Clairville
2321,Major Arterial,Etobicoke York,Intersection,Traffic Signal,Clear,Dark,Dry,Non-Fatal Injury,Rear End,Driver,35 to 39,,West,Going Ahead,Following too Close,,,,,,,,,Yes,,,,Yes,,Yes,,,West Humber-Clairville
2100,Major Arterial,Scarborough,Mid-Block,No Control,Clear,Dark,Dry,Non-Fatal Injury,Pedestrian Collisions,Driver,35 to 39,,West,Going Ahead,Driving Properly,,,,,,,Yes,,Yes,,,,,,,,,Malvern West
2100,Major Arterial,Scarborough,Mid-Block,No Control,Clear,Dark,Dry,Non-Fatal Injury,Pedestrian Collisions,Pedestrian,15 to 19,Major,South,,,Pedestrian hit at mid-block,"Crossing, no Traffic Control",Unknown,,,,Yes,,Yes,,,,,,,,,Malvern West
2225,Major Arterial,North York,Intersection,Traffic Signal,Clear,Daylight,Dry,Non-Fatal Injury,Rear End,Driver,20 to 24,,East,Slowing or Stopping,Following too Close,,,,,,,,,Yes,,,,,,Yes,,,Newtonbrook West
2225,Major Arterial,North York,Intersection,Traffic Signal,Clear,Daylight,Dry,Non-Fatal Injury,Rear End,Driver,25 to 29,Major,East,Stopped,Driving Properly,,,,,,,,,Yes,,,,,,Yes,,,Newtonbrook West
1405,Major Arterial,Toronto and East York,Intersection,Traffic Signal,Clear,Daylight,Dry,Non-Fatal Injury,Pedestrian Collisions,Vehicle Owner,unknown,,,,,,,,,,,Yes,,Yes,,,,,,Yes,,,Downtown Yonge East
1405,Major Arterial,Toronto and East York,Intersection,Traffic Signal,Clear,Daylight,Dry,Non-Fatal Injury,Pedestrian Collisions,Driver,45 to 49,,North,Slowing or Stopping,Failed to Yield Right of Way,,,,,,,Yes,,Yes,,,,,,Yes,,,Downtown Yonge East
1405,Major Arterial,Toronto and East York,Intersection,Traffic Signal,Clear,Daylight,Dry,Non-Fatal Injury,Pedestrian Collisions,Pedestrian,20 to 24,Major,West,,,Vehicle is going straight thru inter.while ped cross with ROW,Crossing with right of way,Normal,,,,Yes,,Yes,,,,,,Yes,,,Downtown Yonge East
1240,Minor Arterial,Toronto and East York,Intersection,No Control,Clear,Daylight,Dry,Non-Fatal Injury,Pedestrian Collisions,Driver,45 to 49,,South,Slowing or Stopping,Driving Properly,,,,,,,Yes,,Yes,,,,,,,,,North Riverdale
1240,Minor Arterial,Toronto and East York,Intersection,No Control,Clear,Daylight,Dry,Non-Fatal Injury,Pedestrian Collisions,Pedestrian,15 to 19,Major,East,,,Pedestrian involved in a collision with transit vehicle anywhere along roadway,"Crossing, no Traffic Control",Inattentive,,,,Yes,,Yes,,,,,,,,,North Riverdale
1307,Minor Arterial,Scarborough,Intersection,No Control,Clear,Daylight,Dry,Non-Fatal Injury,Turning Movement,Motorcycle Driver,50 to 54,Major,West,Going Ahead,Driving Properly,,,,,,,,,Yes,Yes,,,,,Yes,,,Centennial Scarborough
1307,Minor Arterial,Scarborough,Intersection,No Control,Clear,Daylight,Dry,Non-Fatal Injury,Turning Movement,Driver,40 to 44,,East,Turning Left,Failed to Yield Right of Way,,,,,,,,,Yes,Yes,,,,,Yes,,,Centennial Scarborough
805,Major Arterial,Etobicoke York,Intersection,Traffic Signal,Clear,Daylight,Dry,Non-Fatal Injury,Cyclist Collisions,Driver,35 to 39,,South,Turning Right,Driving Properly,,,,,,,,Yes,Yes,,,,,,,,,Kingsway South
805,Major Arterial,Etobicoke York,Intersection,Traffic Signal,Clear,Daylight,Dry,Non-Fatal Injury,Cyclist Collisions,Cyclist,20 to 24,Major,East,Going Ahead,,,,,Motorist turning right on green or amber at signalized intersection strikes cyclist.,Other,Normal,,Yes,Yes,,,,,,,,,Kingsway South
845,Major Arterial,Etobicoke York,Intersection,Traffic Signal,Clear,Daylight,Dry,Non-Fatal Injury,Turning Movement,Driver,40 to 44,,South,Going Ahead,Driving Properly,,,,,,,,,Yes,,,,,,,,,Edenbridge-Humber Valley
845,Major Arterial,Etobicoke York,Intersection,Traffic Signal,Clear,Daylight,Dry,Non-Fatal Injury,Turning Movement,Driver,75 to 79,Major,South,Going Ahead,Driving Properly,,,,,,,,,Yes,,,,,,,,,Edenbridge-Humber Valley
845,Major Arterial,Etobicoke York,Intersection,Traffic Signal,Clear,Daylight,Dry,Non-Fatal Injury,Turning Movement,Driver,35 to 39,,North,Turning Left,Improper Turn,,,,,,,,,Yes,,,,,,,,,Edenbridge-Humber Valley
1111,Minor Arterial,Scarborough,Intersection,Stop Sign,Clear,Daylight,Dry,Non-Fatal Injury,Turning Movement,Motorcycle Driver,30 to 34,Major,North,Going Ahead,Driving Properly,,,,,,,,,Yes,Yes,,,,,,,,West Rouge
1111,Minor Arterial,Scarborough,Intersection,Stop Sign,Clear,Daylight,Dry,Non-Fatal Injury,Turning Movement,Vehicle Owner,unknown,,,,,,,,,,,,,Yes,Yes,,,,,,,,West Rouge
1111,Minor Arterial,Scarborough,Intersection,Stop Sign,Clear,Daylight,Dry,Non-Fatal Injury,Turning Movement,Driver,25 to 29,,West,Turning Left,Improper Turn,,,,,,,,,Yes,Yes,,,,,,,,West Rouge
53,Major Arterial,Etobicoke York,Mid-Block,No Control,Clear,Dark,Dry,Non-Fatal Injury,Approaching,Driver,65 to 69,Major,West,Going Ahead,Driving Properly,,,,,,,,,Yes,,,,,,,,,Glenfield-Jane Heights
53,Major Arterial,Etobicoke York,Mid-Block,No Control,Clear,Dark,Dry,Non-Fatal Injury,Approaching,Driver,45 to 49,Minor,East,Going Ahead,Lost control,,,,,,,,,Yes,,,,,,,,,Glenfield-Jane Heights
1217,Major Arterial,Toronto and East York,Intersection,Stop Sign,Clear,Daylight,Dry,Non-Fatal Injury,Angle,Motorcycle Driver,25 to 29,Major,North,Going Ahead,Driving Properly,,,,,,,,,Yes,Yes,,,,,,,,Old East York
1217,Major Arterial,Toronto and East York,Intersection,Stop Sign,Clear,Daylight,Dry,Non-Fatal Injury,Angle,Driver,70 to 74,,East,Going Ahead,Driving Properly,,,,,,,,,Yes,Yes,,,,,,,,Old East York
2020,Major Arterial,Toronto and East York,Intersection,Traffic Signal,Clear,Dark,Dry,Non-Fatal Injury,Sideswipe,Motorcycle Driver,30 to 34,Major,West,Going Ahead,Driving Properly,,,,,,,,,Yes,Yes,,,,,,,,Weston-Pelham Park
2020,Major Arterial,Toronto and East York,Intersection,Traffic Signal,Clear,Dark,Dry,Non-Fatal Injury,Sideswipe,Vehicle Owner,unknown,,,,,,,,,,,,,Yes,Yes,,,,,,,,Weston-Pelham Park
2020,Major Arterial,Toronto and East York,Intersection,Traffic Signal,Clear,Dark,Dry,Non-Fatal Injury,Sideswipe,Driver,20 to 24,,West,Changing Lanes,Improper Lane Change,,,,,,,,,Yes,Yes,,,,,,,,Weston-Pelham Park
712,Major Arterial,Etobicoke York,Intersection,Traffic Signal,Clear,Daylight,Dry,Non-Fatal Injury,Angle,Driver,65 to 69,,North,Stopped,Driving Properly,,,,,,,,,Yes,,,,Yes,,Yes,Yes,,Princess-Rosethorn
712,Major Arterial,Etobicoke York,Intersection,Traffic Signal,Clear,Daylight,Dry,Non-Fatal Injury,Angle,Driver,45 to 49,,South,Going Ahead,Disobeyed Traffic Control,,,,,,,,,Yes,,,,Yes,,Yes,Yes,,Princess-Rosethorn
712,Major Arterial,Etobicoke York,Intersection,Traffic Signal,Clear,Daylight,Dry,Non-Fatal Injury,Angle,Passenger,40 to 44,Minimal,,,,,,,,,,,,Yes,,,,Yes,,Yes,Yes,,Princess-Rosethorn
712,Major Arterial,Etobicoke York,Intersection,Traffic Signal,Clear,Daylight,Dry,Non-Fatal Injury,Angle,Driver,30 to 34,Major,East,Going Ahead,Driving Properly,,,,,,,,,Yes,,,,Yes,,Yes,Yes,,Princess-Rosethorn
1750,Major Arterial,North York,Mid-Block,No Control,Snow,Dark,Wet,Non-Fatal Injury,Pedestrian Collisions,Driver,45 to 49,,West,Going Ahead,Driving Properly,,,,,,,Yes,,Yes,,,,,,,,,East Willowdale
412,,Toronto and East York,Mid-Block,No Control,Clear,Dark,Dry,Non-Fatal Injury,Approaching,Driver,50 to 54,Minor,South,Going Ahead,Driving Properly,,,,,,,,,Yes,,,,Yes,,Yes,,Yes,Broadview North
1722,Major Arterial,Etobicoke York,Intersection,No Control,Clear,Daylight,Dry,Fatal,Pedestrian Collisions,Driver,60 to 64,Minimal,East,Going Ahead,Lost control,,,,,,,Yes,,Yes,,,,,,,,,West Humber-Clairville
1438,Major Arterial,North York,Intersection,Traffic Signal,Clear,Daylight,Dry,Non-Fatal Injury,Turning Movement,Driver,85 to 89,Minimal,South,Turning Right,Improper Turn,,,,,,,,,Yes,,,,Yes,,,,,Don Valley Village
1438,Major Arterial,North York,Intersection,Traffic Signal,Clear,Daylight,Dry,Non-Fatal Injury,Turning Movement,Vehicle Owner,unknown,,,,,,,,,,,,,Yes,,,,Yes,,,,,Don Valley Village
1438,Major Arterial,North York,Intersection,Traffic Signal,Clear,Daylight,Dry,Non-Fatal Injury,Turning Movement,Driver,60 to 64,,West,Going Ahead,Driving Properly,,,,,,,,,Yes,,,,Yes,,,,,Don Valley Village
1438,Major Arterial,North York,Intersection,Traffic Signal,Clear,Daylight,Dry,Non-Fatal Injury,Turning Movement,Passenger,85 to 89,Major,,,,,,,,,,,,Yes,,,,Yes,,,,,Don Valley Village
1616,Major Arterial,North York,Mid-Block,No Control,Clear,Daylight,Dry,Non-Fatal Injury,Turning Movement,Driver,20 to 24,,West,Turning Left,Failed to Yield Right of Way,,,,,,,,,Yes,,,,,,Yes,,,Newtonbrook West
1616,Major Arterial,North York,Mid-Block,No Control,Clear,Daylight,Dry,Non-Fatal Injury,Turning Movement,Vehicle Owner,unknown,,,,,,,,,,,,,Yes,,,,,,Yes,,,Newtonbrook West
1616,Major Arterial,North York,Mid-Block,No Control,Clear,Daylight,Dry,Non-Fatal Injury,Turning Movement,Driver,20 to 24,Major,North,Going Ahead,Driving Properly,,,,,,,,,Yes,,,,,,Yes,,,Newtonbrook West
1700,Collector,Toronto and East York,Intersection,Stop Sign,Clear,Daylight,Dry,Non-Fatal Injury,Cyclist Collisions,Vehicle Owner,unknown,,,,,,,,,,,,Yes,Yes,,,,,,,,,Dufferin Grove
1700,Collector,Toronto and East York,Intersection,Stop Sign,Clear,Daylight,Dry,Non-Fatal Injury,Cyclist Collisions,Driver,30 to 34,,West,Turning Left,Improper Turn,,,,,,,,Yes,Yes,,,,,,,,,Dufferin Grove
1700,Collector,Toronto and East York,Intersection,Stop Sign,Clear,Daylight,Dry,Non-Fatal Injury,Cyclist Collisions,Cyclist,60 to 64,Major,South,Going Ahead,,,,,"Motorist without ROW drives into path of cyclist at inter, lnwy, dwy-Driver not turn.",Driving Properly,Normal,,Yes,Yes,,,,,,,,,Dufferin Grove
1722,Major Arterial,Etobicoke York,Intersection,No Control,Clear,Daylight,Dry,Fatal,Pedestrian Collisions,Vehicle Owner,unknown,,,,,,,,,,,Yes,,Yes,,,,,,,,,West Humber-Clairville
1737,Major Arterial,Scarborough,Intersection,Traffic Signal,Clear,Daylight,Dry,Non-Fatal Injury,Rear End,Passenger,10 to 14,Minor,,,,,,,,,,,,Yes,,,,Yes,,Yes,,,Oakridge
215,Major Arterial,Toronto and East York,Mid-Block,No Control,Clear,Dark,Dry,Non-Fatal Injury,Pedestrian Collisions,Pedestrian,40 to 44,Major,,,,Pedestrian hit on sidewalk or shoulder,On Sidewalk or Shoulder,Inattentive,,,,Yes,,Yes,,,,,,,,,South Parkdale
1737,Major Arterial,Scarborough,Intersection,Traffic Signal,Clear,Daylight,Dry,Non-Fatal Injury,Rear End,Vehicle Owner,unknown,,,,,,,,,,,,,Yes,,,,Yes,,Yes,,,Oakridge
1750,Major Arterial,North York,Mid-Block,No Control,Snow,Dark,Wet,Non-Fatal Injury,Pedestrian Collisions,Pedestrian,70 to 74,Major,South,,,Pedestrian hit at mid-block,"Crossing, no Traffic Control",Unknown,,,,Yes,,Yes,,,,,,,,,East Willowdale
1058,Major Arterial,Scarborough,Mid-Block,No Control,Rain,Daylight,Wet,Non-Fatal Injury,Approaching,Driver,65 to 69,Major,South,Going Ahead,Driving Properly,,,,,,,,,Yes,,,,Yes,,,,Yes,Woburn North
412,,Toronto and East York,Mid-Block,No Control,Clear,Dark,Dry,Non-Fatal Injury,Approaching,Vehicle Owner,unknown,,,,,,,,,,,,,Yes,,,,Yes,,Yes,,Yes,Broadview North
1737,Major Arterial,Scarborough,Intersection,Traffic Signal,Clear,Daylight,Dry,Non-Fatal Injury,Rear End,Driver,30 to 34,Major,South,Going Ahead,Following too Close,,,,,,,,,Yes,,,,Yes,,Yes,,,Oakridge
1722,Major Arterial,Etobicoke York,Intersection,No Control,Clear,Daylight,Dry,Fatal,Pedestrian Collisions,Pedestrian,85 to 89,Fatal,,Other,,Pedestrian hit on sidewalk or shoulder,On Sidewalk or Shoulder,Normal,,,,Yes,,Yes,,,,,,,,,West Humber-Clairville
38,Major Arterial,Etobicoke York,Intersection,No Control,Clear,Dark,Dry,Fatal,SMV Other,Other,unknown,,West,Parked,,,,,,,,,,Yes,,,,,Yes,Yes,,,Humber Heights-Westmount
5,Minor Arterial,Scarborough,Mid-Block,No Control,Rain,Dark,Wet,Fatal,Pedestrian Collisions,Driver,45 to 49,,South,Going Ahead,Driving Properly,,,,,,,Yes,,Yes,,,,,,Yes,,,Steeles
1058,Major Arterial,Scarborough,Mid-Block,No Control,Rain,Daylight,Wet,Non-Fatal Injury,Approaching,Passenger,20 to 24,Minimal,,,,,,,,,,,,Yes,,,,Yes,,,,Yes,Woburn North
1058,Major Arterial,Scarborough,Mid-Block,No Control,Rain,Daylight,Wet,Non-Fatal Injury,Approaching,Vehicle Owner,unknown,,,,,,,,,,,,,Yes,,,,Yes,,,,Yes,Woburn North
1058,Major Arterial,Scarborough,Mid-Block,No Control,Rain,Daylight,Wet,Non-Fatal Injury,Approaching,Driver,25 to 29,Minimal,North,Going Ahead,Lost control,,,,,,,,,Yes,,,,Yes,,,,Yes,Woburn North
103,Major Arterial,Etobicoke York,Mid-Block,No Control,Rain,Dark,Wet,Non-Fatal Injury,SMV Other,Driver,60 to 64,Major,East,Other,Lost control,,,,,,,,,Yes,,,,,Yes,Yes,,Yes,Long Branch
905,Local,Toronto and East York,Mid-Block,No Control,Clear,Daylight,Ice,Non-Fatal Injury,Pedestrian Collisions,Driver,50 to 54,,South,Reversing,Failed to Yield Right of Way,,,,,,,Yes,,Yes,,,,,,Yes,,,Moss Park
905,Local,Toronto and East York,Mid-Block,No Control,Clear,Daylight,Ice,Non-Fatal Injury,Pedestrian Collisions,Pedestrian,25 to 29,Major,East,,,Vehicle is reversing and hits pedestrian,"Crossing, no Traffic Control",Normal,,,,Yes,,Yes,,,,,,Yes,,,Moss Park
940,Major Arterial,North York,Intersection,Traffic Signal,Clear,Daylight,Dry,Non-Fatal Injury,Angle,Passenger,15 to 19,Minimal,,,,,,,,,,,,Yes,,,,Yes,,Yes,Yes,,Don Valley Village
940,Major Arterial,North York,Intersection,Traffic Signal,Clear,Daylight,Dry,Non-Fatal Injury,Angle,Passenger,50 to 54,Minimal,,,,,,,,,,,,Yes,,,,Yes,,Yes,Yes,,Don Valley Village
940,Major Arterial,North York,Intersection,Traffic Signal,Clear,Daylight,Dry,Non-Fatal Injury,Angle,Driver,45 to 49,Major,East,Going Ahead,Driving Properly,,,,,,,,,Yes,,,,Yes,,Yes,Yes,,Don Valley Village
940,Major Arterial,North York,Intersection,Traffic Signal,Clear,Daylight,Dry,Non-Fatal Injury,Angle,Driver,35 to 39,Minor,South,Going Ahead,Disobeyed Traffic Control,,,,,,,,,Yes,,,,Yes,,Yes,Yes,,Don Valley Village
1245,Major Arterial,Etobicoke York,Intersection,Traffic Signal,Clear,Daylight,Dry,Non-Fatal Injury,Angle,Driver,40 to 44,,East,Going Ahead,Disobeyed Traffic Control,,,,,,,,,Yes,,,,Yes,,Yes,Yes,,West Humber-Clairville
1810,Major Arterial,North York,Intersection,Traffic Signal,Clear,Dark,Dry,Non-Fatal Injury,Pedestrian Collisions,Driver,35 to 39,,East,Going Ahead,Driving Properly,,,,,,,Yes,,Yes,,,,,,,,,L'Amoreaux West
1245,Major Arterial,Etobicoke York,Intersection,Traffic Signal,Clear,Daylight,Dry,Non-Fatal Injury,Angle,Passenger,60 to 64,Minor,,,,,,,,,,,,Yes,,,,Yes,,Yes,Yes,,West Humber-Clairville
1245,Major Arterial,Etobicoke York,Intersection,Traffic Signal,Clear,Daylight,Dry,Non-Fatal Injury,Angle,Driver,65 to 69,Major,North,Going Ahead,Driving Properly,,,,,,,,,Yes,,,,Yes,,Yes,Yes,,West Humber-Clairville
2132,Major Arterial,North York,Mid-Block,No Control,Clear,Dark,Dry,Fatal,Approaching,Passenger,60 to 64,Minor,,,,,,,,,,,,Yes,,,,Yes,,,,Yes,Westminster-Branson
2132,Major Arterial,North York,Mid-Block,No Control,Clear,Dark,Dry,Fatal,Approaching,Driver,65 to 69,Minor,North,Going Ahead,Driving Properly,,,,,,,,,Yes,,,,Yes,,,,Yes,Westminster-Branson
2132,Major Arterial,North York,Mid-Block,No Control,Clear,Dark,Dry,Fatal,Approaching,Passenger,15 to 19,Fatal,,,,,,,,,,,,Yes,,,,Yes,,,,Yes,Westminster-Branson
2132,Major Arterial,North York,Mid-Block,No Control,Clear,Dark,Dry,Fatal,Approaching,Passenger,15 to 19,Minor,,,,,,,,,,,,Yes,,,,Yes,,,,Yes,Westminster-Branson
2132,Major Arterial,North York,Mid-Block,No Control,Clear,Dark,Dry,Fatal,Approaching,Passenger,15 to 19,Minor,,,,,,,,,,,,Yes,,,,Yes,,,,Yes,Westminster-Branson
2132,Major Arterial,North York,Mid-Block,No Control,Clear,Dark,Dry,Fatal,Approaching,Driver,15 to 19,Minor,South,Going Ahead,Lost control,,,,,,,,,Yes,,,,Yes,,,,Yes,Westminster-Branson
1651,Major Arterial,Etobicoke York,Mid-Block,No Control,Snow,Dark,Wet,Non-Fatal Injury,Pedestrian Collisions,Vehicle Owner,unknown,,,,,,,,,,,Yes,,Yes,,,,,,Yes,,,Rustic
1651,Major Arterial,Etobicoke York,Mid-Block,No Control,Snow,Dark,Wet,Non-Fatal Injury,Pedestrian Collisions,Driver,35 to 39,,South,Going Ahead,Failed to Yield Right of Way,,,,,,,Yes,,Yes,,,,,,Yes,,,Rustic
1651,Major Arterial,Etobicoke York,Mid-Block,No Control,Snow,Dark,Wet,Non-Fatal Injury,Pedestrian Collisions,Pedestrian,0 to 4,Major,,,,Other / Undefined,Person Getting on/off Vehicle,Normal,,,,Yes,,Yes,,,,,,Yes,,,Rustic
2040,Major Arterial,Etobicoke York,Intersection,Traffic Signal,Snow,Dark,Wet,Non-Fatal Injury,Rear End,Passenger,20 to 24,Major,,,,,,,,,,,,Yes,,,,Yes,Yes,Yes,,,West Humber-Clairville
2040,Major Arterial,Etobicoke York,Intersection,Traffic Signal,Snow,Dark,Wet,Non-Fatal Injury,Rear End,Driver,20 to 24,Minor,East,Stopped,Driving Properly,,,,,,,,,Yes,,,,Yes,Yes,Yes,,,West Humber-Clairville
2040,Major Arterial,Etobicoke York,Intersection,Traffic Signal,Snow,Dark,Wet,Non-Fatal Injury,Rear End,Driver,30 to 34,,East,Going Ahead,Speed too Fast For Condition,,,,,,,,,Yes,,,,Yes,Yes,Yes,,,West Humber-Clairville
845,Collector,North York,Intersection,Pedestrian Crossover,Clear,Daylight,Wet,Non-Fatal Injury,Pedestrian Collisions,Driver,35 to 39,,East,Going Ahead,Failed to Yield Right of Way,,,,,,,Yes,,Yes,,,,,,Yes,,,Fenside-Parkwoods
845,Collector,North York,Intersection,Pedestrian Crossover,Clear,Daylight,Wet,Non-Fatal Injury,Pedestrian Collisions,Pedestrian,5 to 9,Major,,,,Pedestrian hit a PXO/ped. Mid-block signal,"Crossing, Pedestrian Crossover",Normal,,,,Yes,,Yes,,,,,,Yes,,,Fenside-Parkwoods
1432,Major Arterial,Etobicoke York,Intersection,Traffic Signal,Clear,Daylight,Dry,Non-Fatal Injury,Rear End,Driver,50 to 54,Major,West,Stopped,Driving Properly,,,,,,,,,Yes,,,,,,,,,Kingsview Village-The Westway
1432,Major Arterial,Etobicoke York,Intersection,Traffic Signal,Clear,Daylight,Dry,Non-Fatal Injury,Rear End,Driver,unknown,,West,Going Ahead,Lost control,,,,,,,,,Yes,,,,,,,,,Kingsview Village-The Westway
600,Local,Etobicoke York,Mid-Block,No Control,Clear,Dark,Dry,Non-Fatal Injury,Pedestrian Collisions,Driver,unknown,,South,Going Ahead,Failed to Yield Right of Way,,,,,,,Yes,,Yes,,,,,,Yes,,,Mount Olive-Silverstone-Jamestown
600,Local,Etobicoke York,Mid-Block,No Control,Clear,Dark,Dry,Non-Fatal Injury,Pedestrian Collisions,Pedestrian,45 to 49,Major,East,,,Pedestrian hit at mid-block,Walking on Roadway with Traffic,Normal,,,,Yes,,Yes,,,,,,Yes,,,Mount Olive-Silverstone-Jamestown
1025,Major Arterial,Scarborough,Intersection,Traffic Signal,Clear,Daylight,Dry,Fatal,Angle,Driver,60 to 64,Fatal,East,Going Ahead,Driving Properly,,,,,,,,,Yes,,,,,,Yes,Yes,,Steeles
1025,Major Arterial,Scarborough,Intersection,Traffic Signal,Clear,Daylight,Dry,Fatal,Angle,Vehicle Owner,unknown,,,,,,,,,,,,,Yes,,,,,,Yes,Yes,,Steeles
1025,Major Arterial,Scarborough,Intersection,Traffic Signal,Clear,Daylight,Dry,Fatal,Angle,Driver,60 to 64,Minor,South,Going Ahead,Disobeyed Traffic Control,,,,,,,,,Yes,,,,,,Yes,Yes,,Steeles
1913,Major Arterial,Toronto and East York,Intersection,Traffic Signal,Clear,Dusk,Dry,Non-Fatal Injury,Pedestrian Collisions,Driver,25 to 29,,South,Going Ahead,Driving Properly,,,,,,,Yes,,Yes,,,,,,,,,Kensington-Chinatown
1913,Major Arterial,Toronto and East York,Intersection,Traffic Signal,Clear,Dusk,Dry,Non-Fatal Injury,Pedestrian Collisions,Pedestrian,35 to 39,Major,West,,,Vehicle is going straight thru inter.while ped cross without ROW,Crossing without right of way,Inattentive,,,,Yes,,Yes,,,,,,,,,Kensington-Chinatown
1530,Major Arterial,Etobicoke York,Intersection,No Control,Snow,Daylight,Slush,Fatal,Approaching,Truck Driver,50 to 54,,South,Going Ahead,Driving Properly,,,,,,,,,Yes,,Yes,,Yes,Yes,Yes,,,Pelmo Park-Humberlea
1530,Major Arterial,Etobicoke York,Intersection,No Control,Snow,Daylight,Slush,Fatal,Approaching,Passenger,30 to 34,Fatal,,,,,,,,,,,,Yes,,Yes,,Yes,Yes,Yes,,,Pelmo Park-Humberlea
1530,Major Arterial,Etobicoke York,Intersection,No Control,Snow,Daylight,Slush,Fatal,Approaching,Driver,55 to 59,Fatal,North,Going Ahead,Speed too Fast For Condition,,,,,,,,,Yes,,Yes,,Yes,Yes,Yes,,,Pelmo Park-Humberlea
1341,Major Arterial,Toronto and East York,Intersection,No Control,Clear,Daylight,Dry,Non-Fatal Injury,Pedestrian Collisions,Driver,25 to 29,,West,Turning Left,Failed to Yield Right of Way,,,,,,,Yes,,Yes,,,,,,Yes,,,Annex
1341,Major Arterial,Toronto and East York,Intersection,No Control,Clear,Daylight,Dry,Non-Fatal Injury,Pedestrian Collisions,Pedestrian,15 to 19,Major,West,,,Pedestrian hit at mid-block,"Crossing, no Traffic Control",Normal,,,,Yes,,Yes,,,,,,Yes,,,Annex
1230,Major Arterial,Scarborough,Mid-Block,No Control,Clear,Daylight,Dry,Non-Fatal Injury,Pedestrian Collisions,Vehicle Owner,unknown,,,,,,,,,,,Yes,,Yes,,,,,Yes,Yes,,,Bendale-Glen Andrew
1230,Major Arterial,Scarborough,Mid-Block,No Control,Clear,Daylight,Dry,Non-Fatal Injury,Pedestrian Collisions,Driver,35 to 39,Minor,West,Turning Left,Driving Properly,,,,,,,Yes,,Yes,,,,,Yes,Yes,,,Bendale-Glen Andrew
1230,Major Arterial,Scarborough,Mid-Block,No Control,Clear,Daylight,Dry,Non-Fatal Injury,Pedestrian Collisions,Pedestrian,20 to 24,Major,,,,Pedestrian hit on sidewalk or shoulder,On Sidewalk or Shoulder,Normal,,,,Yes,,Yes,,,,,Yes,Yes,,,Bendale-Glen Andrew
1230,Major Arterial,Scarborough,Mid-Block,No Control,Clear,Daylight,Dry,Non-Fatal Injury,Pedestrian Collisions,Driver,20 to 24,Minor,East,Going Ahead,Exceeding Speed Limit,,,,,,,Yes,,Yes,,,,,Yes,Yes,,,Bendale-Glen Andrew
1331,Major Arterial,Etobicoke York,Mid-Block,No Control,Clear,Daylight,Dry,Non-Fatal Injury,SMV Other,Driver,70 to 74,Major,East,Going Ahead,Lost control,,,,,,,,,Yes,,,,,,,,,Mount Dennis
1530,Major Arterial,Toronto and East York,Intersection,Traffic Signal,Clear,Daylight,Dry,Non-Fatal Injury,Pedestrian Collisions,Driver,50 to 54,,North,Turning Right,Driving Properly,,,,,,,Yes,,Yes,,,,,,,,,Runnymede-Bloor West Village