TIME,ROAD_CLASS,DISTRICT,LOCCOORD,TRAFFCTL,VISIBILITY,LIGHT,RDSFCOND,ACCLASS,IMPACTYPE,INVTYPE,INVAGE,INJURY,INITDIR,MANOEUVER,DRIVACT,PEDTYPE,PEDACT,PEDCOND,CYCLISTYPE,CYCACT,CYCCOND,PEDESTRIAN,CYCLIST,AUTOMOBILE,MOTORCYCLE,TRUCK,TRSN_CITY_VEH,PASSENGER,SPEEDING,AG_DRIV,REDLIGHT,ALCOHOL,NEIGHBOURHOOD_158
1530,Major Arterial,Toronto and East York,Intersection,Traffic Signal,Clear,Daylight,Dry,Non-Fatal Injury,Pedestrian Collisions,Pedestrian,15 to 19,Major,North,,,Vehicle turns right while ped crosses without ROW at inter.,Crossing without right of way,Inattentive,,,,Yes,,Yes,,,,,,,,,Runnymede-Bloor West Village
1700,Minor Arterial,North York,Mid-Block,No Control,Snow,Daylight,Loose Snow,Non-Fatal Injury,Approaching,Driver,25 to 29,,West,Going Ahead,Speed too Fast For Condition,,,,,,,,,Yes,,,,,Yes,Yes,,,Henry Farm
1700,Minor Arterial,North York,Mid-Block,No Control,Snow,Daylight,Loose Snow,Non-Fatal Injury,Approaching,Driver,50 to 54,Major,East,Going Ahead,Driving Properly,,,,,,,,,Yes,,,,,Yes,Yes,,,Henry Farm
920,Major Arterial,Etobicoke York,Intersection,Stop Sign,Clear,Daylight,Packed Snow,Fatal,Turning Movement,Passenger,60 to 64,Minor,,,,,,,,,,,,Yes,,,,Yes,,Yes,,,Humber Heights-Westmount
920,Major Arterial,Etobicoke York,Intersection,Stop Sign,Clear,Daylight,Packed Snow,Fatal,Turning Movement,Driver,85 to 89,Fatal,East,Turning Left,Failed to Yield Right of Way,,,,,,,,,Yes,,,,Yes,,Yes,,,Humber Heights-Westmount
920,Major Arterial,Etobicoke York,Intersection,Stop Sign,Clear,Daylight,Packed Snow,Fatal,Turning Movement,Driver,70 to 74,Minor,South,Going Ahead,Driving Properly,,,,,,,,,Yes,,,,Yes,,Yes,,,Humber Heights-Westmount
2253,Major Arterial,North York,Mid-Block,No Control,Clear,Dark,Dry,Non-Fatal Injury,Approaching,Driver,40 to 44,Minor,West,Going Ahead,,,,,,,,,,Yes,,,,,,,,Yes,Downsview
2253,Major Arterial,North York,Mid-Block,No Control,Clear,Dark,Dry,Non-Fatal Injury,Approaching,Driver,60 to 64,Major,East,Going Ahead,,,,,,,,,,Yes,,,,,,,,Yes,Downsview
300,Major Arterial,Toronto and East York,Mid-Block,No Control,Clear,Dark,Wet,Non-Fatal Injury,SMV Other,Vehicle Owner,unknown,,,,,,,,,,,,,Yes,,,,,,,,,South Parkdale
300,Major Arterial,Toronto and East York,Mid-Block,No Control,Clear,Dark,Wet,Non-Fatal Injury,SMV Other,Driver,25 to 29,Major,East,Going Ahead,Lost control,,,,,,,,,Yes,,,,,,,,,South Parkdale
1522,Minor Arterial,Scarborough,Mid-Block,No Control,Clear,Daylight,Dry,Non-Fatal Injury,Approaching,Driver,70 to 74,Major,South,Going Ahead,Lost control,,,,,,,,,Yes,,,,,,,,,Guildwood
1522,Minor Arterial,Scarborough,Mid-Block,No Control,Clear,Daylight,Dry,Non-Fatal Injury,Approaching,Driver,40 to 44,,North,Going Ahead,Driving Properly,,,,,,,,,Yes,,,,,,,,,Guildwood
1720,Minor Arterial,Toronto and East York,Mid-Block,No Control,Clear,Daylight,Dry,Non-Fatal Injury,Turning Movement,Driver,50 to 54,Major,West,Turning Left,Improper Turn,,,,,,,,,Yes,,,Yes,,,,,,St Lawrence-East Bayfront-The Islands
1720,Minor Arterial,Toronto and East York,Mid-Block,No Control,Clear,Daylight,Dry,Non-Fatal Injury,Turning Movement,Vehicle Owner,unknown,,,,,,,,,,,,,Yes,,,Yes,,,,,,St Lawrence-East Bayfront-The Islands
1720,Minor Arterial,Toronto and East York,Mid-Block,No Control,Clear,Daylight,Dry,Non-Fatal Injury,Turning Movement,Driver,60 to 64,,West,Going Ahead,Driving Properly,,,,,,,,,Yes,,,Yes,,,,,,St Lawrence-East Bayfront-The Islands
2155,Major Arterial,Etobicoke York,Intersection,Traffic Signal,Clear,Dark,Dry,Non-Fatal Injury,Turning Movement,Passenger,85 to 89,Major,,,,,,,,,,,,Yes,,,,Yes,Yes,Yes,,,Willowridge-Martingrove-Richview
2155,Major Arterial,Etobicoke York,Intersection,Traffic Signal,Clear,Dark,Dry,Non-Fatal Injury,Turning Movement,Driver,85 to 89,Minor,West,Turning Left,Failed to Yield Right of Way,,,,,,,,,Yes,,,,Yes,Yes,Yes,,,Willowridge-Martingrove-Richview
2155,Major Arterial,Etobicoke York,Intersection,Traffic Signal,Clear,Dark,Dry,Non-Fatal Injury,Turning Movement,Vehicle Owner,unknown,,,,,,,,,,,,,Yes,,,,Yes,Yes,Yes,,,Willowridge-Martingrove-Richview
2155,Major Arterial,Etobicoke York,Intersection,Traffic Signal,Clear,Dark,Dry,Non-Fatal Injury,Turning Movement,Driver,15 to 19,Minimal,East,Slowing or Stopping,Driving Properly,,,,,,,,,Yes,,,,Yes,Yes,Yes,,,Willowridge-Martingrove-Richview
1055,Major Arterial,Etobicoke York,Intersection,No Control,Clear,Daylight,Dry,Non-Fatal Injury,Rear End,Driver,20 to 24,Major,North,Going Ahead,Following too Close,,,,,,,,,Yes,,,,,,Yes,,,Rockcliffe-Smythe
1055,Major Arterial,Etobicoke York,Intersection,No Control,Clear,Daylight,Dry,Non-Fatal Injury,Rear End,Driver,25 to 29,,North,Stopped,Driving Properly,,,,,,,,,Yes,,,,,,Yes,,,Rockcliffe-Smythe
1450,Major Arterial,Scarborough,Intersection,Traffic Signal,Clear,Daylight,Dry,Non-Fatal Injury,Turning Movement,Driver,30 to 34,Major,East,Going Ahead,Driving Properly,,,,,,,,,Yes,,,,,,Yes,Yes,,Kennedy Park
1450,Major Arterial,Scarborough,Intersection,Traffic Signal,Clear,Daylight,Dry,Non-Fatal Injury,Turning Movement,Driver,15 to 19,Minimal,South,Going Ahead,Disobeyed Traffic Control,,,,,,,,,Yes,,,,,,Yes,Yes,,Kennedy Park
1450,Major Arterial,Scarborough,Intersection,Traffic Signal,Clear,Daylight,Dry,Non-Fatal Injury,Turning Movement,Other Property Owner,unknown,,,,,,,,,,,,,Yes,,,,,,Yes,Yes,,Kennedy Park
10,Major Arterial,Toronto and East York,Intersection,Traffic Signal,Clear,Dark,Dry,Non-Fatal Injury,Angle,Vehicle Owner,unknown,,,,,,,,,,,,,Yes,,,,Yes,Yes,Yes,Yes,,South Riverdale
10,Major Arterial,Toronto and East York,Intersection,Traffic Signal,Clear,Dark,Dry,Non-Fatal Injury,Angle,Driver,35 to 39,Major,West,Going Ahead,Disobeyed Traffic Control,,,,,,,,,Yes,,,,Yes,Yes,Yes,Yes,,South Riverdale
10,Major Arterial,Toronto and East York,Intersection,Traffic Signal,Clear,Dark,Dry,Non-Fatal Injury,Angle,Passenger,unknown,Minimal,,,,,,,,,,,,Yes,,,,Yes,Yes,Yes,Yes,,South Riverdale
10,Major Arterial,Toronto and East York,Intersection,Traffic Signal,Clear,Dark,Dry,Non-Fatal Injury,Angle,Driver,40 to 44,Minimal,North,Going Ahead,Driving Properly,,,,,,,,,Yes,,,,Yes,Yes,Yes,Yes,,South Riverdale
10,Major Arterial,Toronto and East York,Intersection,Traffic Signal,Clear,Dark,Dry,Non-Fatal Injury,Angle,Other Property Owner,unknown,,,,,,,,,,,,,Yes,,,,Yes,Yes,Yes,Yes,,South Riverdale
2219,Major Arterial,Toronto and East York,Intersection,Traffic Signal,Clear,Dark,Dry,Non-Fatal Injury,Rear End,Driver,35 to 39,Major,East,Stopped,Driving Properly,,,,,,,,,Yes,,,,,,Yes,,,Yonge-Bay Corridor
2219,Major Arterial,Toronto and East York,Intersection,Traffic Signal,Clear,Dark,Dry,Non-Fatal Injury,Rear End,Driver,30 to 34,,East,Going Ahead,Failed to Yield Right of Way,,,,,,,,,Yes,,,,,,Yes,,,Yonge-Bay Corridor
1404,Major Arterial,Toronto and East York,Mid-Block,No Control,Clear,Daylight,Dry,Fatal,Pedestrian Collisions,Vehicle Owner,unknown,,,,,,,,,,,Yes,,Yes,,,,,,,,,Rosedale-Moore Park
1404,Major Arterial,Toronto and East York,Mid-Block,No Control,Clear,Daylight,Dry,Fatal,Pedestrian Collisions,Driver,20 to 24,,South,Going Ahead,Driving Properly,,,,,,,Yes,,Yes,,,,,,,,,Rosedale-Moore Park
1404,Major Arterial,Toronto and East York,Mid-Block,No Control,Clear,Daylight,Dry,Fatal,Pedestrian Collisions,Pedestrian,25 to 29,Fatal,,,,Pedestrian hit at mid-block,"Crossing, no Traffic Control",Medical or Physical Disability,,,,Yes,,Yes,,,,,,,,,Rosedale-Moore Park
2230,Minor Arterial,Toronto and East York,Mid-Block,No Control,Clear,Dark,Dry,Non-Fatal Injury,Pedestrian Collisions,Driver,unknown,,East,Going Ahead,Exceeding Speed Limit,,,,,,,Yes,,Yes,,,,,Yes,Yes,,,Wychwood
2230,Minor Arterial,Toronto and East York,Mid-Block,No Control,Clear,Dark,Dry,Non-Fatal Injury,Pedestrian Collisions,Pedestrian,65 to 69,Major,,,,Pedestrian hit at mid-block,Person Getting on/off Vehicle,Normal,,,,Yes,,Yes,,,,,Yes,Yes,,,Wychwood
1332,Major Arterial,Toronto and East York,Intersection,Traffic Signal,Clear,Daylight,Dry,Non-Fatal Injury,Cyclist Collisions,Driver,50 to 54,,East,Turning Right,Improper Turn,,,,,,,,Yes,Yes,,,,,,,,,West Queen West
1332,Major Arterial,Toronto and East York,Intersection,Traffic Signal,Clear,Daylight,Dry,Non-Fatal Injury,Cyclist Collisions,Cyclist,35 to 39,Major,East,Turning Right,,,,,Motorist turning right on green or amber at signalized intersection strikes cyclist.,Driving Properly,Normal,,Yes,Yes,,,,,,,,,West Queen West
1305,Minor Arterial,North York,Intersection,Stop Sign,Clear,Daylight,Dry,Non-Fatal Injury,Turning Movement,Driver,85 to 89,Major,North,Turning Left,Improper Turn,,,,,,,,,Yes,,,,,,,,,Englemount-Lawrence
1305,Minor Arterial,North York,Intersection,Stop Sign,Clear,Daylight,Dry,Non-Fatal Injury,Turning Movement,Driver,55 to 59,Minor,East,Going Ahead,Driving Properly,,,,,,,,,Yes,,,,,,,,,Englemount-Lawrence
1,Minor Arterial,Scarborough,Intersection,Traffic Signal,Clear,Daylight,Dry,Non-Fatal Injury,Angle,Driver,45 to 49,Major,South,Stopped,Driving Properly,,,,,,,,,Yes,,,,,,,,,Morningside Heights
1,Minor Arterial,Scarborough,Intersection,Traffic Signal,Clear,Daylight,Dry,Non-Fatal Injury,Angle,Vehicle Owner,unknown,,,,,,,,,,,,,Yes,,,,,,,,,Morningside Heights
1,Minor Arterial,Scarborough,Intersection,Traffic Signal,Clear,Daylight,Dry,Non-Fatal Injury,Angle,Driver,45 to 49,,South,Stopped,Driving Properly,,,,,,,,,Yes,,,,,,,,,Morningside Heights
1,Minor Arterial,Scarborough,Intersection,Traffic Signal,Clear,Daylight,Dry,Non-Fatal Injury,Angle,Vehicle Owner,unknown,,,,,,,,,,,,,Yes,,,,,,,,,Morningside Heights
1,Minor Arterial,Scarborough,Intersection,Traffic Signal,Clear,Daylight,Dry,Non-Fatal Injury,Angle,Driver,55 to 59,,East,Going Ahead,Driving Properly,,,,,,,,,Yes,,,,,,,,,Morningside Heights
1,Minor Arterial,Scarborough,Intersection,Traffic Signal,Clear,Daylight,Dry,Non-Fatal Injury,Angle,Driver,15 to 19,,North,Going Ahead,Lost control,,,,,,,,,Yes,,,,,,,,,Morningside Heights
2152,Major Arterial,North York,Intersection,Traffic Signal,Clear,Dark,Dry,Non-Fatal Injury,Pedestrian Collisions,Vehicle Owner,unknown,,,,,,,,,,,Yes,,Yes,,,,,,,,,St.Andrew-Windfields
2152,Major Arterial,North York,Intersection,Traffic Signal,Clear,Dark,Dry,Non-Fatal Injury,Pedestrian Collisions,Driver,20 to 24,,West,Going Ahead,Driving Properly,,,,,,,Yes,,Yes,,,,,,,,,St.Andrew-Windfields
2152,Major Arterial,North York,Intersection,Traffic Signal,Clear,Dark,Dry,Non-Fatal Injury,Pedestrian Collisions,Pedestrian,40 to 44,Major,North,,,Vehicle is going straight thru inter.while ped cross without ROW,Crossing without right of way,Inattentive,,,,Yes,,Yes,,,,,,,,,St.Andrew-Windfields
1350,Major Arterial,Scarborough,Intersection,Traffic Signal,Clear,Daylight,Dry,Non-Fatal Injury,Pedestrian Collisions,Vehicle Owner,unknown,,,,,,,,,,,Yes,,Yes,,,,,,Yes,,,Wexford/Maryvale
1350,Major Arterial,Scarborough,Intersection,Traffic Signal,Clear,Daylight,Dry,Non-Fatal Injury,Pedestrian Collisions,Driver,40 to 44,,East,Going Ahead,Failed to Yield Right of Way,,,,,,,Yes,,Yes,,,,,,Yes,,,Wexford/Maryvale
308,Major Arterial,Toronto and East York,Intersection,Traffic Signal,Clear,Daylight,Dry,Non-Fatal Injury,Turning Movement,Passenger,20 to 24,Major,,,,,,,,,,,,Yes,,,,Yes,,,,,Kensington-Chinatown
1410,Major Arterial,Toronto and East York,Mid-Block,No Control,Clear,Daylight,Dry,Non-Fatal Injury,Cyclist Collisions,Driver,50 to 54,,West,Turning Left,Other,,,,,,,,Yes,Yes,,,,Yes,,,,,Yonge-Bay Corridor
2210,Major Arterial,North York,Intersection,Stop Sign,Clear,Dark,Dry,Non-Fatal Injury,Cyclist Collisions,Driver,unknown,,North,Turning Left,Improper Turn,,,,,,,,Yes,Yes,,,,,,,,,Willowdale West
5,Minor Arterial,Scarborough,Mid-Block,No Control,Rain,Dark,Wet,Fatal,Pedestrian Collisions,Pedestrian,25 to 29,Fatal,East,,,Pedestrian hit at mid-block,"Crossing, no Traffic Control",Unknown,,,,Yes,,Yes,,,,,,Yes,,,Steeles
38,Major Arterial,Etobicoke York,Intersection,No Control,Clear,Dark,Dry,Fatal,SMV Other,Other,unknown,,West,Parked,,,,,,,,,,Yes,,,,,Yes,Yes,,,Humber Heights-Westmount
2000,Major Arterial,North York,Mid-Block,No Control,Clear,Daylight,Dry,Non-Fatal Injury,Pedestrian Collisions,Vehicle Owner,unknown,,,,,,,,,,,Yes,,Yes,,,,,,,,,Victoria Village
412,,Toronto and East York,Mid-Block,No Control,Clear,Dark,Dry,Non-Fatal Injury,Approaching,Driver,20 to 24,Minor,North,Going Ahead,Wrong Way on One Way Road,,,,,,,,,Yes,,,,Yes,,Yes,,Yes,Broadview North
308,Major Arterial,Toronto and East York,Intersection,Traffic Signal,Clear,Daylight,Dry,Non-Fatal Injury,Turning Movement,Driver,25 to 29,,West,Turning Left,Improper Turn,,,,,,,,,Yes,,,,Yes,,,,,Kensington-Chinatown
2210,Major Arterial,North York,Intersection,Stop Sign,Clear,Dark,Dry,Non-Fatal Injury,Cyclist Collisions,Cyclist,40 to 44,Major,West,Going Ahead,,,,,Motorist turned left across cyclists path.,Driving Properly,Normal,,Yes,Yes,,,,,,,,,Willowdale West
2000,Major Arterial,North York,Mid-Block,No Control,Clear,Daylight,Dry,Non-Fatal Injury,Pedestrian Collisions,Driver,35 to 39,,East,Going Ahead,Driving Properly,,,,,,,Yes,,Yes,,,,,,,,,Victoria Village
1410,Major Arterial,Toronto and East York,Mid-Block,No Control,Clear,Daylight,Dry,Non-Fatal Injury,Cyclist Collisions,Cyclist,20 to 24,Major,,Unknown,,,,,Cyclist struck opened vehicle door,Driving Properly,Normal,,Yes,Yes,,,,Yes,,,,,Yonge-Bay Corridor
38,Major Arterial,Etobicoke York,Intersection,No Control,Clear,Dark,Dry,Fatal,SMV Other,Other,unknown,,East,Parked,,,,,,,,,,Yes,,,,,Yes,Yes,,,Humber Heights-Westmount
5,Minor Arterial,Scarborough,Mid-Block,No Control,Rain,Dark,Wet,Fatal,Pedestrian Collisions,Pedestrian,25 to 29,Fatal,East,,,Pedestrian hit at mid-block,"Crossing, no Traffic Control",Unknown,,,,Yes,,Yes,,,,,,Yes,,,Steeles
2000,Major Arterial,North York,Mid-Block,No Control,Clear,Daylight,Dry,Non-Fatal Injury,Pedestrian Collisions,Pedestrian,75 to 79,Major,,,,Pedestrian hit on sidewalk or shoulder,On Sidewalk or Shoulder,Normal,,,,Yes,,Yes,,,,,,,,,Victoria Village
1810,Major Arterial,North York,Intersection,Traffic Signal,Clear,Dark,Dry,Non-Fatal Injury,Pedestrian Collisions,Pedestrian,20 to 24,Major,North,,,Vehicle is going straight thru inter.while ped cross without ROW,Crossing without right of way,Normal,,,,Yes,,Yes,,,,,,,,,L'Amoreaux West
1440,Major Arterial,Toronto and East York,Intersection,No Control,Clear,Daylight,Dry,Non-Fatal Injury,Approaching,Driver,60 to 64,Major,East,Going Ahead,Lost control,,,,,,,,,Yes,,,Yes,,,,,,Moss Park
151,Major Arterial,Toronto and East York,Intersection,No Control,Clear,Dark,Dry,Non-Fatal Injury,Sideswipe,Vehicle Owner,unknown,,,,,,,,,,,,,Yes,Yes,,,,,,,Yes,Danforth
1614,Major Arterial,Scarborough,Intersection,No Control,Clear,Daylight,Dry,Non-Fatal Injury,Rear End,Driver,45 to 49,,South,Stopped,Driving Properly,,,,,,,,,Yes,,,,Yes,,,,,Woburn North
1220,Major Arterial,Toronto and East York,Mid-Block,No Control,Clear,Daylight,Dry,Non-Fatal Injury,Cyclist Collisions,Driver,30 to 34,,East,Turning Left,Driving Properly,,,,,,,,Yes,Yes,,,,,,,,,High Park North
1614,Major Arterial,Scarborough,Intersection,No Control,Clear,Daylight,Dry,Non-Fatal Injury,Rear End,Driver,35 to 39,,South,Going Ahead,Lost control,,,,,,,,,Yes,,,,Yes,,,,,Woburn North
1440,Major Arterial,Toronto and East York,Intersection,No Control,Clear,Daylight,Dry,Non-Fatal Injury,Approaching,Vehicle Owner,unknown,,,,,,,,,,,,,Yes,,,Yes,,,,,,Moss Park
738,Minor Arterial,Scarborough,Intersection,Stop Sign,Clear,Daylight,Dry,Fatal,Pedestrian Collisions,Vehicle Owner,unknown,,,,,,,,,,,Yes,,,,Yes,,,,,,,Cliffcrest
412,,Toronto and East York,Mid-Block,No Control,Clear,Dark,Dry,Non-Fatal Injury,Approaching,Vehicle Owner,unknown,,,,,,,,,,,,,Yes,,,,Yes,,Yes,,Yes,Broadview North
151,Major Arterial,Toronto and East York,Intersection,No Control,Clear,Dark,Dry,Non-Fatal Injury,Sideswipe,Motorcycle Driver,45 to 49,Major,West,Pulling Away from Shoulder or Curb,Lost control,,,,,,,,,Yes,Yes,,,,,,,Yes,Danforth
1340,Major Arterial,Toronto and East York,Mid-Block,No Control,Clear,Daylight,Dry,Non-Fatal Injury,Cyclist Collisions,Driver,40 to 44,,South,Overtaking,Improper Passing,,,,,,,,Yes,Yes,,,,,,Yes,,,Dufferin Grove
1957,,Toronto and East York,Mid-Block,No Control,Clear,Dark,Wet,Non-Fatal Injury,Sideswipe,Driver,50 to 54,Major,North,Going Ahead,Driving Properly,,,,,,,,,Yes,,,,,,Yes,,,Broadview North
151,Major Arterial,Toronto and East York,Intersection,No Control,Clear,Dark,Dry,Non-Fatal Injury,Sideswipe,Vehicle Owner,unknown,,,,,,,,,,,,,Yes,Yes,,,,,,,Yes,Danforth
412,,Toronto and East York,Mid-Block,No Control,Clear,Dark,Dry,Non-Fatal Injury,Approaching,Driver,25 to 29,Minimal,South,Going Ahead,Driving Properly,,,,,,,,,Yes,,,,Yes,,Yes,,Yes,Broadview North
1340,Major Arterial,Toronto and East York,Mid-Block,No Control,Clear,Daylight,Dry,Non-Fatal Injury,Cyclist Collisions,Cyclist,15 to 19,Major,South,Going Ahead,,,,,Cyclist and Driver travelling in same direction. One vehicle sideswipes the other.,Driving Properly,Normal,,Yes,Yes,,,,,,Yes,,,Dufferin Grove
1614,Major Arterial,Scarborough,Intersection,No Control,Clear,Daylight,Dry,Non-Fatal Injury,Rear End,Passenger,25 to 29,Major,,,,,,,,,,,,Yes,,,,Yes,,,,,Woburn North
738,Minor Arterial,Scarborough,Intersection,Stop Sign,Clear,Daylight,Dry,Fatal,Pedestrian Collisions,Truck Driver,35 to 39,,South,Turning Left,Improper Turn,,,,,,,Yes,,,,Yes,,,,,,,Cliffcrest
1440,Major Arterial,Toronto and East York,Intersection,No Control,Clear,Daylight,Dry,Non-Fatal Injury,Approaching,Driver,50 to 54,,West,Slowing or Stopping,Driving Properly,,,,,,,,,Yes,,,Yes,,,,,,Moss Park
1220,Major Arterial,Toronto and East York,Mid-Block,No Control,Clear,Daylight,Dry,Non-Fatal Injury,Cyclist Collisions,Cyclist,55 to 59,Major,West,Going Ahead,,,,,Motorist turned left across cyclists path.,Improper Passing,Normal,,Yes,Yes,,,,,,,,,High Park North
810,Minor Arterial,Toronto and East York,Mid-Block,No Control,Clear,Daylight,Dry,Non-Fatal Injury,Cyclist Collisions,Driver,40 to 44,,North,Going Ahead,Driving Properly,,,,,,,,Yes,Yes,,,,,,,,,St Lawrence-East Bayfront-The Islands
1614,Major Arterial,Scarborough,Intersection,No Control,Clear,Daylight,Dry,Non-Fatal Injury,Rear End,Driver,30 to 34,,North,Going Ahead,Driving Properly,,,,,,,,,Yes,,,,Yes,,,,,Woburn North
738,Minor Arterial,Scarborough,Intersection,Stop Sign,Clear,Daylight,Dry,Fatal,Pedestrian Collisions,Pedestrian,50 to 54,Fatal,North,,,Vehicle turns left while ped crosses without ROW at inter.,"Crossing, no Traffic Control",Normal,,,,Yes,,,,Yes,,,,,,,Cliffcrest
1614,Major Arterial,Scarborough,Intersection,No Control,Clear,Daylight,Dry,Non-Fatal Injury,Rear End,Driver,40 to 44,Minor,South,Going Ahead,Driving Properly,,,,,,,,,Yes,,,,Yes,,,,,Woburn North
151,Major Arterial,Toronto and East York,Intersection,No Control,Clear,Dark,Dry,Non-Fatal Injury,Sideswipe,Driver,35 to 39,,East,Going Ahead,Driving Properly,,,,,,,,,Yes,Yes,,,,,,,Yes,Danforth
1957,,Toronto and East York,Mid-Block,No Control,Clear,Dark,Wet,Non-Fatal Injury,Sideswipe,Driver,20 to 24,,North,Changing Lanes,Improper Lane Change,,,,,,,,,Yes,,,,,,Yes,,,Broadview North
2018,Local,Toronto and East York,Mid-Block,No Control,Clear,Dusk,Dry,Fatal,Pedestrian Collisions,Driver,60 to 64,,South,Reversing,Other,,,,,,,Yes,,Yes,,,,,,,,,Casa Loma
1813,Major Arterial,North York,Intersection,No Control,Clear,Daylight,Dry,Non-Fatal Injury,Pedestrian Collisions,Driver,75 to 79,Major,South,Changing Lanes,Improper Lane Change,,,,,,,Yes,,Yes,,,Yes,,,,,,Englemount-Lawrence
1825,Major Arterial,Etobicoke York,Intersection,No Control,Clear,Daylight,Dry,Non-Fatal Injury,Rear End,Passenger,40 to 44,Major,,,,,,,,,,,,Yes,,,,Yes,,Yes,,,Elms-Old Rexdale
708,Major Arterial,Scarborough,Mid-Block,No Control,Clear,Daylight,Dry,Non-Fatal Injury,Sideswipe,Vehicle Owner,unknown,,,,,,,,,,,,,Yes,,,,,,,,,NSA
316,Major Arterial,Toronto and East York,,Stop Sign,Clear,Dark,Dry,Non-Fatal Injury,SMV Other,Vehicle Owner,unknown,,,Parked,,,,,,,,,,Yes,,,,Yes,,,,,Dufferin Grove
1957,,Toronto and East York,Mid-Block,No Control,Clear,Dark,Wet,Non-Fatal Injury,Sideswipe,Driver,30 to 34,Minimal,North,Going Ahead,Driving Properly,,,,,,,,,Yes,,,,,,Yes,,,Broadview North
707,Major Arterial,North York,Intersection,No Control,Rain,Daylight,Wet,Non-Fatal Injury,Pedestrian Collisions,Vehicle Owner,unknown,,,,,,,,,,,Yes,,Yes,,,,,,,,,Bathurst Manor
810,Minor Arterial,Toronto and East York,Mid-Block,No Control,Clear,Daylight,Dry,Non-Fatal Injury,Cyclist Collisions,Cyclist,20 to 24,Major,North,Changing Lanes,,,,,Cyclist and Driver travelling in same direction. One vehicle sideswipes the other.,Improper Lane Change,Inattentive,,Yes,Yes,,,,,,,,,St Lawrence-East Bayfront-The Islands
316,Major Arterial,Toronto and East York,,Stop Sign,Clear,Dark,Dry,Non-Fatal Injury,SMV Other,Passenger,unknown,Minor,,Other,,,,,,,,,,Yes,,,,Yes,,,,,Dufferin Grove
707,Major Arterial,North York,Intersection,No Control,Rain,Daylight,Wet,Non-Fatal Injury,Pedestrian Collisions,Pedestrian,40 to 44,Major,North,,,Vehicle is going straight thru inter.while ped cross without ROW,Running onto Roadway,Inattentive,,,,Yes,,Yes,,,,,,,,,Bathurst Manor
2018,Local,Toronto and East York,Mid-Block,No Control,Clear,Dusk,Dry,Fatal,Pedestrian Collisions,Pedestrian,85 to 89,Fatal,Unknown,,,Vehicle is reversing and hits pedestrian,Other,Unknown,,,,Yes,,Yes,,,,,,,,,Casa Loma
1337,Major Arterial,Toronto and East York,Intersection,Traffic Signal,Clear,Daylight,Dry,Fatal,Pedestrian Collisions,Vehicle Owner,unknown,,,,,,,,,,,Yes,,Yes,,,,Yes,Yes,Yes,,,Woodbine Corridor
708,Major Arterial,Scarborough,Mid-Block,No Control,Clear,Daylight,Dry,Non-Fatal Injury,Sideswipe,Driver,35 to 39,Major,North,Stopped,Driving Properly,,,,,,,,,Yes,,,,,,,,,NSA
1648,Major Arterial,North York,Intersection,Traffic Signal,Clear,Daylight,Dry,Non-Fatal Injury,Turning Movement,Motorcycle Driver,45 to 49,Major,East,Going Ahead,Exceeding Speed Limit,,,,,,,,,Yes,Yes,,,,Yes,Yes,,,Leaside-Bennington
1100,Local,Toronto and East York,Intersection,No Control,Clear,Daylight,Dry,Non-Fatal Injury,SMV Other,Vehicle Owner,unknown,,,,,,,,,,,,,Yes,,,,,,,,,Trinity-Bellwoods
1825,Major Arterial,Etobicoke York,Intersection,No Control,Clear,Daylight,Dry,Non-Fatal Injury,Rear End,Driver,45 to 49,,North,Stopped,Driving Properly,,,,,,,,,Yes,,,,Yes,,Yes,,,Elms-Old Rexdale
1813,Major Arterial,North York,Intersection,No Control,Clear,Daylight,Dry,Non-Fatal Injury,Pedestrian Collisions,Vehicle Owner,unknown,,,,,,,,,,,Yes,,Yes,,,Yes,,,,,,Englemount-Lawrence
1648,Major Arterial,North York,Intersection,Traffic Signal,Clear,Daylight,Dry,Non-Fatal Injury,Turning Movement,Driver,50 to 54,,West,Turning Left,Driving Properly,,,,,,,,,Yes,Yes,,,,Yes,Yes,,,Leaside-Bennington
1337,Major Arterial,Toronto and East York,Intersection,Traffic Signal,Clear,Daylight,Dry,Fatal,Pedestrian Collisions,Driver,30 to 34,,North,Going Ahead,Driving Properly,,,,,,,Yes,,Yes,,,,Yes,Yes,Yes,,,Woodbine Corridor
1825,Major Arterial,Etobicoke York,Intersection,No Control,Clear,Daylight,Dry,Non-Fatal Injury,Rear End,Driver,30 to 34,Minor,North,Going Ahead,Following too Close,,,,,,,,,Yes,,,,Yes,,Yes,,,Elms-Old Rexdale
1100,Local,Toronto and East York,Intersection,No Control,Clear,Daylight,Dry,Non-Fatal Injury,SMV Other,Driver,25 to 29,Major,North,Turning Right,Improper Turn,,,,,,,,,Yes,,,,,,,,,Trinity-Bellwoods
316,Major Arterial,Toronto and East York,,Stop Sign,Clear,Dark,Dry,Non-Fatal Injury,SMV Other,Vehicle Owner,unknown,,,Unknown,,,,,,,,,,Yes,,,,Yes,,,,,Dufferin Grove
708,Major Arterial,Scarborough,Mid-Block,No Control,Clear,Daylight,Dry,Non-Fatal Injury,Sideswipe,Driver,35 to 39,,North,Changing Lanes,Improper Lane Change,,,,,,,,,Yes,,,,,,,,,NSA
1813,Major Arterial,North York,Intersection,No Control,Clear,Daylight,Dry,Non-Fatal Injury,Pedestrian Collisions,Vehicle Owner,unknown,,,,,,,,,,,Yes,,Yes,,,Yes,,,,,,Englemount-Lawrence