TIME,ROAD_CLASS,DISTRICT,LOCCOORD,TRAFFCTL,VISIBILITY,LIGHT,RDSFCOND,ACCLASS,IMPACTYPE,INVTYPE,INVAGE,INJURY,INITDIR,MANOEUVER,DRIVACT,PEDTYPE,PEDACT,PEDCOND,CYCLISTYPE,CYCACT,CYCCOND,PEDESTRIAN,CYCLIST,AUTOMOBILE,MOTORCYCLE,TRUCK,TRSN_CITY_VEH,PASSENGER,SPEEDING,AG_DRIV,REDLIGHT,ALCOHOL,NEIGHBOURHOOD_158
707,Major Arterial,North York,Intersection,No Control,Rain,Daylight,Wet,Non-Fatal Injury,Pedestrian Collisions,Driver,55 to 59,,East,Going Ahead,Driving Properly,,,,,,,Yes,,Yes,,,,,,,,,Bathurst Manor
1337,Major Arterial,Toronto and East York,Intersection,Traffic Signal,Clear,Daylight,Dry,Fatal,Pedestrian Collisions,Driver,60 to 64,Major,West,Going Ahead,Exceeding Speed Limit,,,,,,,Yes,,Yes,,,,Yes,Yes,Yes,,,Woodbine Corridor
2310,Major Arterial,North York,Intersection,Traffic Signal,Clear,Dark,Dry,Non-Fatal Injury,Turning Movement,Vehicle Owner,unknown,,,,,,,,,,,,,Yes,,,,,,Yes,,,Yorkdale-Glen Park
1940,Major Arterial,Etobicoke York,Intersection,Traffic Signal,Clear,Dark,Dry,Non-Fatal Injury,Pedestrian Collisions,Driver,65 to 69,,North,Turning Left,Improper Turn,,,,,,,Yes,,Yes,,,,,,,,,Etobicoke City Centre
2240,Major Arterial,North York,Mid-Block,No Control,Clear,Dark,Dry,Non-Fatal Injury,SMV Other,Driver,50 to 54,Major,South,Going Ahead,Lost control,,,,,,,,,Yes,,,,,Yes,Yes,,,Don Valley Village
316,Major Arterial,Toronto and East York,,Stop Sign,Clear,Dark,Dry,Non-Fatal Injury,SMV Other,Passenger,unknown,Major,,Other,,,,,,,,,,Yes,,,,Yes,,,,,Dufferin Grove
2240,Major Arterial,North York,Mid-Block,No Control,Clear,Dark,Dry,Non-Fatal Injury,SMV Other,Other Property Owner,unknown,,,,,,,,,,,,,Yes,,,,,Yes,Yes,,,Don Valley Village
1150,Major Arterial,Toronto and East York,Intersection,No Control,Rain,Daylight,Wet,Non-Fatal Injury,Rear End,Driver,60 to 64,Major,West,Stopped,Driving Properly,,,,,,,,,Yes,,,,,,Yes,,,High Park-Swansea
1550,Major Arterial,Scarborough,Mid-Block,No Control,Rain,Daylight,Wet,Non-Fatal Injury,Pedestrian Collisions,Driver,60 to 64,,South,Going Ahead,Driving Properly,,,,,,,Yes,,Yes,,,,,,,,,Agincourt South-Malvern West
1940,Major Arterial,Etobicoke York,Intersection,Traffic Signal,Clear,Dark,Dry,Non-Fatal Injury,Pedestrian Collisions,Pedestrian,50 to 54,Major,South,,,Vehicle turns left while ped crosses with ROW at inter.,Crossing with right of way,Normal,,,,Yes,,Yes,,,,,,,,,Etobicoke City Centre
1813,Major Arterial,North York,Intersection,No Control,Clear,Daylight,Dry,Non-Fatal Injury,Pedestrian Collisions,Driver,25 to 29,,South,Going Ahead,Driving Properly,,,,,,,Yes,,Yes,,,Yes,,,,,,Englemount-Lawrence
1337,Major Arterial,Toronto and East York,Intersection,Traffic Signal,Clear,Daylight,Dry,Fatal,Pedestrian Collisions,Passenger,0 to 4,,,,,,,,,,,Yes,,Yes,,,,Yes,Yes,Yes,,,Woodbine Corridor
316,Major Arterial,Toronto and East York,,Stop Sign,Clear,Dark,Dry,Non-Fatal Injury,SMV Other,Passenger,unknown,Minor,,Other,,,,,,,,,,Yes,,,,Yes,,,,,Dufferin Grove
920,Major Arterial,Toronto and East York,Intersection,Traffic Signal,Clear,Daylight,Dry,Non-Fatal Injury,Pedestrian Collisions,Vehicle Owner,unknown,,,,,,,,,,,Yes,,Yes,,,,,,Yes,,,Weston-Pelham Park
1150,Major Arterial,Toronto and East York,Intersection,No Control,Rain,Daylight,Wet,Non-Fatal Injury,Rear End,Vehicle Owner,unknown,,,,,,,,,,,,,Yes,,,,,,Yes,,,High Park-Swansea
1550,Major Arterial,Scarborough,Mid-Block,No Control,Rain,Daylight,Wet,Non-Fatal Injury,Pedestrian Collisions,Pedestrian,55 to 59,Major,,Unknown,,Pedestrian hit at mid-block,"Crossing, no Traffic Control",Medical or Physical Disability,,,,Yes,,Yes,,,,,,,,,Agincourt South-Malvern West
1813,Major Arterial,North York,Intersection,No Control,Clear,Daylight,Dry,Non-Fatal Injury,Pedestrian Collisions,Pedestrian,55 to 59,Major,South,,,Pedestrian involved in a collision with transit vehicle anywhere along roadway,"Crossing, no Traffic Control",Normal,,,,Yes,,Yes,,,Yes,,,,,,Englemount-Lawrence
2310,Major Arterial,North York,Intersection,Traffic Signal,Clear,Dark,Dry,Non-Fatal Injury,Turning Movement,Driver,65 to 69,,West,Turning Left,Failed to Yield Right of Way,,,,,,,,,Yes,,,,,,Yes,,,Yorkdale-Glen Park
316,Major Arterial,Toronto and East York,,Stop Sign,Clear,Dark,Dry,Non-Fatal Injury,SMV Other,Driver,unknown,,North,Going Ahead,,,,,,,,,,Yes,,,,Yes,,,,,Dufferin Grove
1150,Major Arterial,Toronto and East York,Intersection,No Control,Rain,Daylight,Wet,Non-Fatal Injury,Rear End,Driver,15 to 19,Major,West,Going Ahead,Following too Close,,,,,,,,,Yes,,,,,,Yes,,,High Park-Swansea
1337,Major Arterial,Toronto and East York,Intersection,Traffic Signal,Clear,Daylight,Dry,Fatal,Pedestrian Collisions,Passenger,10 to 14,,,,,,,,,,,Yes,,Yes,,,,Yes,Yes,Yes,,,Woodbine Corridor
245,Collector,Scarborough,Mid-Block,No Control,"Fog, Mist, Smoke, Dust",Dark,Wet,Fatal,SMV Other,Other,unknown,,North,Parked,,,,,,,,,,Yes,,,,,,,,Yes,L'Amoreaux West
1035,Major Arterial,North York,Intersection,Stop Sign,Clear,Daylight,Dry,Fatal,Pedestrian Collisions,Passenger,20 to 24,,,,,,,,,,,Yes,,Yes,,Yes,,Yes,,Yes,,,Mount Pleasant East
807,Major Arterial,Toronto and East York,Mid-Block,No Control,Snow,Daylight,Loose Snow,Non-Fatal Injury,Rear End,Driver,50 to 54,,West,Going Ahead,Driving Properly,,,,,,,,,Yes,,,,,,Yes,,,High Park-Swansea
1025,Major Arterial,North York,Mid-Block,No Control,Clear,Daylight,Dry,Fatal,Pedestrian Collisions,Vehicle Owner,unknown,,,,,,,,,,,Yes,,Yes,,,,,,,,,Newtonbrook East
1337,Major Arterial,Toronto and East York,Intersection,Traffic Signal,Clear,Daylight,Dry,Fatal,Pedestrian Collisions,Passenger,0 to 4,,,,,,,,,,,Yes,,Yes,,,,Yes,Yes,Yes,,,Woodbine Corridor
2310,Major Arterial,North York,Intersection,Traffic Signal,Clear,Dark,Dry,Non-Fatal Injury,Turning Movement,Driver,35 to 39,Major,East,Going Ahead,Driving Properly,,,,,,,,,Yes,,,,,,Yes,,,Yorkdale-Glen Park
245,Collector,Scarborough,Mid-Block,No Control,"Fog, Mist, Smoke, Dust",Dark,Wet,Fatal,SMV Other,Other,unknown,,North,Parked,,,,,,,,,,Yes,,,,,,,,Yes,L'Amoreaux West
920,Major Arterial,Toronto and East York,Intersection,Traffic Signal,Clear,Daylight,Dry,Non-Fatal Injury,Pedestrian Collisions,Driver,20 to 24,,North,Turning Left,Failed to Yield Right of Way,,,,,,,Yes,,Yes,,,,,,Yes,,,Weston-Pelham Park
215,Minor Arterial,Toronto and East York,Mid-Block,No Control,Clear,Dark,Dry,Non-Fatal Injury,Cyclist Collisions,Driver,unknown,,West,Going Ahead,Lost control,,,,,,,,Yes,Yes,,,,,,,,,Roncesvalles
746,Major Arterial,Toronto and East York,Intersection,Traffic Signal,Clear,Daylight,Dry,Fatal,Pedestrian Collisions,Vehicle Owner,unknown,,,,,,,,,,,Yes,,Yes,,,,,,,,,Annex
1035,Major Arterial,North York,Intersection,Stop Sign,Clear,Daylight,Dry,Fatal,Pedestrian Collisions,Passenger,30 to 34,,,,,,,,,,,Yes,,Yes,,Yes,,Yes,,Yes,,,Mount Pleasant East
807,Major Arterial,Toronto and East York,Mid-Block,No Control,Snow,Daylight,Loose Snow,Non-Fatal Injury,Rear End,Driver,60 to 64,Major,East,Slowing or Stopping,Following too Close,,,,,,,,,Yes,,,,,,Yes,,,High Park-Swansea
1025,Major Arterial,North York,Mid-Block,No Control,Clear,Daylight,Dry,Fatal,Pedestrian Collisions,Driver,45 to 49,,North,Going Ahead,Driving Properly,,,,,,,Yes,,Yes,,,,,,,,,Newtonbrook East
245,Collector,Scarborough,Mid-Block,No Control,"Fog, Mist, Smoke, Dust",Dark,Wet,Fatal,SMV Other,Driver,20 to 24,Fatal,East,Going Ahead,Lost control,,,,,,,,,Yes,,,,,,,,Yes,L'Amoreaux West
215,Minor Arterial,Toronto and East York,Mid-Block,No Control,Clear,Dark,Dry,Non-Fatal Injury,Cyclist Collisions,Cyclist,35 to 39,Major,West,Going Ahead,,,,,Motorist loses control and strikes cyclist.,Driving Properly,Normal,,Yes,Yes,,,,,,,,,Roncesvalles
746,Major Arterial,Toronto and East York,Intersection,Traffic Signal,Clear,Daylight,Dry,Fatal,Pedestrian Collisions,Driver,40 to 44,,West,Turning Left,Driving Properly,,,,,,,Yes,,Yes,,,,,,,,,Annex
1337,Major Arterial,Toronto and East York,Intersection,Traffic Signal,Clear,Daylight,Dry,Fatal,Pedestrian Collisions,Passenger,15 to 19,,,,,,,,,,,Yes,,Yes,,,,Yes,Yes,Yes,,,Woodbine Corridor
746,Major Arterial,Toronto and East York,Intersection,Traffic Signal,Clear,Daylight,Dry,Fatal,Pedestrian Collisions,Pedestrian,70 to 74,Fatal,East,,,Pedestrian involved in a collision with transit vehicle anywhere along roadway,Crossing without right of way,Unknown,,,,Yes,,Yes,,,,,,,,,Annex
1035,Major Arterial,North York,Intersection,Stop Sign,Clear,Daylight,Dry,Fatal,Pedestrian Collisions,Vehicle Owner,unknown,,,,,,,,,,,Yes,,Yes,,Yes,,Yes,,Yes,,,Mount Pleasant East
920,Major Arterial,Toronto and East York,Intersection,Traffic Signal,Clear,Daylight,Dry,Non-Fatal Injury,Pedestrian Collisions,Pedestrian,0 to 4,,,,,Vehicle turns left while ped crosses with ROW at inter.,Crossing with right of way,Normal,,,,Yes,,Yes,,,,,,Yes,,,Weston-Pelham Park
1025,Major Arterial,North York,Mid-Block,No Control,Clear,Daylight,Dry,Fatal,Pedestrian Collisions,Pedestrian,85 to 89,Fatal,West,,,Pedestrian hit at mid-block,"Crossing, no Traffic Control",Inattentive,,,,Yes,,Yes,,,,,,,,,Newtonbrook East
807,Major Arterial,Toronto and East York,Mid-Block,No Control,Snow,Daylight,Loose Snow,Non-Fatal Injury,Rear End,Vehicle Owner,unknown,,,,,,,,,,,,,Yes,,,,,,Yes,,,High Park-Swansea
2320,Major Arterial,North York,Mid-Block,No Control,Clear,Dark,Dry,Non-Fatal Injury,Sideswipe,Vehicle Owner,unknown,,,,,,,,,,,,,Yes,,,,,,,,Yes,Yorkdale-Glen Park
1138,Collector,Scarborough,Intersection,No Control,Rain,Daylight,Wet,Non-Fatal Injury,Pedestrian Collisions,Driver,50 to 54,Major,North,Going Ahead,Lost control,,,,,,,Yes,,Yes,,,,,Yes,Yes,,,Eglinton East
1035,Major Arterial,North York,Intersection,Stop Sign,Clear,Daylight,Dry,Fatal,Pedestrian Collisions,Truck Driver,60 to 64,,East,Turning Left,Failed to Yield Right of Way,,,,,,,Yes,,Yes,,Yes,,Yes,,Yes,,,Mount Pleasant East
1337,Major Arterial,Toronto and East York,Intersection,Traffic Signal,Clear,Daylight,Dry,Fatal,Pedestrian Collisions,Vehicle Owner,unknown,,,,,,,,,,,Yes,,Yes,,,,Yes,Yes,Yes,,,Woodbine Corridor
920,Major Arterial,Toronto and East York,Intersection,Traffic Signal,Clear,Daylight,Dry,Non-Fatal Injury,Pedestrian Collisions,Pedestrian,30 to 34,Major,,Unknown,,Vehicle turns left while ped crosses with ROW at inter.,Crossing with right of way,Normal,,,,Yes,,Yes,,,,,,Yes,,,Weston-Pelham Park
2038,Major Arterial,North York,Mid-Block,No Control,Rain,Dark,Wet,Non-Fatal Injury,Pedestrian Collisions,Pedestrian,65 to 69,Major,North,,,Pedestrian hit at mid-block,"Crossing, no Traffic Control",Normal,,,,Yes,,Yes,,,,Yes,,,,,York University Heights
1840,Major Arterial,Etobicoke York,Intersection,Traffic Signal,Rain,Dark,Wet,Non-Fatal Injury,SMV Other,Driver,25 to 29,Minor,East,Going Ahead,Driving Properly,,,,,,,,,Yes,,,,,,Yes,,,Rexdale-Kipling
1027,Major Arterial,North York,Intersection,Traffic Signal,Clear,Daylight,Dry,Non-Fatal Injury,Pedestrian Collisions,Driver,40 to 44,,South,Going Ahead,Following too Close,,,,,,,Yes,,Yes,,,,,,Yes,,,Wexford/Maryvale
1840,Major Arterial,Etobicoke York,Intersection,Traffic Signal,Rain,Dark,Wet,Non-Fatal Injury,SMV Other,Driver,45 to 49,Major,West,Turning Left,Failed to Yield Right of Way,,,,,,,,,Yes,,,,,,Yes,,,Rexdale-Kipling
807,Major Arterial,Toronto and East York,Mid-Block,No Control,Snow,Daylight,Loose Snow,Non-Fatal Injury,Rear End,Driver,20 to 24,Minimal,East,Going Ahead,Following too Close,,,,,,,,,Yes,,,,,,Yes,,,High Park-Swansea
1035,Major Arterial,North York,Intersection,Stop Sign,Clear,Daylight,Dry,Fatal,Pedestrian Collisions,Pedestrian,80 to 84,Fatal,North,,,Vehicle turns left while ped crosses with ROW at inter.,Crossing with right of way,Normal,,,,Yes,,Yes,,Yes,,Yes,,Yes,,,Mount Pleasant East
1337,Major Arterial,Toronto and East York,Intersection,Traffic Signal,Clear,Daylight,Dry,Fatal,Pedestrian Collisions,Driver,50 to 54,,West,Stopped,Driving Properly,,,,,,,Yes,,Yes,,,,Yes,Yes,Yes,,,Woodbine Corridor
2038,Major Arterial,North York,Mid-Block,No Control,Rain,Dark,Wet,Non-Fatal Injury,Pedestrian Collisions,Passenger,15 to 19,,,,,,,,,,,Yes,,Yes,,,,Yes,,,,,York University Heights
2320,Major Arterial,North York,Mid-Block,No Control,Clear,Dark,Dry,Non-Fatal Injury,Sideswipe,Driver,55 to 59,Major,South,Changing Lanes,Other,,,,,,,,,Yes,,,,,,,,Yes,Yorkdale-Glen Park
1337,Major Arterial,Toronto and East York,Intersection,Traffic Signal,Clear,Daylight,Dry,Fatal,Pedestrian Collisions,Pedestrian,50 to 54,Fatal,North,,,Vehicle is going straight thru inter.while ped cross with ROW,Crossing with right of way,Normal,,,,Yes,,Yes,,,,Yes,Yes,Yes,,,Woodbine Corridor
1659,Local,Toronto and East York,Mid-Block,No Control,Clear,Daylight,Dry,Non-Fatal Injury,Pedestrian Collisions,Other,unknown,,East,Parked,,,,,,,,Yes,,Yes,,,,,,,,,Oakwood Village
645,Major Arterial,Etobicoke York,Intersection,Traffic Signal,Clear,Dark,Dry,Non-Fatal Injury,Pedestrian Collisions,Driver,30 to 34,,South,Going Ahead,Driving Properly,,,,,,,Yes,,Yes,,,,,,,,,West Humber-Clairville
2038,Major Arterial,North York,Mid-Block,No Control,Rain,Dark,Wet,Non-Fatal Injury,Pedestrian Collisions,Vehicle Owner,unknown,,,,,,,,,,,Yes,,Yes,,,,Yes,,,,,York University Heights
1138,Collector,Scarborough,Intersection,No Control,Rain,Daylight,Wet,Non-Fatal Injury,Pedestrian Collisions,Other,unknown,Major,,Parked,,,,,,,,Yes,,Yes,,,,,Yes,Yes,,,Eglinton East
1935,Major Arterial,North York,Intersection,Stop Sign,Clear,Dusk,Dry,Non-Fatal Injury,Pedestrian Collisions,Driver,25 to 29,,West,Going Ahead,Failed to Yield Right of Way,,,,,,,Yes,,Yes,,,,,,Yes,,,Henry Farm
1659,Local,Toronto and East York,Mid-Block,No Control,Clear,Daylight,Dry,Non-Fatal Injury,Pedestrian Collisions,Other,unknown,,East,Parked,,,,,,,,Yes,,Yes,,,,,,,,,Oakwood Village
645,Major Arterial,Etobicoke York,Intersection,Traffic Signal,Clear,Dark,Dry,Non-Fatal Injury,Pedestrian Collisions,Pedestrian,50 to 54,Major,West,,,Vehicle is going straight thru inter.while ped cross without ROW,Crossing marked crosswalk without ROW,Inattentive,,,,Yes,,Yes,,,,,,,,,West Humber-Clairville
2320,Major Arterial,North York,Mid-Block,No Control,Clear,Dark,Dry,Non-Fatal Injury,Sideswipe,Driver,20 to 24,Minor,South,Going Ahead,Driving Properly,,,,,,,,,Yes,,,,,,,,Yes,Yorkdale-Glen Park
1840,Major Arterial,Etobicoke York,Intersection,Traffic Signal,Rain,Dark,Wet,Non-Fatal Injury,SMV Other,Other Property Owner,unknown,,,,,,,,,,,,,Yes,,,,,,Yes,,,Rexdale-Kipling
1138,Collector,Scarborough,Intersection,No Control,Rain,Daylight,Wet,Non-Fatal Injury,Pedestrian Collisions,Pedestrian,10 to 14,Major,Unknown,Other,,Pedestrian hit on sidewalk or shoulder,On Sidewalk or Shoulder,Normal,,,,Yes,,Yes,,,,,Yes,Yes,,,Eglinton East
1000,Local,North York,Intersection,Stop Sign,Clear,Daylight,Wet,Non-Fatal Injury,Pedestrian Collisions,Driver,unknown,,North,Going Ahead,Failed to Yield Right of Way,,,,,,,Yes,,Yes,,,,,,Yes,,,Briar Hill-Belgravia
1659,Local,Toronto and East York,Mid-Block,No Control,Clear,Daylight,Dry,Non-Fatal Injury,Pedestrian Collisions,Vehicle Owner,unknown,,,,,,,,,,,Yes,,Yes,,,,,,,,,Oakwood Village
2320,Major Arterial,North York,Mid-Block,No Control,Clear,Dark,Dry,Non-Fatal Injury,Sideswipe,Other Property Owner,unknown,,,,,,,,,,,,,Yes,,,,,,,,Yes,Yorkdale-Glen Park
1935,Major Arterial,North York,Intersection,Stop Sign,Clear,Dusk,Dry,Non-Fatal Injury,Pedestrian Collisions,Pedestrian,35 to 39,Major,South,,,Vehicle is going straight thru inter.while ped cross with ROW,Crossing with right of way,Normal,,,,Yes,,Yes,,,,,,Yes,,,Henry Farm
1027,Major Arterial,North York,Intersection,Traffic Signal,Clear,Daylight,Dry,Non-Fatal Injury,Pedestrian Collisions,Driver,20 to 24,Minor,South,Stopped,Driving Properly,,,,,,,Yes,,Yes,,,,,,Yes,,,Wexford/Maryvale
2038,Major Arterial,North York,Mid-Block,No Control,Rain,Dark,Wet,Non-Fatal Injury,Pedestrian Collisions,Driver,15 to 19,,West,Going Ahead,Driving Properly,,,,,,,Yes,,Yes,,,,Yes,,,,,York University Heights
2000,Major Arterial,Etobicoke York,Intersection,Traffic Signal,Clear,Daylight,Dry,Non-Fatal Injury,Turning Movement,Driver,50 to 54,Major,South,Turning Left,Driving Properly,,,,,,,,,Yes,,,,,,Yes,Yes,,Weston
1355,Major Arterial,North York,Mid-Block,No Control,Clear,Daylight,Dry,Non-Fatal Injury,Pedestrian Collisions,Vehicle Owner,unknown,,,,,,,,,,,Yes,,Yes,,,,,,,,,Clanton Park
1000,Local,North York,Intersection,Stop Sign,Clear,Daylight,Wet,Non-Fatal Injury,Pedestrian Collisions,Pedestrian,80 to 84,Major,East,,,Vehicle is going straight thru inter.while ped cross with ROW,Crossing with right of way,Normal,,,,Yes,,Yes,,,,,,Yes,,,Briar Hill-Belgravia
1659,Local,Toronto and East York,Mid-Block,No Control,Clear,Daylight,Dry,Non-Fatal Injury,Pedestrian Collisions,Driver,unknown,,South,Reversing,Lost control,,,,,,,Yes,,Yes,,,,,,,,,Oakwood Village
1031,Major Arterial,Scarborough,Intersection,Traffic Signal,Clear,Daylight,Dry,Non-Fatal Injury,Pedestrian Collisions,Passenger,20 to 24,Minimal,,,,,,,,,,Yes,,Yes,,,,Yes,Yes,Yes,Yes,,Eglinton East
1659,Local,Toronto and East York,Mid-Block,No Control,Clear,Daylight,Dry,Non-Fatal Injury,Pedestrian Collisions,Pedestrian,5 to 9,Major,East,,,Vehicle is reversing and hits pedestrian,On Sidewalk or Shoulder,Normal,,,,Yes,,Yes,,,,,,,,,Oakwood Village
641,Major Arterial,Toronto and East York,Intersection,Traffic Signal,Clear,Dawn,Dry,Non-Fatal Injury,Pedestrian Collisions,Driver,40 to 44,,North,Turning Right,Driving Properly,,,,,,,Yes,,Yes,,,,,,,,,Runnymede-Bloor West Village
900,Minor Arterial,Toronto and East York,Intersection,Pedestrian Crossover,Clear,Daylight,Wet,Non-Fatal Injury,Approaching,Vehicle Owner,unknown,,,,,,,,,,,,,Yes,,,,,,Yes,,,High Park-Swansea
2000,Major Arterial,Etobicoke York,Intersection,Traffic Signal,Clear,Daylight,Dry,Non-Fatal Injury,Turning Movement,Driver,20 to 24,Minor,North,Going Ahead,Disobeyed Traffic Control,,,,,,,,,Yes,,,,,,Yes,Yes,,Weston
1105,Collector,Etobicoke York,Intersection,Stop Sign,Clear,Daylight,Dry,Non-Fatal Injury,Pedestrian Collisions,Driver,70 to 74,,East,Stopped,Driving Properly,,,,,,,Yes,,Yes,,,,,,Yes,,,York University Heights
1355,Major Arterial,North York,Mid-Block,No Control,Clear,Daylight,Dry,Non-Fatal Injury,Pedestrian Collisions,Driver,20 to 24,,North,Going Ahead,Driving Properly,,,,,,,Yes,,Yes,,,,,,,,,Clanton Park
1031,Major Arterial,Scarborough,Intersection,Traffic Signal,Clear,Daylight,Dry,Non-Fatal Injury,Pedestrian Collisions,Passenger,20 to 24,Minimal,,,,,,,,,,Yes,,Yes,,,,Yes,Yes,Yes,Yes,,Eglinton East
2045,Major Arterial,Toronto and East York,Intersection,No Control,Clear,Dark,Dry,Non-Fatal Injury,Sideswipe,Motorcycle Driver,25 to 29,Major,East,Going Ahead,Driving Properly,,,,,,,,,Yes,Yes,,,,,,,,Weston-Pelham Park
641,Major Arterial,Toronto and East York,Intersection,Traffic Signal,Clear,Dawn,Dry,Non-Fatal Injury,Pedestrian Collisions,Pedestrian,55 to 59,Major,,,,Vehicle turns right while ped crosses without ROW at inter.,Crossing without right of way,Normal,,,,Yes,,Yes,,,,,,,,,Runnymede-Bloor West Village
900,Minor Arterial,Toronto and East York,Intersection,Pedestrian Crossover,Clear,Daylight,Wet,Non-Fatal Injury,Approaching,Driver,45 to 49,Major,North,Stopped,Following too Close,,,,,,,,,Yes,,,,,,Yes,,,High Park-Swansea
1110,Major Arterial,Scarborough,Intersection,Stop Sign,Clear,Daylight,Dry,Non-Fatal Injury,Turning Movement,Driver,55 to 59,Major,West,Turning Left,Driving Properly,,,,,,,,,Yes,,,,,Yes,Yes,,,Tam O'Shanter-Sullivan
1027,Major Arterial,North York,Intersection,Traffic Signal,Clear,Daylight,Dry,Non-Fatal Injury,Pedestrian Collisions,Pedestrian,70 to 74,Major,,,,Pedestrian hit on sidewalk or shoulder,On Sidewalk or Shoulder,Normal,,,,Yes,,Yes,,,,,,Yes,,,Wexford/Maryvale
2045,Major Arterial,Toronto and East York,Intersection,No Control,Clear,Dark,Dry,Non-Fatal Injury,Sideswipe,Driver,unknown,,East,Changing Lanes,Improper Lane Change,,,,,,,,,Yes,Yes,,,,,,,,Weston-Pelham Park
1355,Major Arterial,North York,Mid-Block,No Control,Clear,Daylight,Dry,Non-Fatal Injury,Pedestrian Collisions,Pedestrian,35 to 39,Major,East,,,Pedestrian hit at mid-block,"Crossing, no Traffic Control",Inattentive,,,,Yes,,Yes,,,,,,,,,Clanton Park
900,Minor Arterial,Toronto and East York,Intersection,Pedestrian Crossover,Clear,Daylight,Wet,Non-Fatal Injury,Approaching,Vehicle Owner,unknown,,,,,,,,,,,,,Yes,,,,,,Yes,,,High Park-Swansea
1105,Collector,Etobicoke York,Intersection,Stop Sign,Clear,Daylight,Dry,Non-Fatal Injury,Pedestrian Collisions,Driver,55 to 59,,North,Stopped,Driving Properly,,,,,,,Yes,,Yes,,,,,,Yes,,,York University Heights
1355,Major Arterial,North York,Mid-Block,No Control,Clear,Daylight,Dry,Non-Fatal Injury,Pedestrian Collisions,Pedestrian,0 to 4,Major,East,,,Pedestrian hit at mid-block,"Crossing, no Traffic Control",Inattentive,,,,Yes,,Yes,,,,,,,,,Clanton Park
1445,Major Arterial,Etobicoke York,Mid-Block,No Control,Clear,Daylight,Dry,Non-Fatal Injury,Rear End,Driver,35 to 39,Minimal,South,Going Ahead,Following too Close,,,,,,,,,Yes,,,,,,Yes,,,West Humber-Clairville
1110,Major Arterial,Scarborough,Intersection,Stop Sign,Clear,Daylight,Dry,Non-Fatal Injury,Turning Movement,Vehicle Owner,unknown,,,,,,,,,,,,,Yes,,,,,Yes,Yes,,,Tam O'Shanter-Sullivan
900,Minor Arterial,Toronto and East York,Intersection,Pedestrian Crossover,Clear,Daylight,Wet,Non-Fatal Injury,Approaching,Driver,35 to 39,,North,Going Ahead,Driving Properly,,,,,,,,,Yes,,,,,,Yes,,,High Park-Swansea
1031,Major Arterial,Scarborough,Intersection,Traffic Signal,Clear,Daylight,Dry,Non-Fatal Injury,Pedestrian Collisions,Driver,25 to 29,Minimal,South,Going Ahead,Driving Properly,,,,,,,Yes,,Yes,,,,Yes,Yes,Yes,Yes,,Eglinton East
630,Major Arterial,North York,Mid-Block,No Control,Clear,Daylight,Dry,Non-Fatal Injury,Sideswipe,Driver,40 to 44,,East,Going Ahead,Driving Properly,,,,,,,,,Yes,,,,,,,,,Yorkdale-Glen Park
1105,Collector,Etobicoke York,Intersection,Stop Sign,Clear,Daylight,Dry,Non-Fatal Injury,Pedestrian Collisions,Driver,70 to 74,,West,Going Ahead,Disobeyed Traffic Control,,,,,,,Yes,,Yes,,,,,,Yes,,,York University Heights
1540,Major Arterial,Etobicoke York,Mid-Block,No Control,Clear,Daylight,Dry,Non-Fatal Injury,Pedestrian Collisions,Vehicle Owner,unknown,,,,,,,,,,,Yes,,Yes,,,,,,,,,Stonegate-Queensway
1445,Major Arterial,Etobicoke York,Mid-Block,No Control,Clear,Daylight,Dry,Non-Fatal Injury,Rear End,Driver,45 to 49,Major,South,Stopped,Driving Properly,,,,,,,,,Yes,,,,,,Yes,,,West Humber-Clairville
1110,Major Arterial,Scarborough,Intersection,Stop Sign,Clear,Daylight,Dry,Non-Fatal Injury,Turning Movement,Driver,15 to 19,,North,Going Ahead,Speed too Fast For Condition,,,,,,,,,Yes,,,,,Yes,Yes,,,Tam O'Shanter-Sullivan
630,Major Arterial,North York,Mid-Block,No Control,Clear,Daylight,Dry,Non-Fatal Injury,Sideswipe,Driver,85 to 89,Major,East,Going Ahead,Lost control,,,,,,,,,Yes,,,,,,,,,Yorkdale-Glen Park
2327,,Toronto and East York,Mid-Block,No Control,Clear,Dark,Dry,Fatal,Rear End,Motorcycle Driver,35 to 39,Fatal,East,Merging,Exceeding Speed Limit,,,,,,,,,Yes,Yes,,,Yes,Yes,Yes,,,South Parkdale
1031,Major Arterial,Scarborough,Intersection,Traffic Signal,Clear,Daylight,Dry,Non-Fatal Injury,Pedestrian Collisions,Driver,60 to 64,Minimal,West,Going Ahead,Disobeyed Traffic Control,,,,,,,Yes,,Yes,,,,Yes,Yes,Yes,Yes,,Eglinton East
700,Major Arterial,North York,Intersection,No Control,Clear,Daylight,Dry,Non-Fatal Injury,Rear End,Driver,30 to 34,,East,Turning Right,Driving Properly,,,,,,,,,Yes,,,,,,Yes,,,Yonge-Eglinton
2327,,Toronto and East York,Mid-Block,No Control,Clear,Dark,Dry,Fatal,Rear End,Driver,40 to 44,,East,Stopped,Driving Properly,,,,,,,,,Yes,Yes,,,Yes,Yes,Yes,,,South Parkdale
1655,Major Arterial,North York,Intersection,Traffic Signal,Clear,Daylight,Dry,Non-Fatal Injury,Rear End,Driver,65 to 69,Major,North,Going Ahead,Disobeyed Traffic Control,,,,,,,,,Yes,,,,,,Yes,Yes,,Willowdale West
1540,Major Arterial,Etobicoke York,Mid-Block,No Control,Clear,Daylight,Dry,Non-Fatal Injury,Pedestrian Collisions,Driver,45 to 49,,West,Going Ahead,Driving Properly,,,,,,,Yes,,Yes,,,,,,,,,Stonegate-Queensway