TIME,ROAD_CLASS,DISTRICT,LOCCOORD,TRAFFCTL,VISIBILITY,LIGHT,RDSFCOND,ACCLASS,IMPACTYPE,INVTYPE,INVAGE,INJURY,INITDIR,MANOEUVER,DRIVACT,PEDTYPE,PEDACT,PEDCOND,CYCLISTYPE,CYCACT,CYCCOND,PEDESTRIAN,CYCLIST,AUTOMOBILE,MOTORCYCLE,TRUCK,TRSN_CITY_VEH,PASSENGER,SPEEDING,AG_DRIV,REDLIGHT,ALCOHOL,NEIGHBOURHOOD_158
1105,Collector,Etobicoke York,Intersection,Stop Sign,Clear,Daylight,Dry,Non-Fatal Injury,Pedestrian Collisions,Vehicle Owner,unknown,,,,,,,,,,,Yes,,Yes,,,,,,Yes,,,York University Heights
1823,Minor Arterial,Etobicoke York,Intersection,Stop Sign,Clear,Dark,Dry,Fatal,Angle,Passenger,55 to 59,Minor,,,,,,,,,,,,Yes,,,,Yes,Yes,Yes,,,Keelesdale-Eglinton West
1031,Major Arterial,Scarborough,Intersection,Traffic Signal,Clear,Daylight,Dry,Non-Fatal Injury,Pedestrian Collisions,Pedestrian,35 to 39,Minor,South,,,Vehicle is going straight thru inter.while ped cross with ROW,Crossing with right of way,Normal,,,,Yes,,Yes,,,,Yes,Yes,Yes,Yes,,Eglinton East
700,Major Arterial,North York,Intersection,No Control,Clear,Daylight,Dry,Non-Fatal Injury,Rear End,Driver,85 to 89,Major,East,Going Ahead,Following too Close,,,,,,,,,Yes,,,,,,Yes,,,Yonge-Eglinton
1900,Major Arterial,Etobicoke York,Mid-Block,No Control,Clear,Daylight,Dry,Non-Fatal Injury,Rear End,Vehicle Owner,unknown,,,,,,,,,,,,,Yes,,,,Yes,,Yes,,,West Humber-Clairville
1105,Collector,Etobicoke York,Intersection,Stop Sign,Clear,Daylight,Dry,Non-Fatal Injury,Pedestrian Collisions,Pedestrian,75 to 79,Major,,,,Pedestrian hit on sidewalk or shoulder,On Sidewalk or Shoulder,Normal,,,,Yes,,Yes,,,,,,Yes,,,York University Heights
1823,Minor Arterial,Etobicoke York,Intersection,Stop Sign,Clear,Dark,Dry,Fatal,Angle,Driver,75 to 79,Fatal,South,Going Ahead,Failed to Yield Right of Way,,,,,,,,,Yes,,,,Yes,Yes,Yes,,,Keelesdale-Eglinton West
1540,Major Arterial,Etobicoke York,Mid-Block,No Control,Clear,Daylight,Dry,Non-Fatal Injury,Pedestrian Collisions,Pedestrian,75 to 79,Major,South,,,Pedestrian hit at mid-block,"Crossing, no Traffic Control",Normal,,,,Yes,,Yes,,,,,,,,,Stonegate-Queensway
700,Major Arterial,North York,Intersection,No Control,Clear,Daylight,Dry,Non-Fatal Injury,Rear End,Other Property Owner,unknown,,,,,,,,,,,,,Yes,,,,,,Yes,,,Yonge-Eglinton
1031,Major Arterial,Scarborough,Intersection,Traffic Signal,Clear,Daylight,Dry,Non-Fatal Injury,Pedestrian Collisions,Pedestrian,25 to 29,Major,South,,,Vehicle is going straight thru inter.while ped cross with ROW,Crossing with right of way,Normal,,,,Yes,,Yes,,,,Yes,Yes,Yes,Yes,,Eglinton East
2327,,Toronto and East York,Mid-Block,No Control,Clear,Dark,Dry,Fatal,Rear End,Vehicle Owner,unknown,,,,,,,,,,,,,Yes,Yes,,,Yes,Yes,Yes,,,South Parkdale
1655,Major Arterial,North York,Intersection,Traffic Signal,Clear,Daylight,Dry,Non-Fatal Injury,Rear End,Driver,55 to 59,,North,Stopped,Driving Properly,,,,,,,,,Yes,,,,,,Yes,Yes,,Willowdale West
1823,Minor Arterial,Etobicoke York,Intersection,Stop Sign,Clear,Dark,Dry,Fatal,Angle,Vehicle Owner,unknown,,,,,,,,,,,,,Yes,,,,Yes,Yes,Yes,,,Keelesdale-Eglinton West
1900,Major Arterial,Etobicoke York,Mid-Block,No Control,Clear,Daylight,Dry,Non-Fatal Injury,Rear End,Driver,45 to 49,,South,Going Ahead,Driving Properly,,,,,,,,,Yes,,,,Yes,,Yes,,,West Humber-Clairville
1734,Major Arterial,Toronto and East York,Intersection,No Control,Rain,Daylight,Wet,Non-Fatal Injury,Cyclist Collisions,Driver,unknown,,West,Going Ahead,Other,,,,,,,,Yes,Yes,,,,,,,,,Dufferin Grove
1150,Major Arterial,Toronto and East York,Intersection,Traffic Signal,Clear,Daylight,Dry,Non-Fatal Injury,Pedestrian Collisions,Driver,40 to 44,,South,Turning Left,Failed to Yield Right of Way,,,,,,,Yes,,,,,,,,Yes,,,Greenwood-Coxwell
2327,,Toronto and East York,Mid-Block,No Control,Clear,Dark,Dry,Fatal,Rear End,Passenger,30 to 34,,,,,,,,,,,,,Yes,Yes,,,Yes,Yes,Yes,,,South Parkdale
751,Major Arterial,Toronto and East York,Mid-Block,No Control,Clear,Daylight,Dry,Non-Fatal Injury,Turning Movement,Driver,40 to 44,,West,Going Ahead,Driving Properly,,,,,,,,,Yes,,,,,,,,,Wellington Place
1831,Major Arterial,North York,Intersection,No Control,Clear,Daylight,Wet,Non-Fatal Injury,Pedestrian Collisions,Vehicle Owner,unknown,,,,,,,,,,,Yes,,Yes,,,,Yes,,,,,Willowdale West
751,Major Arterial,Toronto and East York,Mid-Block,No Control,Clear,Daylight,Dry,Non-Fatal Injury,Turning Movement,Driver,65 to 69,Major,West,Turning Left,Improper Turn,,,,,,,,,Yes,,,,,,,,,Wellington Place
1823,Minor Arterial,Etobicoke York,Intersection,Stop Sign,Clear,Dark,Dry,Fatal,Angle,Driver,25 to 29,,East,Going Ahead,Driving Properly,,,,,,,,,Yes,,,,Yes,Yes,Yes,,,Keelesdale-Eglinton West
1900,Major Arterial,Etobicoke York,Mid-Block,No Control,Clear,Daylight,Dry,Non-Fatal Injury,Rear End,Passenger,40 to 44,Major,,,,,,,,,,,,Yes,,,,Yes,,Yes,,,West Humber-Clairville
1734,Major Arterial,Toronto and East York,Intersection,No Control,Rain,Daylight,Wet,Non-Fatal Injury,Cyclist Collisions,Cyclist,20 to 24,Major,West,Unknown,,,,,Cyclist struck opened vehicle door,Driving Properly,Unknown,,Yes,Yes,,,,,,,,,Dufferin Grove
1614,Minor Arterial,Toronto and East York,Intersection,Stop Sign,Clear,Daylight,Dry,Non-Fatal Injury,Angle,Driver,70 to 74,,East,Going Ahead,Disobeyed Traffic Control,,,,,,,,,Yes,,,,Yes,,Yes,,,Junction-Wallace Emerson
1150,Major Arterial,Toronto and East York,Intersection,Traffic Signal,Clear,Daylight,Dry,Non-Fatal Injury,Pedestrian Collisions,Pedestrian,50 to 54,Major,North,,,Vehicle turns left while ped crosses with ROW at inter.,Crossing with right of way,Normal,,,,Yes,,,,,,,,Yes,,,Greenwood-Coxwell
2327,,Toronto and East York,Mid-Block,No Control,Clear,Dark,Dry,Fatal,Rear End,Driver,30 to 34,,East,Going Ahead,Driving Properly,,,,,,,,,Yes,Yes,,,Yes,Yes,Yes,,,South Parkdale
1614,Minor Arterial,Toronto and East York,Intersection,Stop Sign,Clear,Daylight,Dry,Non-Fatal Injury,Angle,Passenger,50 to 54,Major,,,,,,,,,,,,Yes,,,,Yes,,Yes,,,Junction-Wallace Emerson
1047,Major Arterial,Toronto and East York,Intersection,Stop Sign,Clear,Daylight,Wet,Non-Fatal Injury,Turning Movement,Vehicle Owner,unknown,,,,,,,,,,,,,Yes,,,,,,Yes,,,Yonge-St.Clair
1838,Minor Arterial,Etobicoke York,Intersection,Stop Sign,Clear,Daylight,Dry,Non-Fatal Injury,Angle,Driver,50 to 54,,West,Going Ahead,Driving Properly,,,,,,,,,Yes,,,,,,Yes,,,Humber Heights-Westmount
1831,Major Arterial,North York,Intersection,No Control,Clear,Daylight,Wet,Non-Fatal Injury,Pedestrian Collisions,Passenger,0 to 4,,,,,,,,,,,Yes,,Yes,,,,Yes,,,,,Willowdale West
1838,Minor Arterial,Etobicoke York,Intersection,Stop Sign,Clear,Daylight,Dry,Non-Fatal Injury,Angle,Driver,15 to 19,Major,South,Going Ahead,Disobeyed Traffic Control,,,,,,,,,Yes,,,,,,Yes,,,Humber Heights-Westmount
1614,Minor Arterial,Toronto and East York,Intersection,Stop Sign,Clear,Daylight,Dry,Non-Fatal Injury,Angle,Driver,50 to 54,,South,Going Ahead,Driving Properly,,,,,,,,,Yes,,,,Yes,,Yes,,,Junction-Wallace Emerson
1900,Major Arterial,Etobicoke York,Mid-Block,No Control,Clear,Daylight,Dry,Non-Fatal Injury,Rear End,Driver,25 to 29,Minor,South,Pulling Onto Shoulder or towardCurb,Following too Close,,,,,,,,,Yes,,,,Yes,,Yes,,,West Humber-Clairville
2327,,Toronto and East York,Mid-Block,No Control,Clear,Dark,Dry,Fatal,Rear End,Passenger,30 to 34,,,,,,,,,,,,,Yes,Yes,,,Yes,Yes,Yes,,,South Parkdale
751,Major Arterial,Toronto and East York,Mid-Block,No Control,Clear,Daylight,Dry,Non-Fatal Injury,Turning Movement,Other Property Owner,unknown,,,,,,,,,,,,,Yes,,,,,,,,,Wellington Place
1047,Major Arterial,Toronto and East York,Intersection,Stop Sign,Clear,Daylight,Wet,Non-Fatal Injury,Turning Movement,Driver,40 to 44,,North,Going Ahead,Failed to Yield Right of Way,,,,,,,,,Yes,,,,,,Yes,,,Yonge-St.Clair
1956,Major Arterial,Toronto and East York,Intersection,Traffic Signal,Clear,Daylight,Dry,Non-Fatal Injury,Pedestrian Collisions,Vehicle Owner,unknown,,,,,,,,,,,Yes,,,,,Yes,,,Yes,,,Casa Loma
1047,Major Arterial,Toronto and East York,Intersection,Stop Sign,Clear,Daylight,Wet,Non-Fatal Injury,Turning Movement,Vehicle Owner,unknown,,,,,,,,,,,,,Yes,,,,,,Yes,,,Yonge-St.Clair
1146,Local,Etobicoke York,Mid-Block,No Control,Clear,Daylight,Dry,Non-Fatal Injury,SMV Other,Vehicle Owner,unknown,,,,,,,,,,,,,Yes,,,,,,,,,Rockcliffe-Smythe
800,Local,Toronto and East York,Mid-Block,No Control,Clear,Daylight,Dry,Non-Fatal Injury,Cyclist Collisions,Driver,30 to 34,,North,Turning Left,Failed to Yield Right of Way,,,,,,,,Yes,Yes,,,,,,Yes,,,Blake-Jones
1945,Major Arterial,North York,Mid-Block,No Control,Clear,Daylight,Dry,Non-Fatal Injury,Pedestrian Collisions,Pedestrian,80 to 84,Major,,Unknown,,Pedestrian hit at mid-block,"Crossing, no Traffic Control",Normal,,,,Yes,,Yes,,,,,,Yes,,,Clairlea-Birchmount
1831,Major Arterial,North York,Intersection,No Control,Clear,Daylight,Wet,Non-Fatal Injury,Pedestrian Collisions,Passenger,0 to 4,,,,,,,,,,,Yes,,Yes,,,,Yes,,,,,Willowdale West
909,Minor Arterial,Etobicoke York,Intersection,Pedestrian Crossover,Clear,Daylight,Dry,Fatal,Pedestrian Collisions,Pedestrian,85 to 89,Fatal,East,,,Pedestrian hit a PXO/ped. Mid-block signal,"Crossing, Pedestrian Crossover",Normal,,,,Yes,,Yes,,,,,,Yes,,,Rockcliffe-Smythe
1047,Major Arterial,Toronto and East York,Intersection,Stop Sign,Clear,Daylight,Wet,Non-Fatal Injury,Turning Movement,Driver,45 to 49,Major,South,Turning Left,Driving Properly,,,,,,,,,Yes,,,,,,Yes,,,Yonge-St.Clair
1956,Major Arterial,Toronto and East York,Intersection,Traffic Signal,Clear,Daylight,Dry,Non-Fatal Injury,Pedestrian Collisions,Driver,40 to 44,,West,Pulling Away from Shoulder or Curb,Failed to Yield Right of Way,,,,,,,Yes,,,,,Yes,,,Yes,,,Casa Loma
338,Major Arterial,Toronto and East York,Intersection,No Control,Clear,Dark,Dry,Non-Fatal Injury,Pedestrian Collisions,Vehicle Owner,unknown,,,,,,,,,,,Yes,,Yes,,,,,,,,,Kensington-Chinatown
1146,Local,Etobicoke York,Mid-Block,No Control,Clear,Daylight,Dry,Non-Fatal Injury,SMV Other,Driver,25 to 29,Major,West,Going Ahead,Lost control,,,,,,,,,Yes,,,,,,,,,Rockcliffe-Smythe
1945,Major Arterial,North York,Mid-Block,No Control,Clear,Daylight,Dry,Non-Fatal Injury,Pedestrian Collisions,Driver,45 to 49,,South,Going Ahead,Failed to Yield Right of Way,,,,,,,Yes,,Yes,,,,,,Yes,,,Clairlea-Birchmount
1415,Major Arterial,Toronto and East York,Mid-Block,No Control,Clear,Daylight,Dry,Non-Fatal Injury,Pedestrian Collisions,Cyclist,unknown,,East,Going Ahead,,,,,Cyclist strikes pedestrian.,Failed to Yield Right of Way,Inattentive,Yes,Yes,,,,,,,,,,Bay-Cloverhill
338,Major Arterial,Toronto and East York,Intersection,No Control,Clear,Dark,Dry,Non-Fatal Injury,Pedestrian Collisions,Driver,45 to 49,,South,Going Ahead,Driving Properly,,,,,,,Yes,,Yes,,,,,,,,,Kensington-Chinatown
909,Minor Arterial,Etobicoke York,Intersection,Pedestrian Crossover,Clear,Daylight,Dry,Fatal,Pedestrian Collisions,Vehicle Owner,unknown,,,,,,,,,,,Yes,,Yes,,,,,,Yes,,,Rockcliffe-Smythe
1956,Major Arterial,Toronto and East York,Intersection,Traffic Signal,Clear,Daylight,Dry,Non-Fatal Injury,Pedestrian Collisions,Pedestrian,60 to 64,Major,South,,,Pedestrian involved in a collision with transit vehicle anywhere along roadway,Person Getting on/off Vehicle,Normal,,,,Yes,,,,,Yes,,,Yes,,,Casa Loma
1831,Major Arterial,North York,Intersection,No Control,Clear,Daylight,Wet,Non-Fatal Injury,Pedestrian Collisions,Passenger,30 to 34,,,,,,,,,,,Yes,,Yes,,,,Yes,,,,,Willowdale West
1455,Major Arterial,North York,Intersection,Traffic Signal,Clear,Daylight,Dry,Non-Fatal Injury,Sideswipe,Driver,70 to 74,,East,Stopped,Driving Properly,,,,,,,,,Yes,,,,Yes,,,,,Bayview Woods-Steeles
800,Local,Toronto and East York,Mid-Block,No Control,Clear,Daylight,Dry,Non-Fatal Injury,Cyclist Collisions,Cyclist,55 to 59,Major,East,Going Ahead,,,,,Motorist turned left across cyclists path.,Driving Properly,Normal,,Yes,Yes,,,,,,Yes,,,Blake-Jones
2240,Local,North York,Mid-Block,No Control,Clear,Dark,Dry,Non-Fatal Injury,Pedestrian Collisions,Vehicle Owner,unknown,,,,,,,,,,,Yes,,,,,,,,,,,Newtonbrook West
1415,Major Arterial,Toronto and East York,Mid-Block,No Control,Clear,Daylight,Dry,Non-Fatal Injury,Pedestrian Collisions,Pedestrian,75 to 79,Major,West,,,Pedestrian hit on sidewalk or shoulder,On Sidewalk or Shoulder,Normal,,,,Yes,Yes,,,,,,,,,,Bay-Cloverhill
1831,Major Arterial,North York,Intersection,No Control,Clear,Daylight,Wet,Non-Fatal Injury,Pedestrian Collisions,Driver,30 to 34,,East,Going Ahead,Driving Properly,,,,,,,Yes,,Yes,,,,Yes,,,,,Willowdale West
1455,Major Arterial,North York,Intersection,Traffic Signal,Clear,Daylight,Dry,Non-Fatal Injury,Sideswipe,Vehicle Owner,unknown,,,,,,,,,,,,,Yes,,,,Yes,,,,,Bayview Woods-Steeles
1450,Major Arterial,Toronto and East York,Mid-Block,No Control,Clear,Daylight,Dry,Non-Fatal Injury,Cyclist Collisions,Driver,unknown,,South,Changing Lanes,Improper Passing,,,,,,,,Yes,Yes,,,,,,Yes,,,Casa Loma
1744,Major Arterial,Toronto and East York,Intersection,Traffic Signal,Clear,Daylight,Dry,Non-Fatal Injury,Turning Movement,Motorcycle Driver,45 to 49,Major,South,Going Ahead,Driving Properly,,,,,,,,,Yes,Yes,,,,,,,Yes,Kensington-Chinatown
338,Major Arterial,Toronto and East York,Intersection,No Control,Clear,Dark,Dry,Non-Fatal Injury,Pedestrian Collisions,Pedestrian,20 to 24,Minor,West,,,Pedestrian involved in a collision with transit vehicle anywhere along roadway,"Crossing, no Traffic Control",Had Been Drinking,,,,Yes,,Yes,,,,,,,,,Kensington-Chinatown
1015,Major Arterial,Scarborough,Intersection,Stop Sign,Clear,Daylight,Wet,Non-Fatal Injury,Pedestrian Collisions,Driver,25 to 29,,North,Slowing or Stopping,Failed to Yield Right of Way,,,,,,,Yes,,Yes,,,,,,Yes,,,Dorset Park
2240,Local,North York,Mid-Block,No Control,Clear,Dark,Dry,Non-Fatal Injury,Pedestrian Collisions,Driver,unknown,,South,Reversing,Other,,,,,,,Yes,,,,,,,,,,,Newtonbrook West
1831,Major Arterial,North York,Intersection,No Control,Clear,Daylight,Wet,Non-Fatal Injury,Pedestrian Collisions,Pedestrian,5 to 9,Major,North,,,Vehicle is going straight thru inter.while ped cross without ROW,Running onto Roadway,Inattentive,,,,Yes,,Yes,,,,Yes,,,,,Willowdale West
1455,Major Arterial,North York,Intersection,Traffic Signal,Clear,Daylight,Dry,Non-Fatal Injury,Sideswipe,Driver,60 to 64,Major,East,Pulling Onto Shoulder or towardCurb,Lost control,,,,,,,,,Yes,,,,Yes,,,,,Bayview Woods-Steeles
1744,Major Arterial,Toronto and East York,Intersection,Traffic Signal,Clear,Daylight,Dry,Non-Fatal Injury,Turning Movement,Driver,25 to 29,,North,Turning Left,Improper Turn,,,,,,,,,Yes,Yes,,,,,,,Yes,Kensington-Chinatown
338,Major Arterial,Toronto and East York,Intersection,No Control,Clear,Dark,Dry,Non-Fatal Injury,Pedestrian Collisions,Pedestrian,20 to 24,Major,West,,,Pedestrian involved in a collision with transit vehicle anywhere along roadway,"Crossing, no Traffic Control",Had Been Drinking,,,,Yes,,Yes,,,,,,,,,Kensington-Chinatown
1015,Major Arterial,Scarborough,Intersection,Stop Sign,Clear,Daylight,Wet,Non-Fatal Injury,Pedestrian Collisions,Pedestrian,65 to 69,Major,East,,,Vehicle is going straight thru inter.while ped cross with ROW,Crossing with right of way,Normal,,,,Yes,,Yes,,,,,,Yes,,,Dorset Park
1455,Major Arterial,North York,Intersection,Traffic Signal,Clear,Daylight,Dry,Non-Fatal Injury,Sideswipe,Passenger,35 to 39,Minimal,,,,,,,,,,,,Yes,,,,Yes,,,,,Bayview Woods-Steeles
1958,Major Arterial,Toronto and East York,Mid-Block,No Control,Rain,Daylight,Wet,Non-Fatal Injury,Sideswipe,Driver,35 to 39,,West,Stopped,Driving Properly,,,,,,,,,Yes,,,,,,,,,Annex
2240,Local,North York,Mid-Block,No Control,Clear,Dark,Dry,Non-Fatal Injury,Pedestrian Collisions,Pedestrian,50 to 54,Major,,,,Vehicle is reversing and hits pedestrian,Person Getting on/off Vehicle,Normal,,,,Yes,,,,,,,,,,,Newtonbrook West
909,Minor Arterial,Etobicoke York,Intersection,Pedestrian Crossover,Clear,Daylight,Dry,Fatal,Pedestrian Collisions,Driver,55 to 59,,North,Going Ahead,Failed to Yield Right of Way,,,,,,,Yes,,Yes,,,,,,Yes,,,Rockcliffe-Smythe
1450,Major Arterial,Toronto and East York,Mid-Block,No Control,Clear,Daylight,Dry,Non-Fatal Injury,Cyclist Collisions,Vehicle Owner,unknown,,,,,,,,,,,,Yes,Yes,,,,,,Yes,,,Casa Loma
1958,Major Arterial,Toronto and East York,Mid-Block,No Control,Rain,Daylight,Wet,Non-Fatal Injury,Sideswipe,Driver,60 to 64,,West,Stopped,Driving Properly,,,,,,,,,Yes,,,,,,,,,Annex
1445,Major Arterial,Etobicoke York,Intersection,Traffic Signal,Clear,Daylight,Dry,Non-Fatal Injury,Cyclist Collisions,Driver,unknown,,South,Going Ahead,,,,,,,,,Yes,Yes,,,,,,,,,West Humber-Clairville
1216,Major Arterial,Toronto and East York,Intersection,Traffic Signal,Clear,Daylight,Dry,Non-Fatal Injury,Pedestrian Collisions,Driver,60 to 64,,North,Going Ahead,Driving Properly,,,,,,,Yes,,Yes,,,,,,,,,Oakwood Village
817,Minor Arterial,Scarborough,Intersection,Stop Sign,Clear,Daylight,Dry,Non-Fatal Injury,Pedestrian Collisions,Driver,55 to 59,,North,Turning Left,Failed to Yield Right of Way,,,,,,,Yes,,Yes,,,,,,Yes,,,Steeles
1030,Major Arterial,North York,Intersection,No Control,Clear,Daylight,Dry,Non-Fatal Injury,Pedestrian Collisions,Driver,unknown,,West,Turning Left,Failed to Yield Right of Way,,,,,,,Yes,,Yes,,,,,,Yes,,,Downsview
1450,Major Arterial,Toronto and East York,Mid-Block,No Control,Clear,Daylight,Dry,Non-Fatal Injury,Cyclist Collisions,Cyclist,35 to 39,Major,East,Going Ahead,,,,,Cyclist and Driver travelling in same direction. One vehicle sideswipes the other.,Driving Properly,Normal,,Yes,Yes,,,,,,Yes,,,Casa Loma
300,Major Arterial,Etobicoke York,Intersection,Traffic Signal,Rain,Dark,Wet,Non-Fatal Injury,Turning Movement,Passenger,25 to 29,,,,,,,,,,,,,Yes,,,,Yes,,,,,Rockcliffe-Smythe
1958,Major Arterial,Toronto and East York,Mid-Block,No Control,Rain,Daylight,Wet,Non-Fatal Injury,Sideswipe,Driver,40 to 44,,West,Going Ahead,Driving Properly,,,,,,,,,Yes,,,,,,,,,Annex
1455,Major Arterial,North York,Intersection,Traffic Signal,Clear,Daylight,Dry,Non-Fatal Injury,Sideswipe,Driver,45 to 49,Minor,North,Going Ahead,Driving Properly,,,,,,,,,Yes,,,,Yes,,,,,Bayview Woods-Steeles
1445,Major Arterial,Etobicoke York,Intersection,Traffic Signal,Clear,Daylight,Dry,Non-Fatal Injury,Cyclist Collisions,Cyclist,35 to 39,Major,East,Going Ahead,,,,,,,,,Yes,Yes,,,,,,,,,West Humber-Clairville
1216,Major Arterial,Toronto and East York,Intersection,Traffic Signal,Clear,Daylight,Dry,Non-Fatal Injury,Pedestrian Collisions,Pedestrian,30 to 34,Major,West,,,Vehicle is going straight thru inter.while ped cross without ROW,Crossing without right of way,Normal,,,,Yes,,Yes,,,,,,,,,Oakwood Village
1455,Major Arterial,North York,Intersection,Traffic Signal,Clear,Daylight,Dry,Non-Fatal Injury,Sideswipe,Driver,45 to 49,,South,Going Ahead,Driving Properly,,,,,,,,,Yes,,,,Yes,,,,,Bayview Woods-Steeles
300,Major Arterial,Etobicoke York,Intersection,Traffic Signal,Rain,Dark,Wet,Non-Fatal Injury,Turning Movement,Passenger,35 to 39,Minor,,,,,,,,,,,,Yes,,,,Yes,,,,,Rockcliffe-Smythe
1958,Major Arterial,Toronto and East York,Mid-Block,No Control,Rain,Daylight,Wet,Non-Fatal Injury,Sideswipe,Vehicle Owner,unknown,,,,,,,,,,,,,Yes,,,,,,,,,Annex
300,Major Arterial,Etobicoke York,Intersection,Traffic Signal,Rain,Dark,Wet,Non-Fatal Injury,Turning Movement,Passenger,70 to 74,Major,,,,,,,,,,,,Yes,,,,Yes,,,,,Rockcliffe-Smythe
1030,Major Arterial,North York,Intersection,No Control,Clear,Daylight,Dry,Non-Fatal Injury,Pedestrian Collisions,Pedestrian,20 to 24,Major,West,,,Vehicle turns left while ped crosses with ROW at inter.,Crossing with right of way,Normal,,,,Yes,,Yes,,,,,,Yes,,,Downsview
817,Minor Arterial,Scarborough,Intersection,Stop Sign,Clear,Daylight,Dry,Non-Fatal Injury,Pedestrian Collisions,Pedestrian,70 to 74,Major,South,,,Vehicle turns left while ped crosses with ROW at inter.,Crossing with right of way,Medical or Physical Disability,,,,Yes,,Yes,,,,,,Yes,,,Steeles
2030,Major Arterial,North York,Mid-Block,No Control,Clear,Dark,Dry,Fatal,Approaching,Vehicle Owner,unknown,,,,,,,,,,,,,Yes,,,,Yes,Yes,Yes,,,Victoria Village
1455,Major Arterial,North York,Intersection,Traffic Signal,Clear,Daylight,Dry,Non-Fatal Injury,Sideswipe,Other Property Owner,unknown,,,,,,,,,,,,,Yes,,,,Yes,,,,,Bayview Woods-Steeles
1428,Minor Arterial,Etobicoke York,Mid-Block,No Control,Clear,Daylight,Dry,Non-Fatal Injury,SMV Other,Driver,75 to 79,Major,South,Going Ahead,Other,,,,,,,,,Yes,,,,,,,,,Mount Olive-Silverstone-Jamestown
2334,Major Arterial,Toronto and East York,Intersection,Stop Sign,Clear,Daylight,Dry,Non-Fatal Injury,Pedestrian Collisions,Vehicle Owner,unknown,,,,,,,,,,,Yes,,Yes,,,,,,Yes,,Yes,Bay-Cloverhill
300,Major Arterial,Etobicoke York,Intersection,Traffic Signal,Rain,Dark,Wet,Non-Fatal Injury,Turning Movement,Vehicle Owner,unknown,,,,,,,,,,,,,Yes,,,,Yes,,,,,Rockcliffe-Smythe
1958,Major Arterial,Toronto and East York,Mid-Block,No Control,Rain,Daylight,Wet,Non-Fatal Injury,Sideswipe,Driver,15 to 19,,West,Stopped,Driving Properly,,,,,,,,,Yes,,,,,,,,,Annex
1754,Minor Arterial,Toronto and East York,Intersection,No Control,Clear,Dark,Wet,Non-Fatal Injury,Pedestrian Collisions,Driver,50 to 54,,East,Slowing or Stopping,Driving Properly,,,,,,,Yes,,Yes,,,,,,,,,Downtown Yonge East
700,Collector,Scarborough,Mid-Block,No Control,Clear,Daylight,Dry,Non-Fatal Injury,Turning Movement,Driver,30 to 34,,North,Turning Left,Improper Turn,,,,,,,,,Yes,Yes,,,,,,,,Milliken
2030,Major Arterial,North York,Mid-Block,No Control,Clear,Dark,Dry,Fatal,Approaching,Driver,25 to 29,Minor,East,Going Ahead,Driving Properly,,,,,,,,,Yes,,,,Yes,Yes,Yes,,,Victoria Village
2334,Major Arterial,Toronto and East York,Intersection,Stop Sign,Clear,Daylight,Dry,Non-Fatal Injury,Pedestrian Collisions,Driver,20 to 24,,East,Turning Left,Failed to Yield Right of Way,,,,,,,Yes,,Yes,,,,,,Yes,,Yes,Bay-Cloverhill
2334,Major Arterial,Toronto and East York,Intersection,Stop Sign,Clear,Daylight,Dry,Non-Fatal Injury,Pedestrian Collisions,Pedestrian,35 to 39,Major,East,,,Vehicle turns left while ped crosses with ROW at inter.,Crossing with right of way,Had Been Drinking,,,,Yes,,Yes,,,,,,Yes,,Yes,Bay-Cloverhill
300,Major Arterial,Etobicoke York,Intersection,Traffic Signal,Rain,Dark,Wet,Non-Fatal Injury,Turning Movement,Driver,30 to 34,Minimal,North,Going Ahead,Driving Properly,,,,,,,,,Yes,,,,Yes,,,,,Rockcliffe-Smythe
1230,Major Arterial,North York,Intersection,Traffic Signal,Rain,Daylight,Wet,Non-Fatal Injury,Pedestrian Collisions,Pedestrian,70 to 74,Major,West,,,Vehicle turns left while ped crosses with ROW at inter.,Crossing with right of way,Normal,,,,Yes,,Yes,,,,,,Yes,,,Lansing-Westgate
1958,Major Arterial,Toronto and East York,Mid-Block,No Control,Rain,Daylight,Wet,Non-Fatal Injury,Sideswipe,Driver,30 to 34,Minimal,West,Stopped,Driving Properly,,,,,,,,,Yes,,,,,,,,,Annex
1754,Minor Arterial,Toronto and East York,Intersection,No Control,Clear,Dark,Wet,Non-Fatal Injury,Pedestrian Collisions,Pedestrian,65 to 69,Major,North,,,Pedestrian involved in a collision with transit vehicle anywhere along roadway,"Crossing, no Traffic Control","Ability Impaired, Alcohol",,,,Yes,,Yes,,,,,,,,,Downtown Yonge East
700,Collector,Scarborough,Mid-Block,No Control,Clear,Daylight,Dry,Non-Fatal Injury,Turning Movement,Motorcycle Driver,25 to 29,Major,South,Going Ahead,Driving Properly,,,,,,,,,Yes,Yes,,,,,,,,Milliken
1500,Minor Arterial,Scarborough,Mid-Block,Traffic Signal,Clear,Daylight,Dry,Non-Fatal Injury,SMV Other,Vehicle Owner,unknown,,,,,,,,,,,,,Yes,,,,,,,,,Bendale-Glen Andrew
2030,Major Arterial,North York,Mid-Block,No Control,Clear,Dark,Dry,Fatal,Approaching,Driver,55 to 59,Minor,East,Going Ahead,Driving Properly,,,,,,,,,Yes,,,,Yes,Yes,Yes,,,Victoria Village
300,Major Arterial,Etobicoke York,Intersection,Traffic Signal,Rain,Dark,Wet,Non-Fatal Injury,Turning Movement,Driver,15 to 19,Minimal,South,Turning Left,Improper Turn,,,,,,,,,Yes,,,,Yes,,,,,Rockcliffe-Smythe