TIME,ROAD_CLASS,DISTRICT,LOCCOORD,TRAFFCTL,VISIBILITY,LIGHT,RDSFCOND,ACCLASS,IMPACTYPE,INVTYPE,INVAGE,INJURY,INITDIR,MANOEUVER,DRIVACT,PEDTYPE,PEDACT,PEDCOND,CYCLISTYPE,CYCACT,CYCCOND,PEDESTRIAN,CYCLIST,AUTOMOBILE,MOTORCYCLE,TRUCK,TRSN_CITY_VEH,PASSENGER,SPEEDING,AG_DRIV,REDLIGHT,ALCOHOL,NEIGHBOURHOOD_158
1958,Major Arterial,Toronto and East York,Mid-Block,No Control,Rain,Daylight,Wet,Non-Fatal Injury,Sideswipe,Driver,50 to 54,Major,West,Going Ahead,Lost control,,,,,,,,,Yes,,,,,,,,,Annex
1500,Minor Arterial,Scarborough,Mid-Block,Traffic Signal,Clear,Daylight,Dry,Non-Fatal Injury,SMV Other,Driver,50 to 54,Major,East,Going Ahead,Lost control,,,,,,,,,Yes,,,,,,,,,Bendale-Glen Andrew
610,Major Arterial,Etobicoke York,Intersection,Traffic Signal,Rain,Dark,Wet,Non-Fatal Injury,Pedestrian Collisions,Driver,45 to 49,,West,Going Ahead,Driving Properly,,,,,,,Yes,,Yes,,,,,,,,,Etobicoke West Mall
1230,Major Arterial,North York,Intersection,Traffic Signal,Rain,Daylight,Wet,Non-Fatal Injury,Pedestrian Collisions,Driver,80 to 84,,East,Turning Left,Failed to Yield Right of Way,,,,,,,Yes,,Yes,,,,,,Yes,,,Lansing-Westgate
1955,Minor Arterial,Toronto and East York,Intersection,No Control,Rain,Dark,Wet,Non-Fatal Injury,Pedestrian Collisions,Driver,20 to 24,,West,Turning Left,Failed to Yield Right of Way,,,,,,,Yes,,Yes,,,,,,Yes,,,South Riverdale
610,Major Arterial,Etobicoke York,Intersection,Traffic Signal,Rain,Dark,Wet,Non-Fatal Injury,Pedestrian Collisions,Pedestrian,50 to 54,Major,,Other,,Vehicle is going straight thru inter.while ped cross without ROW,Crossing without right of way,Inattentive,,,,Yes,,Yes,,,,,,,,,Etobicoke West Mall
1517,Collector,North York,Mid-Block,No Control,Clear,Daylight,Dry,Non-Fatal Injury,Pedestrian Collisions,Driver,40 to 44,,South,Going Ahead,Driving Properly,,,,,,,Yes,,Yes,,,,,,,,,Newtonbrook West
1805,Major Arterial,Etobicoke York,Intersection,Traffic Signal,Clear,Daylight,Dry,Non-Fatal Injury,Cyclist Collisions,Vehicle Owner,unknown,,,,,,,,,,,,Yes,Yes,,,,,,,,,Pelmo Park-Humberlea
1958,Major Arterial,Toronto and East York,Mid-Block,No Control,Rain,Daylight,Wet,Non-Fatal Injury,Sideswipe,Driver,30 to 34,Minimal,West,Stopped,Driving Properly,,,,,,,,,Yes,,,,,,,,,Annex
320,Major Arterial,North York,Mid-Block,No Control,Rain,Dark,Wet,Non-Fatal Injury,Pedestrian Collisions,Driver,30 to 34,,South,Going Ahead,Driving Properly,,,,,,,Yes,,Yes,,,,,,,,,Lansing-Westgate
2030,Major Arterial,North York,Mid-Block,No Control,Clear,Dark,Dry,Fatal,Approaching,Vehicle Owner,unknown,,,,,,,,,,,,,Yes,,,,Yes,Yes,Yes,,,Victoria Village
2230,Major Arterial,Scarborough,Mid-Block,No Control,Clear,Dark,Dry,Non-Fatal Injury,Turning Movement,Motorcycle Driver,35 to 39,Major,South,Going Ahead,Driving Properly,,,,,,,,,Yes,Yes,,,,,Yes,,,Woburn North
320,Major Arterial,North York,Mid-Block,No Control,Rain,Dark,Wet,Non-Fatal Injury,Pedestrian Collisions,Pedestrian,25 to 29,Major,East,,,Pedestrian hit at mid-block,Running onto Roadway,Normal,,,,Yes,,Yes,,,,,,,,,Lansing-Westgate
1134,Major Arterial,North York,Mid-Block,No Control,Clear,Daylight,Dry,Non-Fatal Injury,Pedestrian Collisions,Driver,20 to 24,,East,Going Ahead,Driving Properly,,,,,,,Yes,,Yes,,,,,,,,,Oakwood Village
1955,Minor Arterial,Toronto and East York,Intersection,No Control,Rain,Dark,Wet,Non-Fatal Injury,Pedestrian Collisions,Pedestrian,65 to 69,Major,West,,,Vehicle turns left while ped crosses with ROW at inter.,Crossing with right of way,Normal,,,,Yes,,Yes,,,,,,Yes,,,South Riverdale
2125,Major Arterial,Scarborough,Mid-Block,No Control,Clear,Dark,Dry,Fatal,Pedestrian Collisions,Driver,65 to 69,,North,Going Ahead,Driving Properly,,,,,,,Yes,,Yes,,,,,,,,,East L'Amoreaux
1517,Collector,North York,Mid-Block,No Control,Clear,Daylight,Dry,Non-Fatal Injury,Pedestrian Collisions,Pedestrian,15 to 19,Major,West,,,Pedestrian hit at mid-block,Running onto Roadway,Inattentive,,,,Yes,,Yes,,,,,,,,,Newtonbrook West
2125,Major Arterial,Scarborough,Mid-Block,No Control,Clear,Dark,Dry,Fatal,Pedestrian Collisions,Pedestrian,45 to 49,Fatal,East,Going Ahead,,Pedestrian hit at mid-block,"Crossing, no Traffic Control","Ability Impaired, Alcohol",,,,Yes,,Yes,,,,,,,,,East L'Amoreaux
2030,Major Arterial,North York,Mid-Block,No Control,Clear,Dark,Dry,Fatal,Approaching,Driver,25 to 29,Minor,East,Going Ahead,Driving Properly,,,,,,,,,Yes,,,,Yes,Yes,Yes,,,Victoria Village
305,Major Arterial,North York,Intersection,Traffic Signal,Clear,Dark,Dry,Fatal,Pedestrian Collisions,Passenger,20 to 24,Minor,,,,,,,,,,Yes,,Yes,,,,Yes,,,,,Newtonbrook West
2129,Minor Arterial,Toronto and East York,Mid-Block,Pedestrian Crossover,Rain,Dark,Wet,Non-Fatal Injury,Pedestrian Collisions,Driver,55 to 59,,North,Going Ahead,Failed to Yield Right of Way,,,,,,,Yes,,Yes,,,,,,Yes,,,South Riverdale
2230,Major Arterial,Scarborough,Mid-Block,No Control,Clear,Dark,Dry,Non-Fatal Injury,Turning Movement,Driver,25 to 29,,East,Turning Left,Failed to Yield Right of Way,,,,,,,,,Yes,Yes,,,,,Yes,,,Woburn North
1805,Major Arterial,Etobicoke York,Intersection,Traffic Signal,Clear,Daylight,Dry,Non-Fatal Injury,Cyclist Collisions,Driver,45 to 49,,North,Going Ahead,Driving Properly,,,,,,,,Yes,Yes,,,,,,,,,Pelmo Park-Humberlea
250,Major Arterial,Etobicoke York,Intersection,Traffic Signal,Clear,Dark,Dry,Non-Fatal Injury,SMV Other,Driver,80 to 84,Major,South,Going Ahead,Other,,,,,,,,,Yes,,,,,Yes,Yes,,,Rockcliffe-Smythe
1134,Major Arterial,North York,Mid-Block,No Control,Clear,Daylight,Dry,Non-Fatal Injury,Pedestrian Collisions,Pedestrian,60 to 64,Major,North,,,Pedestrian hit at mid-block,"Crossing, no Traffic Control",Inattentive,,,,Yes,,Yes,,,,,,,,,Oakwood Village
2129,Minor Arterial,Toronto and East York,Mid-Block,Pedestrian Crossover,Rain,Dark,Wet,Non-Fatal Injury,Pedestrian Collisions,Pedestrian,30 to 34,Major,East,,,Pedestrian hit a PXO/ped. Mid-block signal,"Crossing, Pedestrian Crossover",Normal,,,,Yes,,Yes,,,,,,Yes,,,South Riverdale
1600,Minor Arterial,Toronto and East York,,No Control,Rain,Daylight,Wet,Non-Fatal Injury,Approaching,Driver,unknown,Major,,Unknown,,,,,,,,,,Yes,,,,,,,,,Yonge-Bay Corridor
1805,Major Arterial,Etobicoke York,Intersection,Traffic Signal,Clear,Daylight,Dry,Non-Fatal Injury,Cyclist Collisions,Cyclist,35 to 39,Major,East,Going Ahead,,,,,"Cyclist without ROW rides into path of motorist at inter, lnwy, dwy-Cyclist not turn.",Failed to Yield Right of Way,Normal,,Yes,Yes,,,,,,,,,Pelmo Park-Humberlea
750,Major Arterial,North York,Mid-Block,No Control,Clear,Daylight,Dry,Non-Fatal Injury,Approaching,Driver,65 to 69,Minimal,South,Going Ahead,Lost control,,,,,,,,,Yes,,,,,,,,,Steeles
2030,Major Arterial,North York,Mid-Block,No Control,Clear,Dark,Dry,Fatal,Approaching,Driver,30 to 34,Minor,East,Going Ahead,Driving Properly,,,,,,,,,Yes,,,,Yes,Yes,Yes,,,Victoria Village
859,Collector,Etobicoke York,Mid-Block,No Control,Clear,Daylight,Dry,Non-Fatal Injury,Pedestrian Collisions,Vehicle Owner,unknown,,,,,,,,,,,Yes,,Yes,,,,,,,,,Islington
305,Major Arterial,North York,Intersection,Traffic Signal,Clear,Dark,Dry,Fatal,Pedestrian Collisions,Driver,30 to 34,Minor,West,Going Ahead,Driving Properly,,,,,,,Yes,,Yes,,,,Yes,,,,,Newtonbrook West
2355,Major Arterial,North York,Mid-Block,No Control,Rain,Dark,Wet,Non-Fatal Injury,Rear End,Driver,40 to 44,Major,East,Parked,Driving Properly,,,,,,,,,Yes,,,,,,Yes,,,Caledonia-Fairbank
1600,Minor Arterial,Toronto and East York,,No Control,Rain,Daylight,Wet,Non-Fatal Injury,Approaching,Driver,25 to 29,,North,Reversing,,,,,,,,,,Yes,,,,,,,,,Yonge-Bay Corridor
950,Major Arterial,Toronto and East York,Intersection,Traffic Signal,Clear,Daylight,Dry,Non-Fatal Injury,Pedestrian Collisions,Pedestrian,20 to 24,Major,East,,,Pedestrian involved in a collision with transit vehicle anywhere along roadway,Crossing without right of way,Inattentive,,,,Yes,,,,,Yes,,,,,,University
2355,Major Arterial,North York,Mid-Block,No Control,Rain,Dark,Wet,Non-Fatal Injury,Rear End,Vehicle Owner,unknown,,,,,,,,,,,,,Yes,,,,,,Yes,,,Caledonia-Fairbank
1355,Major Arterial,Etobicoke York,Intersection,Traffic Signal,Clear,Daylight,Dry,Non-Fatal Injury,Angle,Vehicle Owner,unknown,,,,,,,,,,,,,Yes,,,,,,Yes,Yes,,Humbermede
2030,Major Arterial,North York,Mid-Block,No Control,Clear,Dark,Dry,Fatal,Approaching,Passenger,30 to 34,,,,,,,,,,,,,Yes,,,,Yes,Yes,Yes,,,Victoria Village
750,Major Arterial,North York,Mid-Block,No Control,Clear,Daylight,Dry,Non-Fatal Injury,Approaching,Driver,50 to 54,Major,North,Going Ahead,Driving Properly,,,,,,,,,Yes,,,,,,,,,Steeles
950,Major Arterial,Toronto and East York,Intersection,Traffic Signal,Clear,Daylight,Dry,Non-Fatal Injury,Pedestrian Collisions,Vehicle Owner,unknown,,,,,,,,,,,Yes,,,,,Yes,,,,,,University
1220,Major Arterial,Toronto and East York,Intersection,Traffic Signal,Clear,Daylight,Dry,Non-Fatal Injury,Pedestrian Collisions,Truck Driver,55 to 59,,North,Going Ahead,Failed to Yield Right of Way,,,,,,,Yes,,,,Yes,,,,Yes,,,Annex
2355,Major Arterial,North York,Mid-Block,No Control,Rain,Dark,Wet,Non-Fatal Injury,Rear End,Driver,35 to 39,Minor,East,Going Ahead,Following too Close,,,,,,,,,Yes,,,,,,Yes,,,Caledonia-Fairbank
1355,Major Arterial,Etobicoke York,Intersection,Traffic Signal,Clear,Daylight,Dry,Non-Fatal Injury,Angle,Driver,50 to 54,Minimal,South,Stopped,Driving Properly,,,,,,,,,Yes,,,,,,Yes,Yes,,Humbermede
2030,Major Arterial,North York,Mid-Block,No Control,Clear,Dark,Dry,Fatal,Approaching,Passenger,25 to 29,Minor,,,,,,,,,,,,Yes,,,,Yes,Yes,Yes,,,Victoria Village
859,Collector,Etobicoke York,Mid-Block,No Control,Clear,Daylight,Dry,Non-Fatal Injury,Pedestrian Collisions,Driver,20 to 24,,East,Going Ahead,Driving Properly,,,,,,,Yes,,Yes,,,,,,,,,Islington
1600,Minor Arterial,Toronto and East York,,No Control,Rain,Daylight,Wet,Non-Fatal Injury,Approaching,Vehicle Owner,unknown,,,Parked,,,,,,,,,,Yes,,,,,,,,,Yonge-Bay Corridor
950,Major Arterial,Toronto and East York,Intersection,Traffic Signal,Clear,Daylight,Dry,Non-Fatal Injury,Pedestrian Collisions,Driver,40 to 44,,North,Going Ahead,Driving Properly,,,,,,,Yes,,,,,Yes,,,,,,University
1220,Major Arterial,Toronto and East York,Intersection,Traffic Signal,Clear,Daylight,Dry,Non-Fatal Injury,Pedestrian Collisions,Pedestrian,85 to 89,Major,East,,,Vehicle is going straight thru inter.while ped cross with ROW,Crossing with right of way,Unknown,,,,Yes,,,,Yes,,,,Yes,,,Annex
2355,Major Arterial,North York,Mid-Block,No Control,Rain,Dark,Wet,Non-Fatal Injury,Rear End,Vehicle Owner,unknown,,,,,,,,,,,,,Yes,,,,,,Yes,,,Caledonia-Fairbank
1355,Major Arterial,Etobicoke York,Intersection,Traffic Signal,Clear,Daylight,Dry,Non-Fatal Injury,Angle,Driver,25 to 29,Minimal,West,Going Ahead,Disobeyed Traffic Control,,,,,,,,,Yes,,,,,,Yes,Yes,,Humbermede
2030,Major Arterial,North York,Mid-Block,No Control,Clear,Dark,Dry,Fatal,Approaching,Passenger,20 to 24,Major,,,,,,,,,,,,Yes,,,,Yes,Yes,Yes,,,Victoria Village
305,Major Arterial,North York,Intersection,Traffic Signal,Clear,Dark,Dry,Fatal,Pedestrian Collisions,Pedestrian,35 to 39,Fatal,North,,,Vehicle is going straight thru inter.while ped cross without ROW,Crossing without right of way,Unknown,,,,Yes,,Yes,,,,Yes,,,,,Newtonbrook West
859,Collector,Etobicoke York,Mid-Block,No Control,Clear,Daylight,Dry,Non-Fatal Injury,Pedestrian Collisions,Pedestrian,20 to 24,Major,North,,,Pedestrian hit at mid-block,Running onto Roadway,Inattentive,,,,Yes,,Yes,,,,,,,,,Islington
857,Major Arterial,Toronto and East York,Mid-Block,No Control,Rain,Dark,Wet,Non-Fatal Injury,Rear End,Driver,50 to 54,,West,Going Ahead,Driving Properly,,,,,,,,,Yes,,,,,,Yes,,,Old East York
1013,Major Arterial,Etobicoke York,Intersection,Traffic Signal,Clear,Daylight,Dry,Non-Fatal Injury,Turning Movement,Driver,60 to 64,Major,North,Turning Left,Improper Turn,,,,,,,,,Yes,,,,,,Yes,,,Kingsview Village-The Westway
1049,Major Arterial,Toronto and East York,Mid-Block,Traffic Signal,Clear,Daylight,Dry,Non-Fatal Injury,Pedestrian Collisions,Driver,25 to 29,,North,Going Ahead,Driving Properly,,,,,,,Yes,,Yes,,,,,,,,,Dufferin Grove
1913,Major Arterial,Etobicoke York,Intersection,Traffic Signal,Clear,Daylight,Dry,Non-Fatal Injury,Turning Movement,Driver,50 to 54,Major,East,Turning Left,Improper Turn,,,,,,,,,Yes,,,,,,Yes,Yes,,Eringate-Centennial-West Deane
2030,Major Arterial,North York,Mid-Block,No Control,Clear,Dark,Dry,Fatal,Approaching,Passenger,15 to 19,Major,,,,,,,,,,,,Yes,,,,Yes,Yes,Yes,,,Victoria Village
1838,Major Arterial,Toronto and East York,Entrance Ramp Westbound,No Control,Clear,Daylight,Dry,Non-Fatal Injury,Sideswipe,Motorcycle Driver,35 to 39,Major,West,Going Ahead,Driving Properly,,,,,,,,,Yes,Yes,,,,Yes,Yes,,,South Riverdale
1613,Major Arterial,Etobicoke York,Intersection,Traffic Signal,Clear,Daylight,Dry,Non-Fatal Injury,Pedestrian Collisions,Vehicle Owner,unknown,,,,,,,,,,,Yes,,Yes,,,,,,,,,York University Heights
1049,Major Arterial,Toronto and East York,Mid-Block,Traffic Signal,Clear,Daylight,Dry,Non-Fatal Injury,Pedestrian Collisions,Pedestrian,25 to 29,Major,West,,,Vehicle is going straight thru inter.while ped cross without ROW,Crossing without right of way,Inattentive,,,,Yes,,Yes,,,,,,,,,Dufferin Grove
1013,Major Arterial,Etobicoke York,Intersection,Traffic Signal,Clear,Daylight,Dry,Non-Fatal Injury,Turning Movement,Vehicle Owner,unknown,,,,,,,,,,,,,Yes,,,,,,Yes,,,Kingsview Village-The Westway
857,Major Arterial,Toronto and East York,Mid-Block,No Control,Rain,Dark,Wet,Non-Fatal Injury,Rear End,Driver,35 to 39,,West,Going Ahead,Driving Properly,,,,,,,,,Yes,,,,,,Yes,,,Old East York
1355,Major Arterial,Etobicoke York,Intersection,Traffic Signal,Clear,Daylight,Dry,Non-Fatal Injury,Angle,Driver,60 to 64,Major,North,Going Ahead,Driving Properly,,,,,,,,,Yes,,,,,,Yes,Yes,,Humbermede
1013,Major Arterial,Etobicoke York,Intersection,Traffic Signal,Clear,Daylight,Dry,Non-Fatal Injury,Turning Movement,Driver,50 to 54,,West,Going Ahead,Failed to Yield Right of Way,,,,,,,,,Yes,,,,,,Yes,,,Kingsview Village-The Westway
1838,Major Arterial,Toronto and East York,Entrance Ramp Westbound,No Control,Clear,Daylight,Dry,Non-Fatal Injury,Sideswipe,Driver,50 to 54,,West,Changing Lanes,Improper Lane Change,,,,,,,,,Yes,Yes,,,,Yes,Yes,,,South Riverdale
1913,Major Arterial,Etobicoke York,Intersection,Traffic Signal,Clear,Daylight,Dry,Non-Fatal Injury,Turning Movement,Driver,50 to 54,Minimal,West,Going Ahead,Disobeyed Traffic Control,,,,,,,,,Yes,,,,,,Yes,Yes,,Eringate-Centennial-West Deane
1440,Major Arterial,North York,Intersection,Traffic Signal,Clear,Daylight,Dry,Fatal,SMV Other,Passenger,80 to 84,Fatal,,,,,,,,,,,,Yes,,,,Yes,,,,,Don Valley Village
857,Major Arterial,Toronto and East York,Mid-Block,No Control,Rain,Dark,Wet,Non-Fatal Injury,Rear End,Driver,45 to 49,Major,West,Going Ahead,Disobeyed Traffic Control,,,,,,,,,Yes,,,,,,Yes,,,Old East York
145,Major Arterial,Scarborough,Intersection,Traffic Signal,Clear,Dark,Dry,Non-Fatal Injury,Angle,Vehicle Owner,unknown,,,,,,,,,,,,,Yes,,,,,,Yes,Yes,,Eglinton East
1838,Minor Arterial,Scarborough,Intersection,No Control,Clear,Daylight,Dry,Non-Fatal Injury,Angle,Driver,60 to 64,,,Going Ahead,,,,,,,,,,Yes,,,,,,,,,Centennial Scarborough
2226,Major Arterial,Etobicoke York,Intersection,Traffic Signal,Clear,Dark,Dry,Fatal,Pedestrian Collisions,Vehicle Owner,unknown,,,,,,,,,,,Yes,,Yes,,,,,,Yes,,,Oakdale-Beverley Heights
1613,Major Arterial,Etobicoke York,Intersection,Traffic Signal,Clear,Daylight,Dry,Non-Fatal Injury,Pedestrian Collisions,Driver,20 to 24,,West,Going Ahead,Driving Properly,,,,,,,Yes,,Yes,,,,,,,,,York University Heights
2030,Major Arterial,North York,Mid-Block,No Control,Clear,Dark,Dry,Fatal,Approaching,Passenger,20 to 24,Fatal,,,,,,,,,,,,Yes,,,,Yes,Yes,Yes,,,Victoria Village
857,Major Arterial,Toronto and East York,Mid-Block,No Control,Rain,Dark,Wet,Non-Fatal Injury,Rear End,Driver,40 to 44,,West,Going Ahead,Following too Close,,,,,,,,,Yes,,,,,,Yes,,,Old East York
1913,Major Arterial,Etobicoke York,Intersection,Traffic Signal,Clear,Daylight,Dry,Non-Fatal Injury,Turning Movement,Driver,60 to 64,,South,Stopped,Driving Properly,,,,,,,,,Yes,,,,,,Yes,Yes,,Eringate-Centennial-West Deane
1440,Major Arterial,North York,Intersection,Traffic Signal,Clear,Daylight,Dry,Fatal,SMV Other,Driver,85 to 89,Minor,West,Turning Left,Lost control,,,,,,,,,Yes,,,,Yes,,,,,Don Valley Village
2030,Major Arterial,North York,Mid-Block,No Control,Clear,Dark,Dry,Fatal,Approaching,Passenger,15 to 19,Fatal,,,,,,,,,,,,Yes,,,,Yes,Yes,Yes,,,Victoria Village
1838,Minor Arterial,Scarborough,Intersection,No Control,Clear,Daylight,Dry,Non-Fatal Injury,Angle,Driver,65 to 69,Major,,Changing Lanes,,,,,,,,,,Yes,,,,,,,,,Centennial Scarborough
145,Major Arterial,Scarborough,Intersection,Traffic Signal,Clear,Dark,Dry,Non-Fatal Injury,Angle,Driver,30 to 34,,West,Going Ahead,Driving Properly,,,,,,,,,Yes,,,,,,Yes,Yes,,Eglinton East
1755,Major Arterial,Etobicoke York,Mid-Block,No Control,Clear,Daylight,Dry,Non-Fatal Injury,Rear End,Driver,25 to 29,Minimal,East,Stopped,Driving Properly,,,,,,,,,Yes,,Yes,,,,Yes,,,Princess-Rosethorn
2226,Major Arterial,Etobicoke York,Intersection,Traffic Signal,Clear,Dark,Dry,Fatal,Pedestrian Collisions,Driver,25 to 29,,East,Going Ahead,Driving Properly,,,,,,,Yes,,Yes,,,,,,Yes,,,Oakdale-Beverley Heights
2226,Major Arterial,Etobicoke York,Intersection,Traffic Signal,Clear,Dark,Dry,Fatal,Pedestrian Collisions,Pedestrian,75 to 79,Fatal,North,,,Vehicle is going straight thru inter.while ped cross without ROW,Crossing without right of way,Unknown,,,,Yes,,Yes,,,,,,Yes,,,Oakdale-Beverley Heights
1613,Major Arterial,Etobicoke York,Intersection,Traffic Signal,Clear,Daylight,Dry,Non-Fatal Injury,Pedestrian Collisions,Pedestrian,45 to 49,Major,South,,,Vehicle is going straight thru inter.while ped cross without ROW,"Crossing, no Traffic Control",Normal,,,,Yes,,Yes,,,,,,,,,York University Heights
1249,Minor Arterial,Scarborough,Intersection,Traffic Signal,Clear,Daylight,Wet,Non-Fatal Injury,Turning Movement,Driver,80 to 84,Major,North,Turning Left,Failed to Yield Right of Way,,,,,,,,,Yes,,,,,Yes,Yes,,,Woburn North
2119,Major Arterial,Toronto and East York,Intersection,Traffic Signal,Clear,Daylight,Dry,Non-Fatal Injury,Rear End,Motorcycle Driver,35 to 39,Major,North,Going Ahead,Following too Close,,,,,,,,,Yes,Yes,,,,,Yes,,,Yonge-Bay Corridor
2030,Major Arterial,North York,Mid-Block,No Control,Clear,Dark,Dry,Fatal,Approaching,Driver,20 to 24,Minor,West,Going Ahead,Exceeding Speed Limit,,,,,,,,,Yes,,,,Yes,Yes,Yes,,,Victoria Village
1755,Major Arterial,Etobicoke York,Mid-Block,No Control,Clear,Daylight,Dry,Non-Fatal Injury,Rear End,Vehicle Owner,unknown,,,,,,,,,,,,,Yes,,Yes,,,,Yes,,,Princess-Rosethorn
145,Major Arterial,Scarborough,Intersection,Traffic Signal,Clear,Dark,Dry,Non-Fatal Injury,Angle,Vehicle Owner,unknown,,,,,,,,,,,,,Yes,,,,,,Yes,Yes,,Eglinton East
2119,Major Arterial,Toronto and East York,Intersection,Traffic Signal,Clear,Daylight,Dry,Non-Fatal Injury,Rear End,Driver,25 to 29,,North,Slowing or Stopping,Driving Properly,,,,,,,,,Yes,Yes,,,,,Yes,,,Yonge-Bay Corridor
1249,Minor Arterial,Scarborough,Intersection,Traffic Signal,Clear,Daylight,Wet,Non-Fatal Injury,Turning Movement,Driver,20 to 24,Major,South,Going Ahead,Exceeding Speed Limit,,,,,,,,,Yes,,,,,Yes,Yes,,,Woburn North
2150,Major Arterial,Scarborough,Mid-Block,No Control,Rain,Dark,Wet,Fatal,Pedestrian Collisions,Driver,25 to 29,,North,Going Ahead,Driving Properly,,,,,,,Yes,,Yes,,,,,,,,,Morningside Heights
1220,Major Arterial,Etobicoke York,Intersection,No Control,Clear,Daylight,Dry,Non-Fatal Injury,Sideswipe,Motorcycle Driver,30 to 34,Major,South,Changing Lanes,Improper Lane Change,,,,,,,,,Yes,Yes,,,,,,,,Pelmo Park-Humberlea
1755,Major Arterial,Etobicoke York,Mid-Block,No Control,Clear,Daylight,Dry,Non-Fatal Injury,Rear End,Truck Driver,25 to 29,,East,Going Ahead,Following too Close,,,,,,,,,Yes,,Yes,,,,Yes,,,Princess-Rosethorn
145,Major Arterial,Scarborough,Intersection,Traffic Signal,Clear,Dark,Dry,Non-Fatal Injury,Angle,Driver,35 to 39,Major,South,Going Ahead,Disobeyed Traffic Control,,,,,,,,,Yes,,,,,,Yes,Yes,,Eglinton East
2329,Major Arterial,Toronto and East York,Mid-Block,No Control,Rain,Dark,Wet,Non-Fatal Injury,Pedestrian Collisions,Driver,60 to 64,,North,Going Ahead,Driving Properly,,,,,,,Yes,,Yes,,,,,,,,,Kensington-Chinatown
2150,Major Arterial,Scarborough,Mid-Block,No Control,Rain,Dark,Wet,Fatal,Pedestrian Collisions,Pedestrian,45 to 49,Fatal,West,,,Pedestrian hit at mid-block,Running onto Roadway,Unknown,,,,Yes,,Yes,,,,,,,,,Morningside Heights
2307,Major Arterial,Scarborough,Mid-Block,No Control,Snow,Dark,Slush,Non-Fatal Injury,Approaching,Passenger,20 to 24,Major,,,,,,,,,,,,Yes,,,,Yes,Yes,Yes,,,Agincourt North
2030,Major Arterial,North York,Mid-Block,No Control,Clear,Dark,Dry,Fatal,Approaching,Vehicle Owner,unknown,,,,,,,,,,,,,Yes,,,,Yes,Yes,Yes,,,Victoria Village
730,Major Arterial,Scarborough,Intersection,Traffic Signal,Clear,Daylight,Dry,Non-Fatal Injury,Pedestrian Collisions,Vehicle Owner,unknown,,,,,,,,,,,Yes,,Yes,,,,,,,,,West Hill
1755,Major Arterial,Etobicoke York,Mid-Block,No Control,Clear,Daylight,Dry,Non-Fatal Injury,Rear End,Driver,30 to 34,,East,Stopped,Driving Properly,,,,,,,,,Yes,,Yes,,,,Yes,,,Princess-Rosethorn
2030,Major Arterial,North York,Mid-Block,No Control,Clear,Dark,Dry,Fatal,Approaching,Driver,30 to 34,Minor,East,Going Ahead,Driving Properly,,,,,,,,,Yes,,,,Yes,Yes,Yes,,,Victoria Village
2307,Major Arterial,Scarborough,Mid-Block,No Control,Snow,Dark,Slush,Non-Fatal Injury,Approaching,Vehicle Owner,unknown,,,,,,,,,,,,,Yes,,,,Yes,Yes,Yes,,,Agincourt North
806,Minor Arterial,Etobicoke York,Intersection,No Control,Clear,Daylight,Dry,Fatal,Cyclist Collisions,Driver,50 to 54,,East,Turning Left,Failed to Yield Right of Way,,,,,,,,Yes,Yes,,,,,Yes,Yes,,,Brookhaven-Amesbury
2207,Major Arterial,Etobicoke York,Intersection,Traffic Signal,Clear,Dark,Dry,Non-Fatal Injury,Pedestrian Collisions,Driver,unknown,,East,Turning Right,Failed to Yield Right of Way,,,,,,,Yes,,Yes,,,,,,Yes,,,Islington
806,Minor Arterial,Etobicoke York,Intersection,No Control,Clear,Daylight,Dry,Fatal,Cyclist Collisions,Cyclist,50 to 54,Fatal,West,,,,,,Motorist turned left across cyclists path.,Driving Properly,Normal,,Yes,Yes,,,,,Yes,Yes,,,Brookhaven-Amesbury
730,Major Arterial,Scarborough,Intersection,Traffic Signal,Clear,Daylight,Dry,Non-Fatal Injury,Pedestrian Collisions,Driver,40 to 44,,North,Turning Left,Improper Turn,,,,,,,Yes,,Yes,,,,,,,,,West Hill
1220,Major Arterial,Etobicoke York,Intersection,No Control,Clear,Daylight,Dry,Non-Fatal Injury,Sideswipe,Vehicle Owner,unknown,,,,,,,,,,,,,Yes,Yes,,,,,,,,Pelmo Park-Humberlea
2329,Major Arterial,Toronto and East York,Mid-Block,No Control,Rain,Dark,Wet,Non-Fatal Injury,Pedestrian Collisions,Pedestrian,50 to 54,Major,East,,,Pedestrian hit at mid-block,Walking on Roadway Against Traffic,Had Been Drinking,,,,Yes,,Yes,,,,,,,,,Kensington-Chinatown
1755,Major Arterial,Etobicoke York,Mid-Block,No Control,Clear,Daylight,Dry,Non-Fatal Injury,Rear End,Driver,60 to 64,,East,Stopped,Driving Properly,,,,,,,,,Yes,,Yes,,,,Yes,,,Princess-Rosethorn
2307,Major Arterial,Scarborough,Mid-Block,No Control,Snow,Dark,Slush,Non-Fatal Injury,Approaching,Driver,20 to 24,Minor,North,Going Ahead,Speed too Fast For Condition,,,,,,,,,Yes,,,,Yes,Yes,Yes,,,Agincourt North
2207,Major Arterial,Etobicoke York,Intersection,Traffic Signal,Clear,Dark,Dry,Non-Fatal Injury,Pedestrian Collisions,Pedestrian,80 to 84,Major,East,,,Vehicle turns right while ped crosses with ROW at inter.,Crossing with right of way,Normal,,,,Yes,,Yes,,,,,,Yes,,,Islington
2030,Major Arterial,North York,Mid-Block,No Control,Clear,Dark,Dry,Fatal,Approaching,Vehicle Owner,unknown,,,,,,,,,,,,,Yes,,,,Yes,Yes,Yes,,,Victoria Village
1755,Major Arterial,Etobicoke York,Mid-Block,No Control,Clear,Daylight,Dry,Non-Fatal Injury,Rear End,Driver,40 to 44,Major,East,Stopped,Driving Properly,,,,,,,,,Yes,,Yes,,,,Yes,,,Princess-Rosethorn