TIME,ROAD_CLASS,DISTRICT,LOCCOORD,TRAFFCTL,VISIBILITY,LIGHT,RDSFCOND,ACCLASS,IMPACTYPE,INVTYPE,INVAGE,INJURY,INITDIR,MANOEUVER,DRIVACT,PEDTYPE,PEDACT,PEDCOND,CYCLISTYPE,CYCACT,CYCCOND,PEDESTRIAN,CYCLIST,AUTOMOBILE,MOTORCYCLE,TRUCK,TRSN_CITY_VEH,PASSENGER,SPEEDING,AG_DRIV,REDLIGHT,ALCOHOL,NEIGHBOURHOOD_158
2330,Major Arterial,Toronto and East York,Intersection,Traffic Signal,Rain,Dark,Wet,Non-Fatal Injury,Pedestrian Collisions,Driver,unknown,,East,Unknown,Other,,,,,,,Yes,,Yes,,,,,,,,,Annex
2307,Major Arterial,Scarborough,Mid-Block,No Control,Snow,Dark,Slush,Non-Fatal Injury,Approaching,Vehicle Owner,unknown,,,,,,,,,,,,,Yes,,,,Yes,Yes,Yes,,,Agincourt North
1150,Major Arterial,Scarborough,Intersection,Traffic Signal,Other,Daylight,Dry,Non-Fatal Injury,Pedestrian Collisions,Vehicle Owner,unknown,,,,,,,,,,,Yes,,,,Yes,,,,Yes,,,Dorset Park
730,Major Arterial,Scarborough,Intersection,Traffic Signal,Clear,Daylight,Dry,Non-Fatal Injury,Pedestrian Collisions,Pedestrian,50 to 54,Major,,Unknown,,Vehicle turns left while ped crosses with ROW at inter.,Crossing with right of way,Normal,,,,Yes,,Yes,,,,,,,,,West Hill
1220,Major Arterial,Etobicoke York,Intersection,No Control,Clear,Daylight,Dry,Non-Fatal Injury,Sideswipe,Driver,60 to 64,,South,Going Ahead,Driving Properly,,,,,,,,,Yes,Yes,,,,,,,,Pelmo Park-Humberlea
2047,Minor Arterial,Scarborough,Intersection,Traffic Signal,Clear,Daylight,Dry,Non-Fatal Injury,Cyclist Collisions,Driver,65 to 69,,South,Turning Left,Failed to Yield Right of Way,,,,,,,,Yes,Yes,,,,,,Yes,,,Birchcliffe-Cliffside
1820,Major Arterial,Toronto and East York,Intersection,No Control,Clear,Daylight,Dry,Non-Fatal Injury,Cyclist Collisions,Driver,65 to 69,,North,Turning Left,Improper Turn,,,,,,,,Yes,Yes,,,,,,,,,Casa Loma
1150,Major Arterial,Scarborough,Intersection,Traffic Signal,Other,Daylight,Dry,Non-Fatal Injury,Pedestrian Collisions,Truck Driver,45 to 49,,South,Turning Right,Failed to Yield Right of Way,,,,,,,Yes,,,,Yes,,,,Yes,,,Dorset Park
1355,Major Arterial,Etobicoke York,Intersection,Traffic Signal,Clear,Daylight,Dry,Non-Fatal Injury,Turning Movement,Vehicle Owner,unknown,,,,,,,,,,,,,Yes,,,,,,Yes,,,Markland Wood
2307,Major Arterial,Scarborough,Mid-Block,No Control,Snow,Dark,Slush,Non-Fatal Injury,Approaching,Driver,15 to 19,,South,Going Ahead,Driving Properly,,,,,,,,,Yes,,,,Yes,Yes,Yes,,,Agincourt North
800,Collector,North York,Intersection,Stop Sign,Clear,Daylight,Dry,Non-Fatal Injury,Pedestrian Collisions,Driver,65 to 69,,South,Turning Left,Failed to Yield Right of Way,,,,,,,Yes,,Yes,,,,,,Yes,,,Newtonbrook West
2047,Minor Arterial,Scarborough,Intersection,Traffic Signal,Clear,Daylight,Dry,Non-Fatal Injury,Cyclist Collisions,Cyclist,55 to 59,Major,North,Going Ahead,,,,,Motorist turned left across cyclists path.,Other,Had Been Drinking,,Yes,Yes,,,,,,Yes,,,Birchcliffe-Cliffside
750,Major Arterial,Etobicoke York,Intersection,Traffic Signal,Clear,Daylight,Dry,Non-Fatal Injury,Rear End,Motorcycle Driver,25 to 29,Major,East,Going Ahead,Lost control,,,,,,,,,Yes,Yes,,,,,,,,Keelesdale-Eglinton West
1820,Major Arterial,Toronto and East York,Intersection,No Control,Clear,Daylight,Dry,Non-Fatal Injury,Cyclist Collisions,Cyclist,35 to 39,Major,South,Going Ahead,,,,,Motorist turned left across cyclists path.,Driving Properly,Normal,,Yes,Yes,,,,,,,,,Casa Loma
750,Major Arterial,Etobicoke York,Intersection,Traffic Signal,Clear,Daylight,Dry,Non-Fatal Injury,Rear End,Driver,55 to 59,,East,Stopped,Driving Properly,,,,,,,,,Yes,Yes,,,,,,,,Keelesdale-Eglinton West
1355,Major Arterial,Etobicoke York,Intersection,Traffic Signal,Clear,Daylight,Dry,Non-Fatal Injury,Turning Movement,Driver,15 to 19,,West,Turning Left,Failed to Yield Right of Way,,,,,,,,,Yes,,,,,,Yes,,,Markland Wood
1150,Major Arterial,Scarborough,Intersection,Traffic Signal,Other,Daylight,Dry,Non-Fatal Injury,Pedestrian Collisions,Pedestrian,35 to 39,Major,South,,,Vehicle turns right while ped crosses with ROW at inter.,Crossing with right of way,Normal,,,,Yes,,,,Yes,,,,Yes,,,Dorset Park
343,Major Arterial,Scarborough,Intersection,Traffic Signal,Clear,Dark,Dry,Non-Fatal Injury,Angle,Passenger,30 to 34,Major,,,,,,,,,,,,Yes,,,,Yes,,Yes,Yes,Yes,Milliken
800,Collector,North York,Intersection,Stop Sign,Clear,Daylight,Dry,Non-Fatal Injury,Pedestrian Collisions,Pedestrian,45 to 49,Major,North,,,Vehicle turns left while ped crosses with ROW at inter.,Crossing with right of way,Normal,,,,Yes,,Yes,,,,,,Yes,,,Newtonbrook West
2040,Local,Etobicoke York,Mid-Block,No Control,Clear,Daylight,Dry,Non-Fatal Injury,Cyclist Collisions,Passenger,35 to 39,,,,,,,,,,,,Yes,Yes,,,,Yes,,,,,Oakdale-Beverley Heights
1355,Major Arterial,Etobicoke York,Intersection,Traffic Signal,Clear,Daylight,Dry,Non-Fatal Injury,Turning Movement,Vehicle Owner,unknown,,,,,,,,,,,,,Yes,,,,,,Yes,,,Markland Wood
750,Major Arterial,Etobicoke York,Intersection,Traffic Signal,Clear,Daylight,Dry,Non-Fatal Injury,Rear End,Driver,35 to 39,,East,Stopped,Driving Properly,,,,,,,,,Yes,Yes,,,,,,,,Keelesdale-Eglinton West
1748,Major Arterial,North York,Mid-Block,No Control,Clear,Daylight,Dry,Non-Fatal Injury,Cyclist Collisions,Driver,45 to 49,,South,Changing Lanes,Improper Lane Change,,,,,,,,Yes,Yes,,,,,,,,,Yonge-Doris
2330,Major Arterial,Toronto and East York,Intersection,Traffic Signal,Rain,Dark,Wet,Non-Fatal Injury,Pedestrian Collisions,Pedestrian,45 to 49,Major,,,,Other / Undefined,Other,"Ability Impaired, Alcohol",,,,Yes,,Yes,,,,,,,,,Annex
2133,,Toronto and East York,Intersection,No Control,Clear,Dark,Dry,Non-Fatal Injury,SMV Other,Driver,40 to 44,Major,East,Going Ahead,Lost control,,,,,,,,,Yes,,,,,,,,,Harbourfront-CityPlace
1748,Major Arterial,North York,Mid-Block,No Control,Clear,Daylight,Dry,Non-Fatal Injury,Cyclist Collisions,Cyclist,30 to 34,Major,South,Going Ahead,,,,,Cyclist and Driver travelling in same direction. One vehicle sideswipes the other.,Driving Properly,Normal,,Yes,Yes,,,,,,,,,Yonge-Doris
343,Major Arterial,Scarborough,Intersection,Traffic Signal,Clear,Dark,Dry,Non-Fatal Injury,Angle,Passenger,35 to 39,Minor,,,,,,,,,,,,Yes,,,,Yes,,Yes,Yes,Yes,Milliken
1355,Major Arterial,Etobicoke York,Intersection,Traffic Signal,Clear,Daylight,Dry,Non-Fatal Injury,Turning Movement,Driver,40 to 44,,North,Stopped,Driving Properly,,,,,,,,,Yes,,,,,,Yes,,,Markland Wood
1133,Major Arterial,Toronto and East York,Mid-Block,No Control,Clear,Daylight,Dry,Non-Fatal Injury,SMV Other,Motorcycle Driver,35 to 39,Major,East,Slowing or Stopping,Speed too Fast For Condition,,,,,,,,,,Yes,,,,Yes,Yes,,,South Parkdale
2040,Local,Etobicoke York,Mid-Block,No Control,Clear,Daylight,Dry,Non-Fatal Injury,Cyclist Collisions,Driver,35 to 39,,North,Going Ahead,Driving Properly,,,,,,,,Yes,Yes,,,,Yes,,,,,Oakdale-Beverley Heights
1529,Major Arterial,Toronto and East York,Intersection,No Control,Clear,Daylight,Dry,Non-Fatal Injury,Pedestrian Collisions,Driver,30 to 34,,West,Going Ahead,Driving Properly,,,,,,,Yes,,Yes,,,,,,,,,Downtown Yonge East
1529,Major Arterial,Toronto and East York,Intersection,No Control,Clear,Daylight,Dry,Non-Fatal Injury,Pedestrian Collisions,Wheelchair,45 to 49,Major,North,,,Vehicle is going straight thru inter.while ped cross without ROW,"Crossing, no Traffic Control",Medical or Physical Disability,,,,Yes,,Yes,,,,,,,,,Downtown Yonge East
1905,Major Arterial,Scarborough,Intersection,Traffic Signal,Clear,Dark,Dry,Non-Fatal Injury,Pedestrian Collisions,Driver,50 to 54,,North,Turning Left,Failed to Yield Right of Way,,,,,,,Yes,,Yes,,,,,,Yes,,,Tam O'Shanter-Sullivan
343,Major Arterial,Scarborough,Intersection,Traffic Signal,Clear,Dark,Dry,Non-Fatal Injury,Angle,Driver,35 to 39,Minor,West,Going Ahead,Driving Properly,,,,,,,,,Yes,,,,Yes,,Yes,Yes,Yes,Milliken
1355,Major Arterial,Etobicoke York,Intersection,Traffic Signal,Clear,Daylight,Dry,Non-Fatal Injury,Turning Movement,Driver,25 to 29,Major,East,Going Ahead,Driving Properly,,,,,,,,,Yes,,,,,,Yes,,,Markland Wood
950,Minor Arterial,Etobicoke York,Intersection,Traffic Signal,Clear,Daylight,Dry,Non-Fatal Injury,Turning Movement,Driver,35 to 39,,East,Turning Left,Driving Properly,,,,,,,,,Yes,,,,,,Yes,Yes,,Eringate-Centennial-West Deane
542,Minor Arterial,Toronto and East York,Intersection,No Control,Clear,Daylight,Dry,Non-Fatal Injury,Pedestrian Collisions,Driver,30 to 34,,North,Changing Lanes,Lost control,,,,,,,Yes,,Yes,,,,,,,,,High Park-Swansea
2040,Local,Etobicoke York,Mid-Block,No Control,Clear,Daylight,Dry,Non-Fatal Injury,Cyclist Collisions,Cyclist,5 to 9,Major,South,Going Ahead,,,,,Insufficient information (to determine cyclist crash type).,Other,Inattentive,,Yes,Yes,,,,Yes,,,,,Oakdale-Beverley Heights
950,Minor Arterial,Etobicoke York,Intersection,Traffic Signal,Clear,Daylight,Dry,Non-Fatal Injury,Turning Movement,Driver,80 to 84,Major,West,Going Ahead,Disobeyed Traffic Control,,,,,,,,,Yes,,,,,,Yes,Yes,,Eringate-Centennial-West Deane
1450,Major Arterial,Toronto and East York,Mid-Block,No Control,Clear,Daylight,Dry,Non-Fatal Injury,Cyclist Collisions,Cyclist,20 to 24,Major,East,Going Ahead,,,,,"Cyclist loses control and strikes object (pole, ttc track)",Lost control,Normal,,Yes,,,,,,,,,,Moss Park
1905,Major Arterial,Scarborough,Intersection,Traffic Signal,Clear,Dark,Dry,Non-Fatal Injury,Pedestrian Collisions,Pedestrian,45 to 49,Major,,,,Vehicle turns left while ped crosses with ROW at inter.,Crossing with right of way,Normal,,,,Yes,,Yes,,,,,,Yes,,,Tam O'Shanter-Sullivan
343,Major Arterial,Scarborough,Intersection,Traffic Signal,Clear,Dark,Dry,Non-Fatal Injury,Angle,Driver,15 to 19,,South,Going Ahead,Disobeyed Traffic Control,,,,,,,,,Yes,,,,Yes,,Yes,Yes,Yes,Milliken
800,Major Arterial,Scarborough,Intersection,Traffic Signal,Clear,Daylight,Dry,Non-Fatal Injury,Rear End,Vehicle Owner,unknown,,,,,,,,,,,,,Yes,,,,Yes,Yes,Yes,Yes,,Morningside Heights
542,Minor Arterial,Toronto and East York,Intersection,No Control,Clear,Daylight,Dry,Non-Fatal Injury,Pedestrian Collisions,Other,unknown,,,Parked,,,,,,,,Yes,,Yes,,,,,,,,,High Park-Swansea
800,Major Arterial,Scarborough,Intersection,Traffic Signal,Clear,Daylight,Dry,Non-Fatal Injury,Rear End,Driver,40 to 44,Minor,North,Going Ahead,Disobeyed Traffic Control,,,,,,,,,Yes,,,,Yes,Yes,Yes,Yes,,Morningside Heights
220,Collector,Etobicoke York,Mid-Block,No Control,Clear,Dark,Dry,Non-Fatal Injury,SMV Other,Vehicle Owner,unknown,,,,,,,,,,,,,Yes,,,,,Yes,Yes,,Yes,Islington
1520,Major Arterial,Scarborough,Mid-Block,No Control,Clear,Daylight,Wet,Non-Fatal Injury,Approaching,Vehicle Owner,unknown,,,,,,,,,,,,,Yes,,,,Yes,Yes,Yes,,,Dorset Park
1403,Major Arterial,Toronto and East York,Intersection,Traffic Signal,Clear,Daylight,Dry,Non-Fatal Injury,Pedestrian Collisions,Pedestrian,70 to 74,Major,,,,Vehicle turns left while ped crosses with ROW at inter.,Crossing with right of way,Normal,,,,Yes,,Yes,,,,,,Yes,,,Annex
2152,,Toronto and East York,Mid-Block,No Control,Rain,Dark,Wet,Non-Fatal Injury,SMV Other,Driver,30 to 34,Major,East,Going Ahead,Lost control,,,,,,,,,Yes,,,,,,,,,St Lawrence-East Bayfront-The Islands
1219,Major Arterial,Scarborough,Intersection,Traffic Signal,Clear,Daylight,Dry,Non-Fatal Injury,Angle,Passenger,20 to 24,Major,,,,,,,,,,,,Yes,,,,Yes,,Yes,Yes,,West Hill
542,Minor Arterial,Toronto and East York,Intersection,No Control,Clear,Daylight,Dry,Non-Fatal Injury,Pedestrian Collisions,Pedestrian,50 to 54,Major,North,,,Other / Undefined,Person Getting on/off Vehicle,Normal,,,,Yes,,Yes,,,,,,,,,High Park-Swansea
220,Collector,Etobicoke York,Mid-Block,No Control,Clear,Dark,Dry,Non-Fatal Injury,SMV Other,Driver,25 to 29,Major,South,Going Ahead,Lost control,,,,,,,,,Yes,,,,,Yes,Yes,,Yes,Islington
1520,Major Arterial,Scarborough,Mid-Block,No Control,Clear,Daylight,Wet,Non-Fatal Injury,Approaching,Driver,50 to 54,Major,South,Going Ahead,Driving Properly,,,,,,,,,Yes,,,,Yes,Yes,Yes,,,Dorset Park
800,Major Arterial,Scarborough,Intersection,Traffic Signal,Clear,Daylight,Dry,Non-Fatal Injury,Rear End,Driver,45 to 49,Minor,West,Stopped,Driving Properly,,,,,,,,,Yes,,,,Yes,Yes,Yes,Yes,,Morningside Heights
1403,Major Arterial,Toronto and East York,Intersection,Traffic Signal,Clear,Daylight,Dry,Non-Fatal Injury,Pedestrian Collisions,Vehicle Owner,unknown,,,,,,,,,,,Yes,,Yes,,,,,,Yes,,,Annex
815,Major Arterial,Toronto and East York,Mid-Block,No Control,Clear,Daylight,Dry,Non-Fatal Injury,Pedestrian Collisions,Driver,15 to 19,,North,Going Ahead,Failed to Yield Right of Way,,,,,,,Yes,,Yes,,,,,,Yes,,,O'Connor-Parkview
1425,Major Arterial,North York,Intersection,Traffic Signal,Clear,Daylight,Dry,Non-Fatal Injury,Cyclist Collisions,Driver,25 to 29,,North,Turning Left,Improper Turn,,,,,,,,Yes,Yes,,,,,,,,,Leaside-Bennington
1219,Major Arterial,Scarborough,Intersection,Traffic Signal,Clear,Daylight,Dry,Non-Fatal Injury,Angle,Driver,20 to 24,Major,East,Going Ahead,Driving Properly,,,,,,,,,Yes,,,,Yes,,Yes,Yes,,West Hill
1403,Major Arterial,Toronto and East York,Intersection,Traffic Signal,Clear,Daylight,Dry,Non-Fatal Injury,Pedestrian Collisions,Driver,35 to 39,,West,Turning Left,Failed to Yield Right of Way,,,,,,,Yes,,Yes,,,,,,Yes,,,Annex
815,Major Arterial,Toronto and East York,Mid-Block,No Control,Clear,Daylight,Dry,Non-Fatal Injury,Pedestrian Collisions,Pedestrian,20 to 24,Minor,,Unknown,,Pedestrian hit on sidewalk or shoulder,On Sidewalk or Shoulder,Normal,,,,Yes,,Yes,,,,,,Yes,,,O'Connor-Parkview
1520,Major Arterial,Scarborough,Mid-Block,No Control,Clear,Daylight,Wet,Non-Fatal Injury,Approaching,Passenger,20 to 24,Minimal,,,,,,,,,,,,Yes,,,,Yes,Yes,Yes,,,Dorset Park
1425,Major Arterial,North York,Intersection,Traffic Signal,Clear,Daylight,Dry,Non-Fatal Injury,Cyclist Collisions,Cyclist,45 to 49,Major,South,Going Ahead,,,,,Motorist turned left across cyclists path.,Disobeyed Traffic Control,Normal,,Yes,Yes,,,,,,,,,Leaside-Bennington
1407,Minor Arterial,Toronto and East York,Mid-Block,No Control,Clear,Daylight,Dry,Non-Fatal Injury,Pedestrian Collisions,Pedestrian,75 to 79,Major,South,,,Vehicle is reversing and hits pedestrian,Other,Inattentive,,,,Yes,,Yes,,,,,,Yes,,,Broadview North
800,Major Arterial,Scarborough,Intersection,Traffic Signal,Clear,Daylight,Dry,Non-Fatal Injury,Rear End,Passenger,10 to 14,Minimal,,,,,,,,,,,,Yes,,,,Yes,Yes,Yes,Yes,,Morningside Heights
1219,Major Arterial,Scarborough,Intersection,Traffic Signal,Clear,Daylight,Dry,Non-Fatal Injury,Angle,Driver,50 to 54,,North,Going Ahead,Disobeyed Traffic Control,,,,,,,,,Yes,,,,Yes,,Yes,Yes,,West Hill
815,Major Arterial,Toronto and East York,Mid-Block,No Control,Clear,Daylight,Dry,Non-Fatal Injury,Pedestrian Collisions,Pedestrian,85 to 89,Major,,Unknown,,Pedestrian hit on sidewalk or shoulder,On Sidewalk or Shoulder,Normal,,,,Yes,,Yes,,,,,,Yes,,,O'Connor-Parkview
2230,Major Arterial,Toronto and East York,Intersection,No Control,Clear,Dark,Dry,Non-Fatal Injury,SMV Other,Driver,30 to 34,Major,East,Going Ahead,Lost control,,,,,,,,,Yes,,,,,,,,,St Lawrence-East Bayfront-The Islands
1428,Major Arterial,North York,Intersection,Traffic Signal,Clear,"Daylight, artificial",Dry,Non-Fatal Injury,Turning Movement,Passenger,80 to 84,Major,,,,,,,,,,,,Yes,,,,Yes,,Yes,,,Willowdale West
1407,Minor Arterial,Toronto and East York,Mid-Block,No Control,Clear,Daylight,Dry,Non-Fatal Injury,Pedestrian Collisions,Driver,50 to 54,,South,Reversing,Failed to Yield Right of Way,,,,,,,Yes,,Yes,,,,,,Yes,,,Broadview North
2300,Local,Toronto and East York,Mid-Block,No Control,Rain,Dark,Wet,Non-Fatal Injury,Pedestrian Collisions,Driver,unknown,,West,Going Ahead,Failed to Yield Right of Way,,,,,,,Yes,,Yes,,,,,,Yes,,,North Riverdale
53,Major Arterial,Toronto and East York,Intersection,No Control,Clear,Dark,Dry,Fatal,Approaching,Vehicle Owner,unknown,,,,,,,,,,,,,Yes,,,Yes,Yes,Yes,Yes,,Yes,Fort York-Liberty Village
2123,Major Arterial,Toronto and East York,Intersection,Traffic Signal,Clear,Dark,Dry,Non-Fatal Injury,Pedestrian Collisions,Pedestrian,55 to 59,Major,North,,,Vehicle is going straight thru inter.while ped cross without ROW,Crossing without right of way,Unknown,,,,Yes,,Yes,,,,,Yes,Yes,,,Moss Park
800,Major Arterial,Scarborough,Intersection,Traffic Signal,Clear,Daylight,Dry,Non-Fatal Injury,Rear End,Passenger,45 to 49,Minor,,,,,,,,,,,,Yes,,,,Yes,Yes,Yes,Yes,,Morningside Heights
1520,Major Arterial,Scarborough,Mid-Block,No Control,Clear,Daylight,Wet,Non-Fatal Injury,Approaching,Passenger,20 to 24,Minimal,,,,,,,,,,,,Yes,,,,Yes,Yes,Yes,,,Dorset Park
53,Major Arterial,Toronto and East York,Intersection,No Control,Clear,Dark,Dry,Fatal,Approaching,Driver,30 to 34,,East,Going Ahead,Driving Properly,,,,,,,,,Yes,,,Yes,Yes,Yes,Yes,,Yes,Fort York-Liberty Village
1428,Major Arterial,North York,Intersection,Traffic Signal,Clear,"Daylight, artificial",Dry,Non-Fatal Injury,Turning Movement,Driver,90 to 94,Minimal,West,Turning Left,Failed to Yield Right of Way,,,,,,,,,Yes,,,,Yes,,Yes,,,Willowdale West
1520,Major Arterial,Scarborough,Mid-Block,No Control,Clear,Daylight,Wet,Non-Fatal Injury,Approaching,Vehicle Owner,unknown,,,,,,,,,,,,,Yes,,,,Yes,Yes,Yes,,,Dorset Park
53,Major Arterial,Toronto and East York,Intersection,No Control,Clear,Dark,Dry,Fatal,Approaching,Passenger,20 to 24,Major,,,,,,,,,,,,Yes,,,Yes,Yes,Yes,Yes,,Yes,Fort York-Liberty Village
2300,Local,Toronto and East York,Mid-Block,No Control,Rain,Dark,Wet,Non-Fatal Injury,Pedestrian Collisions,Pedestrian,25 to 29,Major,,,,Pedestrian hit at mid-block,"Crossing, no Traffic Control",Had Been Drinking,,,,Yes,,Yes,,,,,,Yes,,,North Riverdale
2123,Major Arterial,Toronto and East York,Intersection,Traffic Signal,Clear,Dark,Dry,Non-Fatal Injury,Pedestrian Collisions,Driver,unknown,,West,Unknown,Exceeding Speed Limit,,,,,,,Yes,,Yes,,,,,Yes,Yes,,,Moss Park
1553,Minor Arterial,Toronto and East York,Intersection,Traffic Signal,Clear,Daylight,Dry,Non-Fatal Injury,Angle,Driver,30 to 34,,West,Going Ahead,Driving Properly,,,,,,,,,Yes,Yes,,,,,Yes,Yes,,Broadview North
800,Major Arterial,Scarborough,Intersection,Traffic Signal,Clear,Daylight,Dry,Non-Fatal Injury,Rear End,Vehicle Owner,unknown,,,,,,,,,,,,,Yes,,,,Yes,Yes,Yes,Yes,,Morningside Heights
1428,Major Arterial,North York,Intersection,Traffic Signal,Clear,"Daylight, artificial",Dry,Non-Fatal Injury,Turning Movement,Passenger,20 to 24,,,,,,,,,,,,,Yes,,,,Yes,,Yes,,,Willowdale West
1520,Major Arterial,Scarborough,Mid-Block,No Control,Clear,Daylight,Wet,Non-Fatal Injury,Approaching,Driver,20 to 24,,North,Going Ahead,Speed too Fast For Condition,,,,,,,,,Yes,,,,Yes,Yes,Yes,,,Dorset Park
1219,Major Arterial,Scarborough,Intersection,Traffic Signal,Clear,Daylight,Dry,Non-Fatal Injury,Angle,Other Property Owner,unknown,,,,,,,,,,,,,Yes,,,,Yes,,Yes,Yes,,West Hill
1219,Major Arterial,Scarborough,Intersection,Traffic Signal,Clear,Daylight,Dry,Non-Fatal Injury,Angle,Other Property Owner,unknown,,,,,,,,,,,,,Yes,,,,Yes,,Yes,Yes,,West Hill
53,Major Arterial,Toronto and East York,Intersection,No Control,Clear,Dark,Dry,Fatal,Approaching,Driver,20 to 24,Fatal,West,Going Ahead,Wrong Way on One Way Road,,,,,,,,,Yes,,,Yes,Yes,Yes,Yes,,Yes,Fort York-Liberty Village
1245,Major Arterial,Toronto and East York,Intersection,Traffic Signal,Clear,Daylight,Dry,Non-Fatal Injury,Other,Passenger,55 to 59,,,,,,,,,,,,,Yes,,,,Yes,,,,,Woodbine-Lumsden
1003,Major Arterial,North York,,No Control,Clear,Daylight,Dry,Non-Fatal Injury,Angle,Driver,20 to 24,Major,,Changing Lanes,,,,,,,,,,Yes,,,,,,,,,Willowdale West
1755,Minor Arterial,Toronto and East York,Intersection,Pedestrian Crossover,Clear,Daylight,Dry,Fatal,Pedestrian Collisions,Driver,80 to 84,,West,Going Ahead,Failed to Yield Right of Way,,,,,,,Yes,,Yes,,,,,,Yes,,,Woodbine-Lumsden
1553,Minor Arterial,Toronto and East York,Intersection,Traffic Signal,Clear,Daylight,Dry,Non-Fatal Injury,Angle,Motorcycle Driver,45 to 49,Major,North,Going Ahead,Disobeyed Traffic Control,,,,,,,,,Yes,Yes,,,,,Yes,Yes,,Broadview North
235,Major Arterial,Toronto and East York,Intersection,Traffic Signal,Clear,Dark,Dry,Non-Fatal Injury,Angle,Driver,30 to 34,Major,South,Going Ahead,Disobeyed Traffic Control,,,,,,,,,Yes,,,,Yes,,Yes,Yes,Yes,South Riverdale
800,Major Arterial,Scarborough,Intersection,Traffic Signal,Clear,Daylight,Dry,Non-Fatal Injury,Rear End,Driver,20 to 24,Major,West,Going Ahead,Driving Properly,,,,,,,,,Yes,,,,Yes,Yes,Yes,Yes,,Morningside Heights
1428,Major Arterial,North York,Intersection,Traffic Signal,Clear,"Daylight, artificial",Dry,Non-Fatal Injury,Turning Movement,Vehicle Owner,unknown,,,,,,,,,,,,,Yes,,,,Yes,,Yes,,,Willowdale West
2005,Major Arterial,Etobicoke York,Intersection,Traffic Signal,Clear,Daylight,Dry,Non-Fatal Injury,Pedestrian Collisions,Vehicle Owner,unknown,,,,,,,,,,,Yes,,,,,Yes,,,,,,Humbermede
1601,Major Arterial,Toronto and East York,Mid-Block,No Control,Clear,Daylight,Dry,Non-Fatal Injury,Pedestrian Collisions,Vehicle Owner,unknown,,,,,,,,,,,Yes,,Yes,,,,,,,,,University
235,Major Arterial,Toronto and East York,Intersection,Traffic Signal,Clear,Dark,Dry,Non-Fatal Injury,Angle,Passenger,25 to 29,Major,,,,,,,,,,,,Yes,,,,Yes,,Yes,Yes,Yes,South Riverdale
235,Major Arterial,Toronto and East York,Intersection,Traffic Signal,Clear,Dark,Dry,Non-Fatal Injury,Angle,Passenger,20 to 24,Major,,,,,,,,,,,,Yes,,,,Yes,,Yes,Yes,Yes,South Riverdale
1720,Major Arterial,Etobicoke York,Mid-Block,No Control,Clear,Daylight,Dry,Non-Fatal Injury,SMV Other,Passenger,60 to 64,Minimal,,Other,,,,,,,,,,Yes,,,,Yes,,,,,Pelmo Park-Humberlea
1428,Major Arterial,North York,Intersection,Traffic Signal,Clear,"Daylight, artificial",Dry,Non-Fatal Injury,Turning Movement,Driver,25 to 29,,East,Going Ahead,Driving Properly,,,,,,,,,Yes,,,,Yes,,Yes,,,Willowdale West
2005,Major Arterial,Etobicoke York,Intersection,Traffic Signal,Clear,Daylight,Dry,Non-Fatal Injury,Pedestrian Collisions,Driver,unknown,,West,Changing Lanes,Improper Lane Change,,,,,,,Yes,,,,,Yes,,,,,,Humbermede
1755,Minor Arterial,Toronto and East York,Intersection,Pedestrian Crossover,Clear,Daylight,Dry,Fatal,Pedestrian Collisions,Pedestrian,70 to 74,Fatal,South,,,Pedestrian hit a PXO/ped. Mid-block signal,"Crossing, Pedestrian Crossover",Normal,,,,Yes,,Yes,,,,,,Yes,,,Woodbine-Lumsden
2205,Major Arterial,North York,,,Other,Dark,Other,Non-Fatal Injury,SMV Other,Driver,20 to 24,Major,,Going Ahead,,,,,,,,,,Yes,,,,,,,,,Newtonbrook West
1245,Major Arterial,Toronto and East York,Intersection,Traffic Signal,Clear,Daylight,Dry,Non-Fatal Injury,Other,Passenger,85 to 89,Major,,,,,,,,,,,,Yes,,,,Yes,,,,,Woodbine-Lumsden
1601,Major Arterial,Toronto and East York,Mid-Block,No Control,Clear,Daylight,Dry,Non-Fatal Injury,Pedestrian Collisions,Driver,35 to 39,,West,Going Ahead,Driving Properly,,,,,,,Yes,,Yes,,,,,,,,,University
1956,Major Arterial,North York,Intersection,No Control,Clear,Dark,Dry,Non-Fatal Injury,Pedestrian Collisions,Pedestrian,40 to 44,Major,,,,Vehicle is going straight thru inter.while ped cross without ROW,"Crossing, no Traffic Control",Normal,,,,Yes,,Yes,,,,,,,,,Downsview
1655,Major Arterial,Etobicoke York,Intersection,No Control,Clear,Daylight,Dry,Non-Fatal Injury,Pedestrian Collisions,Vehicle Owner,unknown,,,,,,,,,,,Yes,,,,,Yes,,,,,,Rockcliffe-Smythe
1428,Major Arterial,North York,Intersection,Traffic Signal,Clear,"Daylight, artificial",Dry,Non-Fatal Injury,Turning Movement,Other Property Owner,unknown,,,,,,,,,,,,,Yes,,,,Yes,,Yes,,,Willowdale West
1720,Major Arterial,Etobicoke York,Mid-Block,No Control,Clear,Daylight,Dry,Non-Fatal Injury,SMV Other,Passenger,65 to 69,Minimal,,Other,,,,,,,,,,Yes,,,,Yes,,,,,Pelmo Park-Humberlea
235,Major Arterial,Toronto and East York,Intersection,Traffic Signal,Clear,Dark,Dry,Non-Fatal Injury,Angle,Driver,25 to 29,Major,West,Going Ahead,Driving Properly,,,,,,,,,Yes,,,,Yes,,Yes,Yes,Yes,South Riverdale
1245,Major Arterial,Toronto and East York,Intersection,Traffic Signal,Clear,Daylight,Dry,Non-Fatal Injury,Other,Vehicle Owner,unknown,,,,,,,,,,,,,Yes,,,,Yes,,,,,Woodbine-Lumsden