TIME,ROAD_CLASS,DISTRICT,LOCCOORD,TRAFFCTL,VISIBILITY,LIGHT,RDSFCOND,ACCLASS,IMPACTYPE,INVTYPE,INVAGE,INJURY,INITDIR,MANOEUVER,DRIVACT,PEDTYPE,PEDACT,PEDCOND,CYCLISTYPE,CYCACT,CYCCOND,PEDESTRIAN,CYCLIST,AUTOMOBILE,MOTORCYCLE,TRUCK,TRSN_CITY_VEH,PASSENGER,SPEEDING,AG_DRIV,REDLIGHT,ALCOHOL,NEIGHBOURHOOD_158
1601,Major Arterial,Toronto and East York,Mid-Block,No Control,Clear,Daylight,Dry,Non-Fatal Injury,Pedestrian Collisions,Pedestrian,25 to 29,Major,Unknown,,,Other / Undefined,Other,Medical or Physical Disability,,,,Yes,,Yes,,,,,,,,,University
2005,Major Arterial,Etobicoke York,Intersection,Traffic Signal,Clear,Daylight,Dry,Non-Fatal Injury,Pedestrian Collisions,Pedestrian,45 to 49,Major,Unknown,,,Pedestrian involved in a collision with transit vehicle anywhere along roadway,Pushing/Working on Vehicle,Normal,,,,Yes,,,,,Yes,,,,,,Humbermede
1956,Major Arterial,North York,Intersection,No Control,Clear,Dark,Dry,Non-Fatal Injury,Pedestrian Collisions,Driver,25 to 29,,North,Going Ahead,Driving Properly,,,,,,,Yes,,Yes,,,,,,,,,Downsview
745,Major Arterial,Toronto and East York,Mid-Block,No Control,Clear,Daylight,Dry,Non-Fatal Injury,Cyclist Collisions,Driver,30 to 34,,West,Parked,Other,,,,,,,,Yes,Yes,,,,,,,,,Wychwood
1920,Collector,North York,Intersection,Stop Sign,Clear,Daylight,Dry,Non-Fatal Injury,Cyclist Collisions,Driver,60 to 64,,West,Going Ahead,Driving Properly,,,,,,,,Yes,Yes,,,,,,,,,Bedford Park-Nortown
1720,Major Arterial,Etobicoke York,Mid-Block,No Control,Clear,Daylight,Dry,Non-Fatal Injury,SMV Other,Passenger,75 to 79,Minimal,,Other,,,,,,,,,,Yes,,,,Yes,,,,,Pelmo Park-Humberlea
1245,Major Arterial,Toronto and East York,Intersection,Traffic Signal,Clear,Daylight,Dry,Non-Fatal Injury,Other,Driver,45 to 49,,West,Slowing or Stopping,Driving Properly,,,,,,,,,Yes,,,,Yes,,,,,Woodbine-Lumsden
1655,Major Arterial,Etobicoke York,Intersection,No Control,Clear,Daylight,Dry,Non-Fatal Injury,Pedestrian Collisions,Driver,50 to 54,,North,Going Ahead,Driving Properly,,,,,,,Yes,,,,,Yes,,,,,,Rockcliffe-Smythe
708,Major Arterial,Etobicoke York,Intersection,Traffic Signal,Clear,Daylight,Dry,Non-Fatal Injury,Pedestrian Collisions,Vehicle Owner,unknown,,,,,,,,,,,Yes,,Yes,,,,,,Yes,,,Oakdale-Beverley Heights
1920,Collector,North York,Intersection,Stop Sign,Clear,Daylight,Dry,Non-Fatal Injury,Cyclist Collisions,Cyclist,35 to 39,Major,North,Going Ahead,,,,,"Cyclist without ROW rides into path of motorist at inter, lnwy, dwy-Cyclist not turn.",Failed to Yield Right of Way,Normal,,Yes,Yes,,,,,,,,,Bedford Park-Nortown
745,Major Arterial,Toronto and East York,Mid-Block,No Control,Clear,Daylight,Dry,Non-Fatal Injury,Cyclist Collisions,Cyclist,45 to 49,Major,West,Going Ahead,,,,,Cyclist struck opened vehicle door,Driving Properly,Normal,,Yes,Yes,,,,,,,,,Wychwood
120,,Etobicoke York,Mid-Block,No Control,Clear,Dark,Dry,Non-Fatal Injury,SMV Other,Passenger,20 to 24,Minor,,,,,,,,,,,,Yes,,,,Yes,,,,Yes,Mimico-Queensway
535,Major Arterial,North York,Intersection,No Control,Clear,Dark,Dry,Non-Fatal Injury,SMV Other,Driver,25 to 29,Major,West,Going Ahead,Lost control,,,,,,,,,Yes,,,,,,,,,Newtonbrook West
1111,Collector,North York,Mid-Block,No Control,Clear,Daylight,Dry,Fatal,Pedestrian Collisions,Vehicle Owner,unknown,,,,,,,,,,,Yes,,Yes,,,,,,,,,Downsview
1655,Major Arterial,Etobicoke York,Intersection,No Control,Clear,Daylight,Dry,Non-Fatal Injury,Pedestrian Collisions,Pedestrian,15 to 19,Major,West,,,Pedestrian involved in a collision with transit vehicle anywhere along roadway,On Sidewalk or Shoulder,Inattentive,,,,Yes,,,,,Yes,,,,,,Rockcliffe-Smythe
2250,Major Arterial,Etobicoke York,Mid-Block,No Control,Clear,Dark,Loose Snow,Non-Fatal Injury,Angle,Passenger,35 to 39,Minor,,,,,,,,,,,,Yes,,,,Yes,,Yes,,,New Toronto
1720,Major Arterial,Etobicoke York,Mid-Block,No Control,Clear,Daylight,Dry,Non-Fatal Injury,SMV Other,Passenger,80 to 84,Minimal,,Other,,,,,,,,,,Yes,,,,Yes,,,,,Pelmo Park-Humberlea
915,Major Arterial,North York,Intersection,Traffic Signal,Clear,Daylight,Other,Non-Fatal Injury,Pedestrian Collisions,Vehicle Owner,unknown,,,,,,,,,,,Yes,,Yes,,,,,,Yes,,,Newtonbrook East
1111,Collector,North York,Mid-Block,No Control,Clear,Daylight,Dry,Fatal,Pedestrian Collisions,Driver,65 to 69,,East,Reversing,Other,,,,,,,Yes,,Yes,,,,,,,,,Downsview
120,,Etobicoke York,Mid-Block,No Control,Clear,Dark,Dry,Non-Fatal Injury,SMV Other,Passenger,25 to 29,Minor,,,,,,,,,,,,Yes,,,,Yes,,,,Yes,Mimico-Queensway
2250,Major Arterial,Etobicoke York,Mid-Block,No Control,Clear,Dark,Loose Snow,Non-Fatal Injury,Angle,Driver,40 to 44,,North,Going Ahead,Lost control,,,,,,,,,Yes,,,,Yes,,Yes,,,New Toronto
1838,Major Arterial,Toronto and East York,Intersection,Traffic Signal,Clear,Daylight,Dry,Fatal,Approaching,Vehicle Owner,unknown,,,,,,,,,,,,,Yes,,Yes,,,,,,,The Beaches
535,Major Arterial,North York,Intersection,No Control,Clear,Dark,Dry,Non-Fatal Injury,SMV Other,Other Property Owner,unknown,,,,,,,,,,,,,Yes,,,,,,,,,Newtonbrook West
708,Major Arterial,Etobicoke York,Intersection,Traffic Signal,Clear,Daylight,Dry,Non-Fatal Injury,Pedestrian Collisions,Driver,55 to 59,,East,Turning Left,Failed to Yield Right of Way,,,,,,,Yes,,Yes,,,,,,Yes,,,Oakdale-Beverley Heights
1838,Major Arterial,Toronto and East York,Intersection,Traffic Signal,Clear,Daylight,Dry,Fatal,Approaching,Truck Driver,45 to 49,Fatal,West,Going Ahead,Lost control,,,,,,,,,Yes,,Yes,,,,,,,The Beaches
1111,Collector,North York,Mid-Block,No Control,Clear,Daylight,Dry,Fatal,Pedestrian Collisions,Pedestrian,75 to 79,Fatal,South,,,Vehicle is reversing and hits pedestrian,Other,Unknown,,,,Yes,,Yes,,,,,,,,,Downsview
1720,Major Arterial,Etobicoke York,Mid-Block,No Control,Clear,Daylight,Dry,Non-Fatal Injury,SMV Other,Passenger,60 to 64,Minimal,,Other,,,,,,,,,,Yes,,,,Yes,,,,,Pelmo Park-Humberlea
2250,Major Arterial,Etobicoke York,Mid-Block,No Control,Clear,Dark,Loose Snow,Non-Fatal Injury,Angle,Driver,15 to 19,,North,Going Ahead,Following too Close,,,,,,,,,Yes,,,,Yes,,Yes,,,New Toronto
915,Major Arterial,North York,Intersection,Traffic Signal,Clear,Daylight,Other,Non-Fatal Injury,Pedestrian Collisions,Driver,50 to 54,,South,Turning Left,Failed to Yield Right of Way,,,,,,,Yes,,Yes,,,,,,Yes,,,Newtonbrook East
840,Collector,Scarborough,Mid-Block,No Control,Clear,Daylight,Dry,Non-Fatal Injury,Approaching,Vehicle Owner,unknown,,,,,,,,,,,,,Yes,,,,Yes,,,,,Centennial Scarborough
708,Major Arterial,Etobicoke York,Intersection,Traffic Signal,Clear,Daylight,Dry,Non-Fatal Injury,Pedestrian Collisions,Pedestrian,75 to 79,Major,,,,Vehicle turns left while ped crosses with ROW at inter.,Crossing with right of way,Normal,,,,Yes,,Yes,,,,,,Yes,,,Oakdale-Beverley Heights
1838,Major Arterial,Toronto and East York,Intersection,Traffic Signal,Clear,Daylight,Dry,Fatal,Approaching,Vehicle Owner,unknown,,,,,,,,,,,,,Yes,,Yes,,,,,,,The Beaches
120,,Etobicoke York,Mid-Block,No Control,Clear,Dark,Dry,Non-Fatal Injury,SMV Other,Passenger,25 to 29,Major,,,,,,,,,,,,Yes,,,,Yes,,,,Yes,Mimico-Queensway
723,Major Arterial,North York,Intersection,Stop Sign,Clear,Daylight,Dry,Non-Fatal Injury,Turning Movement,Motorcycle Driver,50 to 54,Major,East,Going Ahead,Improper Passing,,,,,,,,,Yes,Yes,,,,,Yes,,,Briar Hill-Belgravia
1720,Major Arterial,Etobicoke York,Mid-Block,No Control,Clear,Daylight,Dry,Non-Fatal Injury,SMV Other,Driver,65 to 69,Major,South,Going Ahead,Lost control,,,,,,,,,Yes,,,,Yes,,,,,Pelmo Park-Humberlea
1838,Major Arterial,Toronto and East York,Intersection,Traffic Signal,Clear,Daylight,Dry,Fatal,Approaching,Driver,50 to 54,,East,Stopped,Driving Properly,,,,,,,,,Yes,,Yes,,,,,,,The Beaches
840,Collector,Scarborough,Mid-Block,No Control,Clear,Daylight,Dry,Non-Fatal Injury,Approaching,Driver,40 to 44,Major,West,Going Ahead,Driving Properly,,,,,,,,,Yes,,,,Yes,,,,,Centennial Scarborough
1235,Local,Scarborough,Mid-Block,No Control,Clear,Daylight,Dry,Non-Fatal Injury,Pedestrian Collisions,Vehicle Owner,unknown,,,,,,,,,,,Yes,,Yes,,,,,,,,,Cliffcrest
120,,Etobicoke York,Mid-Block,No Control,Clear,Dark,Dry,Non-Fatal Injury,SMV Other,Passenger,25 to 29,Major,,,,,,,,,,,,Yes,,,,Yes,,,,Yes,Mimico-Queensway
915,Major Arterial,North York,Intersection,Traffic Signal,Clear,Daylight,Other,Non-Fatal Injury,Pedestrian Collisions,Pedestrian,75 to 79,Major,North,,,Vehicle turns left while ped crosses with ROW at inter.,Crossing with right of way,Normal,,,,Yes,,Yes,,,,,,Yes,,,Newtonbrook East
1620,Minor Arterial,Toronto and East York,Mid-Block,No Control,Clear,Daylight,Dry,Non-Fatal Injury,Cyclist Collisions,Driver,55 to 59,,South,Making U Turn,Failed to Yield Right of Way,,,,,,,,Yes,Yes,,,,,,Yes,,,Kensington-Chinatown
723,Major Arterial,North York,Intersection,Stop Sign,Clear,Daylight,Dry,Non-Fatal Injury,Turning Movement,Driver,55 to 59,Minimal,North,Turning Left,Improper Turn,,,,,,,,,Yes,Yes,,,,,Yes,,,Briar Hill-Belgravia
2250,Major Arterial,Etobicoke York,Mid-Block,No Control,Clear,Dark,Loose Snow,Non-Fatal Injury,Angle,Passenger,15 to 19,Major,,,,,,,,,,,,Yes,,,,Yes,,Yes,,,New Toronto
120,,Etobicoke York,Mid-Block,No Control,Clear,Dark,Dry,Non-Fatal Injury,SMV Other,Driver,30 to 34,Major,West,Going Ahead,Lost control,,,,,,,,,Yes,,,,Yes,,,,Yes,Mimico-Queensway
2120,Major Arterial,Etobicoke York,Mid-Block,,Other,Dusk,Other,Non-Fatal Injury,Other,Driver,30 to 34,Major,,Unknown,,,,,,,,,,Yes,,,,,,,,,West Humber-Clairville
1235,Local,Scarborough,Mid-Block,No Control,Clear,Daylight,Dry,Non-Fatal Injury,Pedestrian Collisions,Other,unknown,,,Parked,,,,,,,,Yes,,Yes,,,,,,,,,Cliffcrest
2250,Major Arterial,Etobicoke York,Mid-Block,No Control,Clear,Dark,Loose Snow,Non-Fatal Injury,Angle,Driver,20 to 24,Major,North,Going Ahead,Lost control,,,,,,,,,Yes,,,,Yes,,Yes,,,New Toronto
1315,,Toronto and East York,Mid-Block,No Control,Clear,Daylight,Dry,Fatal,Approaching,Passenger,50 to 54,,,,,,,,,,,,,Yes,Yes,,,Yes,,,,,Rosedale-Moore Park
1651,Major Arterial,Etobicoke York,Mid-Block,No Control,Clear,Dusk,Dry,Non-Fatal Injury,Rear End,Driver,70 to 74,Major,South,Slowing or Stopping,Driving Properly,,,,,,,,,Yes,,,,Yes,,Yes,,,Willowridge-Martingrove-Richview
1223,Major Arterial,Scarborough,Intersection,Traffic Signal,Clear,Daylight,Dry,Non-Fatal Injury,Angle,Driver,75 to 79,Major,East,Going Ahead,Driving Properly,,,,,,,,,Yes,,,,Yes,,Yes,Yes,,Wexford/Maryvale
1354,Major Arterial,North York,Intersection,Stop Sign,Clear,Daylight,Dry,Non-Fatal Injury,Pedestrian Collisions,Motorcycle Driver,45 to 49,Major,South,Going Ahead,Lost control,,,,,,,Yes,,,Yes,,,,,,,,Victoria Village
1620,Minor Arterial,Toronto and East York,Mid-Block,No Control,Clear,Daylight,Dry,Non-Fatal Injury,Cyclist Collisions,Cyclist,30 to 34,Major,South,Going Ahead,,,,,Motorist makes u-turn in-front of cyclist.,Driving Properly,Normal,,Yes,Yes,,,,,,Yes,,,Kensington-Chinatown
1040,Minor Arterial,Toronto and East York,Mid-Block,No Control,Clear,Daylight,Dry,Non-Fatal Injury,Cyclist Collisions,Driver,45 to 49,,East,Parked,Other,,,,,,,,Yes,Yes,,,,,,,,,Little Portugal
1235,Local,Scarborough,Mid-Block,No Control,Clear,Daylight,Dry,Non-Fatal Injury,Pedestrian Collisions,Vehicle Owner,unknown,,,,,,,,,,,Yes,,Yes,,,,,,,,,Cliffcrest
840,Minor Arterial,Etobicoke York,Intersection,Traffic Signal,Clear,Daylight,Dry,Non-Fatal Injury,Pedestrian Collisions,Driver,unknown,,West,Turning Left,Failed to Yield Right of Way,,,,,,,Yes,,Yes,,,,,,Yes,,,West Humber-Clairville
1354,Major Arterial,North York,Intersection,Stop Sign,Clear,Daylight,Dry,Non-Fatal Injury,Pedestrian Collisions,Pedestrian,40 to 44,,,,,Vehicle is going straight thru inter.while ped cross without ROW,Crossing without right of way,Unknown,,,,Yes,,,Yes,,,,,,,,Victoria Village
840,Collector,Scarborough,Mid-Block,No Control,Clear,Daylight,Dry,Non-Fatal Injury,Approaching,Passenger,65 to 69,Major,,,,,,,,,,,,Yes,,,,Yes,,,,,Centennial Scarborough
1651,Major Arterial,Etobicoke York,Mid-Block,No Control,Clear,Dusk,Dry,Non-Fatal Injury,Rear End,Passenger,50 to 54,Minimal,,,,,,,,,,,,Yes,,,,Yes,,Yes,,,Willowridge-Martingrove-Richview
1223,Major Arterial,Scarborough,Intersection,Traffic Signal,Clear,Daylight,Dry,Non-Fatal Injury,Angle,Passenger,5 to 9,,,,,,,,,,,,,Yes,,,,Yes,,Yes,Yes,,Wexford/Maryvale
840,Collector,Scarborough,Mid-Block,No Control,Clear,Daylight,Dry,Non-Fatal Injury,Approaching,Driver,35 to 39,Minor,East,Going Ahead,Lost control,,,,,,,,,Yes,,,,Yes,,,,,Centennial Scarborough
1040,Minor Arterial,Toronto and East York,Mid-Block,No Control,Clear,Daylight,Dry,Non-Fatal Injury,Cyclist Collisions,Cyclist,20 to 24,Major,East,Going Ahead,,,,,Cyclist struck opened vehicle door,Driving Properly,Normal,,Yes,Yes,,,,,,,,,Little Portugal
1315,,Toronto and East York,Mid-Block,No Control,Clear,Daylight,Dry,Fatal,Approaching,Passenger,50 to 54,,,,,,,,,,,,,Yes,Yes,,,Yes,,,,,Rosedale-Moore Park
1235,Local,Scarborough,Mid-Block,No Control,Clear,Daylight,Dry,Non-Fatal Injury,Pedestrian Collisions,Other,unknown,,,Parked,,,,,,,,Yes,,Yes,,,,,,,,,Cliffcrest
1402,Major Arterial,Etobicoke York,Intersection,Traffic Signal,Clear,Daylight,Dry,Non-Fatal Injury,Turning Movement,Vehicle Owner,unknown,,,,,,,,,,,,,Yes,,Yes,,,,,,,Long Branch
1733,Major Arterial,North York,Intersection,Traffic Signal,Clear,Daylight,Dry,Non-Fatal Injury,Pedestrian Collisions,Vehicle Owner,unknown,,,,,,,,,,,Yes,,Yes,,,,,,Yes,Yes,,St.Andrew-Windfields
840,Minor Arterial,Etobicoke York,Intersection,Traffic Signal,Clear,Daylight,Dry,Non-Fatal Injury,Pedestrian Collisions,Pedestrian,10 to 14,Major,East,,,Vehicle turns left while ped crosses with ROW at inter.,Crossing with right of way,Normal,,,,Yes,,Yes,,,,,,Yes,,,West Humber-Clairville
1315,,Toronto and East York,Mid-Block,No Control,Clear,Daylight,Dry,Fatal,Approaching,Driver,25 to 29,,West,Going Ahead,Driving Properly,,,,,,,,,Yes,Yes,,,Yes,,,,,Rosedale-Moore Park
1235,Local,Scarborough,Mid-Block,No Control,Clear,Daylight,Dry,Non-Fatal Injury,Pedestrian Collisions,Driver,55 to 59,,East,Going Ahead,Lost control,,,,,,,Yes,,Yes,,,,,,,,,Cliffcrest
1402,Major Arterial,Etobicoke York,Intersection,Traffic Signal,Clear,Daylight,Dry,Non-Fatal Injury,Turning Movement,Truck Driver,50 to 54,Minor,East,Going Ahead,Driving Properly,,,,,,,,,Yes,,Yes,,,,,,,Long Branch
1733,Major Arterial,North York,Intersection,Traffic Signal,Clear,Daylight,Dry,Non-Fatal Injury,Pedestrian Collisions,Driver,25 to 29,,East,Going Ahead,Disobeyed Traffic Control,,,,,,,Yes,,Yes,,,,,,Yes,Yes,,St.Andrew-Windfields
1840,Major Arterial,Toronto and East York,Intersection,Traffic Signal,Clear,Daylight,Dry,Non-Fatal Injury,Rear End,Driver,50 to 54,Major,East,Stopped,Driving Properly,,,,,,,,,Yes,,,,,,Yes,,,Wychwood
1651,Major Arterial,Etobicoke York,Mid-Block,No Control,Clear,Dusk,Dry,Non-Fatal Injury,Rear End,Driver,30 to 34,Minimal,South,Going Ahead,Following too Close,,,,,,,,,Yes,,,,Yes,,Yes,,,Willowridge-Martingrove-Richview
1733,Major Arterial,North York,Intersection,Traffic Signal,Clear,Daylight,Dry,Non-Fatal Injury,Pedestrian Collisions,Pedestrian,5 to 9,,,,,Vehicle is going straight thru inter.while ped cross with ROW,Crossing with right of way,Normal,,,,Yes,,Yes,,,,,,Yes,Yes,,St.Andrew-Windfields
1315,,Toronto and East York,Mid-Block,No Control,Clear,Daylight,Dry,Fatal,Approaching,Motorcycle Driver,30 to 34,Fatal,East,Going Ahead,Lost control,,,,,,,,,Yes,Yes,,,Yes,,,,,Rosedale-Moore Park
1402,Major Arterial,Etobicoke York,Intersection,Traffic Signal,Clear,Daylight,Dry,Non-Fatal Injury,Turning Movement,Driver,25 to 29,Major,East,Making U Turn,Improper Turn,,,,,,,,,Yes,,Yes,,,,,,,Long Branch
1223,Major Arterial,Scarborough,Intersection,Traffic Signal,Clear,Daylight,Dry,Non-Fatal Injury,Angle,Driver,35 to 39,,South,Going Ahead,Disobeyed Traffic Control,,,,,,,,,Yes,,,,Yes,,Yes,Yes,,Wexford/Maryvale
1235,Local,Scarborough,Mid-Block,No Control,Clear,Daylight,Dry,Non-Fatal Injury,Pedestrian Collisions,Pedestrian,45 to 49,Major,,,,Pedestrian hit at mid-block,Person Getting on/off Vehicle,Normal,,,,Yes,,Yes,,,,,,,,,Cliffcrest
1840,Major Arterial,Toronto and East York,Intersection,Traffic Signal,Clear,Daylight,Dry,Non-Fatal Injury,Rear End,Driver,40 to 44,Minor,East,Stopped,Driving Properly,,,,,,,,,Yes,,,,,,Yes,,,Wychwood
550,Major Arterial,Toronto and East York,Intersection,Traffic Signal,Clear,Daylight,Dry,Non-Fatal Injury,Other,Passenger,55 to 59,Minimal,,,,,,,,,,,,,,,Yes,Yes,,,,,Yonge-Bay Corridor
1025,Major Arterial,Etobicoke York,Intersection,No Control,Clear,Daylight,Dry,Non-Fatal Injury,Rear End,Driver,55 to 59,Minimal,South,Going Ahead,Following too Close,,,,,,,,,Yes,,,,,,Yes,,,Kingsview Village-The Westway
2337,Major Arterial,Etobicoke York,Mid-Block,No Control,Freezing Rain,Dark,Slush,Non-Fatal Injury,Turning Movement,Vehicle Owner,unknown,,,,,,,,,,,,,Yes,,,,,,Yes,,,Mount Dennis
2022,Major Arterial,Scarborough,Intersection,Traffic Signal,Clear,Dark,Dry,Non-Fatal Injury,Pedestrian Collisions,Driver,unknown,,West,Going Ahead,Failed to Yield Right of Way,,,,,,,Yes,,Yes,,,,,,Yes,,,L'Amoreaux West
1610,Major Arterial,Etobicoke York,Intersection,Traffic Signal,Clear,Daylight,Dry,Non-Fatal Injury,Cyclist Collisions,Driver,25 to 29,,West,Going Ahead,Driving Properly,,,,,,,,Yes,Yes,,,,,,,,,Stonegate-Queensway
1840,Major Arterial,Toronto and East York,Intersection,Traffic Signal,Clear,Daylight,Dry,Non-Fatal Injury,Rear End,Vehicle Owner,unknown,,,,,,,,,,,,,Yes,,,,,,Yes,,,Wychwood
550,Major Arterial,Toronto and East York,Intersection,Traffic Signal,Clear,Daylight,Dry,Non-Fatal Injury,Other,Passenger,55 to 59,Minimal,,,,,,,,,,,,,,,Yes,Yes,,,,,Yonge-Bay Corridor
1733,Major Arterial,North York,Intersection,Traffic Signal,Clear,Daylight,Dry,Non-Fatal Injury,Pedestrian Collisions,Pedestrian,5 to 9,,,Unknown,,Vehicle is going straight thru inter.while ped cross with ROW,Crossing with right of way,Normal,,,,Yes,,Yes,,,,,,Yes,Yes,,St.Andrew-Windfields
1315,,Toronto and East York,Mid-Block,No Control,Clear,Daylight,Dry,Fatal,Approaching,Driver,20 to 24,,West,Going Ahead,Driving Properly,,,,,,,,,Yes,Yes,,,Yes,,,,,Rosedale-Moore Park
2337,Major Arterial,Etobicoke York,Mid-Block,No Control,Freezing Rain,Dark,Slush,Non-Fatal Injury,Turning Movement,Driver,40 to 44,Major,East,Going Ahead,Driving Properly,,,,,,,,,Yes,,,,,,Yes,,,Mount Dennis
1025,Major Arterial,Etobicoke York,Intersection,No Control,Clear,Daylight,Dry,Non-Fatal Injury,Rear End,Driver,45 to 49,Major,South,Slowing or Stopping,Driving Properly,,,,,,,,,Yes,,,,,,Yes,,,Kingsview Village-The Westway
2022,Major Arterial,Scarborough,Intersection,Traffic Signal,Clear,Dark,Dry,Non-Fatal Injury,Pedestrian Collisions,Pedestrian,85 to 89,Major,North,,,Vehicle is going straight thru inter.while ped cross without ROW,Crossing without right of way,Inattentive,,,,Yes,,Yes,,,,,,Yes,,,L'Amoreaux West
550,Major Arterial,Toronto and East York,Intersection,Traffic Signal,Clear,Daylight,Dry,Non-Fatal Injury,Other,Passenger,35 to 39,Minimal,,,,,,,,,,,,,,,Yes,Yes,,,,,Yonge-Bay Corridor
1733,Major Arterial,North York,Intersection,Traffic Signal,Clear,Daylight,Dry,Non-Fatal Injury,Pedestrian Collisions,Pedestrian,25 to 29,Minor,,,,Vehicle is going straight thru inter.while ped cross with ROW,Crossing with right of way,Normal,,,,Yes,,Yes,,,,,,Yes,Yes,,St.Andrew-Windfields
1610,Major Arterial,Etobicoke York,Intersection,Traffic Signal,Clear,Daylight,Dry,Non-Fatal Injury,Cyclist Collisions,Cyclist,20 to 24,Major,West,Changing Lanes,,,,,Cyclist and Driver travelling in same direction. One vehicle sideswipes the other.,Improper Lane Change,Unknown,,Yes,Yes,,,,,,,,,Stonegate-Queensway
1500,Major Arterial,Scarborough,Intersection,Traffic Signal,Clear,Daylight,Dry,Non-Fatal Injury,Cyclist Collisions,Vehicle Owner,unknown,,,,,,,,,,,,Yes,Yes,,,,,,Yes,,,Milliken
1840,Major Arterial,Toronto and East York,Intersection,Traffic Signal,Clear,Daylight,Dry,Non-Fatal Injury,Rear End,Driver,40 to 44,,East,Going Ahead,Following too Close,,,,,,,,,Yes,,,,,,Yes,,,Wychwood
550,Major Arterial,Toronto and East York,Intersection,Traffic Signal,Clear,Daylight,Dry,Non-Fatal Injury,Other,Passenger,30 to 34,Minimal,,,,,,,,,,,,,,,Yes,Yes,,,,,Yonge-Bay Corridor
1333,Minor Arterial,Toronto and East York,Mid-Block,No Control,Clear,Daylight,Dry,Non-Fatal Injury,Cyclist Collisions,Driver,80 to 84,,North,Going Ahead,Failed to Yield Right of Way,,,,,,,,Yes,Yes,,,,,,Yes,,,High Park North
2021,Major Arterial,North York,Intersection,Traffic Signal,Clear,Dark,Dry,Non-Fatal Injury,Turning Movement,Driver,65 to 69,Major,South,Going Ahead,Driving Properly,,,,,,,,,Yes,,,,,,,,Yes,Forest Hill North
1733,Major Arterial,North York,Intersection,Traffic Signal,Clear,Daylight,Dry,Non-Fatal Injury,Pedestrian Collisions,Pedestrian,15 to 19,Major,,Unknown,,Vehicle is going straight thru inter.while ped cross with ROW,Crossing with right of way,Normal,,,,Yes,,Yes,,,,,,Yes,Yes,,St.Andrew-Windfields
1310,Major Arterial,North York,Mid-Block,No Control,Clear,Daylight,Dry,Fatal,Cyclist Collisions,Driver,55 to 59,,East,Going Ahead,Driving Properly,,,,,,,,Yes,Yes,,,,,,,,,Lawrence Park South
550,Major Arterial,Toronto and East York,Intersection,Traffic Signal,Clear,Daylight,Dry,Non-Fatal Injury,Other,Passenger,40 to 44,Minimal,,,,,,,,,,,,,,,Yes,Yes,,,,,Yonge-Bay Corridor
1155,Major Arterial,Etobicoke York,Intersection,Traffic Signal,Clear,Daylight,Dry,Non-Fatal Injury,Rear End,Driver,30 to 34,,South,Going Ahead,Following too Close,,,,,,,,,Yes,,,,Yes,,Yes,,,York University Heights
1333,Minor Arterial,Toronto and East York,Mid-Block,No Control,Clear,Daylight,Dry,Non-Fatal Injury,Cyclist Collisions,Cyclist,60 to 64,Major,North,Going Ahead,,,,,Cyclist and Driver travelling in same direction. One vehicle rear-ended the other.,Driving Properly,Normal,,Yes,Yes,,,,,,Yes,,,High Park North
2021,Major Arterial,North York,Intersection,Traffic Signal,Clear,Dark,Dry,Non-Fatal Injury,Turning Movement,Driver,80 to 84,,West,Turning Right,Improper Turn,,,,,,,,,Yes,,,,,,,,Yes,Forest Hill North
1500,Major Arterial,Scarborough,Intersection,Traffic Signal,Clear,Daylight,Dry,Non-Fatal Injury,Cyclist Collisions,Driver,45 to 49,,South,Turning Right,Failed to Yield Right of Way,,,,,,,,Yes,Yes,,,,,,Yes,,,Milliken
2337,Major Arterial,Etobicoke York,Mid-Block,No Control,Freezing Rain,Dark,Slush,Non-Fatal Injury,Turning Movement,Driver,25 to 29,Minimal,West,Turning Left,Failed to Yield Right of Way,,,,,,,,,Yes,,,,,,Yes,,,Mount Dennis
550,Major Arterial,Toronto and East York,Intersection,Traffic Signal,Clear,Daylight,Dry,Non-Fatal Injury,Other,Passenger,60 to 64,Major,,,,,,,,,,,,,,,Yes,Yes,,,,,Yonge-Bay Corridor
2245,Major Arterial,Toronto and East York,Intersection,Traffic Signal,Clear,Dark,Dry,Non-Fatal Injury,Cyclist Collisions,Vehicle Owner,unknown,,,,,,,,,,,,Yes,Yes,,,,,,Yes,Yes,Yes,St Lawrence-East Bayfront-The Islands
1440,Collector,North York,Intersection,Traffic Signal,Clear,Daylight,Dry,Non-Fatal Injury,Angle,Truck Driver,45 to 49,Major,West,Going Ahead,Disobeyed Traffic Control,,,,,,,,,Yes,,Yes,,Yes,,Yes,Yes,,Flemingdon Park
1305,Local,Scarborough,Mid-Block,No Control,Clear,Daylight,Dry,Non-Fatal Injury,Pedestrian Collisions,Driver,75 to 79,,South,Going Ahead,Failed to Yield Right of Way,,,,,,,Yes,,Yes,,,,,,Yes,,,Guildwood
1310,Major Arterial,North York,Mid-Block,No Control,Clear,Daylight,Dry,Fatal,Cyclist Collisions,Vehicle Owner,unknown,,,,,,,,,,,,Yes,Yes,,,,,,,,,Lawrence Park South
1305,Local,Scarborough,Mid-Block,No Control,Clear,Daylight,Dry,Non-Fatal Injury,Pedestrian Collisions,Pedestrian,65 to 69,Major,,,,Pedestrian hit at mid-block,Other,Normal,,,,Yes,,Yes,,,,,,Yes,,,Guildwood
550,Major Arterial,Toronto and East York,Intersection,Traffic Signal,Clear,Daylight,Dry,Non-Fatal Injury,Other,Driver,50 to 54,,West,Going Ahead,Driving Properly,,,,,,,,,,,,Yes,Yes,,,,,Yonge-Bay Corridor