TIME,ROAD_CLASS,DISTRICT,LOCCOORD,TRAFFCTL,VISIBILITY,LIGHT,RDSFCOND,ACCLASS,IMPACTYPE,INVTYPE,INVAGE,INJURY,INITDIR,MANOEUVER,DRIVACT,PEDTYPE,PEDACT,PEDCOND,CYCLISTYPE,CYCACT,CYCCOND,PEDESTRIAN,CYCLIST,AUTOMOBILE,MOTORCYCLE,TRUCK,TRSN_CITY_VEH,PASSENGER,SPEEDING,AG_DRIV,REDLIGHT,ALCOHOL,NEIGHBOURHOOD_158
2007,Minor Arterial,North York,Intersection,Stop Sign,Clear,Daylight,Dry,Non-Fatal Injury,Turning Movement,Driver,35 to 39,,West,Turning Left,Failed to Yield Right of Way,,,,,,,,,Yes,Yes,,,,,Yes,,,Yorkdale-Glen Park
2110,Minor Arterial,North York,Intersection,No Control,Clear,Dark,Dry,Non-Fatal Injury,Approaching,Driver,25 to 29,Minor,South,Going Ahead,Driving Properly,,,,,,,,,Yes,,,,Yes,,Yes,,Yes,Bathurst Manor
1348,,Toronto and East York,Mid-Block,No Control,Clear,Daylight,Dry,Non-Fatal Injury,Pedestrian Collisions,Pedestrian,40 to 44,Major,West,,,Pedestrian hit at mid-block,Running onto Roadway,"Ability Impaired, Drugs",,,,Yes,,Yes,,,,,,,,,North Riverdale
1235,Major Arterial,Etobicoke York,Intersection,Traffic Signal,Clear,Daylight,Dry,Non-Fatal Injury,Angle,Driver,50 to 54,Minimal,South,Going Ahead,Disobeyed Traffic Control,,,,,,,,,Yes,,,,Yes,,Yes,Yes,,Alderwood
231,Major Arterial,Toronto and East York,Intersection,No Control,Clear,Dark,Dry,Non-Fatal Injury,SMV Other,Driver,75 to 79,Major,East,Going Ahead,Lost control,,,,,,,,,Yes,,,,Yes,,,,,Runnymede-Bloor West Village
215,Major Arterial,Toronto and East York,Mid-Block,No Control,Clear,Dark,Dry,Non-Fatal Injury,Pedestrian Collisions,Pedestrian,25 to 29,Minor,,,,Pedestrian hit on sidewalk or shoulder,On Sidewalk or Shoulder,Inattentive,,,,Yes,,Yes,,,,,,,,,South Parkdale
1540,Collector,Etobicoke York,Mid-Block,No Control,Clear,Daylight,Dry,Non-Fatal Injury,Cyclist Collisions,Cyclist,20 to 24,Major,West,Going Ahead,,,,,Cyclist strikes a parked vehicle.,Other,Inattentive,,Yes,,,,,,,,,,Stonegate-Queensway
2155,Major Arterial,North York,Mid-Block,No Control,Clear,Dark,Dry,Fatal,Approaching,Vehicle Owner,unknown,,,,,,,,,,,,,Yes,,Yes,,Yes,Yes,Yes,,,Westminster-Branson
2025,Major Arterial,Scarborough,Intersection,Traffic Signal,Rain,Dark,Wet,Non-Fatal Injury,Pedestrian Collisions,Passenger,20 to 24,Minimal,,,,,,,,,,Yes,,Yes,,,,Yes,Yes,Yes,,,Dorset Park
1927,Minor Arterial,Toronto and East York,Intersection,Traffic Signal,Clear,Dark,Dry,Non-Fatal Injury,Cyclist Collisions,Driver,25 to 29,,East,Turning Left,Improper Turn,,,,,,,,Yes,Yes,,,,,,,,,Danforth East York
215,Major Arterial,Toronto and East York,Mid-Block,No Control,Clear,Dark,Dry,Non-Fatal Injury,Pedestrian Collisions,Pedestrian,25 to 29,Major,,,,Pedestrian hit on sidewalk or shoulder,On Sidewalk or Shoulder,Inattentive,,,,Yes,,Yes,,,,,,,,,South Parkdale
1125,Major Arterial,Toronto and East York,Mid-Block,No Control,Clear,Daylight,Dry,Non-Fatal Injury,Approaching,Driver,45 to 49,,South,Going Ahead,Driving Properly,,,,,,,,,Yes,,,,,,,,,South Eglinton-Davisville
1540,Collector,Etobicoke York,Mid-Block,No Control,Clear,Daylight,Dry,Non-Fatal Injury,Cyclist Collisions,Other,unknown,,,Parked,,,,,,,,,Yes,,,,,,,,,,Stonegate-Queensway
2155,Major Arterial,North York,Mid-Block,No Control,Clear,Dark,Dry,Fatal,Approaching,Truck Driver,25 to 29,,West,Going Ahead,Driving Properly,,,,,,,,,Yes,,Yes,,Yes,Yes,Yes,,,Westminster-Branson
2025,Major Arterial,Scarborough,Intersection,Traffic Signal,Rain,Dark,Wet,Non-Fatal Injury,Pedestrian Collisions,Vehicle Owner,unknown,,,,,,,,,,,Yes,,Yes,,,,Yes,Yes,Yes,,,Dorset Park
1125,Major Arterial,Toronto and East York,Mid-Block,No Control,Clear,Daylight,Dry,Non-Fatal Injury,Approaching,Vehicle Owner,unknown,,,,,,,,,,,,,Yes,,,,,,,,,South Eglinton-Davisville
1927,Minor Arterial,Toronto and East York,Intersection,Traffic Signal,Clear,Dark,Dry,Non-Fatal Injury,Cyclist Collisions,Cyclist,25 to 29,Major,West,Going Ahead,,,,,Motorist turned left across cyclists path.,Driving Properly,Normal,,Yes,Yes,,,,,,,,,Danforth East York
2155,Major Arterial,North York,Mid-Block,No Control,Clear,Dark,Dry,Fatal,Approaching,Passenger,20 to 24,Minor,,,,,,,,,,,,Yes,,Yes,,Yes,Yes,Yes,,,Westminster-Branson
1235,Major Arterial,Etobicoke York,Intersection,Traffic Signal,Clear,Daylight,Dry,Non-Fatal Injury,Angle,Passenger,35 to 39,Minimal,,,,,,,,,,,,Yes,,,,Yes,,Yes,Yes,,Alderwood
1125,Major Arterial,Toronto and East York,Mid-Block,No Control,Clear,Daylight,Dry,Non-Fatal Injury,Approaching,Driver,45 to 49,Major,North,Going Ahead,Lost control,,,,,,,,,Yes,,,,,,,,,South Eglinton-Davisville
1448,Major Arterial,Etobicoke York,Intersection,Traffic Signal,Clear,Daylight,Dry,Non-Fatal Injury,Pedestrian Collisions,Vehicle Owner,unknown,,,,,,,,,,,Yes,,Yes,,,,,,Yes,,,York University Heights
2155,Major Arterial,North York,Mid-Block,No Control,Clear,Dark,Dry,Fatal,Approaching,Driver,55 to 59,Minor,West,Going Ahead,Driving Properly,,,,,,,,,Yes,,Yes,,Yes,Yes,Yes,,,Westminster-Branson
1737,Major Arterial,Scarborough,Intersection,Traffic Signal,Clear,Daylight,Dry,Non-Fatal Injury,Rear End,Passenger,35 to 39,Minor,,,,,,,,,,,,Yes,,,,Yes,,Yes,,,Oakridge
1235,Major Arterial,Etobicoke York,Intersection,Traffic Signal,Clear,Daylight,Dry,Non-Fatal Injury,Angle,Driver,40 to 44,Major,East,Going Ahead,Driving Properly,,,,,,,,,Yes,,,,Yes,,Yes,Yes,,Alderwood
1125,Major Arterial,Toronto and East York,Mid-Block,No Control,Clear,Daylight,Dry,Non-Fatal Injury,Approaching,Driver,50 to 54,,South,Going Ahead,,,,,,,,,,Yes,,,,,,,,,South Eglinton-Davisville
1448,Major Arterial,Etobicoke York,Intersection,Traffic Signal,Clear,Daylight,Dry,Non-Fatal Injury,Pedestrian Collisions,Driver,40 to 44,,South,Turning Right,Failed to Yield Right of Way,,,,,,,Yes,,Yes,,,,,,Yes,,,York University Heights
2155,Major Arterial,North York,Mid-Block,No Control,Clear,Dark,Dry,Fatal,Approaching,Vehicle Owner,unknown,,,,,,,,,,,,,Yes,,Yes,,Yes,Yes,Yes,,,Westminster-Branson
1125,Major Arterial,Toronto and East York,Mid-Block,No Control,Clear,Daylight,Dry,Non-Fatal Injury,Approaching,Driver,45 to 49,Major,North,Other,,,,,,,,,,Yes,,,,,,,,,South Eglinton-Davisville
2025,Major Arterial,Scarborough,Intersection,Traffic Signal,Rain,Dark,Wet,Non-Fatal Injury,Pedestrian Collisions,Driver,20 to 24,,South,Going Ahead,Speed too Fast For Condition,,,,,,,Yes,,Yes,,,,Yes,Yes,Yes,,,Dorset Park
1737,Major Arterial,Scarborough,Intersection,Traffic Signal,Clear,Daylight,Dry,Non-Fatal Injury,Rear End,Driver,50 to 54,Minor,South,Stopped,Driving Properly,,,,,,,,,Yes,,,,Yes,,Yes,,,Oakridge
2155,Major Arterial,North York,Mid-Block,No Control,Clear,Dark,Dry,Fatal,Approaching,Driver,30 to 34,Fatal,East,Going Ahead,Lost control,,,,,,,,,Yes,,Yes,,Yes,Yes,Yes,,,Westminster-Branson
1410,Major Arterial,Toronto and East York,Mid-Block,No Control,Clear,Daylight,Dry,Non-Fatal Injury,Cyclist Collisions,Passenger,40 to 44,,,,,,,,,,,,Yes,Yes,,,,Yes,,,,,Yonge-Bay Corridor
1448,Major Arterial,Etobicoke York,Intersection,Traffic Signal,Clear,Daylight,Dry,Non-Fatal Injury,Pedestrian Collisions,Pedestrian,25 to 29,Major,East,,,Vehicle turns right while ped crosses with ROW at inter.,Crossing with right of way,Normal,,,,Yes,,Yes,,,,,,Yes,,,York University Heights
2025,Major Arterial,Scarborough,Intersection,Traffic Signal,Rain,Dark,Wet,Non-Fatal Injury,Pedestrian Collisions,Pedestrian,40 to 44,Major,East,,,Vehicle is going straight thru inter.while ped cross without ROW,Crossing without right of way,Normal,,,,Yes,,Yes,,,,Yes,Yes,Yes,,,Dorset Park
1737,Major Arterial,Scarborough,Intersection,Traffic Signal,Clear,Daylight,Dry,Non-Fatal Injury,Rear End,Passenger,15 to 19,Minor,,Other,,,,,,,,,,Yes,,,,Yes,,Yes,,,Oakridge
2155,Major Arterial,North York,Mid-Block,No Control,Clear,Dark,Dry,Fatal,Approaching,Vehicle Owner,unknown,,,,,,,,,,,,,Yes,,Yes,,Yes,Yes,Yes,,,Westminster-Branson
1410,Major Arterial,Toronto and East York,Mid-Block,No Control,Clear,Daylight,Dry,Non-Fatal Injury,Cyclist Collisions,Vehicle Owner,unknown,,,,,,,,,,,,Yes,Yes,,,,Yes,,,,,Yonge-Bay Corridor
1940,Minor Arterial,North York,Intersection,Traffic Signal,Clear,Dark,Dry,Non-Fatal Injury,Pedestrian Collisions,Pedestrian,65 to 69,Major,North,Going Ahead,,Other / Undefined,Pushing/Working on Vehicle,Inattentive,,,,Yes,,,,,,,,,,,Thorncliffe Park
2235,Major Arterial,North York,Intersection,Traffic Signal,Rain,Dark,Wet,Fatal,Pedestrian Collisions,Driver,60 to 64,,West,Going Ahead,Driving Properly,,,,,,,Yes,,Yes,,,,,,,,,Victoria Village
1400,Major Arterial,Toronto and East York,Intersection,No Control,Clear,Daylight,Dry,Non-Fatal Injury,Cyclist Collisions,Vehicle Owner,unknown,,,,,,,,,,,,Yes,Yes,,,,,,,,,Trinity-Bellwoods
38,Major Arterial,Etobicoke York,Intersection,No Control,Clear,Dark,Dry,Fatal,SMV Other,Driver,25 to 29,Fatal,South,Overtaking,Exceeding Speed Limit,,,,,,,,,Yes,,,,,Yes,Yes,,,Humber Heights-Westmount
2235,Major Arterial,North York,Intersection,Traffic Signal,Rain,Dark,Wet,Fatal,Pedestrian Collisions,Pedestrian,75 to 79,Fatal,North,,,Vehicle is going straight thru inter.while ped cross without ROW,Crossing without right of way,Unknown,,,,Yes,,Yes,,,,,,,,,Victoria Village
1400,Major Arterial,Toronto and East York,Intersection,No Control,Clear,Daylight,Dry,Non-Fatal Injury,Cyclist Collisions,Driver,60 to 64,,West,Changing Lanes,Improper Lane Change,,,,,,,,Yes,Yes,,,,,,,,,Trinity-Bellwoods
128,Major Arterial,North York,Intersection,Traffic Signal,"Fog, Mist, Smoke, Dust",Dark,Wet,Non-Fatal Injury,Pedestrian Collisions,Driver,unknown,,South,Going Ahead,Driving Properly,,,,,,,Yes,,Yes,,,,,,,,,Lawrence Park North
128,Major Arterial,North York,Intersection,Traffic Signal,"Fog, Mist, Smoke, Dust",Dark,Wet,Non-Fatal Injury,Pedestrian Collisions,Pedestrian,50 to 54,Major,East,,,Vehicle is going straight thru inter.while ped cross with ROW,Crossing with right of way,Unknown,,,,Yes,,Yes,,,,,,,,,Lawrence Park North
545,Major Arterial,Etobicoke York,Intersection,No Control,Clear,Dark,Wet,Fatal,SMV Other,Driver,55 to 59,Fatal,East,Going Ahead,Exceeding Speed Limit,,,,,,,,,Yes,,,,,Yes,Yes,,,Oakdale-Beverley Heights
1517,Major Arterial,Toronto and East York,Intersection,Traffic Signal,Clear,Daylight,Dry,Non-Fatal Injury,SMV Other,Motorcycle Passenger,30 to 34,Minor,,,,,,,,,,,,,Yes,,,Yes,,,,,South Riverdale
1400,Major Arterial,Toronto and East York,Intersection,No Control,Clear,Daylight,Dry,Non-Fatal Injury,Cyclist Collisions,Cyclist,50 to 54,Major,West,Going Ahead,,,,,Cyclist and Driver travelling in same direction. One vehicle sideswipes the other.,Driving Properly,Normal,,Yes,Yes,,,,,,,,,Trinity-Bellwoods
2321,Major Arterial,North York,Mid-Block,No Control,Rain,Dark,Wet,Non-Fatal Injury,Pedestrian Collisions,Driver,25 to 29,Minimal,South,Going Ahead,Driving Properly,,,,,,,Yes,,Yes,,,,,,,,,Henry Farm
2329,Collector,Etobicoke York,Mid-Block,Traffic Gate,Clear,Dark,Dry,Fatal,Pedestrian Collisions,Other,35 to 39,,South,Going Ahead,,,,,,,,Yes,,Yes,,,,,,,,,Weston
2321,Major Arterial,North York,Mid-Block,No Control,Rain,Dark,Wet,Non-Fatal Injury,Pedestrian Collisions,Pedestrian,25 to 29,Major,,,,Pedestrian hit at mid-block,Walking on Roadway Against Traffic,"Ability Impaired, Drugs",,,,Yes,,Yes,,,,,,,,,Henry Farm
2329,Collector,Etobicoke York,Mid-Block,Traffic Gate,Clear,Dark,Dry,Fatal,Pedestrian Collisions,Vehicle Owner,unknown,,,,,,,,,,,Yes,,Yes,,,,,,,,,Weston
1517,Major Arterial,Toronto and East York,Intersection,Traffic Signal,Clear,Daylight,Dry,Non-Fatal Injury,SMV Other,Motorcycle Driver,35 to 39,Major,East,Slowing or Stopping,Lost control,,,,,,,,,,Yes,,,Yes,,,,,South Riverdale
2329,Collector,Etobicoke York,Mid-Block,Traffic Gate,Clear,Dark,Dry,Fatal,Pedestrian Collisions,Pedestrian,20 to 24,Fatal,East,,,Pedestrian hit at mid-block,Other,Unknown,,,,Yes,,Yes,,,,,,,,,Weston
412,,Toronto and East York,Mid-Block,No Control,Clear,Dark,Dry,Non-Fatal Injury,Approaching,Passenger,50 to 54,Major,,,,,,,,,,,,Yes,,,,Yes,,Yes,,Yes,Broadview North
1818,Major Arterial,Toronto and East York,Mid-Block,No Control,Clear,Daylight,Dry,Non-Fatal Injury,Turning Movement,Vehicle Owner,unknown,,,,,,,,,,,,,Yes,Yes,,,,,,,,Dovercourt Village
2242,Major Arterial,Scarborough,Intersection,Traffic Signal,Clear,Dark,Dry,Non-Fatal Injury,Angle,Driver,40 to 44,,South,Going Ahead,Driving Properly,,,,,,,,,Yes,,,,Yes,,Yes,Yes,,West Rouge
1444,Minor Arterial,Toronto and East York,Intersection,No Control,Clear,Daylight,Dry,Non-Fatal Injury,Approaching,Vehicle Owner,unknown,,,,,,,,,,,,,Yes,,,Yes,,,,,,Little Portugal
1818,Major Arterial,Toronto and East York,Mid-Block,No Control,Clear,Daylight,Dry,Non-Fatal Injury,Turning Movement,Driver,15 to 19,,East,Making U Turn,Improper Turn,,,,,,,,,Yes,Yes,,,,,,,,Dovercourt Village
2206,Major Arterial,Etobicoke York,Mid-Block,No Control,Clear,Dark,Dry,Non-Fatal Injury,SMV Other,Passenger,30 to 34,Major,,,,,,,,,,,,Yes,,,,Yes,,,,Yes,Stonegate-Queensway
2206,Major Arterial,Etobicoke York,Mid-Block,No Control,Clear,Dark,Dry,Non-Fatal Injury,SMV Other,Driver,30 to 34,Minimal,East,Going Ahead,Lost control,,,,,,,,,Yes,,,,Yes,,,,Yes,Stonegate-Queensway
1708,Major Arterial,Toronto and East York,Mid-Block,No Control,Rain,Daylight,Wet,Fatal,Pedestrian Collisions,Vehicle Owner,unknown,,,,,,,,,,,Yes,,,,Yes,,,,,,,Junction Area
1708,Major Arterial,Toronto and East York,Mid-Block,No Control,Rain,Daylight,Wet,Fatal,Pedestrian Collisions,Truck Driver,60 to 64,,North,Going Ahead,Driving Properly,,,,,,,Yes,,,,Yes,,,,,,,Junction Area
1708,Major Arterial,Toronto and East York,Mid-Block,No Control,Rain,Daylight,Wet,Fatal,Pedestrian Collisions,Pedestrian,85 to 89,Fatal,Unknown,,,Pedestrian hit at mid-block,Other,Normal,,,,Yes,,,,Yes,,,,,,,Junction Area
1915,Major Arterial,Toronto and East York,Intersection,Traffic Signal,Rain,Dark,Wet,Non-Fatal Injury,Pedestrian Collisions,Driver,unknown,,East,Reversing,Other,,,,,,,Yes,,Yes,,,,,,,,,Casa Loma
1915,Major Arterial,Toronto and East York,Intersection,Traffic Signal,Rain,Dark,Wet,Non-Fatal Injury,Pedestrian Collisions,Pedestrian,80 to 84,Major,South,,,Vehicle is reversing and hits pedestrian,Crossing with right of way,Normal,,,,Yes,,Yes,,,,,,,,,Casa Loma
2213,Major Arterial,Etobicoke York,Intersection,Traffic Controller,Clear,Dark,Dry,Non-Fatal Injury,Turning Movement,Driver,40 to 44,Major,East,Turning Left,Failed to Yield Right of Way,,,,,,,,,Yes,,,,,,Yes,,,Eringate-Centennial-West Deane
2213,Major Arterial,Etobicoke York,Intersection,Traffic Controller,Clear,Dark,Dry,Non-Fatal Injury,Turning Movement,Driver,20 to 24,Major,West,Going Ahead,Driving Properly,,,,,,,,,Yes,,,,,,Yes,,,Eringate-Centennial-West Deane
1030,Major Arterial,Toronto and East York,Intersection,Traffic Signal,Clear,Daylight,Dry,Non-Fatal Injury,Pedestrian Collisions,Other,unknown,,South,Parked,,,,,,,,Yes,,Yes,,,,,,,,,Annex
1030,Major Arterial,Toronto and East York,Intersection,Traffic Signal,Clear,Daylight,Dry,Non-Fatal Injury,Pedestrian Collisions,Driver,70 to 74,,South,Reversing,Other,,,,,,,Yes,,Yes,,,,,,,,,Annex
1444,Minor Arterial,Toronto and East York,Intersection,No Control,Clear,Daylight,Dry,Non-Fatal Injury,Approaching,Driver,45 to 49,,South,Going Ahead,Driving Properly,,,,,,,,,Yes,,,Yes,,,,,,Little Portugal
2242,Major Arterial,Scarborough,Intersection,Traffic Signal,Clear,Dark,Dry,Non-Fatal Injury,Angle,Driver,20 to 24,,West,Going Ahead,Disobeyed Traffic Control,,,,,,,,,Yes,,,,Yes,,Yes,Yes,,West Rouge
1030,Major Arterial,Toronto and East York,Intersection,Traffic Signal,Clear,Daylight,Dry,Non-Fatal Injury,Pedestrian Collisions,Pedestrian,40 to 44,Major,,,,Vehicle is reversing and hits pedestrian,Playing or Working on Highway,Normal,,,,Yes,,Yes,,,,,,,,,Annex
1430,Collector,Scarborough,Intersection,Stop Sign,Clear,Daylight,Dry,Non-Fatal Injury,Approaching,Driver,60 to 64,Major,South,Going Ahead,Driving Properly,,,,,,,,,Yes,,,,,,,,Yes,L'Amoreaux West
1430,Collector,Scarborough,Intersection,Stop Sign,Clear,Daylight,Dry,Non-Fatal Injury,Approaching,Vehicle Owner,unknown,,,,,,,,,,,,,Yes,,,,,,,,Yes,L'Amoreaux West
1430,Collector,Scarborough,Intersection,Stop Sign,Clear,Daylight,Dry,Non-Fatal Injury,Approaching,Driver,35 to 39,Minimal,North,Going Ahead,Improper Lane Change,,,,,,,,,Yes,,,,,,,,Yes,L'Amoreaux West
1844,Minor Arterial,Toronto and East York,Intersection,Pedestrian Crossover,Clear,Daylight,Dry,Non-Fatal Injury,Cyclist Collisions,Passenger,30 to 34,,,,,,,,,,,,Yes,Yes,,,,Yes,,Yes,,,Regent Park
1844,Minor Arterial,Toronto and East York,Intersection,Pedestrian Crossover,Clear,Daylight,Dry,Non-Fatal Injury,Cyclist Collisions,Driver,25 to 29,,South,Going Ahead,Disobeyed Traffic Control,,,,,,,,Yes,Yes,,,,Yes,,Yes,,,Regent Park
1844,Minor Arterial,Toronto and East York,Intersection,Pedestrian Crossover,Clear,Daylight,Dry,Non-Fatal Injury,Cyclist Collisions,Cyclist,5 to 9,Major,West,Going Ahead,,,,,Cyclist struck at PXO(cyclist either travel in same dir. as veh. or ride across xwalk),Other,Normal,,Yes,Yes,,,,Yes,,Yes,,,Regent Park
2130,Major Arterial,Etobicoke York,Intersection,No Control,Clear,Dark,Dry,Non-Fatal Injury,Pedestrian Collisions,Vehicle Owner,unknown,,,,,,,,,,,Yes,,Yes,,,,,,,,,Rustic
2130,Major Arterial,Etobicoke York,Intersection,No Control,Clear,Dark,Dry,Non-Fatal Injury,Pedestrian Collisions,Driver,35 to 39,,South,Going Ahead,Driving Properly,,,,,,,Yes,,Yes,,,,,,,,,Rustic
2130,Major Arterial,Etobicoke York,Intersection,No Control,Clear,Dark,Dry,Non-Fatal Injury,Pedestrian Collisions,Pedestrian,0 to 4,Major,,,,Other / Undefined,Running onto Roadway,Inattentive,,,,Yes,,Yes,,,,,,,,,Rustic
2152,Minor Arterial,Toronto and East York,Intersection,Traffic Signal,Clear,Dark,Wet,Non-Fatal Injury,Pedestrian Collisions,Driver,45 to 49,,West,Going Ahead,Driving Properly,,,,,,,Yes,,Yes,,,,,,,,,Old East York
2152,Minor Arterial,Toronto and East York,Intersection,Traffic Signal,Clear,Dark,Wet,Non-Fatal Injury,Pedestrian Collisions,Pedestrian,15 to 19,Major,,,,Vehicle is going straight thru inter.while ped cross without ROW,Running onto Roadway,Inattentive,,,,Yes,,Yes,,,,,,,,,Old East York
1600,Major Arterial,Scarborough,Intersection,Traffic Signal,Clear,Daylight,Dry,Non-Fatal Injury,Cyclist Collisions,Driver,unknown,,South,Going Ahead,Following too Close,,,,,,,,Yes,Yes,,,,,,Yes,,,Birchcliffe-Cliffside
1600,Major Arterial,Scarborough,Intersection,Traffic Signal,Clear,Daylight,Dry,Non-Fatal Injury,Cyclist Collisions,Cyclist,45 to 49,Major,South,Turning Right,,,,,Cyclist and Driver travelling in same direction. One vehicle rear-ended the other.,Driving Properly,Had Been Drinking,,Yes,Yes,,,,,,Yes,,,Birchcliffe-Cliffside
1838,Major Arterial,Toronto and East York,Intersection,No Control,Clear,Daylight,Dry,Non-Fatal Injury,Cyclist Collisions,Driver,30 to 34,,East,Parked,Other,,,,,,,,Yes,Yes,,,,,,,,,Blake-Jones
1838,Major Arterial,Toronto and East York,Intersection,No Control,Clear,Daylight,Dry,Non-Fatal Injury,Cyclist Collisions,Cyclist,35 to 39,Major,East,Overtaking,,,,,Cyclist struck opened vehicle door,Driving Properly,Normal,,Yes,Yes,,,,,,,,,Blake-Jones
0,,Etobicoke York,Mid-Block,No Control,Clear,Daylight,Dry,Non-Fatal Injury,Sideswipe,Motorcycle Driver,25 to 29,Major,East,Going Ahead,Driving Properly,,,,,,,,,Yes,Yes,,,,Yes,Yes,,,Mimico-Queensway
0,,Etobicoke York,Mid-Block,No Control,Clear,Daylight,Dry,Non-Fatal Injury,Sideswipe,Driver,40 to 44,,East,Changing Lanes,Improper Lane Change,,,,,,,,,Yes,Yes,,,,Yes,Yes,,,Mimico-Queensway
802,Local,Scarborough,Mid-Block,No Control,Clear,Daylight,Dry,Non-Fatal Injury,Rear End,Passenger,0 to 4,Major,,,,,,,,,,,,Yes,,,,Yes,,Yes,,,Wexford/Maryvale
802,Local,Scarborough,Mid-Block,No Control,Clear,Daylight,Dry,Non-Fatal Injury,Rear End,Driver,25 to 29,Minor,South,Going Ahead,Following too Close,,,,,,,,,Yes,,,,Yes,,Yes,,,Wexford/Maryvale
802,Local,Scarborough,Mid-Block,No Control,Clear,Daylight,Dry,Non-Fatal Injury,Rear End,Vehicle Owner,unknown,,,,,,,,,,,,,Yes,,,,Yes,,Yes,,,Wexford/Maryvale
1600,Major Arterial,Etobicoke York,Intersection,Traffic Signal,Clear,Daylight,Dry,Non-Fatal Injury,Pedestrian Collisions,Driver,65 to 69,,North,Turning Left,Failed to Yield Right of Way,,,,,,,Yes,,Yes,,,,,,Yes,,,Rockcliffe-Smythe
1600,Major Arterial,Etobicoke York,Intersection,Traffic Signal,Clear,Daylight,Dry,Non-Fatal Injury,Pedestrian Collisions,Pedestrian,55 to 59,Major,South,,,Vehicle turns left while ped crosses with ROW at inter.,Crossing with right of way,Normal,,,,Yes,,Yes,,,,,,Yes,,,Rockcliffe-Smythe
2218,Major Arterial,Toronto and East York,Intersection,Traffic Signal,Clear,Dark,Dry,Non-Fatal Injury,Turning Movement,Passenger,25 to 29,Major,,,,,,,,,,,,Yes,Yes,,,Yes,,,,,Blake-Jones
8,Major Arterial,Scarborough,Mid-Block,No Control,Clear,Dark,Dry,Non-Fatal Injury,Turning Movement,Vehicle Owner,unknown,,,,,,,,,,,,,Yes,Yes,,,,Yes,Yes,,,Agincourt South-Malvern West
2218,Major Arterial,Toronto and East York,Intersection,Traffic Signal,Clear,Dark,Dry,Non-Fatal Injury,Turning Movement,Motorcycle Driver,30 to 34,Minimal,East,Going Ahead,Driving Properly,,,,,,,,,Yes,Yes,,,Yes,,,,,Blake-Jones
2218,Major Arterial,Toronto and East York,Intersection,Traffic Signal,Clear,Dark,Dry,Non-Fatal Injury,Turning Movement,Vehicle Owner,unknown,,,,,,,,,,,,,Yes,Yes,,,Yes,,,,,Blake-Jones
2218,Major Arterial,Toronto and East York,Intersection,Traffic Signal,Clear,Dark,Dry,Non-Fatal Injury,Turning Movement,Driver,40 to 44,,West,Turning Left,Improper Turn,,,,,,,,,Yes,Yes,,,Yes,,,,,Blake-Jones
2350,,Toronto and East York,Mid-Block,No Control,Clear,Dark,Dry,Non-Fatal Injury,Rear End,Vehicle Owner,unknown,,,,,,,,,,,,,Yes,,,,,,Yes,,,Fort York-Liberty Village
2350,,Toronto and East York,Mid-Block,No Control,Clear,Dark,Dry,Non-Fatal Injury,Rear End,Driver,45 to 49,Minor,West,Stopped,Driving Properly,,,,,,,,,Yes,,,,,,Yes,,,Fort York-Liberty Village
2350,,Toronto and East York,Mid-Block,No Control,Clear,Dark,Dry,Non-Fatal Injury,Rear End,Driver,35 to 39,Major,West,Going Ahead,Following too Close,,,,,,,,,Yes,,,,,,Yes,,,Fort York-Liberty Village
2350,,Toronto and East York,Mid-Block,No Control,Clear,Dark,Dry,Non-Fatal Injury,Rear End,Driver,25 to 29,Minor,West,Stopped,Driving Properly,,,,,,,,,Yes,,,,,,Yes,,,Fort York-Liberty Village
1449,Major Arterial,Toronto and East York,Intersection,Stop Sign,Clear,Daylight,Dry,Fatal,Pedestrian Collisions,Vehicle Owner,unknown,,,,,,,,,,,Yes,,,,Yes,,,,Yes,,,Dufferin Grove
1449,Major Arterial,Toronto and East York,Intersection,Stop Sign,Clear,Daylight,Dry,Fatal,Pedestrian Collisions,Truck Driver,30 to 34,,North,Turning Left,Failed to Yield Right of Way,,,,,,,Yes,,,,Yes,,,,Yes,,,Dufferin Grove
828,Collector,North York,Intersection,No Control,Clear,Daylight,Dry,Non-Fatal Injury,Pedestrian Collisions,Driver,45 to 49,,North,Turning Right,Failed to Yield Right of Way,,,,,,,Yes,,,,,Yes,,,Yes,,,St.Andrew-Windfields
1449,Major Arterial,Toronto and East York,Intersection,Stop Sign,Clear,Daylight,Dry,Fatal,Pedestrian Collisions,Pedestrian,75 to 79,Fatal,West,,,Vehicle turns left while ped crosses with ROW at inter.,Crossing with right of way,Normal,,,,Yes,,,,Yes,,,,Yes,,,Dufferin Grove
1330,Minor Arterial,Toronto and East York,Intersection,Traffic Signal,Rain,Daylight,Wet,Fatal,Pedestrian Collisions,Pedestrian,85 to 89,Fatal,West,,,Vehicle turns left while ped crosses with ROW at inter.,Crossing with right of way,Normal,,,,Yes,,,,,Yes,,,Yes,,,Roncesvalles
1900,Major Arterial,Toronto and East York,Intersection,Stop Sign,Clear,Daylight,Dry,Non-Fatal Injury,Pedestrian Collisions,Pedestrian,90 to 94,Major,,,,Vehicle turns left while ped crosses with ROW at inter.,Crossing with right of way,Normal,,,,Yes,Yes,,,,,,,,,,Trinity-Bellwoods
1900,Major Arterial,Toronto and East York,Intersection,Stop Sign,Clear,Daylight,Dry,Non-Fatal Injury,Pedestrian Collisions,Cyclist,15 to 19,,East,Turning Left,,,,,Cyclist strikes pedestrian.,Failed to Yield Right of Way,Normal,Yes,Yes,,,,,,,,,,Trinity-Bellwoods