TIME,ROAD_CLASS,DISTRICT,LOCCOORD,TRAFFCTL,VISIBILITY,LIGHT,RDSFCOND,ACCLASS,IMPACTYPE,INVTYPE,INVAGE,INJURY,INITDIR,MANOEUVER,DRIVACT,PEDTYPE,PEDACT,PEDCOND,CYCLISTYPE,CYCACT,CYCCOND,PEDESTRIAN,CYCLIST,AUTOMOBILE,MOTORCYCLE,TRUCK,TRSN_CITY_VEH,PASSENGER,SPEEDING,AG_DRIV,REDLIGHT,ALCOHOL,NEIGHBOURHOOD_158
820,Major Arterial,North York,Intersection,Traffic Signal,Clear,Daylight,Dry,Non-Fatal Injury,Cyclist Collisions,Cyclist,20 to 24,Major,West,Going Ahead,,,,,Cyclist struck opened vehicle door,Driving Properly,Normal,,Yes,Yes,,,,,,,,,South Eglinton-Davisville
1528,Major Arterial,North York,Intersection,Traffic Signal,Snow,Daylight,Slush,Non-Fatal Injury,Angle,Vehicle Owner,unknown,,,,,,,,,,,,,Yes,,,Yes,,,Yes,Yes,,Yorkdale-Glen Park
215,Major Arterial,Toronto and East York,Intersection,Traffic Signal,Clear,Dark,Dry,Non-Fatal Injury,Approaching,Passenger,20 to 24,Major,,Other,,,,,,,,,,Yes,,,,Yes,,,,,Weston-Pelham Park
804,Minor Arterial,Scarborough,Mid-Block,No Control,Clear,Daylight,Dry,Non-Fatal Injury,Pedestrian Collisions,Pedestrian,75 to 79,Major,West,,,Pedestrian hit at mid-block,"Crossing, no Traffic Control",Normal,,,,Yes,,Yes,,,,,,,,,Malvern West
731,Major Arterial,Etobicoke York,Mid-Block,No Control,Clear,Daylight,Dry,Non-Fatal Injury,Approaching,Vehicle Owner,unknown,,,,,,,,,,,,,Yes,,,,,,,,,West Humber-Clairville
930,Major Arterial,Toronto and East York,Mid-Block,No Control,Clear,Daylight,Dry,Fatal,SMV Other,Vehicle Owner,unknown,,,,,,,,,,,,,Yes,,,,Yes,,,,,South Parkdale
1100,Minor Arterial,Etobicoke York,Intersection,No Control,Clear,Daylight,Dry,Non-Fatal Injury,Turning Movement,Vehicle Owner,unknown,,,,,,,,,,,,,Yes,,,,Yes,,,,,Brookhaven-Amesbury
908,Major Arterial,Scarborough,Mid-Block,No Control,Clear,Daylight,Dry,Non-Fatal Injury,Approaching,Driver,30 to 34,Major,West,Going Ahead,Driving Properly,,,,,,,,,Yes,,,,,,,,,Clairlea-Birchmount
930,Major Arterial,Toronto and East York,Mid-Block,No Control,Clear,Daylight,Dry,Fatal,SMV Other,Driver,40 to 44,Minor,East,Going Ahead,Lost control,,,,,,,,,Yes,,,,Yes,,,,,South Parkdale
2141,Major Arterial,Toronto and East York,,,Other,Dark,Other,Non-Fatal Injury,Other,Vehicle Owner,unknown,,,Other,,,,,,,,,,Yes,,,,Yes,,,,,East End-Danforth
1528,Major Arterial,North York,Intersection,Traffic Signal,Snow,Daylight,Slush,Non-Fatal Injury,Angle,Driver,45 to 49,,South,Going Ahead,Driving Properly,,,,,,,,,Yes,,,Yes,,,Yes,Yes,,Yorkdale-Glen Park
1100,Minor Arterial,Etobicoke York,Intersection,No Control,Clear,Daylight,Dry,Non-Fatal Injury,Turning Movement,Driver,55 to 59,,East,Going Ahead,Driving Properly,,,,,,,,,Yes,,,,Yes,,,,,Brookhaven-Amesbury
731,Major Arterial,Etobicoke York,Mid-Block,No Control,Clear,Daylight,Dry,Non-Fatal Injury,Approaching,Driver,30 to 34,Minor,North,Going Ahead,Driving Properly,,,,,,,,,Yes,,,,,,,,,West Humber-Clairville
908,Major Arterial,Scarborough,Mid-Block,No Control,Clear,Daylight,Dry,Non-Fatal Injury,Approaching,Driver,50 to 54,Minor,East,Other,Other,,,,,,,,,Yes,,,,,,,,,Clairlea-Birchmount
1256,Local,Etobicoke York,Intersection,Stop Sign,Clear,Daylight,Dry,Non-Fatal Injury,Pedestrian Collisions,In-Line Skater,15 to 19,Major,West,Going Ahead,,Other / Undefined,Crossing with right of way,Normal,,,,Yes,,,,,,,,,,,Rockcliffe-Smythe
1310,Major Arterial,Scarborough,Intersection,Traffic Signal,Clear,Daylight,Dry,Non-Fatal Injury,Pedestrian Collisions,Driver,15 to 19,,South,Turning Right,Failed to Yield Right of Way,,,,,,,Yes,,Yes,,,,,,Yes,,,East L'Amoreaux
2141,Major Arterial,Toronto and East York,,,Other,Dark,Other,Non-Fatal Injury,Other,Driver,unknown,,,Unknown,,,,,,,,,,Yes,,,,Yes,,,,,East End-Danforth
1245,Other,Etobicoke York,Mid-Block,No Control,Clear,Daylight,Dry,Non-Fatal Injury,Rear End,Driver,15 to 19,,East,Going Ahead,Following too Close,,,,,,,,,Yes,,,,,,Yes,,,Brookhaven-Amesbury
1528,Major Arterial,North York,Intersection,Traffic Signal,Snow,Daylight,Slush,Non-Fatal Injury,Angle,Driver,45 to 49,Major,East,Going Ahead,Disobeyed Traffic Control,,,,,,,,,Yes,,,Yes,,,Yes,Yes,,Yorkdale-Glen Park
2141,Major Arterial,Toronto and East York,,,Other,Dark,Other,Non-Fatal Injury,Other,Passenger,unknown,Major,,Other,,,,,,,,,,Yes,,,,Yes,,,,,East End-Danforth
1245,Other,Etobicoke York,Mid-Block,No Control,Clear,Daylight,Dry,Non-Fatal Injury,Rear End,Driver,40 to 44,Major,East,Stopped,Driving Properly,,,,,,,,,Yes,,,,,,Yes,,,Brookhaven-Amesbury
1909,Major Arterial,North York,Mid-Block,No Control,Clear,Daylight,Dry,Non-Fatal Injury,Pedestrian Collisions,Vehicle Owner,unknown,,,,,,,,,,,Yes,,Yes,,,,,,,,,Bedford Park-Nortown
731,Major Arterial,Etobicoke York,Mid-Block,No Control,Clear,Daylight,Dry,Non-Fatal Injury,Approaching,Vehicle Owner,unknown,,,,,,,,,,,,,Yes,,,,,,,,,West Humber-Clairville
2013,Major Arterial,Toronto and East York,Intersection,Traffic Signal,Clear,Dark,Dry,Non-Fatal Injury,Pedestrian Collisions,Driver,55 to 59,Minimal,South,Slowing or Stopping,Driving Properly,,,,,,,Yes,,Yes,,,,Yes,,Yes,Yes,,Yonge-Bay Corridor
1310,Major Arterial,Scarborough,Intersection,Traffic Signal,Clear,Daylight,Dry,Non-Fatal Injury,Pedestrian Collisions,Pedestrian,70 to 74,Major,South,,,Vehicle turns right while ped crosses with ROW at inter.,Crossing with right of way,Normal,,,,Yes,,Yes,,,,,,Yes,,,East L'Amoreaux
2141,Major Arterial,Toronto and East York,,,Other,Dark,Other,Non-Fatal Injury,Other,Passenger,unknown,Minor,,Other,,,,,,,,,,Yes,,,,Yes,,,,,East End-Danforth
731,Major Arterial,Etobicoke York,Mid-Block,No Control,Clear,Daylight,Dry,Non-Fatal Injury,Approaching,Driver,40 to 44,Major,South,Going Ahead,Other,,,,,,,,,Yes,,,,,,,,,West Humber-Clairville
1909,Major Arterial,North York,Mid-Block,No Control,Clear,Daylight,Dry,Non-Fatal Injury,Pedestrian Collisions,Driver,40 to 44,,South,Going Ahead,Driving Properly,,,,,,,Yes,,Yes,,,,,,,,,Bedford Park-Nortown
2013,Major Arterial,Toronto and East York,Intersection,Traffic Signal,Clear,Dark,Dry,Non-Fatal Injury,Pedestrian Collisions,Driver,60 to 64,Minor,South,Going Ahead,Driving Properly,,,,,,,Yes,,Yes,,,,Yes,,Yes,Yes,,Yonge-Bay Corridor
1143,Major Arterial,North York,Mid-Block,No Control,Clear,Daylight,Dry,Non-Fatal Injury,SMV Other,Vehicle Owner,unknown,,,,,,,,,,,,,Yes,,,,,,,,,Wexford/Maryvale
1620,Major Arterial,Toronto and East York,Mid-Block,No Control,Clear,Daylight,Dry,Non-Fatal Injury,SMV Other,Driver,20 to 24,Major,East,Going Ahead,Lost control,,,,,,,,,Yes,,,,,,,,,Annex
2013,Major Arterial,Toronto and East York,Intersection,Traffic Signal,Clear,Dark,Dry,Non-Fatal Injury,Pedestrian Collisions,Passenger,15 to 19,,,,,,,,,,,Yes,,Yes,,,,Yes,,Yes,Yes,,Yonge-Bay Corridor
1909,Major Arterial,North York,Mid-Block,No Control,Clear,Daylight,Dry,Non-Fatal Injury,Pedestrian Collisions,Pedestrian,25 to 29,Major,,,,Pedestrian hit at mid-block,Running onto Roadway,Had Been Drinking,,,,Yes,,Yes,,,,,,,,,Bedford Park-Nortown
1805,Major Arterial,North York,Intersection,Traffic Signal,Snow,Dark,Ice,Non-Fatal Injury,Turning Movement,Passenger,65 to 69,Major,,,,,,,,,,,,Yes,,,,Yes,,,,,Leaside-Bennington
2141,Major Arterial,Toronto and East York,,,Other,Dark,Other,Non-Fatal Injury,Other,Vehicle Owner,unknown,,,Other,,,,,,,,,,Yes,,,,Yes,,,,,East End-Danforth
236,Minor Arterial,Scarborough,,No Control,Clear,Dark,Dry,Non-Fatal Injury,Pedestrian Collisions,Vehicle Owner,unknown,,,,,,,,,,,Yes,,Yes,,,,,,,,,Steeles
2013,Major Arterial,Toronto and East York,Intersection,Traffic Signal,Clear,Dark,Dry,Non-Fatal Injury,Pedestrian Collisions,Passenger,15 to 19,Minimal,,,,,,,,,,Yes,,Yes,,,,Yes,,Yes,Yes,,Yonge-Bay Corridor
1143,Major Arterial,North York,Mid-Block,No Control,Clear,Daylight,Dry,Non-Fatal Injury,SMV Other,Driver,80 to 84,Major,South,Going Ahead,Lost control,,,,,,,,,Yes,,,,,,,,,Wexford/Maryvale
2141,Major Arterial,Toronto and East York,,,Other,Dark,Other,Non-Fatal Injury,Other,Driver,50 to 54,Minor,,Unknown,,,,,,,,,,Yes,,,,Yes,,,,,East End-Danforth
236,Minor Arterial,Scarborough,,No Control,Clear,Dark,Dry,Non-Fatal Injury,Pedestrian Collisions,Driver,unknown,,South,Going Ahead,,,,,,,,Yes,,Yes,,,,,,,,,Steeles
1805,Major Arterial,North York,Intersection,Traffic Signal,Snow,Dark,Ice,Non-Fatal Injury,Turning Movement,Driver,55 to 59,,East,Going Ahead,Driving Properly,,,,,,,,,Yes,,,,Yes,,,,,Leaside-Bennington
2141,Major Arterial,Toronto and East York,,,Other,Dark,Other,Non-Fatal Injury,Other,Vehicle Owner,unknown,,,Other,,,,,,,,,,Yes,,,,Yes,,,,,East End-Danforth
236,Minor Arterial,Scarborough,,No Control,Clear,Dark,Dry,Non-Fatal Injury,Pedestrian Collisions,Pedestrian,unknown,Major,,Other,,,,,,,,Yes,,Yes,,,,,,,,,Steeles
1620,Major Arterial,Toronto and East York,Mid-Block,No Control,Clear,Daylight,Dry,Non-Fatal Injury,SMV Other,Other Property Owner,unknown,,,,,,,,,,,,,Yes,,,,,,,,,Annex
553,Major Arterial,Toronto and East York,Intersection,Traffic Signal,Rain,Dawn,Wet,Non-Fatal Injury,Angle,Driver,45 to 49,Major,South,Going Ahead,Driving Properly,,,,,,,,,Yes,,,,,,Yes,Yes,Yes,Junction Area
2013,Major Arterial,Toronto and East York,Intersection,Traffic Signal,Clear,Dark,Dry,Non-Fatal Injury,Pedestrian Collisions,Vehicle Owner,unknown,,,,,,,,,,,Yes,,Yes,,,,Yes,,Yes,Yes,,Yonge-Bay Corridor
1429,Major Arterial,Toronto and East York,Intersection,Traffic Signal,Rain,Daylight,Wet,Fatal,Pedestrian Collisions,Vehicle Owner,unknown,,,,,,,,,,,Yes,,Yes,,,,,,,,,Cabbagetown-South St.James Town
1040,Major Arterial,Scarborough,Intersection,Traffic Signal,Clear,Daylight,Dry,Non-Fatal Injury,Angle,Driver,30 to 34,Minor,East,Going Ahead,Disobeyed Traffic Control,,,,,,,,,Yes,,,,,,Yes,Yes,,Steeles
2141,Major Arterial,Toronto and East York,,,Other,Dark,Other,Non-Fatal Injury,Other,Driver,unknown,,,Unknown,,,,,,,,,,Yes,,,,Yes,,,,,East End-Danforth
553,Major Arterial,Toronto and East York,Intersection,Traffic Signal,Rain,Dawn,Wet,Non-Fatal Injury,Angle,Vehicle Owner,unknown,,,,,,,,,,,,,Yes,,,,,,Yes,Yes,Yes,Junction Area
236,Minor Arterial,Scarborough,,No Control,Clear,Dark,Dry,Non-Fatal Injury,Pedestrian Collisions,Pedestrian,unknown,Minimal,,Other,,,,,,,,Yes,,Yes,,,,,,,,,Steeles
1429,Major Arterial,Toronto and East York,Intersection,Traffic Signal,Rain,Daylight,Wet,Fatal,Pedestrian Collisions,Driver,15 to 19,,West,Turning Left,Driving Properly,,,,,,,Yes,,Yes,,,,,,,,,Cabbagetown-South St.James Town
2013,Major Arterial,Toronto and East York,Intersection,Traffic Signal,Clear,Dark,Dry,Non-Fatal Injury,Pedestrian Collisions,Driver,20 to 24,Minimal,West,Going Ahead,Disobeyed Traffic Control,,,,,,,Yes,,Yes,,,,Yes,,Yes,Yes,,Yonge-Bay Corridor
1040,Major Arterial,Scarborough,Intersection,Traffic Signal,Clear,Daylight,Dry,Non-Fatal Injury,Angle,Driver,55 to 59,Major,North,Going Ahead,Driving Properly,,,,,,,,,Yes,,,,,,Yes,Yes,,Steeles
1805,Major Arterial,North York,Intersection,Traffic Signal,Snow,Dark,Ice,Non-Fatal Injury,Turning Movement,Driver,35 to 39,Minor,West,Turning Left,Improper Turn,,,,,,,,,Yes,,,,Yes,,,,,Leaside-Bennington
2141,Major Arterial,Toronto and East York,,,Other,Dark,Other,Non-Fatal Injury,Other,Passenger,unknown,Major,,Other,,,,,,,,,,Yes,,,,Yes,,,,,East End-Danforth
553,Major Arterial,Toronto and East York,Intersection,Traffic Signal,Rain,Dawn,Wet,Non-Fatal Injury,Angle,Driver,25 to 29,,West,Going Ahead,Disobeyed Traffic Control,,,,,,,,,Yes,,,,,,Yes,Yes,Yes,Junction Area
1429,Major Arterial,Toronto and East York,Intersection,Traffic Signal,Rain,Daylight,Wet,Fatal,Pedestrian Collisions,Pedestrian,90 to 94,Fatal,East,,,Vehicle turns left while ped crosses without ROW at inter.,Crossing without right of way,Inattentive,,,,Yes,,Yes,,,,,,,,,Cabbagetown-South St.James Town
2013,Major Arterial,Toronto and East York,Intersection,Traffic Signal,Clear,Dark,Dry,Non-Fatal Injury,Pedestrian Collisions,Pedestrian,20 to 24,Minimal,,,,Pedestrian hit on sidewalk or shoulder,On Sidewalk or Shoulder,Normal,,,,Yes,,Yes,,,,Yes,,Yes,Yes,,Yonge-Bay Corridor
1820,Major Arterial,Scarborough,Intersection,Traffic Signal,Clear,Dark,Wet,Non-Fatal Injury,Turning Movement,Vehicle Owner,unknown,,,,,,,,,,,,,Yes,,,,,,Yes,Yes,,Wexford/Maryvale
1320,Major Arterial,Toronto and East York,Intersection,Traffic Signal,Clear,Daylight,Wet,Non-Fatal Injury,Sideswipe,Passenger,30 to 34,Minimal,,,,,,,,,,,,Yes,,Yes,,Yes,,,,,St Lawrence-East Bayfront-The Islands
2141,Major Arterial,Toronto and East York,,,Other,Dark,Other,Non-Fatal Injury,Other,Passenger,unknown,Minor,,Other,,,,,,,,,,Yes,,,,Yes,,,,,East End-Danforth
553,Major Arterial,Toronto and East York,Intersection,Traffic Signal,Rain,Dawn,Wet,Non-Fatal Injury,Angle,Other Property Owner,unknown,,,,,,,,,,,,,Yes,,,,,,Yes,Yes,Yes,Junction Area
2013,Major Arterial,Toronto and East York,Intersection,Traffic Signal,Clear,Dark,Dry,Non-Fatal Injury,Pedestrian Collisions,Pedestrian,30 to 34,Major,,,,Pedestrian hit on sidewalk or shoulder,On Sidewalk or Shoulder,Normal,,,,Yes,,Yes,,,,Yes,,Yes,Yes,,Yonge-Bay Corridor
1320,Major Arterial,Toronto and East York,Intersection,Traffic Signal,Clear,Daylight,Wet,Non-Fatal Injury,Sideswipe,Vehicle Owner,unknown,,,,,,,,,,,,,Yes,,Yes,,Yes,,,,,St Lawrence-East Bayfront-The Islands
2141,Major Arterial,Toronto and East York,,,Other,Dark,Other,Non-Fatal Injury,Other,Vehicle Owner,unknown,,,Other,,,,,,,,,,Yes,,,,Yes,,,,,East End-Danforth
228,Major Arterial,Toronto and East York,Intersection,No Control,Rain,Dark,Wet,Fatal,Pedestrian Collisions,Pedestrian,25 to 29,Fatal,West,,,Pedestrian hit at mid-block,Other,Had Been Drinking,,,,Yes,,Yes,,,,,,,,Yes,University
2300,Major Arterial,Scarborough,Intersection,Traffic Signal,Rain,Dark,Wet,Non-Fatal Injury,Pedestrian Collisions,Vehicle Owner,unknown,,,,,,,,,,,Yes,,Yes,,,,,,Yes,,,Wexford/Maryvale
1820,Major Arterial,Scarborough,Intersection,Traffic Signal,Clear,Dark,Wet,Non-Fatal Injury,Turning Movement,Driver,45 to 49,,West,Turning Right,Disobeyed Traffic Control,,,,,,,,,Yes,,,,,,Yes,Yes,,Wexford/Maryvale
2307,Minor Arterial,Toronto and East York,Intersection,No Control,Clear,Dark,Dry,Non-Fatal Injury,Cyclist Collisions,Driver,15 to 19,,North,Going Ahead,Driving Properly,,,,,,,,Yes,Yes,,,,,,,,,Woodbine Corridor
2300,Major Arterial,Scarborough,Intersection,Traffic Signal,Rain,Dark,Wet,Non-Fatal Injury,Pedestrian Collisions,Driver,40 to 44,,West,Turning Right,Failed to Yield Right of Way,,,,,,,Yes,,Yes,,,,,,Yes,,,Wexford/Maryvale
2013,Major Arterial,Toronto and East York,Intersection,Traffic Signal,Clear,Dark,Dry,Non-Fatal Injury,Pedestrian Collisions,Pedestrian,25 to 29,Major,,,,Pedestrian hit on sidewalk or shoulder,On Sidewalk or Shoulder,Normal,,,,Yes,,Yes,,,,Yes,,Yes,Yes,,Yonge-Bay Corridor
1320,Major Arterial,Toronto and East York,Intersection,Traffic Signal,Clear,Daylight,Wet,Non-Fatal Injury,Sideswipe,Truck Driver,50 to 54,Minor,West,Going Ahead,Driving Properly,,,,,,,,,Yes,,Yes,,Yes,,,,,St Lawrence-East Bayfront-The Islands
2141,Major Arterial,Toronto and East York,,,Other,Dark,Other,Non-Fatal Injury,Other,Driver,50 to 54,Minor,,Unknown,,,,,,,,,,Yes,,,,Yes,,,,,East End-Danforth
1320,Major Arterial,Toronto and East York,Intersection,Traffic Signal,Clear,Daylight,Wet,Non-Fatal Injury,Sideswipe,Driver,25 to 29,Major,West,Turning Left,Improper Turn,,,,,,,,,Yes,,Yes,,Yes,,,,,St Lawrence-East Bayfront-The Islands
228,Major Arterial,Toronto and East York,Intersection,No Control,Rain,Dark,Wet,Fatal,Pedestrian Collisions,Driver,20 to 24,,North,Going Ahead,Other,,,,,,,Yes,,Yes,,,,,,,,Yes,University
2300,Major Arterial,Scarborough,Intersection,Traffic Signal,Rain,Dark,Wet,Non-Fatal Injury,Pedestrian Collisions,Pedestrian,40 to 44,Major,East,,,Vehicle turns right while ped crosses with ROW at inter.,Crossing with right of way,Normal,,,,Yes,,Yes,,,,,,Yes,,,Wexford/Maryvale
2141,Major Arterial,Toronto and East York,,,Other,Dark,Other,Non-Fatal Injury,Other,Other Property Owner,unknown,,,Other,,,,,,,,,,Yes,,,,Yes,,,,,East End-Danforth
2307,Minor Arterial,Toronto and East York,Intersection,No Control,Clear,Dark,Dry,Non-Fatal Injury,Cyclist Collisions,Cyclist,15 to 19,Major,North,Changing Lanes,,,,,Cyclist and Driver travelling in same direction. One vehicle sideswipes the other.,Improper Lane Change,,,Yes,Yes,,,,,,,,,Woodbine Corridor
1532,Major Arterial,Toronto and East York,Intersection,No Control,Clear,Dusk,Loose Snow,Non-Fatal Injury,Approaching,Passenger,50 to 54,Major,,,,,,,,,,,,Yes,,,,Yes,,,,,Old East York
2140,Major Arterial,Scarborough,Intersection,Traffic Signal,Freezing Rain,Dark,Ice,Non-Fatal Injury,Rear End,Passenger,15 to 19,Minor,,,,,,,,,,,,Yes,,,Yes,Yes,,,,,Agincourt North
1820,Major Arterial,Scarborough,Intersection,Traffic Signal,Clear,Dark,Wet,Non-Fatal Injury,Turning Movement,Driver,40 to 44,Major,North,Going Ahead,Driving Properly,,,,,,,,,Yes,,,,,,Yes,Yes,,Wexford/Maryvale
1646,,North York,Mid-Block,No Control,Clear,Daylight,Dry,Non-Fatal Injury,Rear End,Driver,30 to 34,Minimal,South,Slowing or Stopping,Following too Close,,,,,,,,,Yes,,,,Yes,,Yes,,,Yorkdale-Glen Park
1230,Collector,Etobicoke York,Mid-Block,No Control,Clear,Daylight,Dry,Non-Fatal Injury,Cyclist Collisions,Driver,30 to 34,,North,Going Ahead,Driving Properly,,,,,,,,Yes,Yes,,,,,,,,,Willowridge-Martingrove-Richview
1230,Collector,Etobicoke York,Mid-Block,No Control,Clear,Daylight,Dry,Non-Fatal Injury,Cyclist Collisions,Cyclist,35 to 39,Major,South,Other,,,,,"Cyclist loses control and strikes object (pole, ttc track)",Lost control,Normal,,Yes,Yes,,,,,,,,,Willowridge-Martingrove-Richview
1743,Major Arterial,Toronto and East York,Intersection,Traffic Signal,Clear,Daylight,Dry,Non-Fatal Injury,SMV Other,Passenger,15 to 19,Major,,Other,,,,,,,,,,Yes,,,,Yes,,Yes,,,Woodbine Corridor
1532,Major Arterial,Toronto and East York,Intersection,No Control,Clear,Dusk,Loose Snow,Non-Fatal Injury,Approaching,Driver,65 to 69,Minor,North,Going Ahead,Driving Properly,,,,,,,,,Yes,,,,Yes,,,,,Old East York
2140,Major Arterial,Scarborough,Intersection,Traffic Signal,Freezing Rain,Dark,Ice,Non-Fatal Injury,Rear End,Driver,55 to 59,Major,East,Going Ahead,Lost control,,,,,,,,,Yes,,,Yes,Yes,,,,,Agincourt North
2220,Major Arterial,Toronto and East York,Intersection,Traffic Signal,Clear,Dark,Dry,Non-Fatal Injury,Pedestrian Collisions,Pedestrian,20 to 24,Major,North,,,Vehicle is going straight thru inter.while ped cross without ROW,Crossing without right of way,Inattentive,,,,Yes,,Yes,,,,,,,,,Wellington Place
1646,,North York,Mid-Block,No Control,Clear,Daylight,Dry,Non-Fatal Injury,Rear End,Passenger,60 to 64,Major,,,,,,,,,,,,Yes,,,,Yes,,Yes,,,Yorkdale-Glen Park
420,,Toronto and East York,Mid-Block,No Control,Clear,Dark,Dry,Non-Fatal Injury,Rear End,Vehicle Owner,unknown,,,,,,,,,,,,,Yes,,,,Yes,,Yes,,,South Parkdale
1743,Major Arterial,Toronto and East York,Intersection,Traffic Signal,Clear,Daylight,Dry,Non-Fatal Injury,SMV Other,Driver,20 to 24,Minor,West,Going Ahead,Lost control,,,,,,,,,Yes,,,,Yes,,Yes,,,Woodbine Corridor
2220,Major Arterial,Toronto and East York,Intersection,Traffic Signal,Clear,Dark,Dry,Non-Fatal Injury,Pedestrian Collisions,Driver,20 to 24,,East,Going Ahead,Driving Properly,,,,,,,Yes,,Yes,,,,,,,,,Wellington Place
1532,Major Arterial,Toronto and East York,Intersection,No Control,Clear,Dusk,Loose Snow,Non-Fatal Injury,Approaching,Driver,70 to 74,Minor,South,Going Ahead,Lost control,,,,,,,,,Yes,,,,Yes,,,,,Old East York
725,Minor Arterial,Toronto and East York,Intersection,Traffic Signal,Clear,Daylight,Dry,Non-Fatal Injury,Angle,Vehicle Owner,unknown,,,,,,,,,,,,,Yes,,,,,,Yes,Yes,,Wellington Place
1646,,North York,Mid-Block,No Control,Clear,Daylight,Dry,Non-Fatal Injury,Rear End,Driver,65 to 69,Minimal,South,Stopped,Driving Properly,,,,,,,,,Yes,,,,Yes,,Yes,,,Yorkdale-Glen Park
725,Minor Arterial,Toronto and East York,Intersection,Traffic Signal,Clear,Daylight,Dry,Non-Fatal Injury,Angle,Driver,35 to 39,Minimal,North,Going Ahead,Disobeyed Traffic Control,,,,,,,,,Yes,,,,,,Yes,Yes,,Wellington Place
2140,Major Arterial,Scarborough,Intersection,Traffic Signal,Freezing Rain,Dark,Ice,Non-Fatal Injury,Rear End,Passenger,15 to 19,Minor,,,,,,,,,,,,Yes,,,Yes,Yes,,,,,Agincourt North
420,,Toronto and East York,Mid-Block,No Control,Clear,Dark,Dry,Non-Fatal Injury,Rear End,Passenger,30 to 34,Minimal,,,,,,,,,,,,Yes,,,,Yes,,Yes,,,South Parkdale
1743,Major Arterial,Toronto and East York,Intersection,Traffic Signal,Clear,Daylight,Dry,Non-Fatal Injury,SMV Other,Other Property Owner,unknown,,,,,,,,,,,,,Yes,,,,Yes,,Yes,,,Woodbine Corridor
1130,Major Arterial,Etobicoke York,Intersection,Traffic Signal,Clear,Daylight,Dry,Non-Fatal Injury,Pedestrian Collisions,Driver,45 to 49,,South,Going Ahead,Disobeyed Traffic Control,,,,,,,Yes,,Yes,,,,,,Yes,Yes,,Mount Dennis
1420,Collector,Toronto and East York,,No Control,Clear,Daylight,Dry,Non-Fatal Injury,SMV Other,Driver,25 to 29,,West,Going Ahead,,,,,,,,,,Yes,,,,Yes,,,,,South Riverdale
2140,Major Arterial,Scarborough,Intersection,Traffic Signal,Freezing Rain,Dark,Ice,Non-Fatal Injury,Rear End,Passenger,20 to 24,Minor,,,,,,,,,,,,Yes,,,Yes,Yes,,,,,Agincourt North
1340,Major Arterial,Toronto and East York,Intersection,Traffic Signal,Rain,Daylight,Wet,Non-Fatal Injury,Pedestrian Collisions,Driver,60 to 64,,East,Going Ahead,Driving Properly,,,,,,,Yes,,Yes,,,,,,,,,Yonge-Bay Corridor
420,,Toronto and East York,Mid-Block,No Control,Clear,Dark,Dry,Non-Fatal Injury,Rear End,Passenger,25 to 29,Minimal,,,,,,,,,,,,Yes,,,,Yes,,Yes,,,South Parkdale
725,Minor Arterial,Toronto and East York,Intersection,Traffic Signal,Clear,Daylight,Dry,Non-Fatal Injury,Angle,Vehicle Owner,unknown,,,,,,,,,,,,,Yes,,,,,,Yes,Yes,,Wellington Place
1420,Collector,Toronto and East York,,No Control,Clear,Daylight,Dry,Non-Fatal Injury,SMV Other,Passenger,25 to 29,Major,,Other,,,,,,,,,,Yes,,,,Yes,,,,,South Riverdale
1130,Major Arterial,Etobicoke York,Intersection,Traffic Signal,Clear,Daylight,Dry,Non-Fatal Injury,Pedestrian Collisions,Pedestrian,35 to 39,Major,East,,,Vehicle is going straight thru inter.while ped cross with ROW,Crossing with right of way,Normal,,,,Yes,,Yes,,,,,,Yes,Yes,,Mount Dennis
2140,Major Arterial,Scarborough,Intersection,Traffic Signal,Freezing Rain,Dark,Ice,Non-Fatal Injury,Rear End,Driver,45 to 49,Minor,East,Going Ahead,Driving Properly,,,,,,,,,Yes,,,Yes,Yes,,,,,Agincourt North
1750,Major Arterial,Etobicoke York,Intersection,Traffic Signal,Clear,Daylight,Dry,Non-Fatal Injury,Angle,Vehicle Owner,unknown,,,,,,,,,,,,,Yes,,,,Yes,Yes,Yes,Yes,,Mimico-Queensway
1340,Major Arterial,Toronto and East York,Intersection,Traffic Signal,Rain,Daylight,Wet,Non-Fatal Injury,Pedestrian Collisions,Pedestrian,60 to 64,Major,South,,,Vehicle is going straight thru inter.while ped cross without ROW,Crossing without right of way,Inattentive,,,,Yes,,Yes,,,,,,,,,Yonge-Bay Corridor
420,,Toronto and East York,Mid-Block,No Control,Clear,Dark,Dry,Non-Fatal Injury,Rear End,Passenger,30 to 34,Minimal,,,,,,,,,,,,Yes,,,,Yes,,Yes,,,South Parkdale
420,,Toronto and East York,Mid-Block,No Control,Clear,Dark,Dry,Non-Fatal Injury,Rear End,Driver,30 to 34,,West,Stopped,Driving Properly,,,,,,,,,Yes,,,,Yes,,Yes,,,South Parkdale
17,Major Arterial,Toronto and East York,Intersection,Traffic Signal,Clear,Dark,Dry,Non-Fatal Injury,Turning Movement,Driver,55 to 59,Major,West,Going Ahead,Driving Properly,,,,,,,,,Yes,,,,,,Yes,,,South Riverdale
1152,Major Arterial,North York,Intersection,No Control,Clear,Daylight,Dry,Non-Fatal Injury,Rear End,Driver,85 to 89,Major,South,Going Ahead,Following too Close,,,,,,,,,Yes,,,,Yes,,Yes,,,Clanton Park
2140,Major Arterial,Scarborough,Intersection,Traffic Signal,Freezing Rain,Dark,Ice,Non-Fatal Injury,Rear End,Vehicle Owner,unknown,,,,,,,,,,,,,Yes,,,Yes,Yes,,,,,Agincourt North
1750,Major Arterial,Etobicoke York,Intersection,Traffic Signal,Clear,Daylight,Dry,Non-Fatal Injury,Angle,Driver,30 to 34,,East,Going Ahead,Disobeyed Traffic Control,,,,,,,,,Yes,,,,Yes,Yes,Yes,Yes,,Mimico-Queensway