TIME,ROAD_CLASS,DISTRICT,LOCCOORD,TRAFFCTL,VISIBILITY,LIGHT,RDSFCOND,ACCLASS,IMPACTYPE,INVTYPE,INVAGE,INJURY,INITDIR,MANOEUVER,DRIVACT,PEDTYPE,PEDACT,PEDCOND,CYCLISTYPE,CYCACT,CYCCOND,PEDESTRIAN,CYCLIST,AUTOMOBILE,MOTORCYCLE,TRUCK,TRSN_CITY_VEH,PASSENGER,SPEEDING,AG_DRIV,REDLIGHT,ALCOHOL,NEIGHBOURHOOD_158
722,Minor Arterial,Toronto and East York,Mid-Block,No Control,Clear,Daylight,Dry,Non-Fatal Injury,Pedestrian Collisions,Vehicle Owner,unknown,,,,,,,,,,,Yes,,,,Yes,,,,,,,Harbourfront-CityPlace
420,,Toronto and East York,Mid-Block,No Control,Clear,Dark,Dry,Non-Fatal Injury,Rear End,Passenger,25 to 29,,,,,,,,,,,,,Yes,,,,Yes,,Yes,,,South Parkdale
1750,Major Arterial,Etobicoke York,Intersection,Traffic Signal,Clear,Daylight,Dry,Non-Fatal Injury,Angle,Passenger,0 to 4,Minor,,,,,,,,,,,,Yes,,,,Yes,Yes,Yes,Yes,,Mimico-Queensway
1152,Major Arterial,North York,Intersection,No Control,Clear,Daylight,Dry,Non-Fatal Injury,Rear End,Passenger,50 to 54,Minor,,,,,,,,,,,,Yes,,,,Yes,,Yes,,,Clanton Park
2140,Major Arterial,Scarborough,Intersection,Traffic Signal,Freezing Rain,Dark,Ice,Non-Fatal Injury,Rear End,Driver,30 to 34,,East,Stopped,Driving Properly,,,,,,,,,Yes,,,Yes,Yes,,,,,Agincourt North
17,Major Arterial,Toronto and East York,Intersection,Traffic Signal,Clear,Dark,Dry,Non-Fatal Injury,Turning Movement,Driver,20 to 24,Minimal,East,Turning Left,Failed to Yield Right of Way,,,,,,,,,Yes,,,,,,Yes,,,South Riverdale
722,Minor Arterial,Toronto and East York,Mid-Block,No Control,Clear,Daylight,Dry,Non-Fatal Injury,Pedestrian Collisions,Truck Driver,50 to 54,,West,Going Ahead,Driving Properly,,,,,,,Yes,,,,Yes,,,,,,,Harbourfront-CityPlace
1352,Major Arterial,Toronto and East York,Intersection,No Control,Snow,Daylight,Packed Snow,Non-Fatal Injury,Rear End,Vehicle Owner,unknown,,,,,,,,,,,,,Yes,,,,,,,,,Downtown Yonge East
725,Minor Arterial,Toronto and East York,Intersection,Traffic Signal,Clear,Daylight,Dry,Non-Fatal Injury,Angle,Driver,30 to 34,Major,West,Going Ahead,Driving Properly,,,,,,,,,Yes,,,,,,Yes,Yes,,Wellington Place
420,,Toronto and East York,Mid-Block,No Control,Clear,Dark,Dry,Non-Fatal Injury,Rear End,Passenger,25 to 29,Minor,,,,,,,,,,,,Yes,,,,Yes,,Yes,,,South Parkdale
1750,Major Arterial,Etobicoke York,Intersection,Traffic Signal,Clear,Daylight,Dry,Non-Fatal Injury,Angle,Passenger,35 to 39,Minor,,,,,,,,,,,,Yes,,,,Yes,Yes,Yes,Yes,,Mimico-Queensway
1152,Major Arterial,North York,Intersection,No Control,Clear,Daylight,Dry,Non-Fatal Injury,Rear End,Driver,20 to 24,Minor,South,Stopped,Driving Properly,,,,,,,,,Yes,,,,Yes,,Yes,,,Clanton Park
2150,Major Arterial,Etobicoke York,Mid-Block,No Control,Freezing Rain,Dark,Ice,Non-Fatal Injury,Rear End,Driver,40 to 44,Minor,West,Going Ahead,Speed too Fast For Condition,,,,,,,,,Yes,,,,,Yes,Yes,,Yes,West Humber-Clairville
812,Major Arterial,Toronto and East York,Intersection,Traffic Signal,Clear,Daylight,Dry,Non-Fatal Injury,Pedestrian Collisions,Vehicle Owner,unknown,,,,,,,,,,,Yes,,Yes,,,,,,,,,The Beaches
1152,Major Arterial,North York,Intersection,No Control,Clear,Daylight,Dry,Non-Fatal Injury,Rear End,Driver,50 to 54,Minor,South,Stopped,Driving Properly,,,,,,,,,Yes,,,,Yes,,Yes,,,Clanton Park
420,,Toronto and East York,Mid-Block,No Control,Clear,Dark,Dry,Non-Fatal Injury,Rear End,Driver,25 to 29,Major,West,Stopped,Following too Close,,,,,,,,,Yes,,,,Yes,,Yes,,,South Parkdale
1352,Major Arterial,Toronto and East York,Intersection,No Control,Snow,Daylight,Packed Snow,Non-Fatal Injury,Rear End,Vehicle Owner,unknown,,,,,,,,,,,,,Yes,,,,,,,,,Downtown Yonge East
2150,Major Arterial,Etobicoke York,Mid-Block,No Control,Freezing Rain,Dark,Ice,Non-Fatal Injury,Rear End,Driver,35 to 39,Major,West,Going Ahead,Driving Properly,,,,,,,,,Yes,,,,,Yes,Yes,,Yes,West Humber-Clairville
1750,Major Arterial,Etobicoke York,Intersection,Traffic Signal,Clear,Daylight,Dry,Non-Fatal Injury,Angle,Vehicle Owner,unknown,,,,,,,,,,,,,Yes,,,,Yes,Yes,Yes,Yes,,Mimico-Queensway
812,Major Arterial,Toronto and East York,Intersection,Traffic Signal,Clear,Daylight,Dry,Non-Fatal Injury,Pedestrian Collisions,Driver,35 to 39,,West,Going Ahead,Driving Properly,,,,,,,Yes,,Yes,,,,,,,,,The Beaches
722,Minor Arterial,Toronto and East York,Mid-Block,No Control,Clear,Daylight,Dry,Non-Fatal Injury,Pedestrian Collisions,Pedestrian,30 to 34,Major,,,,Pedestrian hit at mid-block,Running onto Roadway,Other,,,,Yes,,,,Yes,,,,,,,Harbourfront-CityPlace
720,Major Arterial,Scarborough,Intersection,Traffic Signal,Clear,Daylight,Dry,Fatal,Pedestrian Collisions,Pedestrian,55 to 59,Fatal,West,,,Vehicle turns right while ped crosses with ROW at inter.,Crossing with right of way,Unknown,,,,Yes,,,,,Yes,,,Yes,,,Steeles
420,,Toronto and East York,Mid-Block,No Control,Clear,Dark,Dry,Non-Fatal Injury,Rear End,Driver,25 to 29,,West,Stopped,Driving Properly,,,,,,,,,Yes,,,,Yes,,Yes,,,South Parkdale
420,,Toronto and East York,Mid-Block,No Control,Clear,Dark,Dry,Non-Fatal Injury,Rear End,Vehicle Owner,unknown,,,,,,,,,,,,,Yes,,,,Yes,,Yes,,,South Parkdale
45,Major Arterial,Etobicoke York,Mid-Block,No Control,Freezing Rain,Dark,Ice,Non-Fatal Injury,SMV Other,Vehicle Owner,unknown,,,,,,,,,,,,,Yes,,,,,,,,,West Humber-Clairville
1750,Major Arterial,Etobicoke York,Intersection,Traffic Signal,Clear,Daylight,Dry,Non-Fatal Injury,Angle,Driver,40 to 44,Major,North,Going Ahead,Driving Properly,,,,,,,,,Yes,,,,Yes,Yes,Yes,Yes,,Mimico-Queensway
812,Major Arterial,Toronto and East York,Intersection,Traffic Signal,Clear,Daylight,Dry,Non-Fatal Injury,Pedestrian Collisions,Pedestrian,40 to 44,Major,South,,,Vehicle is going straight thru inter.while ped cross without ROW,Crossing without right of way,Normal,,,,Yes,,Yes,,,,,,,,,The Beaches
1540,Major Arterial,Scarborough,Intersection,Traffic Signal,Clear,Daylight,Dry,Non-Fatal Injury,Pedestrian Collisions,Pedestrian,20 to 24,Major,North,Other,,Vehicle turns left while ped crosses with ROW at inter.,Crossing with right of way,Normal,,,,Yes,,Yes,,,,,,Yes,,,Agincourt North
720,Major Arterial,Scarborough,Intersection,Traffic Signal,Clear,Daylight,Dry,Fatal,Pedestrian Collisions,Vehicle Owner,unknown,,,,,,,,,,,Yes,,,,,Yes,,,Yes,,,Steeles
420,,Toronto and East York,Mid-Block,No Control,Clear,Dark,Dry,Non-Fatal Injury,Rear End,Driver,45 to 49,,West,Going Ahead,Following too Close,,,,,,,,,Yes,,,,Yes,,Yes,,,South Parkdale
1258,Major Arterial,North York,Intersection,Stop Sign,Clear,Daylight,Dry,Non-Fatal Injury,Turning Movement,Motorcycle Driver,45 to 49,Major,West,Going Ahead,Driving Properly,,,,,,,,,Yes,Yes,,,,,,,,Willowdale West
45,Major Arterial,Etobicoke York,Mid-Block,No Control,Freezing Rain,Dark,Ice,Non-Fatal Injury,SMV Other,Driver,45 to 49,Major,West,Going Ahead,Lost control,,,,,,,,,Yes,,,,,,,,,West Humber-Clairville
1540,Major Arterial,Scarborough,Intersection,Traffic Signal,Clear,Daylight,Dry,Non-Fatal Injury,Pedestrian Collisions,Driver,60 to 64,,South,Turning Left,Failed to Yield Right of Way,,,,,,,Yes,,Yes,,,,,,Yes,,,Agincourt North
720,Major Arterial,Scarborough,Intersection,Traffic Signal,Clear,Daylight,Dry,Fatal,Pedestrian Collisions,Driver,65 to 69,,North,Turning Right,Failed to Yield Right of Way,,,,,,,Yes,,,,,Yes,,,Yes,,,Steeles
636,Major Arterial,Etobicoke York,Intersection,Traffic Signal,Clear,Daylight,Dry,Non-Fatal Injury,Angle,Passenger,50 to 54,Minimal,,,,,,,,,,,,Yes,,,,Yes,,Yes,Yes,,Kingsview Village-The Westway
1435,Major Arterial,Etobicoke York,Intersection,Traffic Signal,Clear,Daylight,Dry,Non-Fatal Injury,Pedestrian Collisions,Vehicle Owner,unknown,,,,,,,,,,,Yes,,,,,Yes,,,Yes,,,West Humber-Clairville
1352,Major Arterial,Toronto and East York,Intersection,No Control,Snow,Daylight,Packed Snow,Non-Fatal Injury,Rear End,Driver,45 to 49,,East,Stopped,Driving Properly,,,,,,,,,Yes,,,,,,,,,Downtown Yonge East
440,Major Arterial,North York,Intersection,Traffic Signal,Clear,Dark,Wet,Fatal,SMV Other,Vehicle Owner,unknown,,,,,,,,,,,,,Yes,,,,,,,,,Clanton Park
1258,Major Arterial,North York,Intersection,Stop Sign,Clear,Daylight,Dry,Non-Fatal Injury,Turning Movement,Vehicle Owner,unknown,,,,,,,,,,,,,Yes,Yes,,,,,,,,Willowdale West
45,Major Arterial,Etobicoke York,Mid-Block,No Control,Freezing Rain,Dark,Ice,Non-Fatal Injury,SMV Other,Vehicle Owner,unknown,,,,,,,,,,,,,Yes,,,,,,,,,West Humber-Clairville
1729,Minor Arterial,Toronto and East York,Mid-Block,No Control,Clear,Daylight,Dry,Non-Fatal Injury,Pedestrian Collisions,Vehicle Owner,unknown,,,,,,,,,,,Yes,,Yes,,,,,,,,,Oakwood Village
1352,Major Arterial,Toronto and East York,Intersection,No Control,Snow,Daylight,Packed Snow,Non-Fatal Injury,Rear End,Driver,20 to 24,Major,East,Slowing or Stopping,Lost control,,,,,,,,,Yes,,,,,,,,,Downtown Yonge East
440,Major Arterial,North York,Intersection,Traffic Signal,Clear,Dark,Wet,Fatal,SMV Other,Driver,20 to 24,Fatal,North,Going Ahead,Lost control,,,,,,,,,Yes,,,,,,,,,Clanton Park
1247,Major Arterial,Toronto and East York,Intersection,Traffic Signal,Clear,Daylight,Dry,Non-Fatal Injury,Approaching,Driver,30 to 34,,West,Going Ahead,Following too Close,,,,,,,,,Yes,,,,,,Yes,,,Harbourfront-CityPlace
1258,Major Arterial,North York,Intersection,Stop Sign,Clear,Daylight,Dry,Non-Fatal Injury,Turning Movement,Driver,65 to 69,,East,Making U Turn,Improper Turn,,,,,,,,,Yes,Yes,,,,,,,,Willowdale West
2119,Major Arterial,Etobicoke York,Intersection,No Control,Clear,Dark,Loose Snow,Non-Fatal Injury,SMV Other,Passenger,unknown,Minor,South,Going Ahead,,,,,,,,,,Yes,,,,Yes,,,,,Alderwood
1729,Minor Arterial,Toronto and East York,Mid-Block,No Control,Clear,Daylight,Dry,Non-Fatal Injury,Pedestrian Collisions,Driver,35 to 39,,West,Going Ahead,Driving Properly,,,,,,,Yes,,Yes,,,,,,,,,Oakwood Village
1435,Major Arterial,Etobicoke York,Intersection,Traffic Signal,Clear,Daylight,Dry,Non-Fatal Injury,Pedestrian Collisions,Driver,45 to 49,,North,Turning Left,Failed to Yield Right of Way,,,,,,,Yes,,,,,Yes,,,Yes,,,West Humber-Clairville
1318,Minor Arterial,Toronto and East York,Mid-Block,No Control,Rain,Daylight,Wet,Non-Fatal Injury,Pedestrian Collisions,Driver,30 to 34,,East,Going Ahead,Driving Properly,,,,,,,Yes,,Yes,,,,,,,,,Oakwood Village
636,Major Arterial,Etobicoke York,Intersection,Traffic Signal,Clear,Daylight,Dry,Non-Fatal Injury,Angle,Driver,45 to 49,Minor,South,Going Ahead,Disobeyed Traffic Control,,,,,,,,,Yes,,,,Yes,,Yes,Yes,,Kingsview Village-The Westway
1247,Major Arterial,Toronto and East York,Intersection,Traffic Signal,Clear,Daylight,Dry,Non-Fatal Injury,Approaching,Driver,60 to 64,Major,East,Going Ahead,Driving Properly,,,,,,,,,Yes,,,,,,Yes,,,Harbourfront-CityPlace
2119,Major Arterial,Etobicoke York,Intersection,No Control,Clear,Dark,Loose Snow,Non-Fatal Injury,SMV Other,Driver,75 to 79,Major,South,Other,,,,,,,,,,Yes,,,,Yes,,,,,Alderwood
1729,Minor Arterial,Toronto and East York,Mid-Block,No Control,Clear,Daylight,Dry,Non-Fatal Injury,Pedestrian Collisions,Pedestrian,35 to 39,Major,North,,,Pedestrian hit at mid-block,"Crossing, no Traffic Control",Had Been Drinking,,,,Yes,,Yes,,,,,,,,,Oakwood Village
1435,Major Arterial,Etobicoke York,Intersection,Traffic Signal,Clear,Daylight,Dry,Non-Fatal Injury,Pedestrian Collisions,Pedestrian,30 to 34,Major,South,,,Pedestrian involved in a collision with transit vehicle anywhere along roadway,Crossing with right of way,Normal,,,,Yes,,,,,Yes,,,Yes,,,West Humber-Clairville
1318,Minor Arterial,Toronto and East York,Mid-Block,No Control,Rain,Daylight,Wet,Non-Fatal Injury,Pedestrian Collisions,Pedestrian,10 to 14,Major,,Other,,Vehicle hits the pedestrian walking or running out from between parked vehicles at mid-block,Coming From Behind Parked Vehicle,Inattentive,,,,Yes,,Yes,,,,,,,,,Oakwood Village
636,Major Arterial,Etobicoke York,Intersection,Traffic Signal,Clear,Daylight,Dry,Non-Fatal Injury,Angle,Driver,40 to 44,Major,East,Going Ahead,Driving Properly,,,,,,,,,Yes,,,,Yes,,Yes,Yes,,Kingsview Village-The Westway
1608,Minor Arterial,Toronto and East York,Intersection,No Control,Clear,Daylight,Dry,Non-Fatal Injury,SMV Other,Vehicle Owner,unknown,,,,,,,,,,,,,Yes,,,,,Yes,Yes,,Yes,Broadview North
12,Major Arterial,Etobicoke York,Intersection,Traffic Signal,Rain,Dark,Wet,Non-Fatal Injury,Rear End,Driver,50 to 54,Major,South,Going Ahead,Following too Close,,,,,,,,,Yes,,,Yes,Yes,,Yes,,Yes,Alderwood
1151,Major Arterial,Etobicoke York,Intersection,No Control,Clear,Daylight,Dry,Non-Fatal Injury,Pedestrian Collisions,Driver,40 to 44,,West,Going Ahead,Driving Properly,,,,,,,Yes,,Yes,,,,Yes,,,,,Beechborough-Greenbrook
703,Major Arterial,Toronto and East York,Intersection,Traffic Signal,Clear,Daylight,Dry,Non-Fatal Injury,SMV Other,Driver,25 to 29,Major,East,Going Ahead,Exceeding Speed Limit,,,,,,,,,Yes,,,,,Yes,Yes,,Yes,The Beaches
1700,Major Arterial,Etobicoke York,Intersection,Traffic Signal,Clear,Dusk,Dry,Non-Fatal Injury,Rear End,Driver,40 to 44,Major,North,Stopped,Driving Properly,,,,,,,,,Yes,,,,,,Yes,,,Keelesdale-Eglinton West
239,Major Arterial,Etobicoke York,Mid-Block,No Control,Clear,Dark,Dry,Non-Fatal Injury,Pedestrian Collisions,Driver,unknown,,West,Going Ahead,Exceeding Speed Limit,,,,,,,Yes,,Yes,,,,,Yes,Yes,,,West Humber-Clairville
1608,Minor Arterial,Toronto and East York,Intersection,No Control,Clear,Daylight,Dry,Non-Fatal Injury,SMV Other,Driver,55 to 59,Major,South,Going Ahead,Exceeding Speed Limit,,,,,,,,,Yes,,,,,Yes,Yes,,Yes,Broadview North
1400,Local,Toronto and East York,Mid-Block,No Control,Clear,Daylight,Dry,Non-Fatal Injury,SMV Other,Passenger,25 to 29,Minimal,,,,,,,,,,,,Yes,,,,Yes,,,,,Broadview North
12,Major Arterial,Etobicoke York,Intersection,Traffic Signal,Rain,Dark,Wet,Non-Fatal Injury,Rear End,Vehicle Owner,unknown,,,,,,,,,,,,,Yes,,,Yes,Yes,,Yes,,Yes,Alderwood
1151,Major Arterial,Etobicoke York,Intersection,No Control,Clear,Daylight,Dry,Non-Fatal Injury,Pedestrian Collisions,Passenger,50 to 54,,,,,,,,,,,Yes,,Yes,,,,Yes,,,,,Beechborough-Greenbrook
740,Collector,Toronto and East York,Intersection,No Control,Clear,Daylight,Dry,Non-Fatal Injury,SMV Unattended Vehicle,Driver,60 to 64,Major,East,Going Ahead,Following too Close,,,,,,,,,Yes,,,,,,Yes,,,South Eglinton-Davisville
1700,Major Arterial,Etobicoke York,Intersection,Traffic Signal,Clear,Dusk,Dry,Non-Fatal Injury,Rear End,Vehicle Owner,unknown,,,,,,,,,,,,,Yes,,,,,,Yes,,,Keelesdale-Eglinton West
1400,Local,Toronto and East York,Mid-Block,No Control,Clear,Daylight,Dry,Non-Fatal Injury,SMV Other,Driver,30 to 34,Major,South,Slowing or Stopping,Lost control,,,,,,,,,Yes,,,,Yes,,,,,Broadview North
740,Collector,Toronto and East York,Intersection,No Control,Clear,Daylight,Dry,Non-Fatal Injury,SMV Unattended Vehicle,Other,unknown,,East,Parked,,,,,,,,,,Yes,,,,,,Yes,,,South Eglinton-Davisville
1418,Collector,Etobicoke York,Mid-Block,No Control,Clear,Daylight,Dry,Non-Fatal Injury,Pedestrian Collisions,Vehicle Owner,unknown,,,,,,,,,,,Yes,,Yes,,,,,,,,,Kingsway South
1310,Major Arterial,Etobicoke York,Intersection,Traffic Signal,Clear,Daylight,Dry,Non-Fatal Injury,Pedestrian Collisions,Driver,55 to 59,,West,Turning Left,Failed to Yield Right of Way,,,,,,,Yes,,Yes,,,,,,Yes,,,Rustic
12,Major Arterial,Etobicoke York,Intersection,Traffic Signal,Rain,Dark,Wet,Non-Fatal Injury,Rear End,Passenger,unknown,Minimal,,,,,,,,,,,,Yes,,,Yes,Yes,,Yes,,Yes,Alderwood
239,Major Arterial,Etobicoke York,Mid-Block,No Control,Clear,Dark,Dry,Non-Fatal Injury,Pedestrian Collisions,Pedestrian,35 to 39,Major,North,,,Pedestrian hit at mid-block,"Crossing, no Traffic Control","Ability Impaired, Alcohol Over .80",,,,Yes,,Yes,,,,,Yes,Yes,,,West Humber-Clairville
1700,Major Arterial,Etobicoke York,Intersection,Traffic Signal,Clear,Dusk,Dry,Non-Fatal Injury,Rear End,Driver,35 to 39,,North,Going Ahead,Failed to Yield Right of Way,,,,,,,,,Yes,,,,,,Yes,,,Keelesdale-Eglinton West
1151,Major Arterial,Etobicoke York,Intersection,No Control,Clear,Daylight,Dry,Non-Fatal Injury,Pedestrian Collisions,Pedestrian,10 to 14,Major,North,,,Vehicle is going straight thru inter.while ped cross without ROW,"Crossing, no Traffic Control",Inattentive,,,,Yes,,Yes,,,,Yes,,,,,Beechborough-Greenbrook
1400,Local,Toronto and East York,Mid-Block,No Control,Clear,Daylight,Dry,Non-Fatal Injury,SMV Other,Driver,40 to 44,,South,Slowing or Stopping,Driving Properly,,,,,,,,,Yes,,,,Yes,,,,,Broadview North
12,Major Arterial,Etobicoke York,Intersection,Traffic Signal,Rain,Dark,Wet,Non-Fatal Injury,Rear End,Vehicle Owner,unknown,,,,,,,,,,,,,Yes,,,Yes,Yes,,Yes,,Yes,Alderwood
1100,Major Arterial,Scarborough,Mid-Block,No Control,Clear,Daylight,Dry,Non-Fatal Injury,Pedestrian Collisions,Pedestrian,60 to 64,Major,South,,,Pedestrian hit at mid-block,"Crossing, no Traffic Control",Had Been Drinking,,,,Yes,,Yes,,,,,,,,,West Hill
1310,Major Arterial,Etobicoke York,Intersection,Traffic Signal,Clear,Daylight,Dry,Non-Fatal Injury,Pedestrian Collisions,Pedestrian,70 to 74,Major,East,,,Vehicle turns left while ped crosses with ROW at inter.,Crossing with right of way,Normal,,,,Yes,,Yes,,,,,,Yes,,,Rustic
1819,Minor Arterial,North York,Intersection,Stop Sign,Clear,Dark,Dry,Non-Fatal Injury,Pedestrian Collisions,Driver,30 to 34,,South,Going Ahead,Driving Properly,,,,,,,Yes,,Yes,,,,,,,,,Yorkdale-Glen Park
930,Minor Arterial,Toronto and East York,Intersection,Traffic Signal,Clear,Daylight,Dry,Non-Fatal Injury,Pedestrian Collisions,Driver,50 to 54,,South,Turning Left,Failed to Yield Right of Way,,,,,,,Yes,,Yes,,,,,,Yes,,,Greenwood-Coxwell
2128,Major Arterial,Toronto and East York,Intersection,No Control,Clear,Dark,Dry,Non-Fatal Injury,Pedestrian Collisions,Passenger,5 to 9,Minimal,,,,,,,,,,Yes,,Yes,,,,Yes,,,,,High Park-Swansea
1418,Collector,Etobicoke York,Mid-Block,No Control,Clear,Daylight,Dry,Non-Fatal Injury,Pedestrian Collisions,Driver,30 to 34,,South,Going Ahead,Driving Properly,,,,,,,Yes,,Yes,,,,,,,,,Kingsway South
12,Major Arterial,Etobicoke York,Intersection,Traffic Signal,Rain,Dark,Wet,Non-Fatal Injury,Rear End,Driver,35 to 39,,South,Stopped,Driving Properly,,,,,,,,,Yes,,,Yes,Yes,,Yes,,Yes,Alderwood
1100,Major Arterial,Scarborough,Mid-Block,No Control,Clear,Daylight,Dry,Non-Fatal Injury,Pedestrian Collisions,Driver,80 to 84,,West,Going Ahead,Driving Properly,,,,,,,Yes,,Yes,,,,,,,,,West Hill
2138,Major Arterial,Toronto and East York,Mid-Block,No Control,Clear,Dark,Dry,Non-Fatal Injury,SMV Other,Passenger,35 to 39,Minor,,,,,,,,,,,,Yes,,,,Yes,Yes,Yes,,,St Lawrence-East Bayfront-The Islands
1819,Minor Arterial,North York,Intersection,Stop Sign,Clear,Dark,Dry,Non-Fatal Injury,Pedestrian Collisions,Pedestrian,25 to 29,Major,West,,,Vehicle is going straight thru inter.while ped cross without ROW,Crossing without right of way,Inattentive,,,,Yes,,Yes,,,,,,,,,Yorkdale-Glen Park
2138,Major Arterial,Toronto and East York,Mid-Block,No Control,Clear,Dark,Dry,Non-Fatal Injury,SMV Other,Driver,25 to 29,Major,East,Going Ahead,Lost control,,,,,,,,,Yes,,,,Yes,Yes,Yes,,,St Lawrence-East Bayfront-The Islands
1418,Collector,Etobicoke York,Mid-Block,No Control,Clear,Daylight,Dry,Non-Fatal Injury,Pedestrian Collisions,Wheelchair,65 to 69,Major,North,Going Ahead,,Pedestrian hit at mid-block,On Sidewalk or Shoulder,,,,,Yes,,Yes,,,,,,,,,Kingsway South
1205,Major Arterial,Scarborough,Intersection,Traffic Signal,Clear,Daylight,Dry,Non-Fatal Injury,Pedestrian Collisions,Driver,55 to 59,,East,Turning Left,Failed to Yield Right of Way,,,,,,,Yes,,Yes,,,,,,Yes,,,Dorset Park
52,Major Arterial,Scarborough,Mid-Block,No Control,Clear,Dark,Dry,Non-Fatal Injury,Angle,Passenger,45 to 49,Major,,,,,,,,,,,,Yes,,,,Yes,Yes,Yes,,,Milliken
2128,Major Arterial,Toronto and East York,Intersection,No Control,Clear,Dark,Dry,Non-Fatal Injury,Pedestrian Collisions,Driver,35 to 39,Minimal,North,Slowing or Stopping,Driving Properly,,,,,,,Yes,,Yes,,,,Yes,,,,,High Park-Swansea
15,Major Arterial,Toronto and East York,Intersection,Traffic Signal,Clear,Dark,Wet,Non-Fatal Injury,Rear End,Passenger,20 to 24,Minimal,,,,,,,,,,,,Yes,,,,Yes,,Yes,,,Kensington-Chinatown
1105,Major Arterial,North York,Intersection,No Control,Rain,Daylight,Wet,Non-Fatal Injury,Pedestrian Collisions,Vehicle Owner,unknown,,,,,,,,,,,Yes,,Yes,,,,,,,,,Fenside-Parkwoods
930,Minor Arterial,Toronto and East York,Intersection,Traffic Signal,Clear,Daylight,Dry,Non-Fatal Injury,Pedestrian Collisions,Pedestrian,35 to 39,Major,,,,Vehicle turns left while ped crosses with ROW at inter.,Crossing with right of way,Normal,,,,Yes,,Yes,,,,,,Yes,,,Greenwood-Coxwell
1240,Minor Arterial,Toronto and East York,Mid-Block,No Control,Clear,Daylight,Dry,Non-Fatal Injury,Approaching,Passenger,40 to 44,Minor,,,,,,,,,,,,Yes,,,,Yes,,,,,Cabbagetown-South St.James Town
1345,Major Arterial,North York,Mid-Block,No Control,Clear,Daylight,Dry,Non-Fatal Injury,Turning Movement,Vehicle Owner,unknown,,,,,,,,,,,,,Yes,,,,Yes,,,,,York University Heights
15,Major Arterial,Toronto and East York,Intersection,Traffic Signal,Clear,Dark,Wet,Non-Fatal Injury,Rear End,Driver,20 to 24,Minimal,West,Stopped,Driving Properly,,,,,,,,,Yes,,,,Yes,,Yes,,,Kensington-Chinatown
2128,Major Arterial,Toronto and East York,Intersection,No Control,Clear,Dark,Dry,Non-Fatal Injury,Pedestrian Collisions,Passenger,30 to 34,Minimal,,,,,,,,,,Yes,,Yes,,,,Yes,,,,,High Park-Swansea
1105,Major Arterial,North York,Intersection,No Control,Rain,Daylight,Wet,Non-Fatal Injury,Pedestrian Collisions,Driver,30 to 34,,North,Going Ahead,Driving Properly,,,,,,,Yes,,Yes,,,,,,,,,Fenside-Parkwoods
52,Major Arterial,Scarborough,Mid-Block,No Control,Clear,Dark,Dry,Non-Fatal Injury,Angle,Driver,50 to 54,,North,Going Ahead,Failed to Yield Right of Way,,,,,,,,,Yes,,,,Yes,Yes,Yes,,,Milliken
1240,Minor Arterial,Toronto and East York,Mid-Block,No Control,Clear,Daylight,Dry,Non-Fatal Injury,Approaching,Driver,40 to 44,,West,Going Ahead,Other,,,,,,,,,Yes,,,,Yes,,,,,Cabbagetown-South St.James Town
1205,Major Arterial,Scarborough,Intersection,Traffic Signal,Clear,Daylight,Dry,Non-Fatal Injury,Pedestrian Collisions,Pedestrian,20 to 24,Major,East,,,Vehicle turns left while ped crosses with ROW at inter.,Crossing with right of way,Normal,,,,Yes,,Yes,,,,,,Yes,,,Dorset Park
1345,Major Arterial,North York,Mid-Block,No Control,Clear,Daylight,Dry,Non-Fatal Injury,Turning Movement,Driver,20 to 24,Minor,South,Going Ahead,Driving Properly,,,,,,,,,Yes,,,,Yes,,,,,York University Heights
15,Major Arterial,Toronto and East York,Intersection,Traffic Signal,Clear,Dark,Wet,Non-Fatal Injury,Rear End,Vehicle Owner,unknown,,,,,,,,,,,,,Yes,,,,Yes,,Yes,,,Kensington-Chinatown
2128,Major Arterial,Toronto and East York,Intersection,No Control,Clear,Dark,Dry,Non-Fatal Injury,Pedestrian Collisions,Driver,30 to 34,,South,Turning Left,Lost control,,,,,,,Yes,,Yes,,,,Yes,,,,,High Park-Swansea
1105,Major Arterial,North York,Intersection,No Control,Rain,Daylight,Wet,Non-Fatal Injury,Pedestrian Collisions,Pedestrian,15 to 19,Major,West,,,Vehicle is going straight thru inter.while ped cross without ROW,Running onto Roadway,Inattentive,,,,Yes,,Yes,,,,,,,,,Fenside-Parkwoods
52,Major Arterial,Scarborough,Mid-Block,No Control,Clear,Dark,Dry,Non-Fatal Injury,Angle,Passenger,unknown,Minimal,,,,,,,,,,,,Yes,,,,Yes,Yes,Yes,,,Milliken
928,Minor Arterial,Toronto and East York,Mid-Block,No Control,Clear,Daylight,Wet,Non-Fatal Injury,Approaching,Vehicle Owner,unknown,,,,,,,,,,,,,Yes,,,,,,,,,O'Connor-Parkview
15,Major Arterial,Toronto and East York,Intersection,Traffic Signal,Clear,Dark,Wet,Non-Fatal Injury,Rear End,Driver,55 to 59,Major,West,Slowing or Stopping,Following too Close,,,,,,,,,Yes,,,,Yes,,Yes,,,Kensington-Chinatown
1345,Major Arterial,North York,Mid-Block,No Control,Clear,Daylight,Dry,Non-Fatal Injury,Turning Movement,Passenger,unknown,Major,,,,,,,,,,,,Yes,,,,Yes,,,,,York University Heights
52,Major Arterial,Scarborough,Mid-Block,No Control,Clear,Dark,Dry,Non-Fatal Injury,Angle,Driver,25 to 29,,East,Going Ahead,Exceeding Speed Limit,,,,,,,,,Yes,,,,Yes,Yes,Yes,,,Milliken