TIME,ROAD_CLASS,DISTRICT,LOCCOORD,TRAFFCTL,VISIBILITY,LIGHT,RDSFCOND,ACCLASS,IMPACTYPE,INVTYPE,INVAGE,INJURY,INITDIR,MANOEUVER,DRIVACT,PEDTYPE,PEDACT,PEDCOND,CYCLISTYPE,CYCACT,CYCCOND,PEDESTRIAN,CYCLIST,AUTOMOBILE,MOTORCYCLE,TRUCK,TRSN_CITY_VEH,PASSENGER,SPEEDING,AG_DRIV,REDLIGHT,ALCOHOL,NEIGHBOURHOOD_158
609,Major Arterial,Toronto and East York,Intersection,No Control,Clear,Dark,Dry,Non-Fatal Injury,Pedestrian Collisions,Pedestrian,40 to 44,Major,North,,,Vehicle is going straight thru inter.while ped cross without ROW,"Crossing, no Traffic Control",Inattentive,,,,Yes,,,Yes,,,,,,,,Woodbine Corridor
1255,Major Arterial,Toronto and East York,Intersection,Traffic Signal,Clear,Daylight,Dry,Non-Fatal Injury,Pedestrian Collisions,Pedestrian,35 to 39,Major,North,,,Vehicle is going straight thru inter.while ped cross without ROW,Crossing without right of way,Inattentive,,,,Yes,Yes,,,,,,,,,,Kensington-Chinatown
1255,Major Arterial,Toronto and East York,Intersection,Traffic Signal,Clear,Daylight,Dry,Non-Fatal Injury,Pedestrian Collisions,Cyclist,25 to 29,Minimal,East,Going Ahead,,,,,Cyclist strikes pedestrian.,Driving Properly,Normal,Yes,Yes,,,,,,,,,,Kensington-Chinatown
1452,Local,Toronto and East York,Intersection,Stop Sign,Clear,Daylight,Dry,Non-Fatal Injury,Cyclist Collisions,Vehicle Owner,unknown,,,,,,,,,,,,Yes,Yes,,,,,,Yes,,,Roncesvalles
1452,Local,Toronto and East York,Intersection,Stop Sign,Clear,Daylight,Dry,Non-Fatal Injury,Cyclist Collisions,Driver,50 to 54,,South,Going Ahead,Failed to Yield Right of Way,,,,,,,,Yes,Yes,,,,,,Yes,,,Roncesvalles
1452,Local,Toronto and East York,Intersection,Stop Sign,Clear,Daylight,Dry,Non-Fatal Injury,Cyclist Collisions,Cyclist,25 to 29,Major,East,Going Ahead,,,,,"Motorist without ROW drives into path of cyclist at inter, lnwy, dwy-Driver not turn.",Driving Properly,Normal,,Yes,Yes,,,,,,Yes,,,Roncesvalles
1303,Major Arterial,Etobicoke York,Intersection,Traffic Signal,Clear,Daylight,Dry,Non-Fatal Injury,Rear End,Driver,50 to 54,Major,North,Turning Right,Driving Properly,,,,,,,,,Yes,,,,,,Yes,,,West Humber-Clairville
1303,Major Arterial,Etobicoke York,Intersection,Traffic Signal,Clear,Daylight,Dry,Non-Fatal Injury,Rear End,Driver,55 to 59,Major,North,Turning Right,Following too Close,,,,,,,,,Yes,,,,,,Yes,,,West Humber-Clairville
1759,Major Arterial,Scarborough,Intersection,No Control,Clear,Dusk,Dry,Fatal,Pedestrian Collisions,Vehicle Owner,unknown,,,,,,,,,,,Yes,,Yes,,,,,,,,,Wexford/Maryvale
1759,Major Arterial,Scarborough,Intersection,No Control,Clear,Dusk,Dry,Fatal,Pedestrian Collisions,Driver,35 to 39,,North,Going Ahead,Driving Properly,,,,,,,Yes,,Yes,,,,,,,,,Wexford/Maryvale
1759,Major Arterial,Scarborough,Intersection,No Control,Clear,Dusk,Dry,Fatal,Pedestrian Collisions,Pedestrian,45 to 49,Fatal,West,,,Vehicle is going straight thru inter.while ped cross without ROW,"Crossing, no Traffic Control",Inattentive,,,,Yes,,Yes,,,,,,,,,Wexford/Maryvale
1439,Minor Arterial,Scarborough,Intersection,Traffic Signal,Clear,Daylight,Dry,Non-Fatal Injury,Pedestrian Collisions,Vehicle Owner,unknown,,,,,,,,,,,Yes,,Yes,,,,,,Yes,,,Malvern West
1439,Minor Arterial,Scarborough,Intersection,Traffic Signal,Clear,Daylight,Dry,Non-Fatal Injury,Pedestrian Collisions,Driver,35 to 39,,East,Turning Left,Failed to Yield Right of Way,,,,,,,Yes,,Yes,,,,,,Yes,,,Malvern West
1439,Minor Arterial,Scarborough,Intersection,Traffic Signal,Clear,Daylight,Dry,Non-Fatal Injury,Pedestrian Collisions,Pedestrian,75 to 79,Major,East,,,Vehicle turns left while ped crosses with ROW at inter.,Crossing with right of way,Normal,,,,Yes,,Yes,,,,,,Yes,,,Malvern West
1558,Minor Arterial,Toronto and East York,Intersection,Traffic Signal,Clear,Daylight,Dry,Non-Fatal Injury,Turning Movement,Motorcycle Driver,45 to 49,Major,West,Stopped,Driving Properly,,,,,,,,,Yes,Yes,,,,,,,,Palmerston-Little Italy
1558,Minor Arterial,Toronto and East York,Intersection,Traffic Signal,Clear,Daylight,Dry,Non-Fatal Injury,Turning Movement,Driver,75 to 79,,North,Turning Right,Improper Turn,,,,,,,,,Yes,Yes,,,,,,,,Palmerston-Little Italy
1707,Major Arterial,Scarborough,Intersection,Traffic Signal,Clear,Dark,Dry,Non-Fatal Injury,Turning Movement,Passenger,55 to 59,Major,,,,,,,,,,,,Yes,,,,Yes,,,,,Tam O'Shanter-Sullivan
1707,Major Arterial,Scarborough,Intersection,Traffic Signal,Clear,Dark,Dry,Non-Fatal Injury,Turning Movement,Passenger,60 to 64,Minor,,,,,,,,,,,,Yes,,,,Yes,,,,,Tam O'Shanter-Sullivan
1707,Major Arterial,Scarborough,Intersection,Traffic Signal,Clear,Dark,Dry,Non-Fatal Injury,Turning Movement,Passenger,60 to 64,Minor,,,,,,,,,,,,Yes,,,,Yes,,,,,Tam O'Shanter-Sullivan
1707,Major Arterial,Scarborough,Intersection,Traffic Signal,Clear,Dark,Dry,Non-Fatal Injury,Turning Movement,Driver,60 to 64,,North,Going Ahead,Driving Properly,,,,,,,,,Yes,,,,Yes,,,,,Tam O'Shanter-Sullivan
1707,Major Arterial,Scarborough,Intersection,Traffic Signal,Clear,Dark,Dry,Non-Fatal Injury,Turning Movement,Driver,20 to 24,,South,Turning Left,Improper Turn,,,,,,,,,Yes,,,,Yes,,,,,Tam O'Shanter-Sullivan
1707,Major Arterial,Scarborough,Intersection,Traffic Signal,Clear,Dark,Dry,Non-Fatal Injury,Turning Movement,Other Property Owner,unknown,,,,,,,,,,,,,Yes,,,,Yes,,,,,Tam O'Shanter-Sullivan
2348,Minor Arterial,Scarborough,Mid-Block,No Control,Clear,Dark,Dry,Non-Fatal Injury,SMV Other,Vehicle Owner,unknown,,,,,,,,,,,,,Yes,,,,,,,,,Highland Creek
2348,Minor Arterial,Scarborough,Mid-Block,No Control,Clear,Dark,Dry,Non-Fatal Injury,SMV Other,Driver,30 to 34,Major,West,Going Ahead,Lost control,,,,,,,,,Yes,,,,,,,,,Highland Creek
1127,Major Arterial,Toronto and East York,Mid-Block,No Control,Clear,Daylight,Dry,Non-Fatal Injury,Rear End,Motorcycle Driver,40 to 44,Major,West,Going Ahead,Speed too Fast For Condition,,,,,,,,,Yes,Yes,,,,Yes,Yes,,,St Lawrence-East Bayfront-The Islands
1127,Major Arterial,Toronto and East York,Mid-Block,No Control,Clear,Daylight,Dry,Non-Fatal Injury,Rear End,Driver,40 to 44,,West,Changing Lanes,Driving Properly,,,,,,,,,Yes,Yes,,,,Yes,Yes,,,St Lawrence-East Bayfront-The Islands
1450,Major Arterial,Etobicoke York,Intersection,Traffic Signal,Clear,Daylight,Dry,Non-Fatal Injury,Pedestrian Collisions,Pedestrian,35 to 39,Major,East,,,Vehicle turns left while ped crosses with ROW at inter.,Crossing with right of way,Normal,,,,Yes,,Yes,,,,,,Yes,,,Humber Summit
1450,Major Arterial,Etobicoke York,Intersection,Traffic Signal,Clear,Daylight,Dry,Non-Fatal Injury,Pedestrian Collisions,Driver,unknown,,West,Turning Left,Failed to Yield Right of Way,,,,,,,Yes,,Yes,,,,,,Yes,,,Humber Summit
1700,Major Arterial,North York,Intersection,No Control,Clear,Dusk,Dry,Non-Fatal Injury,Pedestrian Collisions,Driver,45 to 49,,South,Slowing or Stopping,Driving Properly,,,,,,,Yes,,Yes,,,,,,,,,Bedford Park-Nortown
1700,Major Arterial,North York,Intersection,No Control,Clear,Dusk,Dry,Non-Fatal Injury,Pedestrian Collisions,Pedestrian,10 to 14,Major,West,,,Vehicle is going straight thru inter.while ped cross without ROW,Running onto Roadway,Inattentive,,,,Yes,,Yes,,,,,,,,,Bedford Park-Nortown
2120,Major Arterial,Scarborough,Intersection,Traffic Signal,Clear,Dark,Dry,Non-Fatal Injury,Pedestrian Collisions,Driver,25 to 29,,East,Turning Left,Failed to Yield Right of Way,,,,,,,Yes,,Yes,,,,,,Yes,,,Bendale-Glen Andrew
2120,Major Arterial,Scarborough,Intersection,Traffic Signal,Clear,Dark,Dry,Non-Fatal Injury,Pedestrian Collisions,Pedestrian,unknown,Major,,Other,,,,,,,,Yes,,Yes,,,,,,Yes,,,Bendale-Glen Andrew
845,Collector,North York,Intersection,Stop Sign,Clear,Daylight,Dry,Fatal,Pedestrian Collisions,Vehicle Owner,unknown,,,,,,,,,,,Yes,,Yes,,,,,,,,,Newtonbrook West
845,Collector,North York,Intersection,Stop Sign,Clear,Daylight,Dry,Fatal,Pedestrian Collisions,Driver,40 to 44,,South,Turning Left,Driving Properly,,,,,,,Yes,,Yes,,,,,,,,,Newtonbrook West
845,Collector,North York,Intersection,Stop Sign,Clear,Daylight,Dry,Fatal,Pedestrian Collisions,Pedestrian,65 to 69,Fatal,North,,,Vehicle turns left while ped crosses without ROW at inter.,"Crossing, no Traffic Control",Normal,,,,Yes,,Yes,,,,,,,,,Newtonbrook West
1607,Collector,North York,Mid-Block,No Control,Clear,Daylight,Dry,Non-Fatal Injury,Pedestrian Collisions,Driver,75 to 79,,South,Going Ahead,Failed to Yield Right of Way,,,,,,,Yes,,Yes,,,,,,Yes,,,Briar Hill-Belgravia
1607,Collector,North York,Mid-Block,No Control,Clear,Daylight,Dry,Non-Fatal Injury,Pedestrian Collisions,Wheelchair,75 to 79,Major,South,Going Ahead,,Pedestrian hit at mid-block,Crossing with right of way,Normal,,,,Yes,,Yes,,,,,,Yes,,,Briar Hill-Belgravia
1050,Major Arterial,Toronto and East York,Mid-Block,No Control,Clear,Daylight,Dry,Non-Fatal Injury,Cyclist Collisions,Driver,30 to 34,,East,Turning Right,Failed to Yield Right of Way,,,,,,,,Yes,Yes,,,,,,Yes,,,University
1050,Major Arterial,Toronto and East York,Mid-Block,No Control,Clear,Daylight,Dry,Non-Fatal Injury,Cyclist Collisions,Cyclist,30 to 34,Major,East,Going Ahead,,,,,"Motorist turns right at non-signal Inter.(stop, yield, no cont.,and dwy) and strikes cyclist.",Driving Properly,Normal,,Yes,Yes,,,,,,Yes,,,University
1232,Major Arterial,Etobicoke York,Intersection,Traffic Signal,Rain,Daylight,Wet,Non-Fatal Injury,Pedestrian Collisions,Driver,60 to 64,,East,Going Ahead,Driving Properly,,,,,,,Yes,,Yes,,,,,,,,,Brookhaven-Amesbury
1232,Major Arterial,Etobicoke York,Intersection,Traffic Signal,Rain,Daylight,Wet,Non-Fatal Injury,Pedestrian Collisions,Pedestrian,10 to 14,Major,North,,,Vehicle is going straight thru inter.while ped cross without ROW,Crossing without right of way,Normal,,,,Yes,,Yes,,,,,,,,,Brookhaven-Amesbury
1835,Major Arterial,Etobicoke York,Mid-Block,Traffic Signal,Clear,Dark,Dry,Non-Fatal Injury,Pedestrian Collisions,Pedestrian,50 to 54,Major,North,,,Vehicle turns left while ped crosses with ROW at inter.,Crossing with right of way,Normal,,,,Yes,,Yes,,,,,,Yes,,,Etobicoke City Centre
1835,Major Arterial,Etobicoke York,Mid-Block,Traffic Signal,Clear,Dark,Dry,Non-Fatal Injury,Pedestrian Collisions,Driver,55 to 59,,North,Turning Left,Failed to Yield Right of Way,,,,,,,Yes,,Yes,,,,,,Yes,,,Etobicoke City Centre
1740,Collector,Scarborough,Mid-Block,No Control,Clear,Dark,Dry,Non-Fatal Injury,Rear End,Moped Driver,65 to 69,Major,North,Going Ahead,Driving Properly,,,,,,,,Yes,Yes,,,,,Yes,Yes,,,Birchcliffe-Cliffside
1740,Collector,Scarborough,Mid-Block,No Control,Clear,Dark,Dry,Non-Fatal Injury,Rear End,Driver,35 to 39,,North,Going Ahead,Following too Close,,,,,,,,Yes,Yes,,,,,Yes,Yes,,,Birchcliffe-Cliffside
1758,Major Arterial,Scarborough,Intersection,No Control,Clear,Dark,Dry,Non-Fatal Injury,Pedestrian Collisions,Vehicle Owner,unknown,,,,,,,,,,,Yes,,Yes,,,,,,,,,Eglinton East
1758,Major Arterial,Scarborough,Intersection,No Control,Clear,Dark,Dry,Non-Fatal Injury,Pedestrian Collisions,Driver,25 to 29,,North,Going Ahead,Driving Properly,,,,,,,Yes,,Yes,,,,,,,,,Eglinton East
1758,Major Arterial,Scarborough,Intersection,No Control,Clear,Dark,Dry,Non-Fatal Injury,Pedestrian Collisions,Pedestrian,50 to 54,Major,East,,,Vehicle is going straight thru inter.while ped cross without ROW,Running onto Roadway,Had Been Drinking,,,,Yes,,Yes,,,,,,,,,Eglinton East
630,Minor Arterial,Scarborough,Intersection,No Control,Rain,Dark,Wet,Fatal,Pedestrian Collisions,Vehicle Owner,unknown,,,,,,,,,,,Yes,,Yes,,,,,,,,,Clairlea-Birchmount
630,Minor Arterial,Scarborough,Intersection,No Control,Rain,Dark,Wet,Fatal,Pedestrian Collisions,Driver,55 to 59,Minor,South,Going Ahead,Driving Properly,,,,,,,Yes,,Yes,,,,,,,,,Clairlea-Birchmount
630,Minor Arterial,Scarborough,Intersection,No Control,Rain,Dark,Wet,Fatal,Pedestrian Collisions,Pedestrian,45 to 49,Fatal,East,,,Pedestrian hit at mid-block,"Crossing, no Traffic Control",Unknown,,,,Yes,,Yes,,,,,,,,,Clairlea-Birchmount
1310,Major Arterial,Scarborough,Mid-Block,No Control,Rain,Daylight,Wet,Non-Fatal Injury,Turning Movement,Driver,40 to 44,Major,West,Turning Right,Failed to Yield Right of Way,,,,,,,,,Yes,,Yes,,,,Yes,,,Tam O'Shanter-Sullivan
1400,Major Arterial,Etobicoke York,Mid-Block,No Control,Clear,Daylight,Dry,Fatal,Pedestrian Collisions,Pedestrian,75 to 79,Fatal,East,,,Pedestrian hit at mid-block,"Crossing, no Traffic Control",Inattentive,,,,Yes,,Yes,,,,,,,,,Thistletown-Beaumond Heights
1743,Collector,Scarborough,Intersection,Traffic Signal,Clear,Dark,Wet,Non-Fatal Injury,Pedestrian Collisions,Driver,25 to 29,,East,Turning Left,Failed to Yield Right of Way,,,,,,,Yes,,Yes,,,,,,Yes,,,Milliken
1144,Major Arterial,Scarborough,Intersection,Traffic Signal,Rain,Daylight,Wet,Non-Fatal Injury,Pedestrian Collisions,Pedestrian,30 to 34,Major,North,,,Vehicle is going straight thru inter.while ped cross without ROW,Crossing without right of way,Had Been Drinking,,,,Yes,,Yes,,,,,,,,,Bendale-Glen Andrew
42,Minor Arterial,Toronto and East York,Mid-Block,No Control,Clear,Dark,Dry,Non-Fatal Injury,Pedestrian Collisions,Vehicle Owner,unknown,,,,,,,,,,,Yes,,Yes,,,Yes,,,Yes,,,North Riverdale
1525,Major Arterial,Etobicoke York,Intersection,Traffic Signal,Clear,Daylight,Dry,Non-Fatal Injury,Pedestrian Collisions,Vehicle Owner,unknown,,,,,,,,,,,Yes,,Yes,,,,,,Yes,Yes,,Islington
1400,Major Arterial,Toronto and East York,Intersection,Traffic Signal,Rain,Daylight,Wet,Non-Fatal Injury,Angle,Vehicle Owner,unknown,,,,,,,,,,,,,Yes,,,,Yes,,Yes,Yes,,Yonge-Bay Corridor
1239,Major Arterial,Scarborough,Mid-Block,No Control,Clear,Daylight,Dry,Non-Fatal Injury,Rear End,Passenger,75 to 79,Major,,,,,,,,,,,,Yes,,,,Yes,Yes,Yes,,,Tam O'Shanter-Sullivan
1400,Major Arterial,Toronto and East York,Intersection,Traffic Signal,Rain,Daylight,Wet,Non-Fatal Injury,Angle,Driver,35 to 39,,West,Going Ahead,Driving Properly,,,,,,,,,Yes,,,,Yes,,Yes,Yes,,Yonge-Bay Corridor
1720,Minor Arterial,Etobicoke York,Intersection,No Control,Clear,Daylight,Dry,Non-Fatal Injury,Sideswipe,Driver,40 to 44,,West,Slowing or Stopping,Driving Properly,,,,,,,,,Yes,Yes,,,,,Yes,,,Keelesdale-Eglinton West
1239,Major Arterial,Scarborough,Mid-Block,No Control,Clear,Daylight,Dry,Non-Fatal Injury,Rear End,Driver,55 to 59,Minimal,North,Stopped,Driving Properly,,,,,,,,,Yes,,,,Yes,Yes,Yes,,,Tam O'Shanter-Sullivan
1525,Major Arterial,Etobicoke York,Intersection,Traffic Signal,Clear,Daylight,Dry,Non-Fatal Injury,Pedestrian Collisions,Driver,15 to 19,,West,Going Ahead,Disobeyed Traffic Control,,,,,,,Yes,,Yes,,,,,,Yes,Yes,,Islington
42,Minor Arterial,Toronto and East York,Mid-Block,No Control,Clear,Dark,Dry,Non-Fatal Injury,Pedestrian Collisions,Driver,55 to 59,,West,Stopped,Driving Properly,,,,,,,Yes,,Yes,,,Yes,,,Yes,,,North Riverdale
1743,Collector,Scarborough,Intersection,Traffic Signal,Clear,Dark,Wet,Non-Fatal Injury,Pedestrian Collisions,Pedestrian,25 to 29,Major,East,,,Vehicle turns left while ped crosses with ROW at inter.,Crossing with right of way,Normal,,,,Yes,,Yes,,,,,,Yes,,,Milliken
1144,Major Arterial,Scarborough,Intersection,Traffic Signal,Rain,Daylight,Wet,Non-Fatal Injury,Pedestrian Collisions,Driver,65 to 69,,East,Going Ahead,Driving Properly,,,,,,,Yes,,Yes,,,,,,,,,Bendale-Glen Andrew
2150,Major Arterial,North York,Intersection,Traffic Signal,Clear,Dark,Wet,Non-Fatal Injury,Angle,Driver,50 to 54,Minimal,East,Going Ahead,Driving Properly,,,,,,,,,Yes,,,,Yes,Yes,Yes,,,Don Valley Village
1520,Major Arterial,North York,Intersection,Traffic Signal,Clear,Daylight,Wet,Non-Fatal Injury,Turning Movement,Driver,50 to 54,,West,Turning Left,Lost control,,,,,,,,,Yes,,,,Yes,,,,,Oakwood Village
833,Major Arterial,North York,Intersection,No Control,Clear,Daylight,Dry,Non-Fatal Injury,Turning Movement,Vehicle Owner,unknown,,,,,,,,,,,,,Yes,,Yes,,,,,,,Oakdale-Beverley Heights
1705,Minor Arterial,Toronto and East York,Intersection,Pedestrian Crossover,Clear,Daylight,Dry,Non-Fatal Injury,Rear End,Driver,65 to 69,,South,Going Ahead,Following too Close,,,,,,,,,Yes,,,,Yes,,Yes,,,Taylor-Massey
1239,Major Arterial,Scarborough,Mid-Block,No Control,Clear,Daylight,Dry,Non-Fatal Injury,Rear End,Passenger,20 to 24,Minor,,,,,,,,,,,,Yes,,,,Yes,Yes,Yes,,,Tam O'Shanter-Sullivan
1525,Major Arterial,Etobicoke York,Intersection,Traffic Signal,Clear,Daylight,Dry,Non-Fatal Injury,Pedestrian Collisions,Pedestrian,20 to 24,Major,Unknown,,,Vehicle is going straight thru inter.while ped cross with ROW,Crossing with right of way,Normal,,,,Yes,,Yes,,,,,,Yes,Yes,,Islington
42,Minor Arterial,Toronto and East York,Mid-Block,No Control,Clear,Dark,Dry,Non-Fatal Injury,Pedestrian Collisions,Vehicle Owner,unknown,,,,,,,,,,,Yes,,Yes,,,Yes,,,Yes,,,North Riverdale
935,Major Arterial,Scarborough,Mid-Block,No Control,Clear,Daylight,Dry,Fatal,Sideswipe,Driver,80 to 84,Fatal,East,Changing Lanes,Lost control,,,,,,,,,Yes,,,,,,,,,Scarborough Village
1920,Minor Arterial,North York,Intersection,Stop Sign,Clear,Dark,Wet,Non-Fatal Injury,Turning Movement,Passenger,20 to 24,Major,,,,,,,,,,,,Yes,,,,Yes,,,,,York University Heights
935,Major Arterial,Scarborough,Mid-Block,No Control,Clear,Daylight,Dry,Fatal,Sideswipe,Driver,55 to 59,,East,Going Ahead,Driving Properly,,,,,,,,,Yes,,,,,,,,,Scarborough Village
2150,Major Arterial,North York,Intersection,Traffic Signal,Clear,Dark,Wet,Non-Fatal Injury,Angle,Passenger,20 to 24,Minimal,,,,,,,,,,,,Yes,,,,Yes,Yes,Yes,,,Don Valley Village
833,Major Arterial,North York,Intersection,No Control,Clear,Daylight,Dry,Non-Fatal Injury,Turning Movement,Truck Driver,50 to 54,,South,Going Ahead,Driving Properly,,,,,,,,,Yes,,Yes,,,,,,,Oakdale-Beverley Heights
1520,Major Arterial,North York,Intersection,Traffic Signal,Clear,Daylight,Wet,Non-Fatal Injury,Turning Movement,Passenger,25 to 29,Major,,,,,,,,,,,,Yes,,,,Yes,,,,,Oakwood Village
1705,Minor Arterial,Toronto and East York,Intersection,Pedestrian Crossover,Clear,Daylight,Dry,Non-Fatal Injury,Rear End,Passenger,80 to 84,Major,,,,,,,,,,,,Yes,,,,Yes,,Yes,,,Taylor-Massey
42,Minor Arterial,Toronto and East York,Mid-Block,No Control,Clear,Dark,Dry,Non-Fatal Injury,Pedestrian Collisions,Driver,60 to 64,,West,Going Ahead,Following too Close,,,,,,,Yes,,Yes,,,Yes,,,Yes,,,North Riverdale
1239,Major Arterial,Scarborough,Mid-Block,No Control,Clear,Daylight,Dry,Non-Fatal Injury,Rear End,Driver,50 to 54,Minor,North,Stopped,Driving Properly,,,,,,,,,Yes,,,,Yes,Yes,Yes,,,Tam O'Shanter-Sullivan
1920,Minor Arterial,North York,Intersection,Stop Sign,Clear,Dark,Wet,Non-Fatal Injury,Turning Movement,Passenger,20 to 24,Minimal,,,,,,,,,,,,Yes,,,,Yes,,,,,York University Heights
1520,Major Arterial,North York,Intersection,Traffic Signal,Clear,Daylight,Wet,Non-Fatal Injury,Turning Movement,Driver,35 to 39,Minimal,North,Going Ahead,Driving Properly,,,,,,,,,Yes,,,,Yes,,,,,Oakwood Village
935,Major Arterial,Scarborough,Mid-Block,No Control,Clear,Daylight,Dry,Fatal,Sideswipe,Vehicle Owner,unknown,,,,,,,,,,,,,Yes,,,,,,,,,Scarborough Village
833,Major Arterial,North York,Intersection,No Control,Clear,Daylight,Dry,Non-Fatal Injury,Turning Movement,Driver,85 to 89,Major,North,Turning Left,Improper Turn,,,,,,,,,Yes,,Yes,,,,,,,Oakdale-Beverley Heights
1750,Major Arterial,North York,Intersection,Traffic Signal,Clear,Daylight,Dry,Non-Fatal Injury,Pedestrian Collisions,Vehicle Owner,unknown,,,,,,,,,,,Yes,,Yes,,,,,,Yes,,,Lawrence Park South
1705,Minor Arterial,Toronto and East York,Intersection,Pedestrian Crossover,Clear,Daylight,Dry,Non-Fatal Injury,Rear End,Driver,75 to 79,,South,Slowing or Stopping,Driving Properly,,,,,,,,,Yes,,,,Yes,,Yes,,,Taylor-Massey
1720,,North York,Mid-Block,No Control,Clear,Daylight,Dry,Non-Fatal Injury,Rear End,Vehicle Owner,unknown,,,,,,,,,,,,,Yes,,,,Yes,,Yes,,,Banbury-Don Mills
1920,Minor Arterial,North York,Intersection,Stop Sign,Clear,Dark,Wet,Non-Fatal Injury,Turning Movement,Passenger,20 to 24,Minimal,,,,,,,,,,,,Yes,,,,Yes,,,,,York University Heights
1720,,North York,Mid-Block,No Control,Clear,Daylight,Dry,Non-Fatal Injury,Rear End,Driver,40 to 44,,North,Going Ahead,Following too Close,,,,,,,,,Yes,,,,Yes,,Yes,,,Banbury-Don Mills
833,Major Arterial,North York,Intersection,No Control,Clear,Daylight,Dry,Non-Fatal Injury,Turning Movement,Other,unknown,,,,,,,,,,,,,Yes,,Yes,,,,,,,Oakdale-Beverley Heights
1750,Major Arterial,North York,Intersection,Traffic Signal,Clear,Daylight,Dry,Non-Fatal Injury,Pedestrian Collisions,Driver,15 to 19,,South,Going Ahead,Following too Close,,,,,,,Yes,,Yes,,,,,,Yes,,,Lawrence Park South
935,Major Arterial,Scarborough,Mid-Block,No Control,Clear,Daylight,Dry,Fatal,Sideswipe,Driver,50 to 54,Minimal,East,Going Ahead,Driving Properly,,,,,,,,,Yes,,,,,,,,,Scarborough Village
1203,Major Arterial,North York,Intersection,Traffic Signal,Clear,Daylight,Dry,Non-Fatal Injury,Turning Movement,Driver,70 to 74,Major,West,Turning Left,Failed to Yield Right of Way,,,,,,,,,Yes,,,,Yes,,Yes,,,Downsview
2150,Major Arterial,North York,Intersection,Traffic Signal,Clear,Dark,Wet,Non-Fatal Injury,Angle,Vehicle Owner,unknown,,,,,,,,,,,,,Yes,,,,Yes,Yes,Yes,,,Don Valley Village
1203,Major Arterial,North York,Intersection,Traffic Signal,Clear,Daylight,Dry,Non-Fatal Injury,Turning Movement,Driver,25 to 29,Minimal,East,Stopped,Driving Properly,,,,,,,,,Yes,,,,Yes,,Yes,,,Downsview
752,Collector,Etobicoke York,Mid-Block,No Control,Clear,Daylight,Dry,Non-Fatal Injury,SMV Other,Driver,75 to 79,Major,West,Going Ahead,Lost control,,,,,,,,,Yes,,,,,,,,,Maple Leaf
1920,Minor Arterial,North York,Intersection,Stop Sign,Clear,Dark,Wet,Non-Fatal Injury,Turning Movement,Driver,25 to 29,Minor,West,Turning Left,Improper Turn,,,,,,,,,Yes,,,,Yes,,,,,York University Heights
1720,,North York,Mid-Block,No Control,Clear,Daylight,Dry,Non-Fatal Injury,Rear End,Driver,25 to 29,Minor,North,Stopped,Driving Properly,,,,,,,,,Yes,,,,Yes,,Yes,,,Banbury-Don Mills
950,Major Arterial,Toronto and East York,Intersection,Traffic Signal,Clear,Daylight,Dry,Non-Fatal Injury,Rear End,Motorcycle Driver,25 to 29,Major,South,Slowing or Stopping,Following too Close,,,,,,,,,Yes,Yes,,,,Yes,Yes,,,Bay-Cloverhill
935,Major Arterial,Scarborough,Mid-Block,No Control,Clear,Daylight,Dry,Fatal,Sideswipe,Other Property Owner,unknown,,,,,,,,,,,,,Yes,,,,,,,,,Scarborough Village
1750,Major Arterial,North York,Intersection,Traffic Signal,Clear,Daylight,Dry,Non-Fatal Injury,Pedestrian Collisions,Vehicle Owner,unknown,,,,,,,,,,,Yes,,Yes,,,,,,Yes,,,Lawrence Park South
1203,Major Arterial,North York,Intersection,Traffic Signal,Clear,Daylight,Dry,Non-Fatal Injury,Turning Movement,Passenger,45 to 49,,,,,,,,,,,,,Yes,,,,Yes,,Yes,,,Downsview
1700,Minor Arterial,Scarborough,Intersection,Traffic Signal,Clear,Daylight,Dry,Non-Fatal Injury,Pedestrian Collisions,Driver,55 to 59,,North,Going Ahead,Driving Properly,,,,,,,Yes,,Yes,,,,,,,,,Cliffcrest
10,Major Arterial,Etobicoke York,Intersection,Traffic Signal,Clear,Dark,Wet,Non-Fatal Injury,Pedestrian Collisions,Passenger,25 to 29,,,,,,,,,,,Yes,,Yes,,,,Yes,,,,,West Humber-Clairville
1720,,North York,Mid-Block,No Control,Clear,Daylight,Dry,Non-Fatal Injury,Rear End,Passenger,20 to 24,Major,,,,,,,,,,,,Yes,,,,Yes,,Yes,,,Banbury-Don Mills
640,Local,North York,Intersection,No Control,Clear,Dark,Dry,Fatal,Pedestrian Collisions,Vehicle Owner,unknown,,,,,,,,,,,Yes,,Yes,,,,,,,,,Clanton Park
2150,Major Arterial,North York,Intersection,Traffic Signal,Clear,Dark,Wet,Non-Fatal Injury,Angle,Driver,25 to 29,Major,North,Going Ahead,Failed to Yield Right of Way,,,,,,,,,Yes,,,,Yes,Yes,Yes,,,Don Valley Village
1203,Major Arterial,North York,Intersection,Traffic Signal,Clear,Daylight,Dry,Non-Fatal Injury,Turning Movement,Passenger,30 to 34,,,,,,,,,,,,,Yes,,,,Yes,,Yes,,,Downsview
1700,Minor Arterial,Scarborough,Intersection,Traffic Signal,Clear,Daylight,Dry,Non-Fatal Injury,Pedestrian Collisions,Pedestrian,35 to 39,Major,West,,,Vehicle is going straight thru inter.while ped cross without ROW,Crossing without right of way,Normal,,,,Yes,,Yes,,,,,,,,,Cliffcrest