TIME,ROAD_CLASS,DISTRICT,LOCCOORD,TRAFFCTL,VISIBILITY,LIGHT,RDSFCOND,ACCLASS,IMPACTYPE,INVTYPE,INVAGE,INJURY,INITDIR,MANOEUVER,DRIVACT,PEDTYPE,PEDACT,PEDCOND,CYCLISTYPE,CYCACT,CYCCOND,PEDESTRIAN,CYCLIST,AUTOMOBILE,MOTORCYCLE,TRUCK,TRSN_CITY_VEH,PASSENGER,SPEEDING,AG_DRIV,REDLIGHT,ALCOHOL,NEIGHBOURHOOD_158
950,Major Arterial,Toronto and East York,Intersection,Traffic Signal,Clear,Daylight,Dry,Non-Fatal Injury,Rear End,Driver,50 to 54,,South,Stopped,Driving Properly,,,,,,,,,Yes,Yes,,,,Yes,Yes,,,Bay-Cloverhill
1750,Major Arterial,North York,Intersection,Traffic Signal,Clear,Daylight,Dry,Non-Fatal Injury,Pedestrian Collisions,Driver,35 to 39,,South,Turning Right,Driving Properly,,,,,,,Yes,,Yes,,,,,,Yes,,,Lawrence Park South
10,Major Arterial,Etobicoke York,Intersection,Traffic Signal,Clear,Dark,Wet,Non-Fatal Injury,Pedestrian Collisions,Vehicle Owner,unknown,,,,,,,,,,,Yes,,Yes,,,,Yes,,,,,West Humber-Clairville
1750,Major Arterial,North York,Intersection,Traffic Signal,Clear,Daylight,Dry,Non-Fatal Injury,Pedestrian Collisions,Pedestrian,40 to 44,Major,North,,,Vehicle turns right while ped crosses with ROW at inter.,Crossing with right of way,Normal,,,,Yes,,Yes,,,,,,Yes,,,Lawrence Park South
1720,,North York,Mid-Block,No Control,Clear,Daylight,Dry,Non-Fatal Injury,Rear End,Vehicle Owner,unknown,,,,,,,,,,,,,Yes,,,,Yes,,Yes,,,Banbury-Don Mills
640,Local,North York,Intersection,No Control,Clear,Dark,Dry,Fatal,Pedestrian Collisions,Driver,60 to 64,,South,Going Ahead,Driving Properly,,,,,,,Yes,,Yes,,,,,,,,,Clanton Park
655,Major Arterial,Etobicoke York,Mid-Block,No Control,Clear,Dusk,Wet,Non-Fatal Injury,Pedestrian Collisions,Vehicle Owner,unknown,,,,,,,,,,,Yes,,Yes,,,,,,,,,Mount Olive-Silverstone-Jamestown
1203,Major Arterial,North York,Intersection,Traffic Signal,Clear,Daylight,Dry,Non-Fatal Injury,Turning Movement,Vehicle Owner,unknown,,,,,,,,,,,,,Yes,,,,Yes,,Yes,,,Downsview
1704,Collector,Scarborough,Intersection,No Control,Clear,Daylight,Dry,Non-Fatal Injury,SMV Other,Driver,50 to 54,Major,North,Going Ahead,Lost control,,,,,,,,,Yes,,,,,,,,,Agincourt North
10,Major Arterial,Etobicoke York,Intersection,Traffic Signal,Clear,Dark,Wet,Non-Fatal Injury,Pedestrian Collisions,Driver,25 to 29,,North,Going Ahead,Driving Properly,,,,,,,Yes,,Yes,,,,Yes,,,,,West Humber-Clairville
655,Major Arterial,Etobicoke York,Mid-Block,No Control,Clear,Dusk,Wet,Non-Fatal Injury,Pedestrian Collisions,Driver,45 to 49,,North,Going Ahead,Driving Properly,,,,,,,Yes,,Yes,,,,,,,,,Mount Olive-Silverstone-Jamestown
1203,Major Arterial,North York,Intersection,Traffic Signal,Clear,Daylight,Dry,Non-Fatal Injury,Turning Movement,Driver,40 to 44,Minimal,East,Going Ahead,Driving Properly,,,,,,,,,Yes,,,,Yes,,Yes,,,Downsview
1700,Major Arterial,Toronto and East York,Mid-Block,No Control,Rain,Daylight,Wet,Non-Fatal Injury,Sideswipe,Driver,45 to 49,Major,West,Going Ahead,Driving Properly,,,,,,,,,Yes,,,,Yes,,,,,Taylor-Massey
640,Local,North York,Intersection,No Control,Clear,Dark,Dry,Fatal,Pedestrian Collisions,Pedestrian,85 to 89,Fatal,South,,,Pedestrian hit at mid-block,Walking on Roadway with Traffic,Normal,,,,Yes,,Yes,,,,,,,,,Clanton Park
1720,,North York,Mid-Block,No Control,Clear,Daylight,Dry,Non-Fatal Injury,Rear End,Driver,20 to 24,,North,Stopped,Driving Properly,,,,,,,,,Yes,,,,Yes,,Yes,,,Banbury-Don Mills
1115,Major Arterial,Scarborough,Intersection,Traffic Signal,Clear,Daylight,Dry,Non-Fatal Injury,Angle,Vehicle Owner,unknown,,,,,,,,,,,,,Yes,,,,,,Yes,,,Milliken
10,Major Arterial,Etobicoke York,Intersection,Traffic Signal,Clear,Dark,Wet,Non-Fatal Injury,Pedestrian Collisions,Pedestrian,20 to 24,Major,East,Other,,Vehicle is going straight thru inter.while ped cross without ROW,Crossing without right of way,Inattentive,,,,Yes,,Yes,,,,Yes,,,,,West Humber-Clairville
655,Major Arterial,Etobicoke York,Mid-Block,No Control,Clear,Dusk,Wet,Non-Fatal Injury,Pedestrian Collisions,Pedestrian,75 to 79,Major,West,,,Pedestrian hit at mid-block,"Crossing, no Traffic Control",Unknown,,,,Yes,,Yes,,,,,,,,,Mount Olive-Silverstone-Jamestown
1234,Major Arterial,Scarborough,Intersection,Traffic Signal,Clear,Daylight,Dry,Non-Fatal Injury,Pedestrian Collisions,Driver,85 to 89,,East,Going Ahead,Driving Properly,,,,,,,Yes,,,,,,,,,,,West Hill
1700,Major Arterial,Toronto and East York,Mid-Block,No Control,Rain,Daylight,Wet,Non-Fatal Injury,Sideswipe,Passenger,40 to 44,Major,,,,,,,,,,,,Yes,,,,Yes,,,,,Taylor-Massey
1700,Major Arterial,Toronto and East York,Mid-Block,No Control,Rain,Daylight,Wet,Non-Fatal Injury,Sideswipe,Driver,40 to 44,Major,West,Changing Lanes,Improper Lane Change,,,,,,,,,Yes,,,,Yes,,,,,Taylor-Massey
1630,Minor Arterial,Toronto and East York,Mid-Block,No Control,Clear,Daylight,Dry,Fatal,Angle,Driver,40 to 44,,East,Going Ahead,Driving Properly,,,,,,,,,Yes,,,,Yes,,Yes,,,Wellington Place
1630,Minor Arterial,Toronto and East York,Mid-Block,No Control,Clear,Daylight,Dry,Fatal,Angle,Passenger,80 to 84,Fatal,,,,,,,,,,,,Yes,,,,Yes,,Yes,,,Wellington Place
1630,Minor Arterial,Toronto and East York,Mid-Block,No Control,Clear,Daylight,Dry,Fatal,Angle,Passenger,80 to 84,Minor,,,,,,,,,,,,Yes,,,,Yes,,Yes,,,Wellington Place
1630,Minor Arterial,Toronto and East York,Mid-Block,No Control,Clear,Daylight,Dry,Fatal,Angle,Driver,75 to 79,Minor,South,Going Ahead,Failed to Yield Right of Way,,,,,,,,,Yes,,,,Yes,,Yes,,,Wellington Place
1630,Minor Arterial,Toronto and East York,Mid-Block,No Control,Clear,Daylight,Dry,Fatal,Angle,Other Property Owner,unknown,,,,,,,,,,,,,Yes,,,,Yes,,Yes,,,Wellington Place
1521,Local,Toronto and East York,Mid-Block,No Control,Clear,Daylight,Dry,Non-Fatal Injury,Cyclist Collisions,Vehicle Owner,unknown,,,,,,,,,,,,Yes,Yes,,,,,,,,,Playter Estates-Danforth
1521,Local,Toronto and East York,Mid-Block,No Control,Clear,Daylight,Dry,Non-Fatal Injury,Cyclist Collisions,Driver,40 to 44,,East,Parked,Other,,,,,,,,Yes,Yes,,,,,,,,,Playter Estates-Danforth
1521,Local,Toronto and East York,Mid-Block,No Control,Clear,Daylight,Dry,Non-Fatal Injury,Cyclist Collisions,Cyclist,35 to 39,Major,East,Going Ahead,,,,,Cyclist struck opened vehicle door,Driving Properly,Unknown,,Yes,Yes,,,,,,,,,Playter Estates-Danforth
2240,Major Arterial,Toronto and East York,Intersection,Traffic Signal,Rain,Dark,Wet,Non-Fatal Injury,Pedestrian Collisions,Driver,40 to 44,,South,Turning Left,Failed to Yield Right of Way,,,,,,,Yes,,Yes,,,,,,Yes,,,Junction-Wallace Emerson
2240,Major Arterial,Toronto and East York,Intersection,Traffic Signal,Rain,Dark,Wet,Non-Fatal Injury,Pedestrian Collisions,Pedestrian,55 to 59,Major,South,,,Vehicle turns left while ped crosses with ROW at inter.,Crossing with right of way,Normal,,,,Yes,,Yes,,,,,,Yes,,,Junction-Wallace Emerson
1415,,Etobicoke York,Mid-Block,No Control,Clear,Daylight,Dry,Non-Fatal Injury,Sideswipe,Vehicle Owner,unknown,,,,,,,,,,,,,Yes,,,,,,Yes,,,Mimico-Queensway
1415,,Etobicoke York,Mid-Block,No Control,Clear,Daylight,Dry,Non-Fatal Injury,Sideswipe,Driver,15 to 19,,West,Going Ahead,Driving Properly,,,,,,,,,Yes,,,,,,Yes,,,Mimico-Queensway
1415,,Etobicoke York,Mid-Block,No Control,Clear,Daylight,Dry,Non-Fatal Injury,Sideswipe,Vehicle Owner,unknown,,,,,,,,,,,,,Yes,,,,,,Yes,,,Mimico-Queensway
1415,,Etobicoke York,Mid-Block,No Control,Clear,Daylight,Dry,Non-Fatal Injury,Sideswipe,Driver,35 to 39,Major,West,Changing Lanes,Lost control,,,,,,,,,Yes,,,,,,Yes,,,Mimico-Queensway
812,Major Arterial,Toronto and East York,Intersection,Traffic Signal,Clear,Daylight,Dry,Non-Fatal Injury,Cyclist Collisions,Driver,50 to 54,,West,Turning Left,Failed to Yield Right of Way,,,,,,,,Yes,Yes,,,,,,Yes,,,University
812,Major Arterial,Toronto and East York,Intersection,Traffic Signal,Clear,Daylight,Dry,Non-Fatal Injury,Cyclist Collisions,Cyclist,25 to 29,Major,East,Going Ahead,,,,,Motorist turned left across cyclists path.,Driving Properly,Normal,,Yes,Yes,,,,,,Yes,,,University
1136,Minor Arterial,Toronto and East York,Mid-Block,No Control,Clear,Daylight,Dry,Fatal,Pedestrian Collisions,Vehicle Owner,unknown,,,,,,,,,,,Yes,,Yes,,,,,,,,,Dufferin Grove
1136,Minor Arterial,Toronto and East York,Mid-Block,No Control,Clear,Daylight,Dry,Fatal,Pedestrian Collisions,Driver,25 to 29,,West,Going Ahead,Driving Properly,,,,,,,Yes,,Yes,,,,,,,,,Dufferin Grove
1136,Minor Arterial,Toronto and East York,Mid-Block,No Control,Clear,Daylight,Dry,Fatal,Pedestrian Collisions,Pedestrian,65 to 69,Fatal,North,,,Pedestrian hit at mid-block,"Crossing, no Traffic Control",Normal,,,,Yes,,Yes,,,,,,,,,Dufferin Grove
1306,Major Arterial,Scarborough,Intersection,Traffic Signal,Rain,Daylight,Wet,Non-Fatal Injury,Turning Movement,Driver,55 to 59,Minor,East,Turning Left,Failed to Yield Right of Way,,,,,,,,,Yes,,,,,Yes,Yes,,,Morningside
1306,Major Arterial,Scarborough,Intersection,Traffic Signal,Rain,Daylight,Wet,Non-Fatal Injury,Turning Movement,Driver,40 to 44,Major,West,Going Ahead,Driving Properly,,,,,,,,,Yes,,,,,Yes,Yes,,,Morningside
2100,Major Arterial,Toronto and East York,Intersection,Traffic Signal,Rain,Dark,Wet,Non-Fatal Injury,Pedestrian Collisions,Driver,75 to 79,,North,Turning Right,Failed to Yield Right of Way,,,,,,,Yes,,Yes,,,,,,Yes,,,Old East York
2100,Major Arterial,Toronto and East York,Intersection,Traffic Signal,Rain,Dark,Wet,Non-Fatal Injury,Pedestrian Collisions,Pedestrian,40 to 44,Major,North,,,Vehicle turns right while ped crosses with ROW at inter.,Crossing with right of way,Normal,,,,Yes,,Yes,,,,,,Yes,,,Old East York
1312,Minor Arterial,Etobicoke York,Mid-Block,No Control,Clear,Daylight,Dry,Non-Fatal Injury,Pedestrian Collisions,Driver,75 to 79,Minimal,West,Going Ahead,Driving Properly,,,,,,,Yes,,Yes,,,,,,,,,Mimico-Queensway
1312,Minor Arterial,Etobicoke York,Mid-Block,No Control,Clear,Daylight,Dry,Non-Fatal Injury,Pedestrian Collisions,Pedestrian,65 to 69,Major,North,,,Pedestrian hit at mid-block,Running onto Roadway,Inattentive,,,,Yes,,Yes,,,,,,,,,Mimico-Queensway
1325,Major Arterial,North York,Intersection,Traffic Signal,Clear,Daylight,Dry,Non-Fatal Injury,Rear End,Driver,60 to 64,Minimal,South,Slowing or Stopping,Driving Properly,,,,,,,,,Yes,,,,,Yes,Yes,,,Downsview
1325,Major Arterial,North York,Intersection,Traffic Signal,Clear,Daylight,Dry,Non-Fatal Injury,Rear End,Driver,45 to 49,Minimal,South,Stopped,Driving Properly,,,,,,,,,Yes,,,,,Yes,Yes,,,Downsview
1325,Major Arterial,North York,Intersection,Traffic Signal,Clear,Daylight,Dry,Non-Fatal Injury,Rear End,Driver,35 to 39,Major,South,Going Ahead,Speed too Fast For Condition,,,,,,,,,Yes,,,,,Yes,Yes,,,Downsview
1325,Major Arterial,North York,Intersection,Traffic Signal,Clear,Daylight,Dry,Non-Fatal Injury,Rear End,Driver,30 to 34,Minimal,South,Stopped,Driving Properly,,,,,,,,,Yes,,,,,Yes,Yes,,,Downsview
1318,Major Arterial,Toronto and East York,Intersection,No Control,Clear,Daylight,Dry,Non-Fatal Injury,Cyclist Collisions,Driver,50 to 54,,South,Parked,Other,,,,,,,,Yes,Yes,,,Yes,,,,,,Annex
1318,Major Arterial,Toronto and East York,Intersection,No Control,Clear,Daylight,Dry,Non-Fatal Injury,Cyclist Collisions,Vehicle Owner,unknown,,,,,,,,,,,,Yes,Yes,,,Yes,,,,,,Annex
1318,Major Arterial,Toronto and East York,Intersection,No Control,Clear,Daylight,Dry,Non-Fatal Injury,Cyclist Collisions,Driver,50 to 54,,South,Going Ahead,Driving Properly,,,,,,,,Yes,Yes,,,Yes,,,,,,Annex
1318,Major Arterial,Toronto and East York,Intersection,No Control,Clear,Daylight,Dry,Non-Fatal Injury,Cyclist Collisions,Cyclist,15 to 19,Major,South,Overtaking,,,,,Cyclist struck opened vehicle door,Driving Properly,Normal,,Yes,Yes,,,Yes,,,,,,Annex
2110,Major Arterial,Etobicoke York,Intersection,No Control,Clear,"Dark, artificial",Dry,Non-Fatal Injury,Pedestrian Collisions,Vehicle Owner,unknown,,,,,,,,,,,Yes,,Yes,,,,,,,,,New Toronto
2110,Major Arterial,Etobicoke York,Intersection,No Control,Clear,"Dark, artificial",Dry,Non-Fatal Injury,Pedestrian Collisions,Driver,30 to 34,,East,Making U Turn,Improper Turn,,,,,,,Yes,,Yes,,,,,,,,,New Toronto
2110,Major Arterial,Etobicoke York,Intersection,No Control,Clear,"Dark, artificial",Dry,Non-Fatal Injury,Pedestrian Collisions,Pedestrian,45 to 49,Major,North,,,Other / Undefined,"Crossing, no Traffic Control",Had Been Drinking,,,,Yes,,Yes,,,,,,,,,New Toronto
2110,Major Arterial,Etobicoke York,Intersection,No Control,Clear,"Dark, artificial",Dry,Non-Fatal Injury,Pedestrian Collisions,Pedestrian,45 to 49,Major,North,,,Other / Undefined,"Crossing, no Traffic Control",Had Been Drinking,,,,Yes,,Yes,,,,,,,,,New Toronto
1530,Major Arterial,North York,Intersection,No Control,Clear,Daylight,Dry,Non-Fatal Injury,Pedestrian Collisions,Driver,35 to 39,,East,Going Ahead,Driving Properly,,,,,,,Yes,,Yes,,,,,,Yes,,,Downsview
1530,Major Arterial,North York,Intersection,No Control,Clear,Daylight,Dry,Non-Fatal Injury,Pedestrian Collisions,Driver,55 to 59,Minimal,North,Turning Left,Failed to Yield Right of Way,,,,,,,Yes,,Yes,,,,,,Yes,,,Downsview
1530,Major Arterial,North York,Intersection,No Control,Clear,Daylight,Dry,Non-Fatal Injury,Pedestrian Collisions,Vehicle Owner,unknown,,,,,,,,,,,Yes,,Yes,,,,,,Yes,,,Downsview
1530,Major Arterial,North York,Intersection,No Control,Clear,Daylight,Dry,Non-Fatal Injury,Pedestrian Collisions,Driver,20 to 24,,South,Stopped,Driving Properly,,,,,,,Yes,,Yes,,,,,,Yes,,,Downsview
1530,Major Arterial,North York,Intersection,No Control,Clear,Daylight,Dry,Non-Fatal Injury,Pedestrian Collisions,Pedestrian,35 to 39,Major,South,,,Vehicle turns left while ped crosses with ROW at inter.,Crossing with right of way,Normal,,,,Yes,,Yes,,,,,,Yes,,,Downsview
1732,Local,North York,Intersection,Yield Sign,Clear,Daylight,Dry,Non-Fatal Injury,Turning Movement,Driver,15 to 19,Minimal,North,Turning Left,Failed to Yield Right of Way,,,,,,,,,Yes,,,,,,Yes,,,Leaside-Bennington
1732,Local,North York,Intersection,Yield Sign,Clear,Daylight,Dry,Non-Fatal Injury,Turning Movement,Driver,30 to 34,Major,West,Going Ahead,Driving Properly,,,,,,,,,Yes,,,,,,Yes,,,Leaside-Bennington
855,Major Arterial,North York,Intersection,No Control,Clear,Daylight,Dry,Non-Fatal Injury,Turning Movement,Moped Driver,20 to 24,Major,South,Going Ahead,Driving Properly,,,,,,,,Yes,Yes,,,,,,Yes,,,South Eglinton-Davisville
855,Major Arterial,North York,Intersection,No Control,Clear,Daylight,Dry,Non-Fatal Injury,Turning Movement,Vehicle Owner,unknown,,,,,,,,,,,,Yes,Yes,,,,,,Yes,,,South Eglinton-Davisville
855,Major Arterial,North York,Intersection,No Control,Clear,Daylight,Dry,Non-Fatal Injury,Turning Movement,Driver,45 to 49,,North,Turning Left,Improper Turn,,,,,,,,Yes,Yes,,,,,,Yes,,,South Eglinton-Davisville
2105,Collector,Scarborough,Mid-Block,No Control,Clear,Dark,Dry,Non-Fatal Injury,SMV Other,Motorcycle Driver,20 to 24,Major,East,Going Ahead,Lost control,,,,,,,,,,Yes,,,,,,,,Morningside Heights
2105,Collector,Scarborough,Mid-Block,No Control,Clear,Dark,Dry,Non-Fatal Injury,SMV Other,Other Property Owner,unknown,,,,,,,,,,,,,,Yes,,,,,,,,Morningside Heights
614,Major Arterial,Toronto and East York,Intersection,No Control,Clear,Daylight,Dry,Non-Fatal Injury,Pedestrian Collisions,Vehicle Owner,unknown,,,,,,,,,,,Yes,,,,,Yes,,,,,,West Queen West
614,Major Arterial,Toronto and East York,Intersection,No Control,Clear,Daylight,Dry,Non-Fatal Injury,Pedestrian Collisions,Driver,30 to 34,,East,Going Ahead,Driving Properly,,,,,,,Yes,,,,,Yes,,,,,,West Queen West
614,Major Arterial,Toronto and East York,Intersection,No Control,Clear,Daylight,Dry,Non-Fatal Injury,Pedestrian Collisions,Pedestrian,45 to 49,Major,North,,,Pedestrian involved in a collision with transit vehicle anywhere along roadway,"Crossing, no Traffic Control",Had Been Drinking,,,,Yes,,,,,Yes,,,,,,West Queen West
240,Local,North York,Mid-Block,No Control,Clear,Dark,Dry,Non-Fatal Injury,Pedestrian Collisions,Vehicle Owner,unknown,,,,,,,,,,,Yes,,Yes,,,,,,Yes,,,Lawrence Park North
240,Local,North York,Mid-Block,No Control,Clear,Dark,Dry,Non-Fatal Injury,Pedestrian Collisions,Driver,30 to 34,,East,Going Ahead,Following too Close,,,,,,,Yes,,Yes,,,,,,Yes,,,Lawrence Park North
240,Local,North York,Mid-Block,No Control,Clear,Dark,Dry,Non-Fatal Injury,Pedestrian Collisions,Pedestrian,20 to 24,Major,East,,,Pedestrian hit at mid-block,Running onto Roadway,Had Been Drinking,,,,Yes,,Yes,,,,,,Yes,,,Lawrence Park North
2326,Major Arterial,Toronto and East York,Intersection,Traffic Signal,Clear,Dark,Dry,Non-Fatal Injury,SMV Other,Passenger,25 to 29,Major,,,,,,,,,,,,Yes,,,,Yes,,,,,Fort York-Liberty Village
2326,Major Arterial,Toronto and East York,Intersection,Traffic Signal,Clear,Dark,Dry,Non-Fatal Injury,SMV Other,Vehicle Owner,unknown,,,,,,,,,,,,,Yes,,,,Yes,,,,,Fort York-Liberty Village
2326,Major Arterial,Toronto and East York,Intersection,Traffic Signal,Clear,Dark,Dry,Non-Fatal Injury,SMV Other,Driver,25 to 29,Major,West,Going Ahead,Lost control,,,,,,,,,Yes,,,,Yes,,,,,Fort York-Liberty Village
1028,Minor Arterial,Scarborough,Mid-Block,No Control,Clear,Daylight,Dry,Fatal,Approaching,Motorcycle Driver,50 to 54,Fatal,North,Going Ahead,Driving Properly,,,,,,,,,Yes,Yes,,,,,,,,Morningside
1028,Minor Arterial,Scarborough,Mid-Block,No Control,Clear,Daylight,Dry,Fatal,Approaching,Driver,40 to 44,,South,Going Ahead,Lost control,,,,,,,,,Yes,Yes,,,,,,,,Morningside
1030,Major Arterial,North York,Intersection,Traffic Signal,Clear,Daylight,Dry,Non-Fatal Injury,Turning Movement,Passenger,10 to 14,Minor,,,,,,,,,,,,Yes,,,,Yes,,,,,Humewood-Cedarvale
1030,Major Arterial,North York,Intersection,Traffic Signal,Clear,Daylight,Dry,Non-Fatal Injury,Turning Movement,Vehicle Owner,unknown,,,,,,,,,,,,,Yes,,,,Yes,,,,,Humewood-Cedarvale
1030,Major Arterial,North York,Intersection,Traffic Signal,Clear,Daylight,Dry,Non-Fatal Injury,Turning Movement,Driver,35 to 39,Minimal,North,Going Ahead,Driving Properly,,,,,,,,,Yes,,,,Yes,,,,,Humewood-Cedarvale
1030,Major Arterial,North York,Intersection,Traffic Signal,Clear,Daylight,Dry,Non-Fatal Injury,Turning Movement,Passenger,10 to 14,Major,,,,,,,,,,,,Yes,,,,Yes,,,,,Humewood-Cedarvale
1030,Major Arterial,North York,Intersection,Traffic Signal,Clear,Daylight,Dry,Non-Fatal Injury,Turning Movement,Passenger,5 to 9,Major,,,,,,,,,,,,Yes,,,,Yes,,,,,Humewood-Cedarvale
1030,Major Arterial,North York,Intersection,Traffic Signal,Clear,Daylight,Dry,Non-Fatal Injury,Turning Movement,Passenger,40 to 44,Major,,,,,,,,,,,,Yes,,,,Yes,,,,,Humewood-Cedarvale
1030,Major Arterial,North York,Intersection,Traffic Signal,Clear,Daylight,Dry,Non-Fatal Injury,Turning Movement,Passenger,40 to 44,Minor,,,,,,,,,,,,Yes,,,,Yes,,,,,Humewood-Cedarvale
1030,Major Arterial,North York,Intersection,Traffic Signal,Clear,Daylight,Dry,Non-Fatal Injury,Turning Movement,Vehicle Owner,unknown,,,,,,,,,,,,,Yes,,,,Yes,,,,,Humewood-Cedarvale
1030,Major Arterial,North York,Intersection,Traffic Signal,Clear,Daylight,Dry,Non-Fatal Injury,Turning Movement,Driver,40 to 44,Minimal,South,Turning Left,Improper Turn,,,,,,,,,Yes,,,,Yes,,,,,Humewood-Cedarvale
1050,Collector,Toronto and East York,Intersection,No Control,Clear,Daylight,Dry,Non-Fatal Injury,Pedestrian Collisions,Driver,35 to 39,,South,Turning Left,Failed to Yield Right of Way,,,,,,,Yes,,Yes,,,,,,Yes,,,Roncesvalles
1050,Collector,Toronto and East York,Intersection,No Control,Clear,Daylight,Dry,Non-Fatal Injury,Pedestrian Collisions,Pedestrian,40 to 44,Major,Unknown,,,Vehicle turns left while ped crosses with ROW at inter.,Crossing with right of way,Normal,,,,Yes,,Yes,,,,,,Yes,,,Roncesvalles
1538,Minor Arterial,Scarborough,Mid-Block,No Control,Clear,Daylight,Dry,Non-Fatal Injury,Cyclist Collisions,Other,unknown,,North,Parked,,,,,,,,,Yes,,,,,,,,,,West Rouge
1538,Minor Arterial,Scarborough,Mid-Block,No Control,Clear,Daylight,Dry,Non-Fatal Injury,Cyclist Collisions,Cyclist,35 to 39,Major,North,Going Ahead,,,,,Cyclist and Driver travelling in same direction. One vehicle rear-ended the other.,Other,"Ability Impaired, Drugs",,Yes,,,,,,,,,,West Rouge
1508,Minor Arterial,Toronto and East York,Mid-Block,No Control,Clear,Daylight,Dry,Non-Fatal Injury,Turning Movement,Passenger,40 to 44,Major,,,,,,,,,,,,Yes,,,Yes,Yes,,,,,Harbourfront-CityPlace
1508,Minor Arterial,Toronto and East York,Mid-Block,No Control,Clear,Daylight,Dry,Non-Fatal Injury,Turning Movement,Driver,45 to 49,Major,West,Turning Left,Improper Turn,,,,,,,,,Yes,,,Yes,Yes,,,,,Harbourfront-CityPlace
1508,Minor Arterial,Toronto and East York,Mid-Block,No Control,Clear,Daylight,Dry,Non-Fatal Injury,Turning Movement,Vehicle Owner,unknown,,,,,,,,,,,,,Yes,,,Yes,Yes,,,,,Harbourfront-CityPlace
1508,Minor Arterial,Toronto and East York,Mid-Block,No Control,Clear,Daylight,Dry,Non-Fatal Injury,Turning Movement,Driver,45 to 49,,West,Going Ahead,Driving Properly,,,,,,,,,Yes,,,Yes,Yes,,,,,Harbourfront-CityPlace
1410,Minor Arterial,Toronto and East York,Intersection,Traffic Signal,Clear,Daylight,Dry,Non-Fatal Injury,Pedestrian Collisions,Pedestrian,15 to 19,Minor,East,,,Vehicle turns left while ped crosses with ROW at inter.,Crossing with right of way,Normal,,,,Yes,,Yes,,,,,,Yes,,,Caledonia-Fairbank
1410,Minor Arterial,Toronto and East York,Intersection,Traffic Signal,Clear,Daylight,Dry,Non-Fatal Injury,Pedestrian Collisions,Driver,50 to 54,Major,West,Turning Left,Failed to Yield Right of Way,,,,,,,Yes,,Yes,,,,,,Yes,,,Caledonia-Fairbank
1541,Major Arterial,Etobicoke York,Intersection,Traffic Signal,Clear,Daylight,Dry,Non-Fatal Injury,Rear End,Vehicle Owner,unknown,,,,,,,,,,,,,Yes,,,,,,,,,Stonegate-Queensway
1541,Major Arterial,Etobicoke York,Intersection,Traffic Signal,Clear,Daylight,Dry,Non-Fatal Injury,Rear End,Driver,40 to 44,,East,Going Ahead,Driving Properly,,,,,,,,,Yes,,,,,,,,,Stonegate-Queensway
1541,Major Arterial,Etobicoke York,Intersection,Traffic Signal,Clear,Daylight,Dry,Non-Fatal Injury,Rear End,Vehicle Owner,unknown,,,,,,,,,,,,,Yes,,,,,,,,,Stonegate-Queensway
1541,Major Arterial,Etobicoke York,Intersection,Traffic Signal,Clear,Daylight,Dry,Non-Fatal Injury,Rear End,Driver,35 to 39,Major,East,Going Ahead,Lost control,,,,,,,,,Yes,,,,,,,,,Stonegate-Queensway
1541,Major Arterial,Etobicoke York,Intersection,Traffic Signal,Clear,Daylight,Dry,Non-Fatal Injury,Rear End,Vehicle Owner,unknown,,,,,,,,,,,,,Yes,,,,,,,,,Stonegate-Queensway
1541,Major Arterial,Etobicoke York,Intersection,Traffic Signal,Clear,Daylight,Dry,Non-Fatal Injury,Rear End,Driver,40 to 44,,East,Going Ahead,Driving Properly,,,,,,,,,Yes,,,,,,,,,Stonegate-Queensway
143,Major Arterial,Etobicoke York,Intersection,Traffic Signal,Rain,Dark,Wet,Non-Fatal Injury,Angle,Vehicle Owner,unknown,,,,,,,,,,,,,Yes,,,,,,Yes,Yes,,West Humber-Clairville
143,Major Arterial,Etobicoke York,Intersection,Traffic Signal,Rain,Dark,Wet,Non-Fatal Injury,Angle,Driver,20 to 24,Minimal,South,Going Ahead,Driving Properly,,,,,,,,,Yes,,,,,,Yes,Yes,,West Humber-Clairville
2320,Major Arterial,Toronto and East York,Intersection,No Control,Clear,Dark,Dry,Non-Fatal Injury,SMV Other,Motorcycle Driver,20 to 24,Major,North,Going Ahead,Lost control,,,,,,,,,,Yes,,,,Yes,Yes,,,Bay-Cloverhill
1115,Major Arterial,Scarborough,Intersection,Traffic Signal,Clear,Daylight,Dry,Non-Fatal Injury,Angle,Driver,40 to 44,,East,Going Ahead,Failed to Yield Right of Way,,,,,,,,,Yes,,,,,,Yes,,,Milliken
1810,Major Arterial,Etobicoke York,Intersection,Traffic Signal,Clear,Dark,Dry,Non-Fatal Injury,Turning Movement,Driver,25 to 29,Major,West,Going Ahead,Failed to Yield Right of Way,,,,,,,,,Yes,,,,,,Yes,,,Kingsview Village-The Westway
630,Major Arterial,Scarborough,Mid-Block,No Control,Rain,Dark,Wet,Non-Fatal Injury,Cyclist Collisions,Driver,70 to 74,,East,Going Ahead,Failed to Yield Right of Way,,,,,,,,Yes,Yes,,,,,,Yes,,,Dorset Park
1517,Major Arterial,Toronto and East York,Mid-Block,No Control,Drifting Snow,Daylight,Ice,Non-Fatal Injury,Approaching,Passenger,55 to 59,Major,,,,,,,,,,,,Yes,,,,Yes,Yes,Yes,,,Rosedale-Moore Park
1349,Major Arterial,Etobicoke York,Intersection,Traffic Signal,Clear,Daylight,Dry,Non-Fatal Injury,SMV Other,Vehicle Owner,unknown,,,,,,,,,,,,,Yes,,,,,,,,,York University Heights