TIME,ROAD_CLASS,DISTRICT,LOCCOORD,TRAFFCTL,VISIBILITY,LIGHT,RDSFCOND,ACCLASS,IMPACTYPE,INVTYPE,INVAGE,INJURY,INITDIR,MANOEUVER,DRIVACT,PEDTYPE,PEDACT,PEDCOND,CYCLISTYPE,CYCACT,CYCCOND,PEDESTRIAN,CYCLIST,AUTOMOBILE,MOTORCYCLE,TRUCK,TRSN_CITY_VEH,PASSENGER,SPEEDING,AG_DRIV,REDLIGHT,ALCOHOL,NEIGHBOURHOOD_158
244,Minor Arterial,Toronto and East York,Intersection,Traffic Signal,Clear,Dark,Dry,Non-Fatal Injury,Rear End,Driver,65 to 69,Major,West,Going Ahead,Exceeding Speed Limit,,,,,,,,,Yes,,,,,Yes,Yes,,Yes,Trinity-Bellwoods
322,Collector,Scarborough,Mid-Block,No Control,Snow,Dark,Wet,Non-Fatal Injury,SMV Other,Passenger,45 to 49,Major,,,,,,,,,,,,Yes,,,,Yes,Yes,Yes,,Yes,Morningside Heights
1915,Major Arterial,Scarborough,Intersection,Traffic Signal,Clear,Dark,Dry,Non-Fatal Injury,Turning Movement,Driver,40 to 44,Minor,West,Going Ahead,Other,,,,,,,,,Yes,,,,Yes,,Yes,,,Eglinton East
730,Major Arterial,Toronto and East York,Intersection,Stop Sign,Clear,Dawn,Dry,Non-Fatal Injury,Cyclist Collisions,Cyclist,65 to 69,Major,South,Going Ahead,,,,,"Cyclist without ROW rides into path of motorist at inter, lnwy, dwy-Cyclist not turn.",Failed to Yield Right of Way,Normal,,Yes,Yes,,,,,,,,,Kensington-Chinatown
45,Major Arterial,Toronto and East York,Mid-Block,No Control,Rain,Dark,Wet,Non-Fatal Injury,SMV Other,Passenger,15 to 19,Minimal,,,,,,,,,,,,Yes,,,,Yes,,,,,South Parkdale
1430,Minor Arterial,Scarborough,Mid-Block,No Control,Clear,Daylight,Dry,Non-Fatal Injury,Cyclist Collisions,Cyclist,55 to 59,Major,North,Going Ahead,,,,,"Cyclist loses control and strikes object (pole, ttc track)",Lost control,Unknown,,Yes,,,,,,,,,,Clairlea-Birchmount
1132,Major Arterial,Toronto and East York,Intersection,Traffic Signal,Clear,Daylight,Dry,Fatal,Pedestrian Collisions,Pedestrian,55 to 59,Fatal,East,,,Vehicle turns right while ped crosses with ROW at inter.,Crossing with right of way,Normal,,,,Yes,,,,Yes,,,,Yes,,,North Riverdale
815,Local,Etobicoke York,Intersection,No Control,Rain,Daylight,Wet,Non-Fatal Injury,Pedestrian Collisions,Driver,35 to 39,,South,Turning Left,Failed to Yield Right of Way,,,,,,,Yes,,Yes,,,,,,Yes,,,Rexdale-Kipling
1716,Major Arterial,North York,Mid-Block,No Control,Clear,Dark,Dry,Non-Fatal Injury,Pedestrian Collisions,Driver,60 to 64,,East,Going Ahead,Driving Properly,,,,,,,Yes,,Yes,,,,,,,,,Englemount-Lawrence
45,Major Arterial,Toronto and East York,Mid-Block,No Control,Rain,Dark,Wet,Non-Fatal Injury,SMV Other,Driver,40 to 44,Major,East,Going Ahead,Lost control,,,,,,,,,Yes,,,,Yes,,,,,South Parkdale
1455,Major Arterial,Toronto and East York,Intersection,No Control,Rain,Daylight,Wet,Non-Fatal Injury,Rear End,Driver,35 to 39,,East,Stopped,Driving Properly,,,,,,,,,Yes,,,,Yes,,Yes,,,Lambton Baby Point
1132,Major Arterial,Toronto and East York,Intersection,Traffic Signal,Clear,Daylight,Dry,Fatal,Pedestrian Collisions,Truck Driver,35 to 39,,East,Turning Right,Failed to Yield Right of Way,,,,,,,Yes,,,,Yes,,,,Yes,,,North Riverdale
815,Local,Etobicoke York,Intersection,No Control,Rain,Daylight,Wet,Non-Fatal Injury,Pedestrian Collisions,Pedestrian,75 to 79,Major,North,,,Vehicle turns left while ped crosses with ROW at inter.,Crossing with right of way,Normal,,,,Yes,,Yes,,,,,,Yes,,,Rexdale-Kipling
322,Collector,Scarborough,Mid-Block,No Control,Snow,Dark,Wet,Non-Fatal Injury,SMV Other,Driver,35 to 39,,South,Going Ahead,Speed too Fast For Condition,,,,,,,,,Yes,,,,Yes,Yes,Yes,,Yes,Morningside Heights
244,Minor Arterial,Toronto and East York,Intersection,Traffic Signal,Clear,Dark,Dry,Non-Fatal Injury,Rear End,Driver,15 to 19,Major,West,Going Ahead,Driving Properly,,,,,,,,,Yes,,,,,Yes,Yes,,Yes,Trinity-Bellwoods
1716,Major Arterial,North York,Mid-Block,No Control,Clear,Dark,Dry,Non-Fatal Injury,Pedestrian Collisions,Pedestrian,50 to 54,Major,South,,,Pedestrian hit at mid-block,"Crossing, no Traffic Control",Normal,,,,Yes,,Yes,,,,,,,,,Englemount-Lawrence
1455,Major Arterial,Toronto and East York,Intersection,No Control,Rain,Daylight,Wet,Non-Fatal Injury,Rear End,Vehicle Owner,unknown,,,,,,,,,,,,,Yes,,,,Yes,,Yes,,,Lambton Baby Point
2145,Major Arterial,Etobicoke York,Intersection,Traffic Signal,Rain,"Dark, artificial",Wet,Non-Fatal Injury,Pedestrian Collisions,Pedestrian,20 to 24,Major,North,,,Vehicle turns left while ped crosses with ROW at inter.,Crossing with right of way,Normal,,,,Yes,,Yes,,,,,,Yes,,,Thistletown-Beaumond Heights
1520,Local,Scarborough,Intersection,Stop Sign,Clear,Daylight,Dry,Non-Fatal Injury,SMV Other,Driver,75 to 79,Major,West,Going Ahead,Lost control,,,,,,,,,Yes,,,,,,,,,Centennial Scarborough
322,Collector,Scarborough,Mid-Block,No Control,Snow,Dark,Wet,Non-Fatal Injury,SMV Other,Other Property Owner,unknown,,,,,,,,,,,,,Yes,,,,Yes,Yes,Yes,,Yes,Morningside Heights
244,Minor Arterial,Toronto and East York,Intersection,Traffic Signal,Clear,Dark,Dry,Non-Fatal Injury,Rear End,Driver,45 to 49,Major,East,Going Ahead,Driving Properly,,,,,,,,,Yes,,,,,Yes,Yes,,Yes,Trinity-Bellwoods
1510,Major Arterial,Etobicoke York,Intersection,Traffic Signal,Clear,Daylight,Dry,Non-Fatal Injury,Rear End,Vehicle Owner,unknown,,,,,,,,,,,,,Yes,,,,,,Yes,,,West Humber-Clairville
1455,Major Arterial,Toronto and East York,Intersection,No Control,Rain,Daylight,Wet,Non-Fatal Injury,Rear End,Driver,45 to 49,Minimal,East,Stopped,Driving Properly,,,,,,,,,Yes,,,,Yes,,Yes,,,Lambton Baby Point
244,Minor Arterial,Toronto and East York,Intersection,No Control,Clear,Dark,Dry,Non-Fatal Injury,Rear End,Driver,65 to 69,Major,West,Going Ahead,Exceeding Speed Limit,,,,,,,,,Yes,,,,,Yes,Yes,,Yes,Little Portugal
45,Major Arterial,Toronto and East York,Mid-Block,No Control,Rain,Dark,Wet,Non-Fatal Injury,SMV Other,Passenger,15 to 19,Minor,,,,,,,,,,,,Yes,,,,Yes,,,,,South Parkdale
2145,Major Arterial,Etobicoke York,Intersection,Traffic Signal,Rain,"Dark, artificial",Wet,Non-Fatal Injury,Pedestrian Collisions,Driver,unknown,,South,Turning Left,Failed to Yield Right of Way,,,,,,,Yes,,Yes,,,,,,Yes,,,Thistletown-Beaumond Heights
1059,Minor Arterial,Scarborough,Mid-Block,No Control,Rain,Daylight,Wet,Non-Fatal Injury,SMV Other,Driver,80 to 84,Major,West,Going Ahead,Lost control,,,,,,,,,Yes,,,,,,,,,Centennial Scarborough
1520,Local,Scarborough,Intersection,Stop Sign,Clear,Daylight,Dry,Non-Fatal Injury,SMV Other,Other Property Owner,unknown,,,,,,,,,,,,,Yes,,,,,,,,,Centennial Scarborough
1510,Major Arterial,Etobicoke York,Intersection,Traffic Signal,Clear,Daylight,Dry,Non-Fatal Injury,Rear End,Driver,55 to 59,,East,Going Ahead,Following too Close,,,,,,,,,Yes,,,,,,Yes,,,West Humber-Clairville
1455,Major Arterial,Toronto and East York,Intersection,No Control,Rain,Daylight,Wet,Non-Fatal Injury,Rear End,Driver,50 to 54,Major,East,Stopped,Driving Properly,,,,,,,,,Yes,,,,Yes,,Yes,,,Lambton Baby Point
45,Major Arterial,Toronto and East York,Mid-Block,No Control,Rain,Dark,Wet,Non-Fatal Injury,SMV Other,Other Property Owner,unknown,,,,,,,,,,,,,Yes,,,,Yes,,,,,South Parkdale
244,Minor Arterial,Toronto and East York,Intersection,No Control,Clear,Dark,Dry,Non-Fatal Injury,Rear End,Driver,40 to 44,Major,East,Going Ahead,Driving Properly,,,,,,,,,Yes,,,,,Yes,Yes,,Yes,Little Portugal
656,Major Arterial,Scarborough,Intersection,Traffic Signal,Rain,Dawn,Wet,Fatal,SMV Other,Passenger,35 to 39,Fatal,,,,,,,,,,,,Yes,,,,Yes,,,,,Dorset Park
1510,Major Arterial,Etobicoke York,Intersection,Traffic Signal,Clear,Daylight,Dry,Non-Fatal Injury,Rear End,Vehicle Owner,unknown,,,,,,,,,,,,,Yes,,,,,,Yes,,,West Humber-Clairville
325,Major Arterial,Toronto and East York,Intersection,Traffic Signal,Rain,Dark,Wet,Non-Fatal Injury,Pedestrian Collisions,Driver,unknown,,South,Turning Left,Failed to Yield Right of Way,,,,,,,Yes,,Yes,,,,,,Yes,,,High Park North
1455,Major Arterial,Toronto and East York,Intersection,No Control,Rain,Daylight,Wet,Non-Fatal Injury,Rear End,Passenger,15 to 19,Minimal,,,,,,,,,,,,Yes,,,,Yes,,Yes,,,Lambton Baby Point
834,Major Arterial,Etobicoke York,Intersection,Traffic Signal,Clear,Daylight,Dry,Non-Fatal Injury,Pedestrian Collisions,Driver,45 to 49,,South,Turning Left,Failed to Yield Right of Way,,,,,,,Yes,,Yes,,,,,,Yes,,,Glenfield-Jane Heights
656,Major Arterial,Scarborough,Intersection,Traffic Signal,Rain,Dawn,Wet,Fatal,SMV Other,Vehicle Owner,unknown,,,,,,,,,,,,,Yes,,,,Yes,,,,,Dorset Park
1903,Major Arterial,North York,Intersection,No Control,Rain,Dark,Wet,Non-Fatal Injury,Pedestrian Collisions,Driver,40 to 44,,South,Going Ahead,Driving Properly,,,,,,,Yes,,Yes,,,,,,,,,Englemount-Lawrence
656,Major Arterial,Scarborough,Intersection,Traffic Signal,Rain,Dawn,Wet,Fatal,SMV Other,Driver,25 to 29,Major,South,Going Ahead,Lost control,,,,,,,,,Yes,,,,Yes,,,,,Dorset Park
244,Minor Arterial,Toronto and East York,Intersection,No Control,Clear,Dark,Dry,Non-Fatal Injury,Rear End,Driver,30 to 34,Major,West,Going Ahead,Driving Properly,,,,,,,,,Yes,,,,,Yes,Yes,,Yes,Little Portugal
1510,Major Arterial,Etobicoke York,Intersection,Traffic Signal,Clear,Daylight,Dry,Non-Fatal Injury,Rear End,Driver,35 to 39,Major,East,Stopped,Driving Properly,,,,,,,,,Yes,,,,,,Yes,,,West Humber-Clairville
325,Major Arterial,Toronto and East York,Intersection,Traffic Signal,Rain,Dark,Wet,Non-Fatal Injury,Pedestrian Collisions,Pedestrian,25 to 29,Major,South,,,Vehicle turns left while ped crosses with ROW at inter.,Crossing with right of way,Normal,,,,Yes,,Yes,,,,,,Yes,,,High Park North
1455,Major Arterial,Toronto and East York,Intersection,No Control,Rain,Daylight,Wet,Non-Fatal Injury,Rear End,Driver,50 to 54,Minor,East,Going Ahead,Following too Close,,,,,,,,,Yes,,,,Yes,,Yes,,,Lambton Baby Point
1545,Minor Arterial,Toronto and East York,Mid-Block,No Control,Rain,Daylight,Wet,Non-Fatal Injury,Pedestrian Collisions,Driver,40 to 44,,South,Going Ahead,Driving Properly,,,,,,,Yes,,Yes,,,,,,,,,Roncesvalles
1220,Major Arterial,Etobicoke York,Intersection,Stop Sign,Clear,Daylight,Dry,Non-Fatal Injury,Turning Movement,Driver,40 to 44,,South,Turning Left,Disobeyed Traffic Control,,,,,,,,,Yes,,,,Yes,,Yes,,,Markland Wood
1920,Major Arterial,Etobicoke York,Intersection,Traffic Signal,Clear,Dark,Dry,Non-Fatal Injury,Rear End,Driver,20 to 24,,South,Turning Left,Following too Close,,,,,,,,,Yes,,,,Yes,,Yes,,,West Humber-Clairville
656,Major Arterial,Scarborough,Intersection,Traffic Signal,Rain,Dawn,Wet,Fatal,SMV Other,Other Property Owner,unknown,,,,,,,,,,,,,Yes,,,,Yes,,,,,Dorset Park
1903,Major Arterial,North York,Intersection,No Control,Rain,Dark,Wet,Non-Fatal Injury,Pedestrian Collisions,Pedestrian,35 to 39,Major,East,,,Vehicle is going straight thru inter.while ped cross without ROW,"Crossing, no Traffic Control",Normal,,,,Yes,,Yes,,,,,,,,,Englemount-Lawrence
822,Major Arterial,Toronto and East York,Intersection,No Control,Rain,Daylight,Wet,Fatal,Pedestrian Collisions,Vehicle Owner,unknown,,,,,,,,,,,Yes,,,,,Yes,,,,,,Yonge-Bay Corridor
834,Major Arterial,Etobicoke York,Intersection,Traffic Signal,Clear,Daylight,Dry,Non-Fatal Injury,Pedestrian Collisions,Pedestrian,60 to 64,Major,North,,,Vehicle turns left while ped crosses with ROW at inter.,Crossing with right of way,Normal,,,,Yes,,Yes,,,,,,Yes,,,Glenfield-Jane Heights
1545,Minor Arterial,Toronto and East York,Mid-Block,No Control,Rain,Daylight,Wet,Non-Fatal Injury,Pedestrian Collisions,Pedestrian,70 to 74,Major,East,,,Pedestrian hit at mid-block,"Crossing, no Traffic Control",Inattentive,,,,Yes,,Yes,,,,,,,,,Roncesvalles
1920,Major Arterial,Etobicoke York,Intersection,Traffic Signal,Clear,Dark,Dry,Non-Fatal Injury,Rear End,Passenger,15 to 19,Minor,,,,,,,,,,,,Yes,,,,Yes,,Yes,,,West Humber-Clairville
1047,Major Arterial,Toronto and East York,Intersection,Traffic Signal,Clear,Daylight,Dry,Non-Fatal Injury,Turning Movement,Moped Driver,35 to 39,Major,North,Going Ahead,Driving Properly,,,,,,,,Yes,Yes,,,,,,,,,Church-Wellesley
1220,Major Arterial,Etobicoke York,Intersection,Stop Sign,Clear,Daylight,Dry,Non-Fatal Injury,Turning Movement,Passenger,40 to 44,Minimal,,,,,,,,,,,,Yes,,,,Yes,,Yes,,,Markland Wood
32,Major Arterial,Toronto and East York,Intersection,No Control,Clear,Dark,Dry,Fatal,Pedestrian Collisions,Vehicle Owner,unknown,,,,,,,,,,,Yes,,,,,Yes,,,,,,South Riverdale
1947,Major Arterial,Etobicoke York,Intersection,Traffic Signal,Rain,Dark,Wet,Non-Fatal Injury,Pedestrian Collisions,Vehicle Owner,unknown,,,,,,,,,,,Yes,,Yes,,,,,,Yes,,,Mount Dennis
1220,Major Arterial,Etobicoke York,Intersection,Stop Sign,Clear,Daylight,Dry,Non-Fatal Injury,Turning Movement,Driver,40 to 44,Major,East,Going Ahead,Driving Properly,,,,,,,,,Yes,,,,Yes,,Yes,,,Markland Wood
32,Major Arterial,Toronto and East York,Intersection,No Control,Clear,Dark,Dry,Fatal,Pedestrian Collisions,Driver,50 to 54,,East,Going Ahead,Driving Properly,,,,,,,Yes,,,,,Yes,,,,,,South Riverdale
1500,Major Arterial,Etobicoke York,Intersection,Traffic Signal,Clear,Daylight,Dry,Non-Fatal Injury,Angle,Vehicle Owner,unknown,,,,,,,,,,,,,Yes,,,,,,,,,West Humber-Clairville
822,Major Arterial,Toronto and East York,Intersection,No Control,Rain,Daylight,Wet,Fatal,Pedestrian Collisions,Driver,30 to 34,,South,Going Ahead,Driving Properly,,,,,,,Yes,,,,,Yes,,,,,,Yonge-Bay Corridor
1920,Major Arterial,Etobicoke York,Intersection,Traffic Signal,Clear,Dark,Dry,Non-Fatal Injury,Rear End,Driver,30 to 34,Major,South,Turning Left,Driving Properly,,,,,,,,,Yes,,,,Yes,,Yes,,,West Humber-Clairville
1047,Major Arterial,Toronto and East York,Intersection,Traffic Signal,Clear,Daylight,Dry,Non-Fatal Injury,Turning Movement,Driver,40 to 44,,South,Turning Left,Improper Turn,,,,,,,,Yes,Yes,,,,,,,,,Church-Wellesley
32,Major Arterial,Toronto and East York,Intersection,No Control,Clear,Dark,Dry,Fatal,Pedestrian Collisions,Pedestrian,35 to 39,Fatal,North,,,Pedestrian involved in a collision with transit vehicle anywhere along roadway,"Crossing, no Traffic Control",Inattentive,,,,Yes,,,,,Yes,,,,,,South Riverdale
2211,Major Arterial,Scarborough,Intersection,Traffic Signal,Clear,Dark,Dry,Non-Fatal Injury,Pedestrian Collisions,Driver,45 to 49,,North,Turning Left,Failed to Yield Right of Way,,,,,,,Yes,,Yes,,,,,,Yes,,,L'Amoreaux West
1947,Major Arterial,Etobicoke York,Intersection,Traffic Signal,Rain,Dark,Wet,Non-Fatal Injury,Pedestrian Collisions,Driver,40 to 44,,North,Turning Left,Failed to Yield Right of Way,,,,,,,Yes,,Yes,,,,,,Yes,,,Mount Dennis
822,Major Arterial,Toronto and East York,Intersection,No Control,Rain,Daylight,Wet,Fatal,Pedestrian Collisions,Pedestrian,40 to 44,Fatal,West,,,Vehicle is going straight thru inter.while ped cross without ROW,"Crossing, no Traffic Control",Unknown,,,,Yes,,,,,Yes,,,,,,Yonge-Bay Corridor
1947,Major Arterial,Etobicoke York,Intersection,Traffic Signal,Rain,Dark,Wet,Non-Fatal Injury,Pedestrian Collisions,Pedestrian,40 to 44,Major,North,,,Vehicle turns left while ped crosses with ROW at inter.,Crossing with right of way,Normal,,,,Yes,,Yes,,,,,,Yes,,,Mount Dennis
1500,Major Arterial,Etobicoke York,Intersection,Traffic Signal,Clear,Daylight,Dry,Non-Fatal Injury,Angle,Driver,55 to 59,Minimal,East,Stopped,Driving Properly,,,,,,,,,Yes,,,,,,,,,West Humber-Clairville
220,Major Arterial,Toronto and East York,Mid-Block,No Control,Clear,Dark,Dry,Non-Fatal Injury,Pedestrian Collisions,Vehicle Owner,unknown,,,,,,,,,,,Yes,,Yes,,,,,Yes,Yes,,Yes,Wellington Place
52,Collector,Etobicoke York,Intersection,No Control,Clear,Dark,Wet,Non-Fatal Injury,Pedestrian Collisions,Passenger,20 to 24,,,,,,,,,,,Yes,,Yes,,,,Yes,Yes,Yes,,,York University Heights
242,Major Arterial,Toronto and East York,Intersection,Traffic Signal,Clear,Dark,Wet,Non-Fatal Injury,Pedestrian Collisions,Vehicle Owner,unknown,,,,,,,,,,,Yes,,Yes,,,,,,,,,Kensington-Chinatown
2211,Major Arterial,Scarborough,Intersection,Traffic Signal,Clear,Dark,Dry,Non-Fatal Injury,Pedestrian Collisions,Pedestrian,50 to 54,Major,South,,,Vehicle turns left while ped crosses with ROW at inter.,Crossing with right of way,Normal,,,,Yes,,Yes,,,,,,Yes,,,L'Amoreaux West
1500,Major Arterial,Etobicoke York,Intersection,Traffic Signal,Clear,Daylight,Dry,Non-Fatal Injury,Angle,Vehicle Owner,unknown,,,,,,,,,,,,,Yes,,,,,,,,,West Humber-Clairville
908,Major Arterial,Toronto and East York,Intersection,No Control,Clear,Daylight,Dry,Non-Fatal Injury,Cyclist Collisions,Driver,35 to 39,,West,Overtaking,Improper Passing,,,,,,,,Yes,Yes,,,,,,Yes,,,Regent Park
242,Major Arterial,Toronto and East York,Intersection,Traffic Signal,Clear,Dark,Wet,Non-Fatal Injury,Pedestrian Collisions,Driver,30 to 34,,East,Going Ahead,Driving Properly,,,,,,,Yes,,Yes,,,,,,,,,Kensington-Chinatown
52,Collector,Etobicoke York,Intersection,No Control,Clear,Dark,Wet,Non-Fatal Injury,Pedestrian Collisions,Driver,25 to 29,,West,Going Ahead,Exceeding Speed Limit,,,,,,,Yes,,Yes,,,,Yes,Yes,Yes,,,York University Heights
350,Major Arterial,Toronto and East York,Intersection,Traffic Signal,Clear,Dark,Wet,Non-Fatal Injury,Sideswipe,Driver,25 to 29,,North,Changing Lanes,Improper Lane Change,,,,,,,,,Yes,,,,Yes,,,,,University
220,Major Arterial,Toronto and East York,Mid-Block,No Control,Clear,Dark,Dry,Non-Fatal Injury,Pedestrian Collisions,Driver,15 to 19,,East,Going Ahead,Exceeding Speed Limit,,,,,,,Yes,,Yes,,,,,Yes,Yes,,Yes,Wellington Place
2320,Major Arterial,North York,Intersection,Traffic Signal,Clear,Dark,Dry,Non-Fatal Injury,Pedestrian Collisions,Pedestrian,30 to 34,Major,South,,,Vehicle is going straight thru inter.while ped cross with ROW,Crossing with right of way,Normal,,,,Yes,,Yes,,,,,,Yes,Yes,,Willowdale West
1500,Major Arterial,Etobicoke York,Intersection,Traffic Signal,Clear,Daylight,Dry,Non-Fatal Injury,Angle,Driver,55 to 59,Major,South,Going Ahead,Lost control,,,,,,,,,Yes,,,,,,,,,West Humber-Clairville
908,Major Arterial,Toronto and East York,Intersection,No Control,Clear,Daylight,Dry,Non-Fatal Injury,Cyclist Collisions,Cyclist,40 to 44,Major,West,Going Ahead,,,,,Cyclist and Driver travelling in same direction. One vehicle sideswipes the other.,Driving Properly,Normal,,Yes,Yes,,,,,,Yes,,,Regent Park
242,Major Arterial,Toronto and East York,Intersection,Traffic Signal,Clear,Dark,Wet,Non-Fatal Injury,Pedestrian Collisions,Pedestrian,15 to 19,Major,North,,,Vehicle hits the pedestrian walking or running out from between parked vehicles at mid-block,Crossing without right of way,Had Been Drinking,,,,Yes,,Yes,,,,,,,,,Kensington-Chinatown
1548,Major Arterial,Scarborough,Intersection,Traffic Signal,Clear,Daylight,Dry,Non-Fatal Injury,Pedestrian Collisions,Vehicle Owner,unknown,,,,,,,,,,,Yes,,Yes,,,,,,,,,Malvern East
220,Major Arterial,Toronto and East York,Mid-Block,No Control,Clear,Dark,Dry,Non-Fatal Injury,Pedestrian Collisions,Vehicle Owner,unknown,,,,,,,,,,,Yes,,Yes,,,,,Yes,Yes,,Yes,Wellington Place
1548,Major Arterial,Scarborough,Intersection,Traffic Signal,Clear,Daylight,Dry,Non-Fatal Injury,Pedestrian Collisions,Driver,30 to 34,,East,Going Ahead,Driving Properly,,,,,,,Yes,,Yes,,,,,,,,,Malvern East
52,Collector,Etobicoke York,Intersection,No Control,Clear,Dark,Wet,Non-Fatal Injury,Pedestrian Collisions,Pedestrian,20 to 24,Major,,,,Pedestrian hit on sidewalk or shoulder,On Sidewalk or Shoulder,Normal,,,,Yes,,Yes,,,,Yes,Yes,Yes,,,York University Heights
2320,Major Arterial,North York,Intersection,Traffic Signal,Clear,Dark,Dry,Non-Fatal Injury,Pedestrian Collisions,Driver,unknown,,East,Going Ahead,Disobeyed Traffic Control,,,,,,,Yes,,Yes,,,,,,Yes,Yes,,Willowdale West
929,Minor Arterial,Toronto and East York,Mid-Block,No Control,Clear,Daylight,Dry,Non-Fatal Injury,Pedestrian Collisions,Driver,60 to 64,,East,Reversing,Driving Properly,,,,,,,Yes,,Yes,,,,,,,,,The Beaches
1503,Major Arterial,Toronto and East York,Intersection,No Control,Rain,Daylight,Wet,Non-Fatal Injury,Turning Movement,Vehicle Owner,unknown,,,,,,,,,,,,,Yes,,,Yes,,,Yes,,,Wychwood
350,Major Arterial,Toronto and East York,Intersection,Traffic Signal,Clear,Dark,Wet,Non-Fatal Injury,Sideswipe,Passenger,20 to 24,Minor,,,,,,,,,,,,Yes,,,,Yes,,,,,University
220,Major Arterial,Toronto and East York,Mid-Block,No Control,Clear,Dark,Dry,Non-Fatal Injury,Pedestrian Collisions,Driver,35 to 39,,East,Stopped,Driving Properly,,,,,,,Yes,,Yes,,,,,Yes,Yes,,Yes,Wellington Place
929,Minor Arterial,Toronto and East York,Mid-Block,No Control,Clear,Daylight,Dry,Non-Fatal Injury,Pedestrian Collisions,Pedestrian,30 to 34,Major,South,,,Vehicle is reversing and hits pedestrian,"Crossing, no Traffic Control",Inattentive,,,,Yes,,Yes,,,,,,,,,The Beaches
750,Major Arterial,Etobicoke York,Intersection,Traffic Signal,Clear,Daylight,Dry,Non-Fatal Injury,Rear End,Driver,55 to 59,Major,West,Stopped,Driving Properly,,,,,,,,,Yes,,,,,,Yes,,,Eringate-Centennial-West Deane
1548,Major Arterial,Scarborough,Intersection,Traffic Signal,Clear,Daylight,Dry,Non-Fatal Injury,Pedestrian Collisions,Pedestrian,30 to 34,Major,South,,,Vehicle is going straight thru inter.while ped cross without ROW,Crossing without right of way,Normal,,,,Yes,,Yes,,,,,,,,,Malvern East
350,Major Arterial,Toronto and East York,Intersection,Traffic Signal,Clear,Dark,Wet,Non-Fatal Injury,Sideswipe,Passenger,20 to 24,Major,,,,,,,,,,,,Yes,,,,Yes,,,,,University
1503,Major Arterial,Toronto and East York,Intersection,No Control,Rain,Daylight,Wet,Non-Fatal Injury,Turning Movement,Driver,45 to 49,,West,Going Ahead,Driving Properly,,,,,,,,,Yes,,,Yes,,,Yes,,,Wychwood
220,Major Arterial,Toronto and East York,Mid-Block,No Control,Clear,Dark,Dry,Non-Fatal Injury,Pedestrian Collisions,Pedestrian,45 to 49,Major,,,,Pedestrian hit at mid-block,Person Getting on/off Vehicle,Had Been Drinking,,,,Yes,,Yes,,,,,Yes,Yes,,Yes,Wellington Place
1320,Collector,Toronto and East York,Mid-Block,No Control,Clear,Daylight,Dry,Non-Fatal Injury,Pedestrian Collisions,Vehicle Owner,unknown,,,,,,,,,,,Yes,,Yes,,,,,,,,,High Park-Swansea
1635,Major Arterial,Toronto and East York,Intersection,Streetcar (Stop for),Clear,Daylight,Dry,Non-Fatal Injury,Pedestrian Collisions,Vehicle Owner,unknown,,,,,,,,,,,Yes,,Yes,,,,,,Yes,,,Downtown Yonge East
750,Major Arterial,Etobicoke York,Intersection,Traffic Signal,Clear,Daylight,Dry,Non-Fatal Injury,Rear End,Vehicle Owner,unknown,,,,,,,,,,,,,Yes,,,,,,Yes,,,Eringate-Centennial-West Deane
1659,Major Arterial,Toronto and East York,Intersection,No Control,Clear,Daylight,Dry,Non-Fatal Injury,Turning Movement,Motorcycle Driver,25 to 29,Major,West,Going Ahead,Driving Properly,,,,,,,,,Yes,Yes,,,,,,,,Wellington Place
350,Major Arterial,Toronto and East York,Intersection,Traffic Signal,Clear,Dark,Wet,Non-Fatal Injury,Sideswipe,Vehicle Owner,unknown,,,,,,,,,,,,,Yes,,,,Yes,,,,,University
1659,Major Arterial,Toronto and East York,Intersection,No Control,Clear,Daylight,Dry,Non-Fatal Injury,Turning Movement,Driver,20 to 24,,West,Making U Turn,Improper Turn,,,,,,,,,Yes,Yes,,,,,,,,Wellington Place
1320,Collector,Toronto and East York,Mid-Block,No Control,Clear,Daylight,Dry,Non-Fatal Injury,Pedestrian Collisions,Driver,65 to 69,,North,Going Ahead,Driving Properly,,,,,,,Yes,,Yes,,,,,,,,,High Park-Swansea
750,Major Arterial,Etobicoke York,Intersection,Traffic Signal,Clear,Daylight,Dry,Non-Fatal Injury,Rear End,Driver,15 to 19,,West,Going Ahead,Following too Close,,,,,,,,,Yes,,,,,,Yes,,,Eringate-Centennial-West Deane
1635,Major Arterial,Toronto and East York,Intersection,Streetcar (Stop for),Clear,Daylight,Dry,Non-Fatal Injury,Pedestrian Collisions,Driver,15 to 19,,East,Going Ahead,Disobeyed Traffic Control,,,,,,,Yes,,Yes,,,,,,Yes,,,Downtown Yonge East
750,Major Arterial,Etobicoke York,Intersection,Traffic Signal,Clear,Daylight,Dry,Non-Fatal Injury,Rear End,Other Property Owner,unknown,,,,,,,,,,,,,Yes,,,,,,Yes,,,Eringate-Centennial-West Deane
1301,Major Arterial,North York,Intersection,No Control,Clear,Daylight,Dry,Fatal,Pedestrian Collisions,Vehicle Owner,unknown,,,,,,,,,,,Yes,,Yes,,,,,,,,,NSA