TIME,ROAD_CLASS,DISTRICT,LOCCOORD,TRAFFCTL,VISIBILITY,LIGHT,RDSFCOND,ACCLASS,IMPACTYPE,INVTYPE,INVAGE,INJURY,INITDIR,MANOEUVER,DRIVACT,PEDTYPE,PEDACT,PEDCOND,CYCLISTYPE,CYCACT,CYCCOND,PEDESTRIAN,CYCLIST,AUTOMOBILE,MOTORCYCLE,TRUCK,TRSN_CITY_VEH,PASSENGER,SPEEDING,AG_DRIV,REDLIGHT,ALCOHOL,NEIGHBOURHOOD_158
350,Major Arterial,Toronto and East York,Intersection,Traffic Signal,Clear,Dark,Wet,Non-Fatal Injury,Sideswipe,Driver,40 to 44,,North,Going Ahead,Driving Properly,,,,,,,,,Yes,,,,Yes,,,,,University
1503,Major Arterial,Toronto and East York,Intersection,No Control,Rain,Daylight,Wet,Non-Fatal Injury,Turning Movement,Driver,35 to 39,Major,West,Turning Left,Disobeyed Traffic Control,,,,,,,,,Yes,,,Yes,,,Yes,,,Wychwood
155,Major Arterial,Etobicoke York,Intersection,No Control,Clear,Dark,Dry,Non-Fatal Injury,Pedestrian Collisions,Driver,55 to 59,,North,Going Ahead,Disobeyed Traffic Control,,,,,,,Yes,,Yes,,,,,,Yes,,,Rockcliffe-Smythe
1320,Collector,Toronto and East York,Mid-Block,No Control,Clear,Daylight,Dry,Non-Fatal Injury,Pedestrian Collisions,Pedestrian,40 to 44,Major,West,,,Vehicle hits the pedestrian walking or running out from between parked vehicles at mid-block,Coming From Behind Parked Vehicle,Normal,,,,Yes,,Yes,,,,,,,,,High Park-Swansea
540,Major Arterial,Etobicoke York,Intersection,Traffic Signal,Clear,Dark,Dry,Fatal,Pedestrian Collisions,Vehicle Owner,unknown,,,,,,,,,,,Yes,,Yes,,,,,,,,,Thistletown-Beaumond Heights
155,Major Arterial,Etobicoke York,Intersection,No Control,Clear,Dark,Dry,Non-Fatal Injury,Pedestrian Collisions,Pedestrian,20 to 24,Major,South,,,Vehicle is going straight thru inter.while ped cross without ROW,"Crossing, no Traffic Control",Had Been Drinking,,,,Yes,,Yes,,,,,,Yes,,,Rockcliffe-Smythe
1635,Major Arterial,Toronto and East York,Intersection,Streetcar (Stop for),Clear,Daylight,Dry,Non-Fatal Injury,Pedestrian Collisions,Pedestrian,20 to 24,Major,North,,,Vehicle is going straight thru inter.while ped cross with ROW,Person Getting on/off Vehicle,Inattentive,,,,Yes,,Yes,,,,,,Yes,,,Downtown Yonge East
1741,Major Arterial,Etobicoke York,Intersection,Traffic Signal,Rain,Dark,Wet,Non-Fatal Injury,Pedestrian Collisions,Driver,40 to 44,,West,Turning Left,Failed to Yield Right of Way,,,,,,,Yes,,Yes,,,,,,Yes,,,West Humber-Clairville
1455,Major Arterial,Toronto and East York,Mid-Block,No Control,Clear,Daylight,Dry,Non-Fatal Injury,Pedestrian Collisions,Vehicle Owner,unknown,,,,,,,,,,,Yes,,Yes,,,,,,,,,Yonge-Bay Corridor
350,Major Arterial,Toronto and East York,Intersection,Traffic Signal,Clear,Dark,Wet,Non-Fatal Injury,Sideswipe,Other Property Owner,unknown,,,,,,,,,,,,,Yes,,,,Yes,,,,,University
2220,Major Arterial,Toronto and East York,Intersection,Traffic Signal,Clear,Dark,Dry,Non-Fatal Injury,Pedestrian Collisions,Driver,40 to 44,,South,Going Ahead,Driving Properly,,,,,,,Yes,,Yes,,,,,,,,,Church-Wellesley
1301,Major Arterial,North York,Intersection,No Control,Clear,Daylight,Dry,Fatal,Pedestrian Collisions,Driver,50 to 54,,West,Going Ahead,Driving Properly,,,,,,,Yes,,Yes,,,,,,,,,NSA
540,Major Arterial,Etobicoke York,Intersection,Traffic Signal,Clear,Dark,Dry,Fatal,Pedestrian Collisions,Driver,60 to 64,,South,Turning Left,Other,,,,,,,Yes,,Yes,,,,,,,,,Thistletown-Beaumond Heights
916,Major Arterial,Etobicoke York,Intersection,Traffic Signal,Clear,Daylight,Dry,Fatal,Angle,Driver,25 to 29,Fatal,East,Going Ahead,Driving Properly,,,,,,,,,Yes,,,,,,Yes,Yes,,Kingsview Village-The Westway
1250,Major Arterial,Scarborough,Mid-Block,No Control,Snow,Daylight,Loose Snow,Non-Fatal Injury,Approaching,Driver,30 to 34,,North,Going Ahead,Driving Properly,,,,,,,,,Yes,,,,Yes,,,,,Milliken
540,Major Arterial,Etobicoke York,Intersection,Traffic Signal,Clear,Dark,Dry,Fatal,Pedestrian Collisions,Pedestrian,70 to 74,Fatal,North,,,Other / Undefined,Other,Normal,,,,Yes,,Yes,,,,,,,,,Thistletown-Beaumond Heights
1741,Major Arterial,Etobicoke York,Intersection,Traffic Signal,Rain,Dark,Wet,Non-Fatal Injury,Pedestrian Collisions,Pedestrian,45 to 49,Major,West,,,Vehicle turns left while ped crosses with ROW at inter.,Crossing with right of way,Normal,,,,Yes,,Yes,,,,,,Yes,,,West Humber-Clairville
1301,Major Arterial,North York,Intersection,No Control,Clear,Daylight,Dry,Fatal,Pedestrian Collisions,Pedestrian,80 to 84,Fatal,South,,,Vehicle is going straight thru inter.while ped cross without ROW,"Crossing, no Traffic Control",Inattentive,,,,Yes,,Yes,,,,,,,,,NSA
2031,Major Arterial,Scarborough,Intersection,Traffic Signal,Rain,Daylight,Wet,Non-Fatal Injury,Angle,Passenger,35 to 39,Minor,,,,,,,,,,,,Yes,,,,Yes,,Yes,Yes,,Agincourt North
2220,Major Arterial,Toronto and East York,Intersection,Traffic Signal,Clear,Dark,Dry,Non-Fatal Injury,Pedestrian Collisions,Vehicle Owner,unknown,,,,,,,,,,,Yes,,Yes,,,,,,,,,Church-Wellesley
916,Major Arterial,Etobicoke York,Intersection,Traffic Signal,Clear,Daylight,Dry,Fatal,Angle,Driver,40 to 44,,North,Stopped,Driving Properly,,,,,,,,,Yes,,,,,,Yes,Yes,,Kingsview Village-The Westway
1455,Major Arterial,Toronto and East York,Mid-Block,No Control,Clear,Daylight,Dry,Non-Fatal Injury,Pedestrian Collisions,Driver,50 to 54,,South,Changing Lanes,Improper Lane Change,,,,,,,Yes,,Yes,,,,,,,,,Yonge-Bay Corridor
1250,Major Arterial,Scarborough,Mid-Block,No Control,Snow,Daylight,Loose Snow,Non-Fatal Injury,Approaching,Vehicle Owner,unknown,,,,,,,,,,,,,Yes,,,,Yes,,,,,Milliken
1405,Collector,Etobicoke York,Mid-Block,No Control,Clear,Daylight,Dry,Non-Fatal Injury,Pedestrian Collisions,Pedestrian,25 to 29,Major,West,,,Pedestrian hit at mid-block,Running onto Roadway,Inattentive,,,,Yes,,Yes,,,,,,,,,West Humber-Clairville
2220,Major Arterial,Toronto and East York,Intersection,Traffic Signal,Clear,Dark,Dry,Non-Fatal Injury,Pedestrian Collisions,Driver,20 to 24,,South,Going Ahead,Driving Properly,,,,,,,Yes,,Yes,,,,,,,,,Church-Wellesley
1250,Major Arterial,Scarborough,Mid-Block,No Control,Snow,Daylight,Loose Snow,Non-Fatal Injury,Approaching,Passenger,70 to 74,Major,,,,,,,,,,,,Yes,,,,Yes,,,,,Milliken
207,Major Arterial,Toronto and East York,Intersection,Traffic Signal,Clear,Dark,Dry,Non-Fatal Injury,Pedestrian Collisions,Driver,30 to 34,,South,Going Ahead,Driving Properly,,,,,,,Yes,,Yes,,,,,,,,,Annex
1455,Major Arterial,Toronto and East York,Mid-Block,No Control,Clear,Daylight,Dry,Non-Fatal Injury,Pedestrian Collisions,Pedestrian,25 to 29,Major,,,,Pedestrian hit at mid-block,Playing or Working on Highway,Normal,,,,Yes,,Yes,,,,,,,,,Yonge-Bay Corridor
2031,Major Arterial,Scarborough,Intersection,Traffic Signal,Rain,Daylight,Wet,Non-Fatal Injury,Angle,Driver,30 to 34,Minor,North,Slowing or Stopping,Driving Properly,,,,,,,,,Yes,,,,Yes,,Yes,Yes,,Agincourt North
559,Major Arterial,Scarborough,Intersection,Traffic Signal,Clear,Dawn,Dry,Fatal,Angle,Passenger,40 to 44,Major,,,,,,,,,,,,Yes,,,,Yes,,Yes,Yes,,Steeles
916,Major Arterial,Etobicoke York,Intersection,Traffic Signal,Clear,Daylight,Dry,Fatal,Angle,Vehicle Owner,unknown,,,,,,,,,,,,,Yes,,,,,,Yes,Yes,,Kingsview Village-The Westway
1405,Collector,Etobicoke York,Mid-Block,No Control,Clear,Daylight,Dry,Non-Fatal Injury,Pedestrian Collisions,Vehicle Owner,unknown,,,,,,,,,,,Yes,,Yes,,,,,,,,,West Humber-Clairville
2220,Major Arterial,Toronto and East York,Intersection,Traffic Signal,Clear,Dark,Dry,Non-Fatal Injury,Pedestrian Collisions,Pedestrian,30 to 34,Major,,,,Vehicle is going straight thru inter.while ped cross without ROW,Other,Unknown,,,,Yes,,Yes,,,,,,,,,Church-Wellesley
1250,Major Arterial,Scarborough,Mid-Block,No Control,Snow,Daylight,Loose Snow,Non-Fatal Injury,Approaching,Driver,70 to 74,,North,Going Ahead,Driving Properly,,,,,,,,,Yes,,,,Yes,,,,,Milliken
2031,Major Arterial,Scarborough,Intersection,Traffic Signal,Rain,Daylight,Wet,Non-Fatal Injury,Angle,Vehicle Owner,unknown,,,,,,,,,,,,,Yes,,,,Yes,,Yes,Yes,,Agincourt North
207,Major Arterial,Toronto and East York,Intersection,Traffic Signal,Clear,Dark,Dry,Non-Fatal Injury,Pedestrian Collisions,Pedestrian,25 to 29,Major,West,,,Vehicle is going straight thru inter.while ped cross without ROW,Crossing without right of way,Normal,,,,Yes,,Yes,,,,,,,,,Annex
916,Major Arterial,Etobicoke York,Intersection,Traffic Signal,Clear,Daylight,Dry,Fatal,Angle,Driver,20 to 24,Minor,South,Going Ahead,Disobeyed Traffic Control,,,,,,,,,Yes,,,,,,Yes,Yes,,Kingsview Village-The Westway
559,Major Arterial,Scarborough,Intersection,Traffic Signal,Clear,Dawn,Dry,Fatal,Angle,Passenger,70 to 74,Fatal,,,,,,,,,,,,Yes,,,,Yes,,Yes,Yes,,Steeles
2031,Major Arterial,Scarborough,Intersection,Traffic Signal,Rain,Daylight,Wet,Non-Fatal Injury,Angle,Driver,20 to 24,Minimal,South,Going Ahead,Disobeyed Traffic Control,,,,,,,,,Yes,,,,Yes,,Yes,Yes,,Agincourt North
1250,Major Arterial,Scarborough,Mid-Block,No Control,Snow,Daylight,Loose Snow,Non-Fatal Injury,Approaching,Passenger,60 to 64,Minimal,,,,,,,,,,,,Yes,,,,Yes,,,,,Milliken
2352,Major Arterial,Etobicoke York,Intersection,Traffic Signal,Clear,Dark,Dry,Fatal,Turning Movement,Passenger,60 to 64,Fatal,,,,,,,,,,,,Yes,,,,Yes,Yes,Yes,,Yes,Glenfield-Jane Heights
1230,Major Arterial,Toronto and East York,Mid-Block,No Control,Clear,Daylight,Dry,Non-Fatal Injury,Sideswipe,Driver,25 to 29,,West,Changing Lanes,Improper Lane Change,,,,,,,,,Yes,,,,Yes,,,,,St Lawrence-East Bayfront-The Islands
2145,Major Arterial,Scarborough,Mid-Block,No Control,Clear,Dark,Dry,Non-Fatal Injury,Turning Movement,Driver,55 to 59,Major,South,Turning Left,Improper Turn,,,,,,,,,Yes,,,,,,,,,Wexford/Maryvale
559,Major Arterial,Scarborough,Intersection,Traffic Signal,Clear,Dawn,Dry,Fatal,Angle,Driver,40 to 44,Major,South,Going Ahead,Driving Properly,,,,,,,,,Yes,,,,Yes,,Yes,Yes,,Steeles
2031,Major Arterial,Scarborough,Intersection,Traffic Signal,Rain,Daylight,Wet,Non-Fatal Injury,Angle,Vehicle Owner,unknown,,,,,,,,,,,,,Yes,,,,Yes,,Yes,Yes,,Agincourt North
1405,Collector,Etobicoke York,Mid-Block,No Control,Clear,Daylight,Dry,Non-Fatal Injury,Pedestrian Collisions,Driver,25 to 29,,North,Going Ahead,Driving Properly,,,,,,,Yes,,Yes,,,,,,,,,West Humber-Clairville
2031,Major Arterial,Scarborough,Intersection,Traffic Signal,Rain,Daylight,Wet,Non-Fatal Injury,Angle,Driver,30 to 34,Minimal,North,Slowing or Stopping,Driving Properly,,,,,,,,,Yes,,,,Yes,,Yes,Yes,,Agincourt North
1250,Major Arterial,Scarborough,Mid-Block,No Control,Snow,Daylight,Loose Snow,Non-Fatal Injury,Approaching,Driver,65 to 69,Major,South,Going Ahead,Lost control,,,,,,,,,Yes,,,,Yes,,,,,Milliken
2352,Major Arterial,Etobicoke York,Intersection,Traffic Signal,Clear,Dark,Dry,Fatal,Turning Movement,Passenger,35 to 39,Major,,,,,,,,,,,,Yes,,,,Yes,Yes,Yes,,Yes,Glenfield-Jane Heights
1230,Major Arterial,Toronto and East York,Mid-Block,No Control,Clear,Daylight,Dry,Non-Fatal Injury,Sideswipe,Passenger,50 to 54,Major,,,,,,,,,,,,Yes,,,,Yes,,,,,St Lawrence-East Bayfront-The Islands
2145,Major Arterial,Scarborough,Mid-Block,No Control,Clear,Dark,Dry,Non-Fatal Injury,Turning Movement,Driver,25 to 29,,West,Going Ahead,Driving Properly,,,,,,,,,Yes,,,,,,,,,Wexford/Maryvale
559,Major Arterial,Scarborough,Intersection,Traffic Signal,Clear,Dawn,Dry,Fatal,Angle,Driver,35 to 39,Minor,West,Going Ahead,Disobeyed Traffic Control,,,,,,,,,Yes,,,,Yes,,Yes,Yes,,Steeles
1456,Major Arterial,North York,Intersection,Traffic Signal,Clear,Daylight,Dry,Fatal,Turning Movement,Passenger,85 to 89,Fatal,,,,,,,,,,,,Yes,,,,Yes,,,,,Don Valley Village
1250,Major Arterial,Scarborough,Mid-Block,No Control,Snow,Daylight,Loose Snow,Non-Fatal Injury,Approaching,Other Property Owner,unknown,,,,,,,,,,,,,Yes,,,,Yes,,,,,Milliken
1230,Major Arterial,Toronto and East York,Mid-Block,No Control,Clear,Daylight,Dry,Non-Fatal Injury,Sideswipe,Driver,25 to 29,,West,Going Ahead,Driving Properly,,,,,,,,,Yes,,,,Yes,,,,,St Lawrence-East Bayfront-The Islands
2031,Major Arterial,Scarborough,Intersection,Traffic Signal,Rain,Daylight,Wet,Non-Fatal Injury,Angle,Vehicle Owner,unknown,,,,,,,,,,,,,Yes,,,,Yes,,Yes,Yes,,Agincourt North
2352,Major Arterial,Etobicoke York,Intersection,Traffic Signal,Clear,Dark,Dry,Fatal,Turning Movement,Passenger,40 to 44,Fatal,,,,,,,,,,,,Yes,,,,Yes,Yes,Yes,,Yes,Glenfield-Jane Heights
2358,,North York,Mid-Block,No Control,Clear,Dark,Dry,Non-Fatal Injury,Other,Passenger,15 to 19,Major,,Other,,,,,,,,,,Yes,,,,Yes,,Yes,,,Banbury-Don Mills
1456,Major Arterial,North York,Intersection,Traffic Signal,Clear,Daylight,Dry,Fatal,Turning Movement,Driver,70 to 74,Minor,East,Turning Left,Improper Turn,,,,,,,,,Yes,,,,Yes,,,,,Don Valley Village
1156,Major Arterial,Scarborough,Intersection,Traffic Signal,Clear,Daylight,Dry,Non-Fatal Injury,Angle,Vehicle Owner,unknown,,,,,,,,,,,,,Yes,,,,,,Yes,Yes,,Golfdale-Cedarbrae-Woburn
2034,Major Arterial,Toronto and East York,Mid-Block,No Control,Clear,Dark,Wet,Non-Fatal Injury,SMV Unattended Vehicle,Driver,55 to 59,Major,East,Going Ahead,Lost control,,,,,,,,,Yes,,,,,,,,,Yonge-St.Clair
1010,Minor Arterial,Toronto and East York,Mid-Block,No Control,Clear,Daylight,Dry,Non-Fatal Injury,Cyclist Collisions,Driver,unknown,,South,Parked,Other,,,,,,,,Yes,Yes,,,,,,,,,Downtown Yonge East
1010,Minor Arterial,Toronto and East York,Mid-Block,No Control,Clear,Daylight,Dry,Non-Fatal Injury,Cyclist Collisions,Cyclist,20 to 24,Major,South,Slowing or Stopping,,,,,Cyclist struck opened vehicle door,Driving Properly,Normal,,Yes,Yes,,,,,,,,,Downtown Yonge East
2352,Major Arterial,Etobicoke York,Intersection,Traffic Signal,Clear,Dark,Dry,Fatal,Turning Movement,Passenger,20 to 24,Fatal,,,,,,,,,,,,Yes,,,,Yes,Yes,Yes,,Yes,Glenfield-Jane Heights
2358,,North York,Mid-Block,No Control,Clear,Dark,Dry,Non-Fatal Injury,Other,Driver,50 to 54,Minor,North,Slowing or Stopping,Driving Properly,,,,,,,,,Yes,,,,Yes,,Yes,,,Banbury-Don Mills
1456,Major Arterial,North York,Intersection,Traffic Signal,Clear,Daylight,Dry,Fatal,Turning Movement,Driver,20 to 24,,South,Stopped,Driving Properly,,,,,,,,,Yes,,,,Yes,,,,,Don Valley Village
1156,Major Arterial,Scarborough,Intersection,Traffic Signal,Clear,Daylight,Dry,Non-Fatal Injury,Angle,Driver,70 to 74,Major,North,Going Ahead,Disobeyed Traffic Control,,,,,,,,,Yes,,,,,,Yes,Yes,,Golfdale-Cedarbrae-Woburn
2034,Major Arterial,Toronto and East York,Mid-Block,No Control,Clear,Dark,Wet,Non-Fatal Injury,SMV Unattended Vehicle,Other,unknown,,East,Parked,,,,,,,,,,Yes,,,,,,,,,Yonge-St.Clair
1156,Major Arterial,Scarborough,Intersection,Traffic Signal,Clear,Daylight,Dry,Non-Fatal Injury,Angle,Driver,40 to 44,Minimal,East,Going Ahead,Driving Properly,,,,,,,,,Yes,,,,,,Yes,Yes,,Golfdale-Cedarbrae-Woburn
2352,Major Arterial,Etobicoke York,Intersection,Traffic Signal,Clear,Dark,Dry,Fatal,Turning Movement,Driver,40 to 44,Minor,East,Turning Left,Driving Properly,,,,,,,,,Yes,,,,Yes,Yes,Yes,,Yes,Glenfield-Jane Heights
1456,Major Arterial,North York,Intersection,Traffic Signal,Clear,Daylight,Dry,Fatal,Turning Movement,Vehicle Owner,unknown,,,,,,,,,,,,,Yes,,,,Yes,,,,,Don Valley Village
2358,,North York,Mid-Block,No Control,Clear,Dark,Dry,Non-Fatal Injury,Other,Driver,40 to 44,Minor,North,Changing Lanes,Following too Close,,,,,,,,,Yes,,,,Yes,,Yes,,,Banbury-Don Mills
1730,Major Arterial,Toronto and East York,Intersection,No Control,Clear,Daylight,Dry,Non-Fatal Injury,Cyclist Collisions,Driver,35 to 39,,East,Turning Left,Improper Turn,,,,,,,,Yes,Yes,,,,,,,,,Junction-Wallace Emerson
2044,Major Arterial,Toronto and East York,Intersection,No Control,Clear,Dark,Wet,Non-Fatal Injury,Turning Movement,Driver,55 to 59,Major,East,Turning Right,Lost control,,,,,,,,,Yes,,,,,,,,,Rosedale-Moore Park
1730,Major Arterial,Toronto and East York,Intersection,No Control,Clear,Daylight,Dry,Non-Fatal Injury,Cyclist Collisions,Cyclist,30 to 34,Major,West,Going Ahead,,,,,Motorist turned left across cyclists path.,Driving Properly,Normal,,Yes,Yes,,,,,,,,,Junction-Wallace Emerson
2031,Major Arterial,Scarborough,Intersection,Traffic Signal,Rain,Daylight,Wet,Non-Fatal Injury,Angle,Driver,40 to 44,Major,East,Going Ahead,Driving Properly,,,,,,,,,Yes,,,,Yes,,Yes,Yes,,Agincourt North
1846,Major Arterial,Toronto and East York,Intersection,Traffic Signal,Clear,Daylight,Dry,Non-Fatal Injury,Cyclist Collisions,Driver,45 to 49,,North,Going Ahead,Disobeyed Traffic Control,,,,,,,,Yes,Yes,,,,,,Yes,Yes,Yes,Dovercourt Village
2352,Major Arterial,Etobicoke York,Intersection,Traffic Signal,Clear,Dark,Dry,Fatal,Turning Movement,Driver,20 to 24,Major,West,Going Ahead,Exceeding Speed Limit,,,,,,,,,Yes,,,,Yes,Yes,Yes,,Yes,Glenfield-Jane Heights
1456,Major Arterial,North York,Intersection,Traffic Signal,Clear,Daylight,Dry,Fatal,Turning Movement,Driver,20 to 24,Minor,West,Going Ahead,Driving Properly,,,,,,,,,Yes,,,,Yes,,,,,Don Valley Village
2358,,North York,Mid-Block,No Control,Clear,Dark,Dry,Non-Fatal Injury,Other,Vehicle Owner,unknown,,,,,,,,,,,,,Yes,,,,Yes,,Yes,,,Banbury-Don Mills
1732,Major Arterial,Scarborough,Intersection,Traffic Signal,Clear,Dark,Dry,Non-Fatal Injury,Turning Movement,Passenger,40 to 44,Major,,,,,,,,,,,,Yes,,,,Yes,,,,,Agincourt South-Malvern West
2358,,North York,Mid-Block,No Control,Clear,Dark,Dry,Non-Fatal Injury,Other,Driver,40 to 44,Minor,North,Stopped,Driving Properly,,,,,,,,,Yes,,,,Yes,,Yes,,,Banbury-Don Mills
1825,Minor Arterial,Toronto and East York,Intersection,Traffic Signal,Clear,Dark,Wet,Fatal,Pedestrian Collisions,Driver,25 to 29,,North,Turning Left,Driving Properly,,,,,,,Yes,,Yes,,,,,,,,,Weston-Pelham Park
2044,Major Arterial,Toronto and East York,Intersection,No Control,Clear,Dark,Wet,Non-Fatal Injury,Turning Movement,Driver,50 to 54,,North,Stopped,Driving Properly,,,,,,,,,Yes,,,,,,,,,Rosedale-Moore Park
250,Major Arterial,Toronto and East York,Mid-Block,No Control,Clear,Dark,Dry,Non-Fatal Injury,Rear End,Vehicle Owner,unknown,,,,,,,,,,,,,Yes,,,,,,Yes,,,University
2115,Major Arterial,Etobicoke York,Intersection,Traffic Signal,Clear,Dark,Dry,Non-Fatal Injury,Turning Movement,Driver,25 to 29,,North,Going Ahead,Driving Properly,,,,,,,,,Yes,Yes,,,Yes,,,,,Eringate-Centennial-West Deane
1846,Major Arterial,Toronto and East York,Intersection,Traffic Signal,Clear,Daylight,Dry,Non-Fatal Injury,Cyclist Collisions,Cyclist,25 to 29,Major,East,Going Ahead,,,,,"Cyclist without ROW rides into path of motorist at inter, lnwy, dwy-Cyclist not turn.",Disobeyed Traffic Control,Normal,,Yes,Yes,,,,,,Yes,Yes,Yes,Dovercourt Village
1732,Major Arterial,Scarborough,Intersection,Traffic Signal,Clear,Dark,Dry,Non-Fatal Injury,Turning Movement,Driver,60 to 64,Major,East,Going Ahead,Driving Properly,,,,,,,,,Yes,,,,Yes,,,,,Agincourt South-Malvern West
2115,Major Arterial,Etobicoke York,Intersection,Traffic Signal,Clear,Dark,Dry,Non-Fatal Injury,Turning Movement,Passenger,25 to 29,Major,,,,,,,,,,,,Yes,Yes,,,Yes,,,,,Eringate-Centennial-West Deane
250,Major Arterial,Toronto and East York,Mid-Block,No Control,Clear,Dark,Dry,Non-Fatal Injury,Rear End,Driver,45 to 49,,West,Going Ahead,Following too Close,,,,,,,,,Yes,,,,,,Yes,,,University
257,Major Arterial,North York,Mid-Block,No Control,Clear,Dark,Dry,Non-Fatal Injury,Pedestrian Collisions,Pedestrian,50 to 54,Minor,Unknown,,,Pedestrian hit at mid-block,Playing or Working on Highway,Normal,,,,Yes,,,,,,,,,,,Englemount-Lawrence
250,Major Arterial,Toronto and East York,Mid-Block,No Control,Clear,Dark,Dry,Non-Fatal Injury,Rear End,Other,unknown,,,Parked,,,,,,,,,,Yes,,,,,,Yes,,,University
1722,Collector,North York,Intersection,No Control,Clear,Daylight,Dry,Non-Fatal Injury,Pedestrian Collisions,Vehicle Owner,unknown,,,,,,,,,,,Yes,,Yes,,,,,,,,,Forest Hill North
805,Minor Arterial,Etobicoke York,Mid-Block,No Control,Clear,Daylight,Dry,Non-Fatal Injury,Rear End,Driver,20 to 24,Major,South,Going Ahead,Following too Close,,,,,,,,,Yes,,,,,,Yes,,,West Humber-Clairville
1825,Minor Arterial,Toronto and East York,Intersection,Traffic Signal,Clear,Dark,Wet,Fatal,Pedestrian Collisions,Pedestrian,35 to 39,Fatal,South,,,Pedestrian hit at mid-block,"Crossing, no Traffic Control",Unknown,,,,Yes,,Yes,,,,,,,,,Weston-Pelham Park
1732,Major Arterial,Scarborough,Intersection,Traffic Signal,Clear,Dark,Dry,Non-Fatal Injury,Turning Movement,Driver,45 to 49,,West,Turning Left,Improper Turn,,,,,,,,,Yes,,,,Yes,,,,,Agincourt South-Malvern West
2115,Major Arterial,Etobicoke York,Intersection,Traffic Signal,Clear,Dark,Dry,Non-Fatal Injury,Turning Movement,Motorcycle Driver,30 to 34,Major,South,Turning Left,Improper Turn,,,,,,,,,Yes,Yes,,,Yes,,,,,Eringate-Centennial-West Deane
1722,Collector,North York,Intersection,No Control,Clear,Daylight,Dry,Non-Fatal Injury,Pedestrian Collisions,Driver,60 to 64,,East,Going Ahead,Driving Properly,,,,,,,Yes,,Yes,,,,,,,,,Forest Hill North
257,Major Arterial,North York,Mid-Block,No Control,Clear,Dark,Dry,Non-Fatal Injury,Pedestrian Collisions,Pedestrian,40 to 44,Major,Unknown,,,Pedestrian hit at mid-block,Playing or Working on Highway,Inattentive,,,,Yes,,,,,,,,,,,Englemount-Lawrence
1722,Collector,North York,Intersection,No Control,Clear,Daylight,Dry,Non-Fatal Injury,Pedestrian Collisions,Pedestrian,35 to 39,Major,South,,,Vehicle is going straight thru inter.while ped cross without ROW,Running onto Roadway,Inattentive,,,,Yes,,Yes,,,,,,,,,Forest Hill North
1340,Local,Scarborough,Mid-Block,No Control,Clear,Daylight,Dry,Non-Fatal Injury,Sideswipe,Driver,50 to 54,,North,Turning Left,Driving Properly,,,,,,,,,Yes,Yes,,,,,Yes,,,Morningside Heights
1845,Major Arterial,Etobicoke York,Intersection,No Control,Clear,Dusk,Wet,Non-Fatal Injury,Pedestrian Collisions,Driver,unknown,,East,Turning Left,Failed to Yield Right of Way,,,,,,,Yes,,Yes,,,,,,Yes,,,Humbermede
805,Minor Arterial,Etobicoke York,Mid-Block,No Control,Clear,Daylight,Dry,Non-Fatal Injury,Rear End,Vehicle Owner,unknown,,,,,,,,,,,,,Yes,,,,,,Yes,,,West Humber-Clairville
1754,Local,Etobicoke York,Intersection,No Control,Clear,Dark,Wet,Non-Fatal Injury,Pedestrian Collisions,Driver,25 to 29,,East,Going Ahead,Other,,,,,,,Yes,,Yes,,,,,,,,,Rexdale-Kipling
250,Major Arterial,Toronto and East York,Mid-Block,No Control,Clear,Dark,Dry,Non-Fatal Injury,Rear End,Driver,20 to 24,Major,West,Parked,Driving Properly,,,,,,,,,Yes,,,,,,Yes,,,University
1845,Major Arterial,Etobicoke York,Intersection,No Control,Clear,Dusk,Wet,Non-Fatal Injury,Pedestrian Collisions,Pedestrian,50 to 54,Major,East,,,Vehicle turns left while ped crosses with ROW at inter.,Crossing with right of way,Normal,,,,Yes,,Yes,,,,,,Yes,,,Humbermede
2108,Major Arterial,Scarborough,Intersection,No Control,Clear,Dark,Dry,Non-Fatal Injury,Cyclist Collisions,Vehicle Owner,unknown,,,,,,,,,,,,Yes,Yes,,,,,,Yes,,,Bendale South
805,Minor Arterial,Etobicoke York,Mid-Block,No Control,Clear,Daylight,Dry,Non-Fatal Injury,Rear End,Driver,unknown,,South,Unknown,Other,,,,,,,,,Yes,,,,,,Yes,,,West Humber-Clairville
1754,Local,Etobicoke York,Intersection,No Control,Clear,Dark,Wet,Non-Fatal Injury,Pedestrian Collisions,Pedestrian,25 to 29,Major,East,,,Other / Undefined,Walking on Roadway with Traffic,Normal,,,,Yes,,Yes,,,,,,,,,Rexdale-Kipling
1927,Collector,Scarborough,Mid-Block,No Control,Clear,Dark,Dry,Non-Fatal Injury,Turning Movement,Motorcycle Driver,35 to 39,Major,South,Going Ahead,Improper Passing,,,,,,,,,,Yes,Yes,,,,Yes,,,Dorset Park
306,Major Arterial,Toronto and East York,Intersection,Traffic Signal,Clear,Dark,Dry,Non-Fatal Injury,Pedestrian Collisions,Pedestrian,25 to 29,Major,,Other,,Unknown,Other,Normal,,,,Yes,,,,,,,,,,,Downtown Yonge East
1340,Local,Scarborough,Mid-Block,No Control,Clear,Daylight,Dry,Non-Fatal Injury,Sideswipe,Motorcycle Driver,30 to 34,Major,North,Overtaking,Improper Passing,,,,,,,,,Yes,Yes,,,,,Yes,,,Morningside Heights
1030,Pending,Toronto and East York,Mid-Block,No Control,Snow,Daylight,Packed Snow,Non-Fatal Injury,SMV Other,Driver,40 to 44,Major,South,Going Ahead,Lost control,,,,,,,,,Yes,,,,,,,,,Moss Park
1927,Collector,Scarborough,Mid-Block,No Control,Clear,Dark,Dry,Non-Fatal Injury,Turning Movement,Vehicle Owner,unknown,,,,,,,,,,,,,,Yes,Yes,,,,Yes,,,Dorset Park