TIME,ROAD_CLASS,DISTRICT,LOCCOORD,TRAFFCTL,VISIBILITY,LIGHT,RDSFCOND,ACCLASS,IMPACTYPE,INVTYPE,INVAGE,INJURY,INITDIR,MANOEUVER,DRIVACT,PEDTYPE,PEDACT,PEDCOND,CYCLISTYPE,CYCACT,CYCCOND,PEDESTRIAN,CYCLIST,AUTOMOBILE,MOTORCYCLE,TRUCK,TRSN_CITY_VEH,PASSENGER,SPEEDING,AG_DRIV,REDLIGHT,ALCOHOL,NEIGHBOURHOOD_158
2108,Major Arterial,Scarborough,Intersection,No Control,Clear,Dark,Dry,Non-Fatal Injury,Cyclist Collisions,Driver,20 to 24,,North,Overtaking,Failed to Yield Right of Way,,,,,,,,Yes,Yes,,,,,,Yes,,,Bendale South
617,Major Arterial,Toronto and East York,Mid-Block,No Control,Snow,Dark,Ice,Non-Fatal Injury,SMV Other,Passenger,40 to 44,Major,,,,,,,,,,,,Yes,,,,Yes,Yes,Yes,,,Bay-Cloverhill
1541,Collector,Toronto and East York,Intersection,No Control,Clear,Daylight,Dry,Non-Fatal Injury,Pedestrian Collisions,Driver,20 to 24,,West,Going Ahead,Driving Properly,,,,,,,Yes,,Yes,,,,,,,,,Taylor-Massey
1700,Major Arterial,Toronto and East York,Intersection,Traffic Signal,Clear,Daylight,Dry,Non-Fatal Injury,Turning Movement,Driver,30 to 34,Minor,West,Going Ahead,Driving Properly,,,,,,,,,Yes,,,,Yes,,Yes,,,Old East York
1142,Major Arterial,Toronto and East York,Mid-Block,Traffic Controller,Clear,Daylight,Dry,Non-Fatal Injury,Cyclist Collisions,Vehicle Owner,unknown,,,,,,,,,,,,Yes,,,Yes,,,,,,,Weston-Pelham Park
1927,Collector,Scarborough,Mid-Block,No Control,Clear,Dark,Dry,Non-Fatal Injury,Turning Movement,Vehicle Owner,unknown,,,,,,,,,,,,,,Yes,Yes,,,,Yes,,,Dorset Park
805,Minor Arterial,Etobicoke York,Mid-Block,No Control,Clear,Daylight,Dry,Non-Fatal Injury,Rear End,Driver,45 to 49,Minimal,South,Stopped,Driving Properly,,,,,,,,,Yes,,,,,,Yes,,,West Humber-Clairville
2108,Major Arterial,Scarborough,Intersection,No Control,Clear,Dark,Dry,Non-Fatal Injury,Cyclist Collisions,Cyclist,40 to 44,Major,North,Going Ahead,,,,,Cyclist and Driver travelling in same direction. One vehicle rear-ended the other.,Driving Properly,Normal,,Yes,Yes,,,,,,Yes,,,Bendale South
617,Major Arterial,Toronto and East York,Mid-Block,No Control,Snow,Dark,Ice,Non-Fatal Injury,SMV Other,Vehicle Owner,unknown,,,,,,,,,,,,,Yes,,,,Yes,Yes,Yes,,,Bay-Cloverhill
1541,Collector,Toronto and East York,Intersection,No Control,Clear,Daylight,Dry,Non-Fatal Injury,Pedestrian Collisions,Pedestrian,50 to 54,Major,North,,,Vehicle is going straight thru inter.while ped cross without ROW,"Crossing, no Traffic Control",Inattentive,,,,Yes,,Yes,,,,,,,,,Taylor-Massey
1700,Major Arterial,Toronto and East York,Intersection,Traffic Signal,Clear,Daylight,Dry,Non-Fatal Injury,Turning Movement,Passenger,25 to 29,Major,,,,,,,,,,,,Yes,,,,Yes,,Yes,,,Old East York
1927,Collector,Scarborough,Mid-Block,No Control,Clear,Dark,Dry,Non-Fatal Injury,Turning Movement,Truck Driver,25 to 29,,South,Turning Right,Driving Properly,,,,,,,,,,Yes,Yes,,,,Yes,,,Dorset Park
1619,Minor Arterial,Toronto and East York,Intersection,Traffic Signal,Clear,Daylight,Dry,Non-Fatal Injury,Angle,Driver,55 to 59,Major,East,Going Ahead,Driving Properly,,,,,,,,,Yes,,,,,,Yes,Yes,,Junction Area
302,Major Arterial,Toronto and East York,Intersection,No Control,Clear,Dark,Wet,Non-Fatal Injury,Pedestrian Collisions,Driver,30 to 34,,North,Going Ahead,Driving Properly,,,,,,,Yes,,Yes,,,,,,,,,Yonge-Bay Corridor
617,Major Arterial,Toronto and East York,Mid-Block,No Control,Snow,Dark,Ice,Non-Fatal Injury,SMV Other,Driver,55 to 59,Minimal,South,Going Ahead,Speed too Fast For Condition,,,,,,,,,Yes,,,,Yes,Yes,Yes,,,Bay-Cloverhill
1635,Collector,Scarborough,Mid-Block,No Control,Clear,Dusk,Dry,Non-Fatal Injury,Rear End,Driver,60 to 64,,South,Slowing or Stopping,Driving Properly,,,,,,,,,Yes,,,,,,,,,West Hill
1700,Major Arterial,Toronto and East York,Intersection,Traffic Signal,Clear,Daylight,Dry,Non-Fatal Injury,Turning Movement,Driver,20 to 24,Minor,East,Turning Left,Failed to Yield Right of Way,,,,,,,,,Yes,,,,Yes,,Yes,,,Old East York
617,Major Arterial,Toronto and East York,Mid-Block,No Control,Snow,Dark,Ice,Non-Fatal Injury,SMV Other,Other Property Owner,unknown,,,,,,,,,,,,,Yes,,,,Yes,Yes,Yes,,,Bay-Cloverhill
1635,Collector,Scarborough,Mid-Block,No Control,Clear,Dusk,Dry,Non-Fatal Injury,Rear End,Driver,80 to 84,Major,South,Going Ahead,Lost control,,,,,,,,,Yes,,,,,,,,,West Hill
1619,Minor Arterial,Toronto and East York,Intersection,Traffic Signal,Clear,Daylight,Dry,Non-Fatal Injury,Angle,Driver,30 to 34,,South,Going Ahead,Disobeyed Traffic Control,,,,,,,,,Yes,,,,,,Yes,Yes,,Junction Area
302,Major Arterial,Toronto and East York,Intersection,No Control,Clear,Dark,Wet,Non-Fatal Injury,Pedestrian Collisions,Pedestrian,60 to 64,Major,East,Going Ahead,,Vehicle is going straight thru inter.while ped cross without ROW,"Crossing, no Traffic Control",Inattentive,,,,Yes,,Yes,,,,,,,,,Yonge-Bay Corridor
1700,Local,Etobicoke York,Mid-Block,No Control,Clear,Daylight,Dry,Non-Fatal Injury,Pedestrian Collisions,Other,unknown,,Unknown,Parked,,,,,,,,Yes,,,,,,,,,,,Mount Olive-Silverstone-Jamestown
2315,Major Arterial,Scarborough,Mid-Block,No Control,Clear,Dark,Dry,Non-Fatal Injury,Pedestrian Collisions,Pedestrian,50 to 54,Major,,,,Pedestrian involved in a collision with transit vehicle anywhere along roadway,Running onto Roadway,Had Been Drinking,,,,Yes,,,,,Yes,,,,,,Dorset Park
1700,Local,Etobicoke York,Mid-Block,No Control,Clear,Daylight,Dry,Non-Fatal Injury,Pedestrian Collisions,Pedestrian,30 to 34,Major,Unknown,,,Other / Undefined,Person Getting on/off Vehicle,Unknown,,,,Yes,,,,,,,,,,,Mount Olive-Silverstone-Jamestown
1142,Major Arterial,Toronto and East York,Mid-Block,Traffic Controller,Clear,Daylight,Dry,Non-Fatal Injury,Cyclist Collisions,Truck Driver,40 to 44,,North,Stopped,Driving Properly,,,,,,,,Yes,,,Yes,,,,,,,Weston-Pelham Park
1545,Major Arterial,Toronto and East York,Intersection,Stop Sign,Clear,Daylight,Dry,Non-Fatal Injury,Pedestrian Collisions,Vehicle Owner,unknown,,,,,,,,,,,Yes,,Yes,,,,,,Yes,,,Yonge-Bay Corridor
1636,Collector,Scarborough,Mid-Block,No Control,Clear,Dusk,Dry,Non-Fatal Injury,Rear End,Driver,80 to 84,Major,South,Other,Lost control,,,,,,,,,Yes,,,,,,,,,West Hill
1643,Major Arterial,Toronto and East York,Intersection,Traffic Signal,Clear,Daylight,Dry,Non-Fatal Injury,Pedestrian Collisions,Vehicle Owner,unknown,,,,,,,,,,,Yes,,,,,Yes,,,,,,South Parkdale
1810,Major Arterial,Etobicoke York,Mid-Block,No Control,Clear,Dark,Dry,Fatal,Pedestrian Collisions,Driver,50 to 54,,West,Going Ahead,Driving Properly,,,,,,,Yes,,Yes,,,,,,,,,Black Creek
1643,Major Arterial,Toronto and East York,Intersection,Traffic Signal,Clear,Daylight,Dry,Non-Fatal Injury,Pedestrian Collisions,Driver,35 to 39,,East,Going Ahead,Driving Properly,,,,,,,Yes,,,,,Yes,,,,,,South Parkdale
1810,Major Arterial,Etobicoke York,Mid-Block,No Control,Clear,Dark,Dry,Fatal,Pedestrian Collisions,Pedestrian,85 to 89,Fatal,North,,,Pedestrian hit at mid-block,"Crossing, no Traffic Control",Normal,,,,Yes,,Yes,,,,,,,,,Black Creek
1600,Major Arterial,Toronto and East York,Mid-Block,No Control,Clear,Daylight,Dry,Non-Fatal Injury,Cyclist Collisions,Driver,50 to 54,,East,Stopped,Other,,,,,,,,Yes,Yes,,,,,,,,,Bay-Cloverhill
1142,Major Arterial,Toronto and East York,Mid-Block,Traffic Controller,Clear,Daylight,Dry,Non-Fatal Injury,Cyclist Collisions,Cyclist,35 to 39,Major,West,Going Ahead,,,,,"Cyclist loses control and strikes object (pole, ttc track)",Lost control,Normal,,Yes,,,Yes,,,,,,,Weston-Pelham Park
1545,Major Arterial,Toronto and East York,Intersection,Stop Sign,Clear,Daylight,Dry,Non-Fatal Injury,Pedestrian Collisions,Driver,30 to 34,,South,Going Ahead,Failed to Yield Right of Way,,,,,,,Yes,,Yes,,,,,,Yes,,,Yonge-Bay Corridor
2315,Major Arterial,Scarborough,Mid-Block,No Control,Clear,Dark,Dry,Non-Fatal Injury,Pedestrian Collisions,Vehicle Owner,unknown,,,,,,,,,,,Yes,,,,,Yes,,,,,,Dorset Park
1636,Collector,Scarborough,Mid-Block,No Control,Clear,Dusk,Dry,Non-Fatal Injury,Rear End,Driver,45 to 49,,South,Stopped,Driving Properly,,,,,,,,,Yes,,,,,,,,,West Hill
1600,Major Arterial,Toronto and East York,Mid-Block,No Control,Clear,Daylight,Dry,Non-Fatal Injury,Cyclist Collisions,Cyclist,30 to 34,Major,East,Going Ahead,,,,,Cyclist struck opened vehicle door,Driving Properly,Normal,,Yes,Yes,,,,,,,,,Bay-Cloverhill
2315,Major Arterial,Scarborough,Mid-Block,No Control,Clear,Dark,Dry,Non-Fatal Injury,Pedestrian Collisions,Driver,50 to 54,,East,Pulling Away from Shoulder or Curb,Driving Properly,,,,,,,Yes,,,,,Yes,,,,,,Dorset Park
1545,Major Arterial,Toronto and East York,Intersection,Stop Sign,Clear,Daylight,Dry,Non-Fatal Injury,Pedestrian Collisions,Pedestrian,55 to 59,Major,West,,,Vehicle is going straight thru inter.while ped cross with ROW,Crossing with right of way,Normal,,,,Yes,,Yes,,,,,,Yes,,,Yonge-Bay Corridor
1643,Major Arterial,Toronto and East York,Intersection,Traffic Signal,Clear,Daylight,Dry,Non-Fatal Injury,Pedestrian Collisions,Pedestrian,55 to 59,Major,North,,,Pedestrian involved in a collision with transit vehicle anywhere along roadway,Running onto Roadway,Unknown,,,,Yes,,,,,Yes,,,,,,South Parkdale
1230,Major Arterial,Etobicoke York,Intersection,Traffic Signal,Clear,"Daylight, artificial",Dry,Non-Fatal Injury,Pedestrian Collisions,Driver,20 to 24,,South,Turning Left,Failed to Yield Right of Way,,,,,,,Yes,,Yes,,,,,,Yes,,,Elms-Old Rexdale
1629,Major Arterial,Toronto and East York,Intersection,Stop Sign,Clear,Daylight,Dry,Non-Fatal Injury,Pedestrian Collisions,Driver,unknown,,North,Turning Right,Driving Properly,,,,,,,Yes,,Yes,,,,,,,,,Annex
1230,Major Arterial,Etobicoke York,Intersection,Traffic Signal,Clear,"Daylight, artificial",Dry,Non-Fatal Injury,Pedestrian Collisions,Pedestrian,50 to 54,Major,North,,,Vehicle turns left while ped crosses with ROW at inter.,Crossing with right of way,Normal,,,,Yes,,Yes,,,,,,Yes,,,Elms-Old Rexdale
1012,Major Arterial,Toronto and East York,Intersection,Traffic Signal,Clear,Daylight,Dry,Non-Fatal Injury,Pedestrian Collisions,Vehicle Owner,unknown,,,,,,,,,,,Yes,,Yes,,,,,,Yes,,,East End-Danforth
1800,Major Arterial,Toronto and East York,Intersection,Traffic Signal,Clear,Daylight,Dry,Non-Fatal Injury,Cyclist Collisions,Driver,unknown,,East,Turning Left,Improper Turn,,,,,,,,Yes,Yes,,,,,,,,,Wellington Place
535,Major Arterial,Etobicoke York,Intersection,Traffic Signal,Clear,Dark,Dry,Non-Fatal Injury,Angle,Driver,50 to 54,,South,Going Ahead,Driving Properly,,,,,,,,,Yes,,,,Yes,,Yes,Yes,,West Humber-Clairville
2010,Major Arterial,Etobicoke York,Intersection,Traffic Signal,Rain,Dark,Wet,Non-Fatal Injury,Angle,Driver,65 to 69,Major,South,Going Ahead,Driving Properly,,,,,,,,,Yes,,,,,Yes,Yes,Yes,,Islington
1059,Major Arterial,North York,Intersection,No Control,Clear,Daylight,Dry,Non-Fatal Injury,Pedestrian Collisions,Vehicle Owner,unknown,,,,,,,,,,,Yes,,,,,Yes,,,,,,Lansing-Westgate
1012,Major Arterial,Toronto and East York,Intersection,Traffic Signal,Clear,Daylight,Dry,Non-Fatal Injury,Pedestrian Collisions,Driver,55 to 59,,South,Turning Left,Failed to Yield Right of Way,,,,,,,Yes,,Yes,,,,,,Yes,,,East End-Danforth
535,Major Arterial,Etobicoke York,Intersection,Traffic Signal,Clear,Dark,Dry,Non-Fatal Injury,Angle,Driver,30 to 34,Minimal,West,Going Ahead,Disobeyed Traffic Control,,,,,,,,,Yes,,,,Yes,,Yes,Yes,,West Humber-Clairville
2010,Major Arterial,Etobicoke York,Intersection,Traffic Signal,Rain,Dark,Wet,Non-Fatal Injury,Angle,Driver,55 to 59,Minor,North,Going Ahead,Driving Properly,,,,,,,,,Yes,,,,,Yes,Yes,Yes,,Islington
1850,Minor Arterial,Toronto and East York,Mid-Block,No Control,Clear,Dusk,Dry,Non-Fatal Injury,Pedestrian Collisions,Driver,15 to 19,,South,Going Ahead,Driving Properly,,,,,,,Yes,,Yes,,,,,,,,,Oakwood Village
1059,Major Arterial,North York,Intersection,No Control,Clear,Daylight,Dry,Non-Fatal Injury,Pedestrian Collisions,Driver,35 to 39,,North,Overtaking,Driving Properly,,,,,,,Yes,,,,,Yes,,,,,,Lansing-Westgate
1800,Major Arterial,Toronto and East York,Intersection,Traffic Signal,Clear,Daylight,Dry,Non-Fatal Injury,Cyclist Collisions,Cyclist,20 to 24,Major,West,Going Ahead,,,,,Motorist turned left across cyclists path.,Driving Properly,Normal,,Yes,Yes,,,,,,,,,Wellington Place
1012,Major Arterial,Toronto and East York,Intersection,Traffic Signal,Clear,Daylight,Dry,Non-Fatal Injury,Pedestrian Collisions,Pedestrian,80 to 84,Major,North,,,Vehicle turns left while ped crosses with ROW at inter.,Crossing with right of way,Normal,,,,Yes,,Yes,,,,,,Yes,,,East End-Danforth
1629,Major Arterial,Toronto and East York,Intersection,Stop Sign,Clear,Daylight,Dry,Non-Fatal Injury,Pedestrian Collisions,Pedestrian,65 to 69,Major,Unknown,,,Vehicle turns right while ped crosses without ROW at inter.,Running onto Roadway,Normal,,,,Yes,,Yes,,,,,,,,,Annex
535,Major Arterial,Etobicoke York,Intersection,Traffic Signal,Clear,Dark,Dry,Non-Fatal Injury,Angle,Passenger,25 to 29,Minimal,,,,,,,,,,,,Yes,,,,Yes,,Yes,Yes,,West Humber-Clairville
535,Major Arterial,Etobicoke York,Intersection,Traffic Signal,Clear,Dark,Dry,Non-Fatal Injury,Angle,Driver,20 to 24,Major,South,Slowing or Stopping,Driving Properly,,,,,,,,,Yes,,,,Yes,,Yes,Yes,,West Humber-Clairville
1850,Minor Arterial,Toronto and East York,Mid-Block,No Control,Clear,Dusk,Dry,Non-Fatal Injury,Pedestrian Collisions,Pedestrian,20 to 24,Major,West,,,Pedestrian hit at mid-block,"Crossing, no Traffic Control",Inattentive,,,,Yes,,Yes,,,,,,,,,Oakwood Village
1059,Major Arterial,North York,Intersection,No Control,Clear,Daylight,Dry,Non-Fatal Injury,Pedestrian Collisions,Pedestrian,10 to 14,Major,East,,,Pedestrian involved in a collision with transit vehicle anywhere along roadway,Coming From Behind Parked Vehicle,Unknown,,,,Yes,,,,,Yes,,,,,,Lansing-Westgate
1932,Major Arterial,Scarborough,Intersection,Stop Sign,Clear,Daylight,Dry,Non-Fatal Injury,Turning Movement,Motorcycle Driver,30 to 34,Major,South,Going Ahead,Driving Properly,,,,,,,,,Yes,Yes,,,,,Yes,,Yes,Clairlea-Birchmount
1119,Minor Arterial,North York,Intersection,Pedestrian Crossover,Clear,Daylight,Other,Non-Fatal Injury,Pedestrian Collisions,Driver,65 to 69,,South,Going Ahead,Failed to Yield Right of Way,,,,,,,Yes,,Yes,,,,,,Yes,,,Yorkdale-Glen Park
1620,Minor Arterial,Etobicoke York,Mid-Block,No Control,Clear,Daylight,Dry,Non-Fatal Injury,Pedestrian Collisions,Driver,70 to 74,,East,Going Ahead,Driving Properly,,,,,,,Yes,,Yes,,,,,,,,,Etobicoke City Centre
2010,Major Arterial,Etobicoke York,Intersection,Traffic Signal,Rain,Dark,Wet,Non-Fatal Injury,Angle,Vehicle Owner,unknown,,,,,,,,,,,,,Yes,,,,,Yes,Yes,Yes,,Islington
1255,Major Arterial,Etobicoke York,Mid-Block,No Control,Rain,Daylight,Wet,Fatal,Pedestrian Collisions,Other,unknown,,South,Parked,,,,,,,,Yes,,,,Yes,,,,,,,Humber Summit
1932,Major Arterial,Scarborough,Intersection,Stop Sign,Clear,Daylight,Dry,Non-Fatal Injury,Turning Movement,Driver,25 to 29,,East,Turning Left,Failed to Yield Right of Way,,,,,,,,,Yes,Yes,,,,,Yes,,Yes,Clairlea-Birchmount
1530,Major Arterial,Toronto and East York,Intersection,Traffic Signal,Clear,Daylight,Dry,Non-Fatal Injury,Rear End,Passenger,55 to 59,Major,,,,,,,,,,,,Yes,,,,Yes,,Yes,,,Wychwood
2030,Major Arterial,Etobicoke York,Mid-Block,No Control,Clear,Dark,Dry,Non-Fatal Injury,Rear End,Vehicle Owner,unknown,,,,,,,,,,,,,Yes,,,,,,,,,Keelesdale-Eglinton West
1620,Minor Arterial,Etobicoke York,Mid-Block,No Control,Clear,Daylight,Dry,Non-Fatal Injury,Pedestrian Collisions,Pedestrian,35 to 39,Major,South,,,Pedestrian hit at mid-block,"Crossing, no Traffic Control",Normal,,,,Yes,,Yes,,,,,,,,,Etobicoke City Centre
1119,Minor Arterial,North York,Intersection,Pedestrian Crossover,Clear,Daylight,Other,Non-Fatal Injury,Pedestrian Collisions,Pedestrian,90 to 94,Major,East,,,Pedestrian hit a PXO/ped. Mid-block signal,"Crossing, Pedestrian Crossover",Unknown,,,,Yes,,Yes,,,,,,Yes,,,Yorkdale-Glen Park
2010,Major Arterial,Etobicoke York,Intersection,Traffic Signal,Rain,Dark,Wet,Non-Fatal Injury,Angle,Driver,unknown,,East,Going Ahead,Disobeyed Traffic Control,,,,,,,,,Yes,,,,,Yes,Yes,Yes,,Islington
1255,Major Arterial,Etobicoke York,Mid-Block,No Control,Rain,Daylight,Wet,Fatal,Pedestrian Collisions,Vehicle Owner,unknown,,,,,,,,,,,Yes,,,,Yes,,,,,,,Humber Summit
1530,Major Arterial,Toronto and East York,Intersection,Traffic Signal,Clear,Daylight,Dry,Non-Fatal Injury,Rear End,Driver,55 to 59,Minimal,East,Stopped,Driving Properly,,,,,,,,,Yes,,,,Yes,,Yes,,,Wychwood
2308,Major Arterial,Toronto and East York,Intersection,Traffic Signal,Clear,"Dark, artificial",Wet,Non-Fatal Injury,Sideswipe,Passenger,20 to 24,,,,,,,,,,,,,Yes,,,,Yes,Yes,Yes,,,North St.James Town
2030,Major Arterial,Etobicoke York,Mid-Block,No Control,Clear,Dark,Dry,Non-Fatal Injury,Rear End,Driver,55 to 59,,East,Going Ahead,Lost control,,,,,,,,,Yes,,,,,,,,,Keelesdale-Eglinton West
1125,Major Arterial,Etobicoke York,Intersection,No Control,Clear,Daylight,Dry,Non-Fatal Injury,Cyclist Collisions,Cyclist,65 to 69,Major,South,Going Ahead,,,,,Cyclist falls off bike - no contact with motorist.,Lost control,Medical or Physical Disability,,Yes,,,,,,,,,,Alderwood
800,Major Arterial,Etobicoke York,Intersection,Stop Sign,Clear,Daylight,Dry,Non-Fatal Injury,Pedestrian Collisions,Driver,unknown,,West,Going Ahead,Failed to Yield Right of Way,,,,,,,Yes,,Yes,,,,,,Yes,,,Mimico-Queensway
1748,Major Arterial,Toronto and East York,Mid-Block,No Control,Clear,Daylight,Dry,Non-Fatal Injury,Cyclist Collisions,Vehicle Owner,unknown,,,,,,,,,,,,Yes,,,,Yes,,,,,,Corso Italia-Davenport
1530,Major Arterial,Toronto and East York,Intersection,Traffic Signal,Clear,Daylight,Dry,Non-Fatal Injury,Rear End,Vehicle Owner,unknown,,,,,,,,,,,,,Yes,,,,Yes,,Yes,,,Wychwood
1255,Major Arterial,Etobicoke York,Mid-Block,No Control,Rain,Daylight,Wet,Fatal,Pedestrian Collisions,Truck Driver,20 to 24,,South,Slowing or Stopping,Other,,,,,,,Yes,,,,Yes,,,,,,,Humber Summit
2308,Major Arterial,Toronto and East York,Intersection,Traffic Signal,Clear,"Dark, artificial",Wet,Non-Fatal Injury,Sideswipe,Passenger,20 to 24,,,,,,,,,,,,,Yes,,,,Yes,Yes,Yes,,,North St.James Town
2030,Major Arterial,Etobicoke York,Mid-Block,No Control,Clear,Dark,Dry,Non-Fatal Injury,Rear End,Driver,25 to 29,Major,East,Stopped,Driving Properly,,,,,,,,,Yes,,,,,,,,,Keelesdale-Eglinton West
1805,Major Arterial,Scarborough,Mid-Block,No Control,Rain,Dark,Wet,Non-Fatal Injury,Pedestrian Collisions,Driver,50 to 54,,North,Slowing or Stopping,Driving Properly,,,,,,,Yes,,Yes,,,,,,,,,Steeles
1805,Major Arterial,Scarborough,Mid-Block,No Control,Rain,Dark,Wet,Non-Fatal Injury,Pedestrian Collisions,Pedestrian,20 to 24,Major,West,,,Pedestrian hit at mid-block,"Crossing, no Traffic Control",Inattentive,,,,Yes,,Yes,,,,,,,,,Steeles
1748,Major Arterial,Toronto and East York,Mid-Block,No Control,Clear,Daylight,Dry,Non-Fatal Injury,Cyclist Collisions,Driver,30 to 34,,West,Going Ahead,Driving Properly,,,,,,,,Yes,,,,Yes,,,,,,Corso Italia-Davenport
1530,Major Arterial,Toronto and East York,Intersection,Traffic Signal,Clear,Daylight,Dry,Non-Fatal Injury,Rear End,Passenger,20 to 24,Major,,,,,,,,,,,,Yes,,,,Yes,,Yes,,,Wychwood
1255,Major Arterial,Etobicoke York,Mid-Block,No Control,Rain,Daylight,Wet,Fatal,Pedestrian Collisions,Pedestrian,50 to 54,Fatal,Unknown,,,Other / Undefined,Pushing/Working on Vehicle,Unknown,,,,Yes,,,,Yes,,,,,,,Humber Summit
2308,Major Arterial,Toronto and East York,Intersection,Traffic Signal,Clear,"Dark, artificial",Wet,Non-Fatal Injury,Sideswipe,Passenger,20 to 24,,,,,,,,,,,,,Yes,,,,Yes,Yes,Yes,,,North St.James Town
705,Minor Arterial,Scarborough,Intersection,No Control,Clear,Daylight,Dry,Non-Fatal Injury,Rear End,Driver,55 to 59,Major,West,Going Ahead,Following too Close,,,,,,,,,Yes,,,,,,Yes,,,NSA
1618,Minor Arterial,Toronto and East York,Intersection,Traffic Signal,Rain,Daylight,Wet,Non-Fatal Injury,Pedestrian Collisions,Vehicle Owner,unknown,,,,,,,,,,,Yes,,Yes,,,,,,,,,South Riverdale
1819,Minor Arterial,Etobicoke York,Intersection,Traffic Signal,Clear,Dark,Wet,Non-Fatal Injury,Rear End,Truck Driver,70 to 74,,South,Slowing or Stopping,Driving Properly,,,,,,,,,Yes,,Yes,,,Yes,Yes,,,Edenbridge-Humber Valley
2308,Major Arterial,Toronto and East York,Intersection,Traffic Signal,Clear,"Dark, artificial",Wet,Non-Fatal Injury,Sideswipe,Passenger,20 to 24,,,,,,,,,,,,,Yes,,,,Yes,Yes,Yes,,,North St.James Town
1530,Major Arterial,Toronto and East York,Intersection,Traffic Signal,Clear,Daylight,Dry,Non-Fatal Injury,Rear End,Driver,20 to 24,Minimal,East,Stopped,Driving Properly,,,,,,,,,Yes,,,,Yes,,Yes,,,Wychwood
800,Major Arterial,Etobicoke York,Intersection,Stop Sign,Clear,Daylight,Dry,Non-Fatal Injury,Pedestrian Collisions,Pedestrian,50 to 54,Major,Unknown,,,Vehicle is going straight thru inter.while ped cross without ROW,"Crossing, no Traffic Control",Medical or Physical Disability,,,,Yes,,Yes,,,,,,Yes,,,Mimico-Queensway
705,Minor Arterial,Scarborough,Intersection,No Control,Clear,Daylight,Dry,Non-Fatal Injury,Rear End,Driver,25 to 29,,West,Stopped,Driving Properly,,,,,,,,,Yes,,,,,,Yes,,,NSA
1748,Major Arterial,Toronto and East York,Mid-Block,No Control,Clear,Daylight,Dry,Non-Fatal Injury,Cyclist Collisions,Cyclist,45 to 49,Major,South,Going Ahead,,,,,Cyclist rode off sidewalk into road at midblock.,Failed to Yield Right of Way,Inattentive,,Yes,,,,Yes,,,,,,Corso Italia-Davenport
1618,Minor Arterial,Toronto and East York,Intersection,Traffic Signal,Rain,Daylight,Wet,Non-Fatal Injury,Pedestrian Collisions,Driver,40 to 44,,West,Going Ahead,Driving Properly,,,,,,,Yes,,Yes,,,,,,,,,South Riverdale
1915,Major Arterial,Toronto and East York,Intersection,No Control,Other,Dark,Other,Non-Fatal Injury,Pedestrian Collisions,Driver,55 to 59,,Unknown,Unknown,Other,,,,,,,Yes,,,,,,,,,,,Wychwood
1013,Major Arterial,Toronto and East York,Intersection,Traffic Signal,Clear,Daylight,Dry,Non-Fatal Injury,Rear End,Motorcycle Driver,20 to 24,Major,South,Changing Lanes,Lost control,,,,,,,,,Yes,Yes,,,,,,,,Rosedale-Moore Park
1819,Minor Arterial,Etobicoke York,Intersection,Traffic Signal,Clear,Dark,Wet,Non-Fatal Injury,Rear End,Driver,35 to 39,Major,South,Slowing or Stopping,Driving Properly,,,,,,,,,Yes,,Yes,,,Yes,Yes,,,Edenbridge-Humber Valley
2308,Major Arterial,Toronto and East York,Intersection,Traffic Signal,Clear,"Dark, artificial",Wet,Non-Fatal Injury,Sideswipe,Driver,20 to 24,,South,Going Ahead,Exceeding Speed Limit,,,,,,,,,Yes,,,,Yes,Yes,Yes,,,North St.James Town
1530,Major Arterial,Toronto and East York,Intersection,Traffic Signal,Clear,Daylight,Dry,Non-Fatal Injury,Rear End,Driver,25 to 29,,East,Going Ahead,Following too Close,,,,,,,,,Yes,,,,Yes,,Yes,,,Wychwood
2308,Major Arterial,Toronto and East York,Intersection,Traffic Signal,Clear,"Dark, artificial",Wet,Non-Fatal Injury,Sideswipe,Passenger,25 to 29,Minor,,,,,,,,,,,,Yes,,,,Yes,Yes,Yes,,,North St.James Town
1915,Major Arterial,Toronto and East York,Intersection,No Control,Other,Dark,Other,Non-Fatal Injury,Pedestrian Collisions,Pedestrian,unknown,Major,Unknown,Unknown,,Unknown,Other,Unknown,,,,Yes,,,,,,,,,,,Wychwood
1013,Major Arterial,Toronto and East York,Intersection,Traffic Signal,Clear,Daylight,Dry,Non-Fatal Injury,Rear End,Driver,55 to 59,,South,Stopped,Driving Properly,,,,,,,,,Yes,Yes,,,,,,,,Rosedale-Moore Park
1618,Minor Arterial,Toronto and East York,Intersection,Traffic Signal,Rain,Daylight,Wet,Non-Fatal Injury,Pedestrian Collisions,Pedestrian,40 to 44,Major,South,,,Vehicle is going straight thru inter.while ped cross without ROW,Crossing without right of way,Inattentive,,,,Yes,,Yes,,,,,,,,,South Riverdale
21,Major Arterial,North York,Mid-Block,Traffic Signal,Clear,Dark,Dry,Non-Fatal Injury,SMV Other,Passenger,25 to 29,Major,,,,,,,,,,,,Yes,,,,Yes,Yes,Yes,,Yes,York University Heights
2126,Collector,Etobicoke York,Mid-Block,No Control,Clear,Dark,Dry,Non-Fatal Injury,Turning Movement,Passenger,20 to 24,Major,,,,,,,,,,,,Yes,,,,Yes,,Yes,,,Humber Summit