TIME,ROAD_CLASS,DISTRICT,LOCCOORD,TRAFFCTL,VISIBILITY,LIGHT,RDSFCOND,ACCLASS,IMPACTYPE,INVTYPE,INVAGE,INJURY,INITDIR,MANOEUVER,DRIVACT,PEDTYPE,PEDACT,PEDCOND,CYCLISTYPE,CYCACT,CYCCOND,PEDESTRIAN,CYCLIST,AUTOMOBILE,MOTORCYCLE,TRUCK,TRSN_CITY_VEH,PASSENGER,SPEEDING,AG_DRIV,REDLIGHT,ALCOHOL,NEIGHBOURHOOD_158
52,Major Arterial,Toronto and East York,Intersection,No Control,Clear,Dark,Dry,Non-Fatal Injury,Pedestrian Collisions,Pedestrian,15 to 19,Major,West,,,Pedestrian involved in a collision with transit vehicle anywhere along roadway,Running onto Roadway,Unknown,,,,Yes,,,,,Yes,Yes,,,,,Kensington-Chinatown
2057,Major Arterial,North York,Intersection,Traffic Signal,Rain,Dark,Wet,Non-Fatal Injury,Pedestrian Collisions,Driver,50 to 54,,East,Going Ahead,Driving Properly,,,,,,,Yes,,Yes,,,,,,,,,Forest Hill North
116,Major Arterial,Toronto and East York,Mid-Block,Stop Sign,Clear,Dark,Dry,Non-Fatal Injury,Approaching,Driver,45 to 49,Minor,South,Going Ahead,Driving Properly,,,,,,,,,Yes,,,,Yes,,Yes,,,Corso Italia-Davenport
2120,Major Arterial,Scarborough,Intersection,Traffic Signal,Clear,Dark,Dry,Non-Fatal Injury,Pedestrian Collisions,Pedestrian,45 to 49,Major,South,,,Vehicle turns left while ped crosses with ROW at inter.,Crossing with right of way,Normal,,,,Yes,,Yes,,,,,,Yes,,,Agincourt South-Malvern West
52,Major Arterial,Toronto and East York,Intersection,No Control,Clear,Dark,Dry,Non-Fatal Injury,Pedestrian Collisions,Driver,25 to 29,,North,Going Ahead,Driving Properly,,,,,,,Yes,,,,,Yes,Yes,,,,,Kensington-Chinatown
2057,Major Arterial,North York,Intersection,Traffic Signal,Rain,Dark,Wet,Non-Fatal Injury,Pedestrian Collisions,Pedestrian,90 to 94,Major,South,,,Vehicle is going straight thru inter.while ped cross without ROW,Crossing without right of way,Inattentive,,,,Yes,,Yes,,,,,,,,,Forest Hill North
1254,Minor Arterial,Toronto and East York,Intersection,Traffic Signal,Rain,Daylight,Wet,Non-Fatal Injury,Pedestrian Collisions,Pedestrian,80 to 84,Major,South,,,Vehicle turns left while ped crosses with ROW at inter.,Crossing with right of way,Normal,,,,Yes,,Yes,,,,,,Yes,,,Palmerston-Little Italy
1305,Major Arterial,Toronto and East York,Intersection,Traffic Signal,Clear,Daylight,Dry,Non-Fatal Injury,Pedestrian Collisions,Driver,40 to 44,,South,Turning Left,Failed to Yield Right of Way,,,,,,,Yes,,Yes,,,,,,Yes,,,Palmerston-Little Italy
1317,Minor Arterial,Toronto and East York,Intersection,Traffic Signal,Clear,Daylight,Dry,Fatal,Pedestrian Collisions,Driver,20 to 24,,South,Going Ahead,Driving Properly,,,,,,,Yes,,Yes,,,,,,,,,Roncesvalles
116,Major Arterial,Toronto and East York,Mid-Block,Stop Sign,Clear,Dark,Dry,Non-Fatal Injury,Approaching,Passenger,15 to 19,Minor,,,,,,,,,,,,Yes,,,,Yes,,Yes,,,Corso Italia-Davenport
1317,Minor Arterial,Toronto and East York,Intersection,Traffic Signal,Clear,Daylight,Dry,Fatal,Pedestrian Collisions,Pedestrian,40 to 44,Minor,East,,,Vehicle is going straight thru inter.while ped cross without ROW,Crossing without right of way,Inattentive,,,,Yes,,Yes,,,,,,,,,Roncesvalles
1018,Major Arterial,Scarborough,Intersection,Traffic Signal,Rain,Dusk,Wet,Non-Fatal Injury,Pedestrian Collisions,Driver,45 to 49,,East,Turning Left,Failed to Yield Right of Way,,,,,,,Yes,,Yes,,,,,,Yes,,,Milliken
1254,Minor Arterial,Toronto and East York,Intersection,Traffic Signal,Rain,Daylight,Wet,Non-Fatal Injury,Pedestrian Collisions,Driver,70 to 74,,South,Turning Left,Failed to Yield Right of Way,,,,,,,Yes,,Yes,,,,,,Yes,,,Palmerston-Little Italy
1542,Minor Arterial,Toronto and East York,Intersection,No Control,Clear,Daylight,Dry,Non-Fatal Injury,Cyclist Collisions,Cyclist,25 to 29,Major,East,Going Ahead,,,,,Cyclist and Driver travelling in same direction. One vehicle sideswipes the other.,Driving Properly,Normal,,Yes,Yes,,,,,,,,,South Riverdale
1305,Major Arterial,Toronto and East York,Intersection,Traffic Signal,Clear,Daylight,Dry,Non-Fatal Injury,Pedestrian Collisions,Pedestrian,65 to 69,Major,South,,,Vehicle turns left while ped crosses with ROW at inter.,Crossing with right of way,Normal,,,,Yes,,Yes,,,,,,Yes,,,Palmerston-Little Italy
1018,Major Arterial,Scarborough,Intersection,Traffic Signal,Rain,Dusk,Wet,Non-Fatal Injury,Pedestrian Collisions,Pedestrian,60 to 64,Major,North,,,Vehicle turns left while ped crosses with ROW at inter.,Crossing with right of way,Normal,,,,Yes,,Yes,,,,,,Yes,,,Milliken
1542,Minor Arterial,Toronto and East York,Intersection,No Control,Clear,Daylight,Dry,Non-Fatal Injury,Cyclist Collisions,Vehicle Owner,unknown,,,,,,,,,,,,Yes,Yes,,,,,,,,,South Riverdale
116,Major Arterial,Toronto and East York,Mid-Block,Stop Sign,Clear,Dark,Dry,Non-Fatal Injury,Approaching,Passenger,25 to 29,Minor,,,,,,,,,,,,Yes,,,,Yes,,Yes,,,Corso Italia-Davenport
1415,Major Arterial,Toronto and East York,Intersection,No Control,Rain,Daylight,Wet,Non-Fatal Injury,Pedestrian Collisions,Vehicle Owner,unknown,,,,,,,,,,,Yes,,Yes,,,,,,,,,Old East York
2303,Major Arterial,North York,Intersection,No Control,Clear,Dark,Dry,Non-Fatal Injury,Pedestrian Collisions,Vehicle Owner,unknown,,,,,,,,,,,Yes,,Yes,,,,,,Yes,,,Lansing-Westgate
1317,Minor Arterial,Toronto and East York,Intersection,Traffic Signal,Clear,Daylight,Dry,Fatal,Pedestrian Collisions,Pedestrian,80 to 84,Fatal,East,,,Vehicle is going straight thru inter.while ped cross without ROW,Crossing without right of way,Inattentive,,,,Yes,,Yes,,,,,,,,,Roncesvalles
1710,Major Arterial,Scarborough,Intersection,Traffic Signal,Clear,Daylight,Dry,Non-Fatal Injury,Turning Movement,Driver,40 to 44,,West,Stopped,Driving Properly,,,,,,,,,Yes,,,,,,,,,Steeles
1542,Minor Arterial,Toronto and East York,Intersection,No Control,Clear,Daylight,Dry,Non-Fatal Injury,Cyclist Collisions,Driver,50 to 54,,East,Going Ahead,Driving Properly,,,,,,,,Yes,Yes,,,,,,,,,South Riverdale
116,Major Arterial,Toronto and East York,Mid-Block,Stop Sign,Clear,Dark,Dry,Non-Fatal Injury,Approaching,Driver,25 to 29,Major,North,Stopped,Following too Close,,,,,,,,,Yes,,,,Yes,,Yes,,,Corso Italia-Davenport
1401,Major Arterial,Etobicoke York,Intersection,Traffic Signal,Clear,Daylight,Dry,Non-Fatal Injury,Pedestrian Collisions,Vehicle Owner,unknown,,,,,,,,,,,Yes,,Yes,,,,,,Yes,,,Brookhaven-Amesbury
630,Major Arterial,Toronto and East York,Mid-Block,No Control,Clear,Daylight,Spilled liquid,Non-Fatal Injury,Other,Motorcycle Driver,50 to 54,Major,East,Going Ahead,Driving Properly,,,,,,,,,,Yes,,,,,,,,South Parkdale
2303,Major Arterial,North York,Intersection,No Control,Clear,Dark,Dry,Non-Fatal Injury,Pedestrian Collisions,Driver,70 to 74,,East,Turning Left,Failed to Yield Right of Way,,,,,,,Yes,,Yes,,,,,,Yes,,,Lansing-Westgate
1415,Major Arterial,Toronto and East York,Intersection,No Control,Rain,Daylight,Wet,Non-Fatal Injury,Pedestrian Collisions,Driver,15 to 19,,South,Going Ahead,Driving Properly,,,,,,,Yes,,Yes,,,,,,,,,Old East York
116,Major Arterial,Toronto and East York,Mid-Block,Stop Sign,Clear,Dark,Dry,Non-Fatal Injury,Approaching,Passenger,15 to 19,Minor,,,,,,,,,,,,Yes,,,,Yes,,Yes,,,Corso Italia-Davenport
1710,Major Arterial,Scarborough,Intersection,Traffic Signal,Clear,Daylight,Dry,Non-Fatal Injury,Turning Movement,Driver,50 to 54,Major,West,Turning Left,Improper Turn,,,,,,,,,Yes,,,,,,,,,Steeles
1401,Major Arterial,Etobicoke York,Intersection,Traffic Signal,Clear,Daylight,Dry,Non-Fatal Injury,Pedestrian Collisions,Driver,45 to 49,,West,Turning Left,Failed to Yield Right of Way,,,,,,,Yes,,Yes,,,,,,Yes,,,Brookhaven-Amesbury
916,Major Arterial,Scarborough,Intersection,Traffic Signal,Clear,Daylight,Dry,Non-Fatal Injury,Cyclist Collisions,Driver,60 to 64,,West,Turning Right,Failed to Yield Right of Way,,,,,,,,Yes,Yes,,,,,,Yes,,,Agincourt North
2303,Major Arterial,North York,Intersection,No Control,Clear,Dark,Dry,Non-Fatal Injury,Pedestrian Collisions,Pedestrian,55 to 59,Major,West,,,Vehicle turns left while ped crosses with ROW at inter.,Crossing with right of way,Had Been Drinking,,,,Yes,,Yes,,,,,,Yes,,,Lansing-Westgate
1415,Major Arterial,Toronto and East York,Intersection,No Control,Rain,Daylight,Wet,Non-Fatal Injury,Pedestrian Collisions,Pedestrian,15 to 19,Major,East,,,Pedestrian hit at mid-block,Crossing without right of way,Inattentive,,,,Yes,,Yes,,,,,,,,,Old East York
1710,Major Arterial,Scarborough,Intersection,Traffic Signal,Clear,Daylight,Dry,Non-Fatal Injury,Turning Movement,Driver,35 to 39,Minimal,East,Going Ahead,Driving Properly,,,,,,,,,Yes,,,,,,,,,Steeles
1401,Major Arterial,Etobicoke York,Intersection,Traffic Signal,Clear,Daylight,Dry,Non-Fatal Injury,Pedestrian Collisions,Pedestrian,50 to 54,Major,East,,,Vehicle turns left while ped crosses with ROW at inter.,Crossing with right of way,Normal,,,,Yes,,Yes,,,,,,Yes,,,Brookhaven-Amesbury
916,Major Arterial,Scarborough,Intersection,Traffic Signal,Clear,Daylight,Dry,Non-Fatal Injury,Cyclist Collisions,Cyclist,50 to 54,Major,South,Going Ahead,,,,,Motorist turning right on red at signalized intersection strikes cyclist.,Other,Normal,,Yes,Yes,,,,,,Yes,,,Agincourt North
144,Major Arterial,Etobicoke York,Intersection,Stop Sign,Clear,Dark,Dry,Non-Fatal Injury,Angle,Vehicle Owner,unknown,,,,,,,,,,,,,Yes,Yes,,,,,Yes,,,Islington
2201,Major Arterial,North York,Mid-Block,No Control,Rain,Dark,Wet,Non-Fatal Injury,Pedestrian Collisions,Vehicle Owner,unknown,,,,,,,,,,,Yes,,,,,Yes,,,,,,Thorncliffe Park
348,Major Arterial,North York,Intersection,Traffic Signal,Clear,Dark,Dry,Non-Fatal Injury,Rear End,Vehicle Owner,unknown,,,,,,,,,,,,,Yes,,,,Yes,Yes,Yes,,,Lawrence Park South
144,Major Arterial,Etobicoke York,Intersection,Stop Sign,Clear,Dark,Dry,Non-Fatal Injury,Angle,Driver,40 to 44,,West,Going Ahead,Driving Properly,,,,,,,,,Yes,Yes,,,,,Yes,,,Islington
116,Major Arterial,Toronto and East York,Mid-Block,Stop Sign,Clear,Dark,Dry,Non-Fatal Injury,Approaching,Passenger,40 to 44,Minor,,,,,,,,,,,,Yes,,,,Yes,,Yes,,,Corso Italia-Davenport
1224,Minor Arterial,Toronto and East York,Intersection,Traffic Signal,Clear,Daylight,Dry,Non-Fatal Injury,Angle,Vehicle Owner,unknown,,,,,,,,,,,,,Yes,,,,Yes,,Yes,Yes,,Moss Park
2201,Major Arterial,North York,Mid-Block,No Control,Rain,Dark,Wet,Non-Fatal Injury,Pedestrian Collisions,Driver,30 to 34,,East,Slowing or Stopping,Driving Properly,,,,,,,Yes,,,,,Yes,,,,,,Thorncliffe Park
348,Major Arterial,North York,Intersection,Traffic Signal,Clear,Dark,Dry,Non-Fatal Injury,Rear End,Driver,25 to 29,Major,East,Going Ahead,Following too Close,,,,,,,,,Yes,,,,Yes,Yes,Yes,,,Lawrence Park South
1333,Collector,Toronto and East York,Mid-Block,No Control,Clear,Daylight,Dry,Non-Fatal Injury,Cyclist Collisions,Driver,30 to 34,,West,Overtaking,Improper Passing,,,,,,,,Yes,Yes,,,,,,Yes,,,Yonge-Bay Corridor
144,Major Arterial,Etobicoke York,Intersection,Stop Sign,Clear,Dark,Dry,Non-Fatal Injury,Angle,Motorcycle Driver,15 to 19,Major,South,Going Ahead,Disobeyed Traffic Control,,,,,,,,,Yes,Yes,,,,,Yes,,,Islington
348,Major Arterial,North York,Intersection,Traffic Signal,Clear,Dark,Dry,Non-Fatal Injury,Rear End,Passenger,20 to 24,Minimal,,,,,,,,,,,,Yes,,,,Yes,Yes,Yes,,,Lawrence Park South
116,Major Arterial,Toronto and East York,Mid-Block,Stop Sign,Clear,Dark,Dry,Non-Fatal Injury,Approaching,Vehicle Owner,unknown,,,,,,,,,,,,,Yes,,,,Yes,,Yes,,,Corso Italia-Davenport
1224,Minor Arterial,Toronto and East York,Intersection,Traffic Signal,Clear,Daylight,Dry,Non-Fatal Injury,Angle,Driver,55 to 59,,East,Going Ahead,Disobeyed Traffic Control,,,,,,,,,Yes,,,,Yes,,Yes,Yes,,Moss Park
2201,Major Arterial,North York,Mid-Block,No Control,Rain,Dark,Wet,Non-Fatal Injury,Pedestrian Collisions,Pedestrian,50 to 54,Major,North,,,Pedestrian involved in a collision with transit vehicle anywhere along roadway,Running onto Roadway,Had Been Drinking,,,,Yes,,,,,Yes,,,,,,Thorncliffe Park
1224,Minor Arterial,Toronto and East York,Intersection,Traffic Signal,Clear,Daylight,Dry,Non-Fatal Injury,Angle,Driver,20 to 24,Minimal,South,Going Ahead,Driving Properly,,,,,,,,,Yes,,,,Yes,,Yes,Yes,,Moss Park
9,Major Arterial,Scarborough,Intersection,Traffic Signal,Clear,Dark,Dry,Fatal,Turning Movement,Vehicle Owner,unknown,,,,,,,,,,,,,Yes,,,,Yes,,,,,Wexford/Maryvale
116,Major Arterial,Toronto and East York,Mid-Block,Stop Sign,Clear,Dark,Dry,Non-Fatal Injury,Approaching,Driver,55 to 59,Minor,North,Stopped,Driving Properly,,,,,,,,,Yes,,,,Yes,,Yes,,,Corso Italia-Davenport
348,Major Arterial,North York,Intersection,Traffic Signal,Clear,Dark,Dry,Non-Fatal Injury,Rear End,Vehicle Owner,unknown,,,,,,,,,,,,,Yes,,,,Yes,Yes,Yes,,,Lawrence Park South
9,Major Arterial,Scarborough,Intersection,Traffic Signal,Clear,Dark,Dry,Fatal,Turning Movement,Driver,40 to 44,Major,West,Going Ahead,Other,,,,,,,,,Yes,,,,Yes,,,,,Wexford/Maryvale
116,Major Arterial,Toronto and East York,Mid-Block,Stop Sign,Clear,Dark,Dry,Non-Fatal Injury,Approaching,Driver,20 to 24,,North,Going Ahead,Lost control,,,,,,,,,Yes,,,,Yes,,Yes,,,Corso Italia-Davenport
348,Major Arterial,North York,Intersection,Traffic Signal,Clear,Dark,Dry,Non-Fatal Injury,Rear End,Driver,20 to 24,,East,Stopped,Driving Properly,,,,,,,,,Yes,,,,Yes,Yes,Yes,,,Lawrence Park South
1722,Major Arterial,Etobicoke York,Intersection,Traffic Signal,Clear,Daylight,Dry,Non-Fatal Injury,Turning Movement,Driver,20 to 24,Major,West,Turning Left,Improper Turn,,,,,,,,,Yes,,,,,,Yes,,,Mount Olive-Silverstone-Jamestown
9,Major Arterial,Scarborough,Intersection,Traffic Signal,Clear,Dark,Dry,Fatal,Turning Movement,Passenger,15 to 19,Major,,,,,,,,,,,,Yes,,,,Yes,,,,,Wexford/Maryvale
1722,Major Arterial,Etobicoke York,Intersection,Traffic Signal,Clear,Daylight,Dry,Non-Fatal Injury,Turning Movement,Driver,25 to 29,Minor,East,Going Ahead,Driving Properly,,,,,,,,,Yes,,,,,,Yes,,,Mount Olive-Silverstone-Jamestown
9,Major Arterial,Scarborough,Intersection,Traffic Signal,Clear,Dark,Dry,Fatal,Turning Movement,Passenger,45 to 49,Major,,,,,,,,,,,,Yes,,,,Yes,,,,,Wexford/Maryvale
726,Major Arterial,Toronto and East York,Intersection,No Control,Rain,Daylight,Wet,Non-Fatal Injury,Pedestrian Collisions,Pedestrian,30 to 34,Major,,,,Pedestrian hit at mid-block,Other,Normal,,,,Yes,,,,Yes,,,,,,,Kensington-Chinatown
1145,Major Arterial,Toronto and East York,Intersection,Traffic Signal,Snow,Daylight,Wet,Non-Fatal Injury,Pedestrian Collisions,Vehicle Owner,unknown,,,,,,,,,,,Yes,,Yes,,,,,,Yes,,,Runnymede-Bloor West Village
1145,Major Arterial,Toronto and East York,Intersection,Traffic Signal,Snow,Daylight,Wet,Non-Fatal Injury,Pedestrian Collisions,Driver,50 to 54,,West,Turning Left,Failed to Yield Right of Way,,,,,,,Yes,,Yes,,,,,,Yes,,,Runnymede-Bloor West Village
1145,Major Arterial,Toronto and East York,Intersection,Traffic Signal,Snow,Daylight,Wet,Non-Fatal Injury,Pedestrian Collisions,Pedestrian,5 to 9,Major,East,,,Vehicle turns left while ped crosses with ROW at inter.,Crossing with right of way,Normal,,,,Yes,,Yes,,,,,,Yes,,,Runnymede-Bloor West Village
1917,Minor Arterial,Toronto and East York,Intersection,Traffic Signal,Clear,Dark,Wet,Non-Fatal Injury,Pedestrian Collisions,Driver,20 to 24,,South,Going Ahead,Driving Properly,,,,,,,Yes,,Yes,,,,,,,,,Downtown Yonge East
1917,Minor Arterial,Toronto and East York,Intersection,Traffic Signal,Clear,Dark,Wet,Non-Fatal Injury,Pedestrian Collisions,Pedestrian,75 to 79,Major,East,,,Vehicle is going straight thru inter.while ped cross without ROW,Crossing without right of way,Unknown,,,,Yes,,Yes,,,,,,,,,Downtown Yonge East
1350,Major Arterial,Scarborough,Intersection,Traffic Signal,Clear,Daylight,Dry,Non-Fatal Injury,Pedestrian Collisions,Driver,15 to 19,,West,Going Ahead,Driving Properly,,,,,,,Yes,,Yes,,,,,,,,,Bendale South
1350,Major Arterial,Scarborough,Intersection,Traffic Signal,Clear,Daylight,Dry,Non-Fatal Injury,Pedestrian Collisions,Pedestrian,45 to 49,Major,North,,,Vehicle is going straight thru inter.while ped cross without ROW,Crossing without right of way,,,,,Yes,,Yes,,,,,,,,,Bendale South
1307,Minor Arterial,Toronto and East York,Mid-Block,No Control,Clear,Daylight,Dry,Non-Fatal Injury,Pedestrian Collisions,Driver,35 to 39,,South,Going Ahead,Driving Properly,,,,,,,Yes,,Yes,,,,,,,,,Church-Wellesley
1307,Minor Arterial,Toronto and East York,Mid-Block,No Control,Clear,Daylight,Dry,Non-Fatal Injury,Pedestrian Collisions,Pedestrian,40 to 44,Major,West,,,Pedestrian hit at mid-block,"Crossing, no Traffic Control",Unknown,,,,Yes,,Yes,,,,,,,,,Church-Wellesley
852,Major Arterial,Toronto and East York,Intersection,No Control,Clear,Daylight,Dry,Non-Fatal Injury,Turning Movement,Passenger,45 to 49,Major,,,,,,,,,,,,Yes,,,,Yes,,Yes,,,Moss Park
852,Major Arterial,Toronto and East York,Intersection,No Control,Clear,Daylight,Dry,Non-Fatal Injury,Turning Movement,Vehicle Owner,unknown,,,,,,,,,,,,,Yes,,,,Yes,,Yes,,,Moss Park
852,Major Arterial,Toronto and East York,Intersection,No Control,Clear,Daylight,Dry,Non-Fatal Injury,Turning Movement,Driver,45 to 49,,West,Turning Left,Improper Turn,,,,,,,,,Yes,,,,Yes,,Yes,,,Moss Park
852,Major Arterial,Toronto and East York,Intersection,No Control,Clear,Daylight,Dry,Non-Fatal Injury,Turning Movement,Vehicle Owner,unknown,,,,,,,,,,,,,Yes,,,,Yes,,Yes,,,Moss Park
852,Major Arterial,Toronto and East York,Intersection,No Control,Clear,Daylight,Dry,Non-Fatal Injury,Turning Movement,Driver,45 to 49,,East,Going Ahead,Driving Properly,,,,,,,,,Yes,,,,Yes,,Yes,,,Moss Park
852,Major Arterial,Toronto and East York,Intersection,No Control,Clear,Daylight,Dry,Non-Fatal Injury,Turning Movement,Other Property Owner,unknown,,,,,,,,,,,,,Yes,,,,Yes,,Yes,,,Moss Park
1825,Major Arterial,Toronto and East York,Intersection,Traffic Signal,Clear,Daylight,Dry,Non-Fatal Injury,Pedestrian Collisions,Passenger,80 to 84,,,,,,,,,,,Yes,,Yes,,,,Yes,,Yes,,,Rosedale-Moore Park
1825,Major Arterial,Toronto and East York,Intersection,Traffic Signal,Clear,Daylight,Dry,Non-Fatal Injury,Pedestrian Collisions,Driver,75 to 79,,West,Turning Left,Failed to Yield Right of Way,,,,,,,Yes,,Yes,,,,Yes,,Yes,,,Rosedale-Moore Park
1825,Major Arterial,Toronto and East York,Intersection,Traffic Signal,Clear,Daylight,Dry,Non-Fatal Injury,Pedestrian Collisions,Pedestrian,40 to 44,Major,West,,,Vehicle turns left while ped crosses with ROW at inter.,Crossing with right of way,Normal,,,,Yes,,Yes,,,,Yes,,Yes,,,Rosedale-Moore Park
130,Major Arterial,Toronto and East York,Intersection,Traffic Signal,Clear,Dark,Dry,Non-Fatal Injury,Angle,Driver,45 to 49,Major,North,Going Ahead,Disobeyed Traffic Control,,,,,,,,,Yes,,,,,,Yes,Yes,,Yonge-Bay Corridor
130,Major Arterial,Toronto and East York,Intersection,Traffic Signal,Clear,Dark,Dry,Non-Fatal Injury,Angle,Vehicle Owner,unknown,,,,,,,,,,,,,Yes,,,,,,Yes,Yes,,Yonge-Bay Corridor
130,Major Arterial,Toronto and East York,Intersection,Traffic Signal,Clear,Dark,Dry,Non-Fatal Injury,Angle,Driver,40 to 44,,West,Going Ahead,Driving Properly,,,,,,,,,Yes,,,,,,Yes,Yes,,Yonge-Bay Corridor
1600,Local,Toronto and East York,Intersection,No Control,Clear,Daylight,Dry,Non-Fatal Injury,SMV Other,Driver,50 to 54,,South,Reversing,Other,,,,,,,,,Yes,,,,Yes,,,,,South Riverdale
1600,Local,Toronto and East York,Intersection,No Control,Clear,Daylight,Dry,Non-Fatal Injury,SMV Other,Passenger,55 to 59,Minor,,,,,,,,,,,,Yes,,,,Yes,,,,,South Riverdale
1600,Local,Toronto and East York,Intersection,No Control,Clear,Daylight,Dry,Non-Fatal Injury,SMV Other,Driver,20 to 24,Major,North,Going Ahead,Driving Properly,,,,,,,,,Yes,,,,Yes,,,,,South Riverdale
1953,Minor Arterial,Scarborough,Mid-Block,No Control,Clear,Dark,Dry,Non-Fatal Injury,SMV Other,Driver,40 to 44,Major,North,Going Ahead,Driving Properly,,,,,,,,,Yes,,,,Yes,,,,,Golfdale-Cedarbrae-Woburn
1953,Minor Arterial,Scarborough,Mid-Block,No Control,Clear,Dark,Dry,Non-Fatal Injury,SMV Other,Passenger,30 to 34,Major,,,,,,,,,,,,Yes,,,,Yes,,,,,Golfdale-Cedarbrae-Woburn
2120,Major Arterial,North York,Intersection,No Control,Clear,Dark,Dry,Non-Fatal Injury,Pedestrian Collisions,Passenger,45 to 49,,,,,,,,,,,Yes,,Yes,,,,Yes,,,,,Yonge-Eglinton
519,Major Arterial,Toronto and East York,Intersection,No Control,Snow,Dark,Slush,Fatal,Pedestrian Collisions,Pedestrian,55 to 59,Fatal,Unknown,,,Pedestrian involved in a collision with transit vehicle anywhere along roadway,Person Getting on/off Vehicle,Unknown,,,,Yes,,,,,Yes,,,,,,Corso Italia-Davenport
2120,Major Arterial,North York,Intersection,No Control,Clear,Dark,Dry,Non-Fatal Injury,Pedestrian Collisions,Passenger,30 to 34,,,,,,,,,,,Yes,,Yes,,,,Yes,,,,,Yonge-Eglinton
2120,Major Arterial,North York,Intersection,No Control,Clear,Dark,Dry,Non-Fatal Injury,Pedestrian Collisions,Driver,25 to 29,,East,Going Ahead,Driving Properly,,,,,,,Yes,,Yes,,,,Yes,,,,,Yonge-Eglinton
2120,Major Arterial,North York,Intersection,No Control,Clear,Dark,Dry,Non-Fatal Injury,Pedestrian Collisions,Pedestrian,70 to 74,Major,South,,,Vehicle is going straight thru inter.while ped cross without ROW,"Crossing, no Traffic Control",Normal,,,,Yes,,Yes,,,,Yes,,,,,Yonge-Eglinton
2215,Major Arterial,Scarborough,Mid-Block,No Control,Clear,Dark,Dry,Non-Fatal Injury,Pedestrian Collisions,Vehicle Owner,unknown,,,,,,,,,,,Yes,,Yes,,,,Yes,,,,,Scarborough Village
2215,Major Arterial,Scarborough,Mid-Block,No Control,Clear,Dark,Dry,Non-Fatal Injury,Pedestrian Collisions,Passenger,15 to 19,,,,,,,,,,,Yes,,Yes,,,,Yes,,,,,Scarborough Village
2215,Major Arterial,Scarborough,Mid-Block,No Control,Clear,Dark,Dry,Non-Fatal Injury,Pedestrian Collisions,Driver,15 to 19,,North,Going Ahead,Driving Properly,,,,,,,Yes,,Yes,,,,Yes,,,,,Scarborough Village
2215,Major Arterial,Scarborough,Mid-Block,No Control,Clear,Dark,Dry,Non-Fatal Injury,Pedestrian Collisions,Pedestrian,85 to 89,Major,South,,,Pedestrian hit on sidewalk or shoulder,On Sidewalk or Shoulder,Medical or Physical Disability,,,,Yes,,Yes,,,,Yes,,,,,Scarborough Village
1234,Major Arterial,Toronto and East York,Intersection,Traffic Signal,Clear,Daylight,Wet,Non-Fatal Injury,Angle,Driver,60 to 64,Minor,South,Going Ahead,Disobeyed Traffic Control,,,,,,,,,Yes,,,,,,Yes,Yes,,St Lawrence-East Bayfront-The Islands
1234,Major Arterial,Toronto and East York,Intersection,Traffic Signal,Clear,Daylight,Wet,Non-Fatal Injury,Angle,Driver,20 to 24,Major,West,Going Ahead,Driving Properly,,,,,,,,,Yes,,,,,,Yes,Yes,,St Lawrence-East Bayfront-The Islands
1234,Major Arterial,Toronto and East York,Intersection,Traffic Signal,Clear,Daylight,Wet,Non-Fatal Injury,Angle,Other Property Owner,unknown,,,,,,,,,,,,,Yes,,,,,,Yes,Yes,,St Lawrence-East Bayfront-The Islands
1520,Minor Arterial,Etobicoke York,Intersection,No Control,Clear,Daylight,Dry,Non-Fatal Injury,Pedestrian Collisions,Driver,40 to 44,Major,South,Pulling Onto Shoulder or towardCurb,Lost control,,,,,,,Yes,,Yes,,,,,,,,,Weston
1520,Minor Arterial,Etobicoke York,Intersection,No Control,Clear,Daylight,Dry,Non-Fatal Injury,Pedestrian Collisions,Other Property Owner,unknown,,,,,,,,,,,Yes,,Yes,,,,,,,,,Weston
1520,Minor Arterial,Etobicoke York,Intersection,No Control,Clear,Daylight,Dry,Non-Fatal Injury,Pedestrian Collisions,Pedestrian,30 to 34,Major,North,,,Pedestrian hit on sidewalk or shoulder,On Sidewalk or Shoulder,Normal,,,,Yes,,Yes,,,,,,,,,Weston
2225,Major Arterial,Scarborough,Intersection,Traffic Signal,Clear,Dark,Dry,Fatal,Pedestrian Collisions,Driver,30 to 34,,East,Going Ahead,Exceeding Speed Limit,,,,,,,Yes,,Yes,,,,,Yes,Yes,,,Malvern East
2225,Major Arterial,Scarborough,Intersection,Traffic Signal,Clear,Dark,Dry,Fatal,Pedestrian Collisions,Pedestrian,20 to 24,Fatal,South,,,Vehicle is going straight thru inter.while ped cross without ROW,Crossing without right of way,Normal,,,,Yes,,Yes,,,,,Yes,Yes,,,Malvern East
720,Minor Arterial,Toronto and East York,Mid-Block,No Control,Clear,Daylight,Dry,Non-Fatal Injury,Pedestrian Collisions,Driver,unknown,,North,Pulling Away from Shoulder or Curb,,,,,,,,Yes,,Yes,,,,,,,,,East End-Danforth