TIME,ROAD_CLASS,DISTRICT,LOCCOORD,TRAFFCTL,VISIBILITY,LIGHT,RDSFCOND,ACCLASS,IMPACTYPE,INVTYPE,INVAGE,INJURY,INITDIR,MANOEUVER,DRIVACT,PEDTYPE,PEDACT,PEDCOND,CYCLISTYPE,CYCACT,CYCCOND,PEDESTRIAN,CYCLIST,AUTOMOBILE,MOTORCYCLE,TRUCK,TRSN_CITY_VEH,PASSENGER,SPEEDING,AG_DRIV,REDLIGHT,ALCOHOL,NEIGHBOURHOOD_158
720,Minor Arterial,Toronto and East York,Mid-Block,No Control,Clear,Daylight,Dry,Non-Fatal Injury,Pedestrian Collisions,Pedestrian,45 to 49,Major,East,,,Pedestrian hit at mid-block,"Crossing, no Traffic Control",Normal,,,,Yes,,Yes,,,,,,,,,East End-Danforth
718,Major Arterial,Etobicoke York,Mid-Block,No Control,Clear,Dawn,Dry,Non-Fatal Injury,SMV Other,Driver,60 to 64,Major,East,Going Ahead,Lost control,,,,,,,,,Yes,,,,,,,,,Eringate-Centennial-West Deane
718,Major Arterial,Etobicoke York,Mid-Block,No Control,Clear,Dawn,Dry,Non-Fatal Injury,SMV Other,Other Property Owner,unknown,,,,,,,,,,,,,Yes,,,,,,,,,Eringate-Centennial-West Deane
1152,Minor Arterial,Etobicoke York,Mid-Block,No Control,Clear,Daylight,Dry,Fatal,Approaching,Driver,70 to 74,Fatal,West,Going Ahead,Lost control,,,,,,,,,Yes,,Yes,,,,,,,Etobicoke City Centre
1152,Minor Arterial,Etobicoke York,Mid-Block,No Control,Clear,Daylight,Dry,Fatal,Approaching,Vehicle Owner,unknown,,,,,,,,,,,,,Yes,,Yes,,,,,,,Etobicoke City Centre
1152,Minor Arterial,Etobicoke York,Mid-Block,No Control,Clear,Daylight,Dry,Fatal,Approaching,Truck Driver,50 to 54,Minor,East,Going Ahead,Driving Properly,,,,,,,,,Yes,,Yes,,,,,,,Etobicoke City Centre
1152,Minor Arterial,Etobicoke York,Mid-Block,No Control,Clear,Daylight,Dry,Fatal,Approaching,Driver,25 to 29,,West,Going Ahead,Driving Properly,,,,,,,,,Yes,,Yes,,,,,,,Etobicoke City Centre
1555,,Toronto and East York,Mid-Block,No Control,Clear,Daylight,Dry,Non-Fatal Injury,Rear End,Driver,25 to 29,Major,North,Slowing or Stopping,Driving Properly,,,,,,,,,Yes,,,,Yes,Yes,Yes,,,Old East York
1555,,Toronto and East York,Mid-Block,No Control,Clear,Daylight,Dry,Non-Fatal Injury,Rear End,Passenger,20 to 24,Minimal,,,,,,,,,,,,Yes,,,,Yes,Yes,Yes,,,Old East York
1555,,Toronto and East York,Mid-Block,No Control,Clear,Daylight,Dry,Non-Fatal Injury,Rear End,Driver,20 to 24,Minimal,North,Going Ahead,Speed too Fast For Condition,,,,,,,,,Yes,,,,Yes,Yes,Yes,,,Old East York
950,Major Arterial,Toronto and East York,Intersection,Traffic Signal,Clear,Daylight,Dry,Non-Fatal Injury,Pedestrian Collisions,Pedestrian,75 to 79,Major,Unknown,,,Vehicle turns left while ped crosses with ROW at inter.,Crossing with right of way,Normal,,,,Yes,,Yes,,,,,,Yes,,,Kensington-Chinatown
950,Major Arterial,Toronto and East York,Intersection,Traffic Signal,Clear,Daylight,Dry,Non-Fatal Injury,Pedestrian Collisions,Driver,50 to 54,,South,Turning Left,Failed to Yield Right of Way,,,,,,,Yes,,Yes,,,,,,Yes,,,Kensington-Chinatown
650,Major Arterial,Toronto and East York,Intersection,Traffic Signal,Clear,Daylight,Dry,Non-Fatal Injury,Cyclist Collisions,Vehicle Owner,unknown,,,,,,,,,,,,Yes,,,Yes,,,,,,,Little Portugal
650,Major Arterial,Toronto and East York,Intersection,Traffic Signal,Clear,Daylight,Dry,Non-Fatal Injury,Cyclist Collisions,Truck Driver,60 to 64,,East,Turning Right,Driving Properly,,,,,,,,Yes,,,Yes,,,,,,,Little Portugal
650,Major Arterial,Toronto and East York,Intersection,Traffic Signal,Clear,Daylight,Dry,Non-Fatal Injury,Cyclist Collisions,Cyclist,45 to 49,Major,West,Going Ahead,,,,,"Cyclist without ROW rides into path of motorist at inter, lnwy, dwy-Cyclist not turn.",Other,Inattentive,,Yes,,,Yes,,,,,,,Little Portugal
607,Major Arterial,Toronto and East York,Intersection,No Control,Rain,Dawn,Wet,Non-Fatal Injury,Pedestrian Collisions,Driver,50 to 54,,East,Going Ahead,Driving Properly,,,,,,,Yes,,Yes,,,,,,,,,Moss Park
607,Major Arterial,Toronto and East York,Intersection,No Control,Rain,Dawn,Wet,Non-Fatal Injury,Pedestrian Collisions,Pedestrian,65 to 69,Major,North,,,Vehicle is going straight thru inter.while ped cross without ROW,"Crossing, no Traffic Control",Inattentive,,,,Yes,,Yes,,,,,,,,,Moss Park
1930,Major Arterial,Etobicoke York,Intersection,Traffic Signal,Clear,Dark,Dry,Non-Fatal Injury,Sideswipe,Driver,50 to 54,,North,Going Ahead,Driving Properly,,,,,,,,,Yes,,,,Yes,,,,,Humbermede
1930,Major Arterial,Etobicoke York,Intersection,Traffic Signal,Clear,Dark,Dry,Non-Fatal Injury,Sideswipe,Driver,40 to 44,Minor,North,Going Ahead,Driving Properly,,,,,,,,,Yes,,,,Yes,,,,,Humbermede
1930,Major Arterial,Etobicoke York,Intersection,Traffic Signal,Clear,Dark,Dry,Non-Fatal Injury,Sideswipe,Passenger,55 to 59,Major,,,,,,,,,,,,Yes,,,,Yes,,,,,Humbermede
1930,Major Arterial,Etobicoke York,Intersection,Traffic Signal,Clear,Dark,Dry,Non-Fatal Injury,Sideswipe,Passenger,10 to 14,Minimal,,,,,,,,,,,,Yes,,,,Yes,,,,,Humbermede
1930,Major Arterial,Etobicoke York,Intersection,Traffic Signal,Clear,Dark,Dry,Non-Fatal Injury,Sideswipe,Driver,35 to 39,Minor,South,Going Ahead,Driving Properly,,,,,,,,,Yes,,,,Yes,,,,,Humbermede
1930,Major Arterial,Etobicoke York,Intersection,Traffic Signal,Clear,Dark,Dry,Non-Fatal Injury,Sideswipe,Vehicle Owner,unknown,,,,,,,,,,,,,Yes,,,,Yes,,,,,Humbermede
1930,Major Arterial,Etobicoke York,Intersection,Traffic Signal,Clear,Dark,Dry,Non-Fatal Injury,Sideswipe,Driver,20 to 24,,North,Changing Lanes,Improper Lane Change,,,,,,,,,Yes,,,,Yes,,,,,Humbermede
2210,Major Arterial,North York,Intersection,Traffic Signal,Clear,Dark,Dry,Non-Fatal Injury,Turning Movement,Driver,70 to 74,Minimal,East,Turning Left,Failed to Yield Right of Way,,,,,,,,,Yes,,,,Yes,,Yes,,,Englemount-Lawrence
2210,Major Arterial,North York,Intersection,Traffic Signal,Clear,Dark,Dry,Non-Fatal Injury,Turning Movement,Passenger,unknown,Minor,,,,,,,,,,,,Yes,,,,Yes,,Yes,,,Englemount-Lawrence
2210,Major Arterial,North York,Intersection,Traffic Signal,Clear,Dark,Dry,Non-Fatal Injury,Turning Movement,Passenger,0 to 4,Major,,,,,,,,,,,,Yes,,,,Yes,,Yes,,,Englemount-Lawrence
2210,Major Arterial,North York,Intersection,Traffic Signal,Clear,Dark,Dry,Non-Fatal Injury,Turning Movement,Vehicle Owner,unknown,,,,,,,,,,,,,Yes,,,,Yes,,Yes,,,Englemount-Lawrence
2210,Major Arterial,North York,Intersection,Traffic Signal,Clear,Dark,Dry,Non-Fatal Injury,Turning Movement,Driver,25 to 29,Minor,West,Going Ahead,Driving Properly,,,,,,,,,Yes,,,,Yes,,Yes,,,Englemount-Lawrence
319,Major Arterial,Etobicoke York,Intersection,Traffic Signal,Rain,Dark,Wet,Non-Fatal Injury,SMV Other,Driver,35 to 39,Major,West,Going Ahead,Lost control,,,,,,,,,Yes,,,,,,,,,Pelmo Park-Humberlea
319,Major Arterial,Etobicoke York,Intersection,Traffic Signal,Rain,Dark,Wet,Non-Fatal Injury,SMV Other,Other Property Owner,unknown,,,,,,,,,,,,,Yes,,,,,,,,,Pelmo Park-Humberlea
745,Minor Arterial,Toronto and East York,Mid-Block,No Control,Clear,Daylight,Dry,Non-Fatal Injury,Pedestrian Collisions,Other,25 to 29,,,,,,,,,,,Yes,,Yes,,,,,,,,,Roncesvalles
745,Minor Arterial,Toronto and East York,Mid-Block,No Control,Clear,Daylight,Dry,Non-Fatal Injury,Pedestrian Collisions,Pedestrian,60 to 64,Major,West,Other,,Pedestrian hit at mid-block,"Crossing, no Traffic Control",Normal,,,,Yes,,Yes,,,,,,,,,Roncesvalles
745,Minor Arterial,Toronto and East York,Mid-Block,No Control,Clear,Daylight,Dry,Non-Fatal Injury,Pedestrian Collisions,Driver,20 to 24,,North,Slowing or Stopping,Driving Properly,,,,,,,Yes,,Yes,,,,,,,,,Roncesvalles
1020,Major Arterial,Toronto and East York,Intersection,Traffic Signal,Clear,Daylight,Dry,Non-Fatal Injury,Cyclist Collisions,Driver,65 to 69,,South,Going Ahead,Driving Properly,,,,,,,,Yes,Yes,,,,,,,,,Cabbagetown-South St.James Town
1020,Major Arterial,Toronto and East York,Intersection,Traffic Signal,Clear,Daylight,Dry,Non-Fatal Injury,Cyclist Collisions,Cyclist,65 to 69,Major,South,Overtaking,,,,,Cyclist and Driver travelling in same direction. One vehicle sideswipes the other.,Improper Passing,Normal,,Yes,Yes,,,,,,,,,Cabbagetown-South St.James Town
2138,Collector,North York,Intersection,No Control,Clear,Dark,Dry,Non-Fatal Injury,Pedestrian Collisions,Driver,60 to 64,,South,Turning Right,Failed to Yield Right of Way,,,,,,,Yes,,Yes,,,,,,Yes,,,Henry Farm
2138,Collector,North York,Intersection,No Control,Clear,Dark,Dry,Non-Fatal Injury,Pedestrian Collisions,Pedestrian,55 to 59,Major,South,Other,,Vehicle turns right while ped crosses with ROW at inter.,Crossing with right of way,Normal,,,,Yes,,Yes,,,,,,Yes,,,Henry Farm
2040,Minor Arterial,North York,Intersection,No Control,Clear,Dark,Dry,Non-Fatal Injury,Rear End,Vehicle Owner,unknown,,,,,,,,,,,,,Yes,,,,,Yes,Yes,,,Newtonbrook East
2040,Minor Arterial,North York,Intersection,No Control,Clear,Dark,Dry,Non-Fatal Injury,Rear End,Driver,55 to 59,Minor,North,Going Ahead,Driving Properly,,,,,,,,,Yes,,,,,Yes,Yes,,,Newtonbrook East
2040,Minor Arterial,North York,Intersection,No Control,Clear,Dark,Dry,Non-Fatal Injury,Rear End,Driver,75 to 79,Major,North,Going Ahead,Following too Close,,,,,,,,,Yes,,,,,Yes,Yes,,,Newtonbrook East
1628,Major Arterial,North York,Intersection,Traffic Signal,Clear,Daylight,Dry,Non-Fatal Injury,Rear End,Driver,70 to 74,Minor,West,Slowing or Stopping,Driving Properly,,,,,,,,,Yes,,,,,,Yes,Yes,,Forest Hill South
1628,Major Arterial,North York,Intersection,Traffic Signal,Clear,Daylight,Dry,Non-Fatal Injury,Rear End,Driver,65 to 69,Major,West,Going Ahead,Disobeyed Traffic Control,,,,,,,,,Yes,,,,,,Yes,Yes,,Forest Hill South
1628,Major Arterial,North York,Intersection,Traffic Signal,Clear,Daylight,Dry,Non-Fatal Injury,Rear End,Vehicle Owner,unknown,,,,,,,,,,,,,Yes,,,,,,Yes,Yes,,Forest Hill South
1628,Major Arterial,North York,Intersection,Traffic Signal,Clear,Daylight,Dry,Non-Fatal Injury,Rear End,Driver,35 to 39,Minor,West,Slowing or Stopping,Driving Properly,,,,,,,,,Yes,,,,,,Yes,Yes,,Forest Hill South
1750,Collector,Etobicoke York,,Pedestrian Crossover,Clear,Daylight,Dry,Non-Fatal Injury,Pedestrian Collisions,Driver,80 to 84,,West,Going Ahead,,,,,,,,Yes,,Yes,,,,,,,,,Humber Heights-Westmount
1750,Collector,Etobicoke York,,Pedestrian Crossover,Clear,Daylight,Dry,Non-Fatal Injury,Pedestrian Collisions,Pedestrian,unknown,Major,,Other,,,,,,,,Yes,,Yes,,,,,,,,,Humber Heights-Westmount
1206,Minor Arterial,Scarborough,Mid-Block,No Control,Clear,Daylight,Dry,Non-Fatal Injury,SMV Other,Driver,25 to 29,Major,West,Going Ahead,Lost control,,,,,,,,,Yes,,,,,,Yes,,,Morningside Heights
1206,Minor Arterial,Scarborough,Mid-Block,No Control,Clear,Daylight,Dry,Non-Fatal Injury,SMV Other,Other Property Owner,unknown,,,,,,,,,,,,,Yes,,,,,,Yes,,,Morningside Heights
2050,Major Arterial,Scarborough,Mid-Block,No Control,Clear,Dark,Dry,Non-Fatal Injury,Rear End,Motorcycle Driver,30 to 34,Major,East,Going Ahead,Following too Close,,,,,,,,,Yes,Yes,,,,,Yes,,Yes,Birchcliffe-Cliffside
1206,Minor Arterial,Scarborough,Mid-Block,No Control,Clear,Daylight,Dry,Non-Fatal Injury,SMV Other,Other Property Owner,unknown,,,,,,,,,,,,,Yes,,,,,,Yes,,,Morningside Heights
1130,Major Arterial,North York,Intersection,Traffic Signal,Clear,Daylight,Dry,Non-Fatal Injury,SMV Other,Driver,70 to 74,Major,East,Going Ahead,Lost control,,,,,,,,,Yes,,,,,,,,,Oakdale-Beverley Heights
1130,Major Arterial,North York,Intersection,Traffic Signal,Clear,Daylight,Dry,Non-Fatal Injury,SMV Other,Other Property Owner,unknown,,,,,,,,,,,,,Yes,,,,,,,,,Oakdale-Beverley Heights
1024,Major Arterial,Etobicoke York,Mid-Block,No Control,Clear,Daylight,Dry,Non-Fatal Injury,Sideswipe,Passenger,30 to 34,Major,,,,,,,,,,,,Yes,,Yes,,Yes,,,,,West Humber-Clairville
1024,Major Arterial,Etobicoke York,Mid-Block,No Control,Clear,Daylight,Dry,Non-Fatal Injury,Sideswipe,Driver,85 to 89,Minor,North,Unknown,Lost control,,,,,,,,,Yes,,Yes,,Yes,,,,,West Humber-Clairville
1024,Major Arterial,Etobicoke York,Mid-Block,No Control,Clear,Daylight,Dry,Non-Fatal Injury,Sideswipe,Vehicle Owner,unknown,,,,,,,,,,,,,Yes,,Yes,,Yes,,,,,West Humber-Clairville
1024,Major Arterial,Etobicoke York,Mid-Block,No Control,Clear,Daylight,Dry,Non-Fatal Injury,Sideswipe,Truck Driver,45 to 49,,North,Going Ahead,Driving Properly,,,,,,,,,Yes,,Yes,,Yes,,,,,West Humber-Clairville
2317,Minor Arterial,Scarborough,Intersection,Stop Sign,Clear,Dark,Dry,Non-Fatal Injury,Angle,Driver,30 to 34,Minor,North,Going Ahead,Driving Properly,,,,,,,,,Yes,,,,,,Yes,,Yes,Morningside Heights
2035,Major Arterial,Scarborough,Intersection,Traffic Signal,Rain,Dusk,Wet,Non-Fatal Injury,Turning Movement,Driver,20 to 24,,East,Turning Left,Failed to Yield Right of Way,,,,,,,,,Yes,,,,,,Yes,,,Agincourt South-Malvern West
1710,Major Arterial,Toronto and East York,Intersection,Traffic Signal,Clear,Daylight,Wet,Non-Fatal Injury,Rear End,Vehicle Owner,unknown,,,,,,,,,,,,,,,,Yes,Yes,,Yes,,,High Park-Swansea
1602,Minor Arterial,Etobicoke York,Intersection,Stop Sign,Clear,Daylight,Dry,Non-Fatal Injury,Turning Movement,Vehicle Owner,unknown,,,,,,,,,,,,,Yes,,,,,,Yes,,,Mimico-Queensway
1315,Major Arterial,Toronto and East York,Mid-Block,No Control,Clear,Daylight,Dry,Non-Fatal Injury,Cyclist Collisions,Vehicle Owner,unknown,,,,,,,,,,,,Yes,Yes,,,,,,Yes,,,Yonge-Bay Corridor
1958,Major Arterial,Scarborough,Intersection,Stop Sign,Clear,Dark,Dry,Non-Fatal Injury,Turning Movement,Passenger,45 to 49,Major,,,,,,,,,,,,Yes,,,,Yes,,Yes,,,Kennedy Park
1647,Major Arterial,Toronto and East York,Intersection,Traffic Signal,Clear,Daylight,Dry,Fatal,Turning Movement,Driver,25 to 29,,South,Stopped,Driving Properly,,,,,,,,,Yes,,,Yes,Yes,,Yes,,,Runnymede-Bloor West Village
1958,Major Arterial,Scarborough,Intersection,Stop Sign,Clear,Dark,Dry,Non-Fatal Injury,Turning Movement,Driver,50 to 54,Major,West,Going Ahead,Driving Properly,,,,,,,,,Yes,,,,Yes,,Yes,,,Kennedy Park
1647,Major Arterial,Toronto and East York,Intersection,Traffic Signal,Clear,Daylight,Dry,Fatal,Turning Movement,Vehicle Owner,unknown,,,,,,,,,,,,,Yes,,,Yes,Yes,,Yes,,,Runnymede-Bloor West Village
1710,Major Arterial,Toronto and East York,Intersection,Traffic Signal,Clear,Daylight,Wet,Non-Fatal Injury,Rear End,Driver,30 to 34,,West,Going Ahead,Following too Close,,,,,,,,,,,,Yes,Yes,,Yes,,,High Park-Swansea
1315,Major Arterial,Toronto and East York,Mid-Block,No Control,Clear,Daylight,Dry,Non-Fatal Injury,Cyclist Collisions,Driver,25 to 29,,East,Pulling Away from Shoulder or Curb,Failed to Yield Right of Way,,,,,,,,Yes,Yes,,,,,,Yes,,,Yonge-Bay Corridor
2317,Minor Arterial,Scarborough,Intersection,Stop Sign,Clear,Dark,Dry,Non-Fatal Injury,Angle,Driver,30 to 34,Major,East,Going Ahead,Disobeyed Traffic Control,,,,,,,,,Yes,,,,,,Yes,,Yes,Morningside Heights
1710,Major Arterial,Toronto and East York,Intersection,Traffic Signal,Clear,Daylight,Wet,Non-Fatal Injury,Rear End,Passenger,unknown,Minimal,,,,,,,,,,,,,,,Yes,Yes,,Yes,,,High Park-Swansea
1315,Major Arterial,Toronto and East York,Mid-Block,No Control,Clear,Daylight,Dry,Non-Fatal Injury,Cyclist Collisions,Cyclist,25 to 29,Major,East,Going Ahead,,,,,Cyclist and Driver travelling in same direction. One vehicle sideswipes the other.,Driving Properly,Normal,,Yes,Yes,,,,,,Yes,,,Yonge-Bay Corridor
1015,Major Arterial,Toronto and East York,Mid-Block,No Control,Clear,Daylight,Other,Non-Fatal Injury,Pedestrian Collisions,Driver,75 to 79,,North,Going Ahead,Failed to Yield Right of Way,,,,,,,Yes,,Yes,,,,,,Yes,,,Kensington-Chinatown
1602,Minor Arterial,Etobicoke York,Intersection,Stop Sign,Clear,Daylight,Dry,Non-Fatal Injury,Turning Movement,Driver,20 to 24,,South,Going Ahead,Driving Properly,,,,,,,,,Yes,,,,,,Yes,,,Mimico-Queensway
1958,Major Arterial,Scarborough,Intersection,Stop Sign,Clear,Dark,Dry,Non-Fatal Injury,Turning Movement,Driver,40 to 44,Minimal,East,Going Ahead,Driving Properly,,,,,,,,,Yes,,,,Yes,,Yes,,,Kennedy Park
2050,Major Arterial,Scarborough,Mid-Block,No Control,Clear,Dark,Dry,Non-Fatal Injury,Rear End,Driver,45 to 49,,East,Slowing or Stopping,Other,,,,,,,,,Yes,Yes,,,,,Yes,,Yes,Birchcliffe-Cliffside
1647,Major Arterial,Toronto and East York,Intersection,Traffic Signal,Clear,Daylight,Dry,Fatal,Turning Movement,Driver,45 to 49,,North,Going Ahead,Driving Properly,,,,,,,,,Yes,,,Yes,Yes,,Yes,,,Runnymede-Bloor West Village
1015,Major Arterial,Toronto and East York,Mid-Block,No Control,Clear,Daylight,Other,Non-Fatal Injury,Pedestrian Collisions,Driver,65 to 69,,East,Stopped,Driving Properly,,,,,,,Yes,,Yes,,,,,,Yes,,,Kensington-Chinatown
1150,Major Arterial,Toronto and East York,Mid-Block,No Control,Clear,Daylight,Wet,Non-Fatal Injury,Cyclist Collisions,Driver,40 to 44,,East,Changing Lanes,Improper Lane Change,,,,,,,,Yes,Yes,,,,,,,,,Yonge-Bay Corridor
1448,Major Arterial,North York,Intersection,Stop Sign,Clear,Daylight,Dry,Non-Fatal Injury,Turning Movement,Motorcycle Driver,30 to 34,Major,South,Going Ahead,Driving Properly,,,,,,,,,Yes,Yes,,,,,Yes,,,Willowdale West
2115,Collector,Scarborough,Intersection,Pedestrian Crossover,Snow,Dark,Wet,Non-Fatal Injury,SMV Other,Driver,40 to 44,Major,North,Going Ahead,Speed too Fast For Condition,,,,,,,,,Yes,,,,,Yes,Yes,,Yes,East L'Amoreaux
1710,Major Arterial,Toronto and East York,Intersection,Traffic Signal,Clear,Daylight,Wet,Non-Fatal Injury,Rear End,Passenger,65 to 69,Minimal,,,,,,,,,,,,,,,Yes,Yes,,Yes,,,High Park-Swansea
240,Major Arterial,Toronto and East York,Intersection,Traffic Signal,Clear,Dark,Dry,Non-Fatal Injury,Pedestrian Collisions,Driver,25 to 29,,South,Going Ahead,Exceeding Speed Limit,,,,,,,Yes,,Yes,,,,,Yes,Yes,,,Palmerston-Little Italy
2115,Collector,Scarborough,Intersection,Pedestrian Crossover,Snow,Dark,Wet,Non-Fatal Injury,SMV Other,Other Property Owner,unknown,,,,,,,,,,,,,Yes,,,,,Yes,Yes,,Yes,East L'Amoreaux
1710,Major Arterial,Toronto and East York,Intersection,Traffic Signal,Clear,Daylight,Wet,Non-Fatal Injury,Rear End,Passenger,45 to 49,Minimal,,,,,,,,,,,,,,,Yes,Yes,,Yes,,,High Park-Swansea
955,Major Arterial,Scarborough,Intersection,Traffic Signal,Clear,Daylight,Dry,Non-Fatal Injury,Pedestrian Collisions,Driver,75 to 79,,South,Turning Left,Failed to Yield Right of Way,,,,,,,Yes,,Yes,,,,,,Yes,,,NSA
538,Major Arterial,Scarborough,Mid-Block,No Control,Rain,Dark,Wet,Non-Fatal Injury,Cyclist Collisions,Driver,50 to 54,,North,Going Ahead,Speed too Fast For Condition,,,,,,,,Yes,Yes,,,,,Yes,Yes,,,Woburn North
1958,Major Arterial,Scarborough,Intersection,Stop Sign,Clear,Dark,Dry,Non-Fatal Injury,Turning Movement,Driver,85 to 89,Minimal,South,Turning Left,Failed to Yield Right of Way,,,,,,,,,Yes,,,,Yes,,Yes,,,Kennedy Park
1015,Major Arterial,Toronto and East York,Mid-Block,No Control,Clear,Daylight,Other,Non-Fatal Injury,Pedestrian Collisions,Pedestrian,30 to 34,Major,Unknown,,,Pedestrian hit at private driveway,On Sidewalk or Shoulder,Normal,,,,Yes,,Yes,,,,,,Yes,,,Kensington-Chinatown
1448,Major Arterial,North York,Intersection,Stop Sign,Clear,Daylight,Dry,Non-Fatal Injury,Turning Movement,Driver,65 to 69,,East,Turning Left,Failed to Yield Right of Way,,,,,,,,,Yes,Yes,,,,,Yes,,,Willowdale West
1150,Major Arterial,Toronto and East York,Mid-Block,No Control,Clear,Daylight,Wet,Non-Fatal Injury,Cyclist Collisions,Cyclist,20 to 24,Major,East,Overtaking,,,,,Cyclist and Driver travelling in same direction. One vehicle sideswipes the other.,Driving Properly,Normal,,Yes,Yes,,,,,,,,,Yonge-Bay Corridor
538,Major Arterial,Scarborough,Mid-Block,No Control,Rain,Dark,Wet,Non-Fatal Injury,Cyclist Collisions,Cyclist,35 to 39,Major,North,Going Ahead,,,,,Cyclist and Driver travelling in same direction. One vehicle rear-ended the other.,Driving Properly,Normal,,Yes,Yes,,,,,Yes,Yes,,,Woburn North
2256,Major Arterial,Scarborough,Mid-Block,No Control,Clear,Dark,Dry,Fatal,Approaching,Vehicle Owner,unknown,,,,,,,,,,,,,Yes,,,,,,,,,Bendale-Glen Andrew
1400,Pending,Scarborough,Mid-Block,No Control,Clear,Daylight,Dry,Non-Fatal Injury,Pedestrian Collisions,Driver,unknown,,South,Going Ahead,Other,,,,,,,Yes,,Yes,,,,,,,,,Malvern East
2256,Major Arterial,Scarborough,Mid-Block,No Control,Clear,Dark,Dry,Fatal,Approaching,Driver,35 to 39,Minor,South,Going Ahead,Other,,,,,,,,,Yes,,,,,,,,,Bendale-Glen Andrew
1730,Major Arterial,Scarborough,Intersection,Traffic Signal,Clear,Daylight,Dry,Non-Fatal Injury,Pedestrian Collisions,Vehicle Owner,unknown,,,,,,,,,,,Yes,,Yes,,,,,,,,,Eglinton East
902,Major Arterial,Scarborough,Intersection,Traffic Signal,Clear,Daylight,Dry,Non-Fatal Injury,Cyclist Collisions,Driver,25 to 29,,North,Going Ahead,Disobeyed Traffic Control,,,,,,,,Yes,Yes,,,,,,Yes,Yes,,Ionview
2303,Major Arterial,Etobicoke York,Intersection,Traffic Signal,Clear,Dark,Dry,Non-Fatal Injury,Turning Movement,Motorcycle Driver,20 to 24,Major,West,Going Ahead,Driving Properly,,,,,,,,,Yes,Yes,,,,,,,,Humber Summit
240,Major Arterial,Toronto and East York,Intersection,Traffic Signal,Clear,Dark,Dry,Non-Fatal Injury,Pedestrian Collisions,Driver,25 to 29,,North,Turning Left,Failed to Yield Right of Way,,,,,,,Yes,,Yes,,,,,Yes,Yes,,,Palmerston-Little Italy
1710,Major Arterial,Toronto and East York,Intersection,Traffic Signal,Clear,Daylight,Wet,Non-Fatal Injury,Rear End,Passenger,65 to 69,Minimal,,,,,,,,,,,,,,,Yes,Yes,,Yes,,,High Park-Swansea
955,Major Arterial,Scarborough,Intersection,Traffic Signal,Clear,Daylight,Dry,Non-Fatal Injury,Pedestrian Collisions,Pedestrian,75 to 79,Minor,North,,,Vehicle turns left while ped crosses with ROW at inter.,Crossing with right of way,Normal,,,,Yes,,Yes,,,,,,Yes,,,NSA
319,,Toronto and East York,Mid-Block,No Control,Clear,Dark,Dry,Non-Fatal Injury,Rear End,Vehicle Owner,unknown,,,,,,,,,,,,,Yes,,,,,,,,Yes,South Parkdale
1710,Major Arterial,Toronto and East York,Intersection,Traffic Signal,Clear,Daylight,Wet,Non-Fatal Injury,Rear End,Passenger,50 to 54,Minimal,,,,,,,,,,,,,,,Yes,Yes,,Yes,,,High Park-Swansea
1400,Pending,Scarborough,Mid-Block,No Control,Clear,Daylight,Dry,Non-Fatal Injury,Pedestrian Collisions,Pedestrian,40 to 44,Major,South,,,Pedestrian hit on sidewalk or shoulder,On Sidewalk or Shoulder,"Ability Impaired, Drugs",,,,Yes,,Yes,,,,,,,,,Malvern East
1730,Major Arterial,Scarborough,Intersection,Traffic Signal,Clear,Daylight,Dry,Non-Fatal Injury,Pedestrian Collisions,Driver,35 to 39,,North,Going Ahead,Driving Properly,,,,,,,Yes,,Yes,,,,,,,,,Eglinton East
2256,Major Arterial,Scarborough,Mid-Block,No Control,Clear,Dark,Dry,Fatal,Approaching,Driver,55 to 59,Fatal,North,Going Ahead,Driving Properly,,,,,,,,,Yes,,,,,,,,,Bendale-Glen Andrew
240,Major Arterial,Toronto and East York,Intersection,Traffic Signal,Clear,Dark,Dry,Non-Fatal Injury,Pedestrian Collisions,Pedestrian,20 to 24,Major,Unknown,,,Pedestrian hit on sidewalk or shoulder,On Sidewalk or Shoulder,Inattentive,,,,Yes,,Yes,,,,,Yes,Yes,,,Palmerston-Little Italy
955,Major Arterial,Scarborough,Intersection,Traffic Signal,Clear,Daylight,Dry,Non-Fatal Injury,Pedestrian Collisions,Pedestrian,75 to 79,Major,North,,,Vehicle turns left while ped crosses with ROW at inter.,Crossing with right of way,Normal,,,,Yes,,Yes,,,,,,Yes,,,NSA
902,Major Arterial,Scarborough,Intersection,Traffic Signal,Clear,Daylight,Dry,Non-Fatal Injury,Cyclist Collisions,Cyclist,50 to 54,Major,West,Turning Left,,,,,"Motorist without ROW drives into path of cyclist at inter, lnwy, dwy-Driver not turn.",Driving Properly,Normal,,Yes,Yes,,,,,,Yes,Yes,,Ionview
2303,Major Arterial,Etobicoke York,Intersection,Traffic Signal,Clear,Dark,Dry,Non-Fatal Injury,Turning Movement,Driver,20 to 24,Minor,East,Turning Left,Improper Turn,,,,,,,,,Yes,Yes,,,,,,,,Humber Summit
319,,Toronto and East York,Mid-Block,No Control,Clear,Dark,Dry,Non-Fatal Injury,Rear End,Driver,45 to 49,Major,East,Going Ahead,Lost control,,,,,,,,,Yes,,,,,,,,Yes,South Parkdale
1710,Major Arterial,Toronto and East York,Intersection,Traffic Signal,Clear,Daylight,Wet,Non-Fatal Injury,Rear End,Passenger,65 to 69,Major,,,,,,,,,,,,,,,Yes,Yes,,Yes,,,High Park-Swansea
1710,Major Arterial,Toronto and East York,Intersection,Traffic Signal,Clear,Daylight,Wet,Non-Fatal Injury,Rear End,Vehicle Owner,unknown,,,,,,,,,,,,,,,,Yes,Yes,,Yes,,,High Park-Swansea