TIME,ROAD_CLASS,DISTRICT,LOCCOORD,TRAFFCTL,VISIBILITY,LIGHT,RDSFCOND,ACCLASS,IMPACTYPE,INVTYPE,INVAGE,INJURY,INITDIR,MANOEUVER,DRIVACT,PEDTYPE,PEDACT,PEDCOND,CYCLISTYPE,CYCACT,CYCCOND,PEDESTRIAN,CYCLIST,AUTOMOBILE,MOTORCYCLE,TRUCK,TRSN_CITY_VEH,PASSENGER,SPEEDING,AG_DRIV,REDLIGHT,ALCOHOL,NEIGHBOURHOOD_158
110,Collector,Scarborough,Intersection,No Control,Clear,Dark,Dry,Fatal,SMV Other,Passenger,15 to 19,Minor,,,,,,,,,,,,Yes,,,,Yes,,,,,Golfdale-Cedarbrae-Woburn
1755,Major Arterial,Etobicoke York,Mid-Block,No Control,Clear,Daylight,Dry,Non-Fatal Injury,Approaching,Vehicle Owner,unknown,,,,,,,,,,,,,Yes,,,,Yes,,,,,Brookhaven-Amesbury
319,,Toronto and East York,Mid-Block,No Control,Clear,Dark,Dry,Non-Fatal Injury,Rear End,Vehicle Owner,unknown,,,,,,,,,,,,,Yes,,,,,,,,Yes,South Parkdale
1752,Major Arterial,Scarborough,Mid-Block,No Control,Clear,Daylight,Dry,Non-Fatal Injury,Pedestrian Collisions,Pedestrian,70 to 74,Minor,West,,,Pedestrian hit at mid-block,"Crossing, no Traffic Control",Unknown,,,,Yes,,Yes,,,,,,Yes,,,Agincourt North
2001,Minor Arterial,Etobicoke York,Mid-Block,No Control,Rain,Dark,Wet,Non-Fatal Injury,Pedestrian Collisions,Driver,40 to 44,,South,Going Ahead,Driving Properly,,,,,,,Yes,,Yes,,,,,,,,,Black Creek
1540,Major Arterial,North York,Intersection,No Control,Clear,Daylight,Wet,Non-Fatal Injury,Pedestrian Collisions,Pedestrian,45 to 49,Major,West,,,Pedestrian hit at mid-block,Running onto Roadway,Medical or Physical Disability,,,,Yes,,Yes,,,,,,,,,Wexford/Maryvale
319,,Toronto and East York,Mid-Block,No Control,Clear,Dark,Dry,Non-Fatal Injury,Rear End,Driver,40 to 44,Minor,East,Stopped,Driving Properly,,,,,,,,,Yes,,,,,,,,Yes,South Parkdale
1755,Major Arterial,Etobicoke York,Mid-Block,No Control,Clear,Daylight,Dry,Non-Fatal Injury,Approaching,Driver,25 to 29,Major,South,Going Ahead,Driving Properly,,,,,,,,,Yes,,,,Yes,,,,,Brookhaven-Amesbury
1910,Major Arterial,Etobicoke York,Mid-Block,No Control,Clear,Daylight,Dry,Non-Fatal Injury,Pedestrian Collisions,Pedestrian,55 to 59,Major,South,,,Vehicle turns left while ped crosses without ROW at inter.,"Crossing, no Traffic Control",Inattentive,,,,Yes,,Yes,,,,,,,,,Markland Wood
1755,Major Arterial,Etobicoke York,Mid-Block,No Control,Clear,Daylight,Dry,Non-Fatal Injury,Approaching,Passenger,10 to 14,Minimal,,,,,,,,,,,,Yes,,,,Yes,,,,,Brookhaven-Amesbury
1545,Major Arterial,Toronto and East York,Intersection,Traffic Signal,Snow,Daylight,Loose Snow,Non-Fatal Injury,Turning Movement,Driver,60 to 64,,East,Turning Left,Failed to Yield Right of Way,,,,,,,,,Yes,,,,,,Yes,,,Annex
110,Collector,Scarborough,Intersection,No Control,Clear,Dark,Dry,Fatal,SMV Other,Passenger,15 to 19,Major,,,,,,,,,,,,Yes,,,,Yes,,,,,Golfdale-Cedarbrae-Woburn
1715,Local,Toronto and East York,Mid-Block,No Control,Clear,Daylight,Dry,Non-Fatal Injury,Pedestrian Collisions,Driver,25 to 29,,North,Reversing,Other,,,,,,,Yes,,Yes,,,,,,,,,Palmerston-Little Italy
2001,Minor Arterial,Etobicoke York,Mid-Block,No Control,Rain,Dark,Wet,Non-Fatal Injury,Pedestrian Collisions,Pedestrian,25 to 29,Major,East,,,Vehicle is going straight thru inter.while ped cross without ROW,"Crossing, no Traffic Control",Had Been Drinking,,,,Yes,,Yes,,,,,,,,,Black Creek
622,Major Arterial,North York,Intersection,Traffic Signal,Rain,Dark,Wet,Non-Fatal Injury,Pedestrian Collisions,Pedestrian,60 to 64,Major,South,,,Vehicle is going straight thru inter.while ped cross without ROW,Crossing without right of way,Inattentive,,,,Yes,,Yes,,,,,,,,,York University Heights
1639,Major Arterial,Toronto and East York,Mid-Block,No Control,Clear,Daylight,Dry,Non-Fatal Injury,Cyclist Collisions,Vehicle Owner,unknown,,,,,,,,,,,,Yes,Yes,,,,,,,,,North Riverdale
1703,Major Arterial,Toronto and East York,Mid-Block,No Control,Rain,Daylight,Wet,Non-Fatal Injury,Approaching,Vehicle Owner,unknown,,,,,,,,,,,,,Yes,,,,,Yes,Yes,,,Cabbagetown-South St.James Town
110,Collector,Scarborough,Intersection,No Control,Clear,Dark,Dry,Fatal,SMV Other,Passenger,15 to 19,Major,,,,,,,,,,,,Yes,,,,Yes,,,,,Golfdale-Cedarbrae-Woburn
1755,Major Arterial,Etobicoke York,Mid-Block,No Control,Clear,Daylight,Dry,Non-Fatal Injury,Approaching,Passenger,50 to 54,Minimal,,,,,,,,,,,,Yes,,,,Yes,,,,,Brookhaven-Amesbury
1715,Local,Toronto and East York,Mid-Block,No Control,Clear,Daylight,Dry,Non-Fatal Injury,Pedestrian Collisions,Pedestrian,85 to 89,Major,Unknown,,,Vehicle is reversing and hits pedestrian,Coming From Behind Parked Vehicle,Normal,,,,Yes,,Yes,,,,,,,,,Palmerston-Little Italy
818,Minor Arterial,Toronto and East York,Intersection,No Control,Rain,Daylight,Wet,Fatal,Pedestrian Collisions,Vehicle Owner,unknown,,,,,,,,,,,Yes,,,,Yes,,,,,,,High Park North
2215,Major Arterial,Toronto and East York,Intersection,Traffic Signal,Clear,Dark,Dry,Fatal,Pedestrian Collisions,Vehicle Owner,unknown,,,,,,,,,,,Yes,,,,,Yes,,,,,,South Riverdale
1545,Major Arterial,Toronto and East York,Intersection,Traffic Signal,Snow,Daylight,Loose Snow,Non-Fatal Injury,Turning Movement,Driver,40 to 44,Major,South,Going Ahead,Driving Properly,,,,,,,,,Yes,,,,,,Yes,,,Annex
818,Minor Arterial,Toronto and East York,Intersection,No Control,Rain,Daylight,Wet,Fatal,Pedestrian Collisions,Truck Driver,30 to 34,,North,Going Ahead,Driving Properly,,,,,,,Yes,,,,Yes,,,,,,,High Park North
1639,Major Arterial,Toronto and East York,Mid-Block,No Control,Clear,Daylight,Dry,Non-Fatal Injury,Cyclist Collisions,Driver,30 to 34,,East,Pulling Onto Shoulder or towardCurb,Improper Lane Change,,,,,,,,Yes,Yes,,,,,,,,,North Riverdale
1519,Major Arterial,Toronto and East York,Mid-Block,No Control,Clear,Daylight,Dry,Non-Fatal Injury,Sideswipe,Motorcycle Driver,20 to 24,Major,West,Going Ahead,Driving Properly,,,,,,,,,Yes,Yes,,,,,,,,Woodbine Corridor
1703,Major Arterial,Toronto and East York,Mid-Block,No Control,Rain,Daylight,Wet,Non-Fatal Injury,Approaching,Driver,15 to 19,Minimal,East,Going Ahead,Speed too Fast For Condition,,,,,,,,,Yes,,,,,Yes,Yes,,,Cabbagetown-South St.James Town
110,Collector,Scarborough,Intersection,No Control,Clear,Dark,Dry,Fatal,SMV Other,Passenger,15 to 19,Fatal,,,,,,,,,,,,Yes,,,,Yes,,,,,Golfdale-Cedarbrae-Woburn
1755,Major Arterial,Etobicoke York,Mid-Block,No Control,Clear,Daylight,Dry,Non-Fatal Injury,Approaching,Driver,45 to 49,Minor,North,Going Ahead,Lost control,,,,,,,,,Yes,,,,Yes,,,,,Brookhaven-Amesbury
2215,Major Arterial,Toronto and East York,Intersection,Traffic Signal,Clear,Dark,Dry,Fatal,Pedestrian Collisions,Driver,35 to 39,,East,Going Ahead,Driving Properly,,,,,,,Yes,,,,,Yes,,,,,,South Riverdale
1300,Major Arterial,Etobicoke York,Mid-Block,No Control,Clear,Daylight,Wet,Non-Fatal Injury,Turning Movement,Passenger,35 to 39,Minor,,,,,,,,,,,,Yes,,,,Yes,,Yes,,,Humbermede
1703,Major Arterial,Toronto and East York,Mid-Block,No Control,Rain,Daylight,Wet,Non-Fatal Injury,Approaching,Vehicle Owner,unknown,,,,,,,,,,,,,Yes,,,,,Yes,Yes,,,Cabbagetown-South St.James Town
1519,Major Arterial,Toronto and East York,Mid-Block,No Control,Clear,Daylight,Dry,Non-Fatal Injury,Sideswipe,Driver,65 to 69,,West,Parked,Driving Properly,,,,,,,,,Yes,Yes,,,,,,,,Woodbine Corridor
818,Minor Arterial,Toronto and East York,Intersection,No Control,Rain,Daylight,Wet,Fatal,Pedestrian Collisions,Pedestrian,50 to 54,Fatal,West,,,Vehicle is going straight thru inter.while ped cross without ROW,"Crossing, no Traffic Control",Unknown,,,,Yes,,,,Yes,,,,,,,High Park North
1519,Major Arterial,Toronto and East York,Mid-Block,No Control,Clear,Daylight,Dry,Non-Fatal Injury,Sideswipe,Vehicle Owner,unknown,,,,,,,,,,,,,Yes,Yes,,,,,,,,Woodbine Corridor
1639,Major Arterial,Toronto and East York,Mid-Block,No Control,Clear,Daylight,Dry,Non-Fatal Injury,Cyclist Collisions,Cyclist,55 to 59,Major,East,Going Ahead,,,,,Cyclist and Driver travelling in same direction. One vehicle rear-ended the other.,Driving Properly,Normal,,Yes,Yes,,,,,,,,,North Riverdale
1713,Major Arterial,Toronto and East York,Intersection,No Control,Clear,Daylight,Dry,Non-Fatal Injury,Rear End,Driver,40 to 44,Major,South,Slowing or Stopping,Driving Properly,,,,,,,,,Yes,,,Yes,,,Yes,,,Playter Estates-Danforth
110,Collector,Scarborough,Intersection,No Control,Clear,Dark,Dry,Fatal,SMV Other,Driver,15 to 19,Major,East,Going Ahead,Lost control,,,,,,,,,Yes,,,,Yes,,,,,Golfdale-Cedarbrae-Woburn
2215,Major Arterial,Toronto and East York,Intersection,Traffic Signal,Clear,Dark,Dry,Fatal,Pedestrian Collisions,Pedestrian,15 to 19,Fatal,North,,,Pedestrian involved in a collision with transit vehicle anywhere along roadway,Crossing without right of way,Unknown,,,,Yes,,,,,Yes,,,,,,South Riverdale
1300,Major Arterial,Etobicoke York,Mid-Block,No Control,Clear,Daylight,Wet,Non-Fatal Injury,Turning Movement,Passenger,55 to 59,Minor,,,,,,,,,,,,Yes,,,,Yes,,Yes,,,Humbermede
1703,Major Arterial,Toronto and East York,Mid-Block,No Control,Rain,Daylight,Wet,Non-Fatal Injury,Approaching,Driver,30 to 34,Major,West,Going Ahead,Driving Properly,,,,,,,,,Yes,,,,,Yes,Yes,,,Cabbagetown-South St.James Town
2027,Major Arterial,Toronto and East York,Mid-Block,No Control,Clear,Dark,Dry,Fatal,Pedestrian Collisions,Other,unknown,,South,Parked,,,,,,,,Yes,,,,,Yes,Yes,,Yes,,,Casa Loma
1553,Minor Arterial,Toronto and East York,Intersection,No Control,Clear,Daylight,Dry,Non-Fatal Injury,Turning Movement,Motorcycle Driver,45 to 49,Major,North,Going Ahead,Driving Properly,,,,,,,,,Yes,Yes,,,,,,,,Downtown Yonge East
1300,Major Arterial,Etobicoke York,Mid-Block,No Control,Clear,Daylight,Wet,Non-Fatal Injury,Turning Movement,Driver,70 to 74,Major,South,Turning Left,Failed to Yield Right of Way,,,,,,,,,Yes,,,,Yes,,Yes,,,Humbermede
110,Collector,Scarborough,Intersection,No Control,Clear,Dark,Dry,Fatal,SMV Other,Other Property Owner,unknown,,,,,,,,,,,,,Yes,,,,Yes,,,,,Golfdale-Cedarbrae-Woburn
351,Minor Arterial,Scarborough,Intersection,Traffic Signal,Clear,Dark,Dry,Non-Fatal Injury,SMV Other,Passenger,25 to 29,Major,,,,,,,,,,,,Yes,,,,Yes,,,,Yes,Birchcliffe-Cliffside
1519,Major Arterial,Toronto and East York,Mid-Block,No Control,Clear,Daylight,Dry,Non-Fatal Injury,Sideswipe,Driver,15 to 19,,West,Changing Lanes,Improper Lane Change,,,,,,,,,Yes,Yes,,,,,,,,Woodbine Corridor
1713,Major Arterial,Toronto and East York,Intersection,No Control,Clear,Daylight,Dry,Non-Fatal Injury,Rear End,Driver,40 to 44,,South,Going Ahead,Following too Close,,,,,,,,,Yes,,,Yes,,,Yes,,,Playter Estates-Danforth
1713,Major Arterial,Toronto and East York,Intersection,No Control,Clear,Daylight,Dry,Non-Fatal Injury,Rear End,Vehicle Owner,unknown,,,,,,,,,,,,,Yes,,,Yes,,,Yes,,,Playter Estates-Danforth
1534,Major Arterial,Scarborough,Intersection,Traffic Signal,Clear,Daylight,Dry,Non-Fatal Injury,Pedestrian Collisions,Vehicle Owner,unknown,,,,,,,,,,,Yes,,Yes,,,,,,,,,Kennedy Park
1515,Major Arterial,Etobicoke York,Intersection,Traffic Signal,Clear,Daylight,Dry,Non-Fatal Injury,Turning Movement,Passenger,50 to 54,,,,,,,,,,,,,Yes,,,,Yes,,Yes,,,Rexdale-Kipling
351,Minor Arterial,Scarborough,Intersection,Traffic Signal,Clear,Dark,Dry,Non-Fatal Injury,SMV Other,Driver,25 to 29,,East,Unknown,Lost control,,,,,,,,,Yes,,,,Yes,,,,Yes,Birchcliffe-Cliffside
2225,Major Arterial,Etobicoke York,Intersection,No Control,Clear,Dark,Dry,Non-Fatal Injury,Rear End,Motorcycle Driver,20 to 24,Major,East,Going Ahead,Exceeding Speed Limit,,,,,,,,,Yes,Yes,,,,Yes,Yes,,,Thistletown-Beaumond Heights
427,Major Arterial,Toronto and East York,Intersection,Traffic Signal,Clear,Dark,Dry,Non-Fatal Injury,Pedestrian Collisions,Vehicle Owner,unknown,,,,,,,,,,,Yes,,Yes,,,,,,Yes,Yes,,Yonge-Bay Corridor
1534,Major Arterial,Scarborough,Intersection,Traffic Signal,Clear,Daylight,Dry,Non-Fatal Injury,Pedestrian Collisions,Driver,50 to 54,,North,Turning Right,Driving Properly,,,,,,,Yes,,Yes,,,,,,,,,Kennedy Park
427,Major Arterial,Toronto and East York,Intersection,Traffic Signal,Clear,Dark,Dry,Non-Fatal Injury,Pedestrian Collisions,Driver,35 to 39,,East,Going Ahead,Disobeyed Traffic Control,,,,,,,Yes,,Yes,,,,,,Yes,Yes,,Yonge-Bay Corridor
1553,Minor Arterial,Toronto and East York,Intersection,No Control,Clear,Daylight,Dry,Non-Fatal Injury,Turning Movement,Driver,20 to 24,,South,Turning Left,Improper Turn,,,,,,,,,Yes,Yes,,,,,,,,Downtown Yonge East
1515,Major Arterial,Etobicoke York,Intersection,Traffic Signal,Clear,Daylight,Dry,Non-Fatal Injury,Turning Movement,Driver,40 to 44,,North,Stopped,Driving Properly,,,,,,,,,Yes,,,,Yes,,Yes,,,Rexdale-Kipling
2027,Major Arterial,Toronto and East York,Mid-Block,No Control,Clear,Dark,Dry,Fatal,Pedestrian Collisions,Passenger,50 to 54,Major,,,,,,,,,,Yes,,,,,Yes,Yes,,Yes,,,Casa Loma
351,Minor Arterial,Scarborough,Intersection,Traffic Signal,Clear,Dark,Dry,Non-Fatal Injury,SMV Other,Other Property Owner,unknown,,,,,,,,,,,,,Yes,,,,Yes,,,,Yes,Birchcliffe-Cliffside
2225,Major Arterial,Etobicoke York,Intersection,No Control,Clear,Dark,Dry,Non-Fatal Injury,Rear End,Driver,50 to 54,,East,Going Ahead,Driving Properly,,,,,,,,,Yes,Yes,,,,Yes,Yes,,,Thistletown-Beaumond Heights
1338,Minor Arterial,Toronto and East York,Intersection,No Control,Rain,Daylight,Wet,Non-Fatal Injury,Rear End,Motorcycle Driver,55 to 59,Major,East,Going Ahead,Driving Properly,,,,,,,,,Yes,Yes,,,,,Yes,,,Regent Park
1300,Major Arterial,Etobicoke York,Mid-Block,No Control,Clear,Daylight,Wet,Non-Fatal Injury,Turning Movement,Driver,45 to 49,Minor,West,Going Ahead,Driving Properly,,,,,,,,,Yes,,,,Yes,,Yes,,,Humbermede
859,Major Arterial,North York,Intersection,Traffic Signal,Clear,Daylight,Dry,Non-Fatal Injury,Pedestrian Collisions,Driver,30 to 34,,North,Going Ahead,Driving Properly,,,,,,,Yes,,Yes,,,,,,,,,Wexford/Maryvale
2027,Major Arterial,Toronto and East York,Mid-Block,No Control,Clear,Dark,Dry,Fatal,Pedestrian Collisions,Vehicle Owner,unknown,,,,,,,,,,,Yes,,,,,Yes,Yes,,Yes,,,Casa Loma
1704,Minor Arterial,North York,Intersection,Stop Sign,Clear,Daylight,Dry,Non-Fatal Injury,Cyclist Collisions,Vehicle Owner,unknown,,,,,,,,,,,,Yes,Yes,,,,,,,,,Briar Hill-Belgravia
2027,Major Arterial,Toronto and East York,Mid-Block,No Control,Clear,Dark,Dry,Fatal,Pedestrian Collisions,Driver,50 to 54,,South,Going Ahead,Improper Passing,,,,,,,Yes,,,,,Yes,Yes,,Yes,,,Casa Loma
1338,Minor Arterial,Toronto and East York,Intersection,No Control,Rain,Daylight,Wet,Non-Fatal Injury,Rear End,Other,unknown,,East,Parked,,,,,,,,,,Yes,Yes,,,,,Yes,,,Regent Park
1515,Major Arterial,Etobicoke York,Intersection,Traffic Signal,Clear,Daylight,Dry,Non-Fatal Injury,Turning Movement,Passenger,45 to 49,Minor,,,,,,,,,,,,Yes,,,,Yes,,Yes,,,Rexdale-Kipling
427,Major Arterial,Toronto and East York,Intersection,Traffic Signal,Clear,Dark,Dry,Non-Fatal Injury,Pedestrian Collisions,Pedestrian,25 to 29,Major,North,,,Vehicle is going straight thru inter.while ped cross with ROW,Crossing with right of way,Had Been Drinking,,,,Yes,,Yes,,,,,,Yes,Yes,,Yonge-Bay Corridor
825,Major Arterial,Scarborough,Mid-Block,No Control,Clear,Daylight,Wet,Non-Fatal Injury,Pedestrian Collisions,Vehicle Owner,unknown,,,,,,,,,,,Yes,,Yes,,,,,,Yes,,,Woburn North
859,Major Arterial,North York,Intersection,Traffic Signal,Clear,Daylight,Dry,Non-Fatal Injury,Pedestrian Collisions,Pedestrian,15 to 19,Major,West,,,Vehicle is going straight thru inter.while ped cross without ROW,Crossing without right of way,Inattentive,,,,Yes,,Yes,,,,,,,,,Wexford/Maryvale
1534,Major Arterial,Scarborough,Intersection,Traffic Signal,Clear,Daylight,Dry,Non-Fatal Injury,Pedestrian Collisions,Pedestrian,25 to 29,Major,West,Unknown,,Vehicle turns right while ped crosses without ROW at inter.,Running onto Roadway,Unknown,,,,Yes,,Yes,,,,,,,,,Kennedy Park
1515,Major Arterial,Etobicoke York,Intersection,Traffic Signal,Clear,Daylight,Dry,Non-Fatal Injury,Turning Movement,Driver,50 to 54,,West,Turning Left,Failed to Yield Right of Way,,,,,,,,,Yes,,,,Yes,,Yes,,,Rexdale-Kipling
1704,Minor Arterial,North York,Intersection,Stop Sign,Clear,Daylight,Dry,Non-Fatal Injury,Cyclist Collisions,Driver,20 to 24,,West,Turning Left,Driving Properly,,,,,,,,Yes,Yes,,,,,,,,,Briar Hill-Belgravia
1338,Minor Arterial,Toronto and East York,Intersection,No Control,Rain,Daylight,Wet,Non-Fatal Injury,Rear End,Driver,unknown,,East,Going Ahead,Following too Close,,,,,,,,,Yes,Yes,,,,,Yes,,,Regent Park
825,Major Arterial,Scarborough,Mid-Block,No Control,Clear,Daylight,Wet,Non-Fatal Injury,Pedestrian Collisions,Driver,65 to 69,Minimal,South,Going Ahead,Failed to Yield Right of Way,,,,,,,Yes,,Yes,,,,,,Yes,,,Woburn North
219,Major Arterial,North York,Mid-Block,No Control,Rain,Dark,Wet,Non-Fatal Injury,Pedestrian Collisions,Driver,20 to 24,,East,Going Ahead,Driving Properly,,,,,,,Yes,,Yes,,,,,,,,,Parkwoods-O'Connor Hills
825,Major Arterial,Scarborough,Mid-Block,No Control,Clear,Daylight,Wet,Non-Fatal Injury,Pedestrian Collisions,Pedestrian,45 to 49,Major,Unknown,,,Pedestrian hit at mid-block,Playing or Working on Highway,Normal,,,,Yes,,Yes,,,,,,Yes,,,Woburn North
1853,Major Arterial,North York,Intersection,Traffic Signal,Clear,Daylight,Dry,Non-Fatal Injury,Pedestrian Collisions,Passenger,10 to 14,,,,,,,,,,,Yes,,Yes,,,,Yes,,,,,Westminster-Branson
1515,Major Arterial,Etobicoke York,Intersection,Traffic Signal,Clear,Daylight,Dry,Non-Fatal Injury,Turning Movement,Vehicle Owner,unknown,,,,,,,,,,,,,Yes,,,,Yes,,Yes,,,Rexdale-Kipling
859,Major Arterial,North York,Intersection,Traffic Signal,Clear,Daylight,Dry,Non-Fatal Injury,Pedestrian Collisions,Pedestrian,15 to 19,Minor,West,,,Vehicle is going straight thru inter.while ped cross without ROW,Crossing without right of way,Inattentive,,,,Yes,,Yes,,,,,,,,,Wexford/Maryvale
2027,Major Arterial,Toronto and East York,Mid-Block,No Control,Clear,Dark,Dry,Fatal,Pedestrian Collisions,Pedestrian,40 to 44,Fatal,Unknown,,,Pedestrian involved in a collision with transit vehicle anywhere along roadway,Playing or Working on Highway,Normal,,,,Yes,,,,,Yes,Yes,,Yes,,,Casa Loma
1704,Minor Arterial,North York,Intersection,Stop Sign,Clear,Daylight,Dry,Non-Fatal Injury,Cyclist Collisions,Cyclist,50 to 54,Major,East,Going Ahead,,,,,Motorist turned left across cyclists path.,Failed to Yield Right of Way,Had Been Drinking,,Yes,Yes,,,,,,,,,Briar Hill-Belgravia
1343,Local,Etobicoke York,Mid-Block,No Control,Rain,Daylight,Wet,Non-Fatal Injury,Pedestrian Collisions,Vehicle Owner,unknown,,,,,,,,,,,Yes,,Yes,,,,,,,,,Keelesdale-Eglinton West
1825,Minor Arterial,Toronto and East York,Intersection,No Control,Clear,Dark,Dry,Non-Fatal Injury,Cyclist Collisions,Driver,25 to 29,,West,Parked,Other,,,,,,,,Yes,Yes,,,,,,,,,The Beaches
1825,Minor Arterial,Toronto and East York,Intersection,No Control,Clear,Dark,Dry,Non-Fatal Injury,Cyclist Collisions,Cyclist,50 to 54,Major,West,Going Ahead,,,,,Cyclist struck opened vehicle door,Other,Normal,,Yes,Yes,,,,,,,,,The Beaches
1853,Major Arterial,North York,Intersection,Traffic Signal,Clear,Daylight,Dry,Non-Fatal Injury,Pedestrian Collisions,Driver,75 to 79,,East,Going Ahead,Driving Properly,,,,,,,Yes,,Yes,,,,Yes,,,,,Westminster-Branson
1515,Major Arterial,Etobicoke York,Intersection,Traffic Signal,Clear,Daylight,Dry,Non-Fatal Injury,Turning Movement,Driver,20 to 24,Major,East,Going Ahead,Driving Properly,,,,,,,,,Yes,,,,Yes,,Yes,,,Rexdale-Kipling
1550,Minor Arterial,Toronto and East York,Mid-Block,No Control,Clear,Daylight,Dry,Non-Fatal Injury,SMV Other,Motorcycle Passenger,20 to 24,Major,,,,,,,,,,,,,Yes,,,Yes,,Yes,,,Cabbagetown-South St.James Town
219,Major Arterial,North York,Mid-Block,No Control,Rain,Dark,Wet,Non-Fatal Injury,Pedestrian Collisions,Pedestrian,25 to 29,Major,North,,,Pedestrian hit at mid-block,"Crossing, no Traffic Control",Had Been Drinking,,,,Yes,,Yes,,,,,,,,,Parkwoods-O'Connor Hills
1343,Local,Etobicoke York,Mid-Block,No Control,Rain,Daylight,Wet,Non-Fatal Injury,Pedestrian Collisions,Driver,30 to 34,,West,Reversing,Other,,,,,,,Yes,,Yes,,,,,,,,,Keelesdale-Eglinton West
2058,Major Arterial,North York,Mid-Block,No Control,Clear,Dark,Wet,Fatal,Pedestrian Collisions,Driver,70 to 74,,South,Going Ahead,Driving Properly,,,,,,,Yes,,Yes,,,,,,Yes,,,Forest Hill North
1734,Major Arterial,Scarborough,Intersection,Traffic Signal,Snow,Dark,Wet,Fatal,Pedestrian Collisions,Passenger,70 to 74,,,,,,,,,,,Yes,,Yes,,,,Yes,,,,,NSA
1343,Local,Etobicoke York,Mid-Block,No Control,Rain,Daylight,Wet,Non-Fatal Injury,Pedestrian Collisions,Pedestrian,75 to 79,Major,South,,,Pedestrian hit at private driveway,On Sidewalk or Shoulder,Normal,,,,Yes,,Yes,,,,,,,,,Keelesdale-Eglinton West
2141,Major Arterial,Toronto and East York,Mid-Block,Traffic Signal,Clear,Dark,Dry,Non-Fatal Injury,Cyclist Collisions,Vehicle Owner,unknown,,,,,,,,,,,,Yes,,,,Yes,,,,,,Fort York-Liberty Village
1550,Minor Arterial,Toronto and East York,Mid-Block,No Control,Clear,Daylight,Dry,Non-Fatal Injury,SMV Other,Motorcycle Driver,35 to 39,Major,West,Overtaking,Improper Passing,,,,,,,,,,Yes,,,Yes,,Yes,,,Cabbagetown-South St.James Town
1853,Major Arterial,North York,Intersection,Traffic Signal,Clear,Daylight,Dry,Non-Fatal Injury,Pedestrian Collisions,Pedestrian,20 to 24,Major,North,,,Vehicle is going straight thru inter.while ped cross without ROW,Crossing without right of way,Inattentive,,,,Yes,,Yes,,,,Yes,,,,,Westminster-Branson
1315,Major Arterial,North York,Intersection,Traffic Signal,Clear,Daylight,Dry,Non-Fatal Injury,Pedestrian Collisions,Vehicle Owner,unknown,,,,,,,,,,,Yes,,Yes,,,,,,Yes,,,NSA
2058,Major Arterial,North York,Mid-Block,No Control,Clear,Dark,Wet,Fatal,Pedestrian Collisions,Pedestrian,75 to 79,Fatal,West,,,Pedestrian hit at mid-block,"Crossing, no Traffic Control",Inattentive,,,,Yes,,Yes,,,,,,Yes,,,Forest Hill North
1734,Major Arterial,Scarborough,Intersection,Traffic Signal,Snow,Dark,Wet,Fatal,Pedestrian Collisions,Driver,75 to 79,,East,Going Ahead,Driving Properly,,,,,,,Yes,,Yes,,,,Yes,,,,,NSA
855,Major Arterial,North York,Intersection,Traffic Signal,Clear,Daylight,Dry,Non-Fatal Injury,Turning Movement,Vehicle Owner,unknown,,,,,,,,,,,,,Yes,,,,Yes,,Yes,Yes,,Clanton Park
200,Local,Etobicoke York,Intersection,Stop Sign,Rain,Dark,Wet,Non-Fatal Injury,Pedestrian Collisions,Driver,unknown,,Unknown,Unknown,Other,,,,,,,Yes,,Yes,,,,,,,,,Mimico-Queensway
2141,Major Arterial,Toronto and East York,Mid-Block,Traffic Signal,Clear,Dark,Dry,Non-Fatal Injury,Cyclist Collisions,Driver,50 to 54,,West,Going Ahead,Driving Properly,,,,,,,,Yes,,,,Yes,,,,,,Fort York-Liberty Village
1937,Major Arterial,Toronto and East York,Intersection,No Control,Clear,Dark,Dry,Non-Fatal Injury,Turning Movement,Motorcycle Driver,30 to 34,Major,North,Going Ahead,Driving Properly,,,,,,,,,Yes,Yes,,,,,,,,Caledonia-Fairbank
2041,Minor Arterial,Toronto and East York,Intersection,Traffic Signal,Clear,Dark,Dry,Non-Fatal Injury,Angle,Driver,75 to 79,Minor,East,Going Ahead,Disobeyed Traffic Control,,,,,,,,,Yes,,,,Yes,,Yes,Yes,,St Lawrence-East Bayfront-The Islands
1730,Major Arterial,Toronto and East York,Intersection,No Control,Clear,Dark,Dry,Non-Fatal Injury,Cyclist Collisions,Driver,45 to 49,,South,Making U Turn,Failed to Yield Right of Way,,,,,,,,Yes,Yes,,,,,,Yes,,,Yonge-Bay Corridor
1734,Major Arterial,Scarborough,Intersection,Traffic Signal,Snow,Dark,Wet,Fatal,Pedestrian Collisions,Pedestrian,30 to 34,Fatal,North,,,Pedestrian hit at mid-block,"Crossing, no Traffic Control",Unknown,,,,Yes,,Yes,,,,Yes,,,,,NSA
1730,Major Arterial,Toronto and East York,Intersection,No Control,Clear,Dark,Dry,Non-Fatal Injury,Cyclist Collisions,Cyclist,55 to 59,Major,South,Going Ahead,,,,,Motorist makes u-turn in-front of cyclist.,Driving Properly,Normal,,Yes,Yes,,,,,,Yes,,,Yonge-Bay Corridor
855,Major Arterial,North York,Intersection,Traffic Signal,Clear,Daylight,Dry,Non-Fatal Injury,Turning Movement,Driver,20 to 24,Minor,North,Turning Left,Driving Properly,,,,,,,,,Yes,,,,Yes,,Yes,Yes,,Clanton Park
1937,Major Arterial,Toronto and East York,Intersection,No Control,Clear,Dark,Dry,Non-Fatal Injury,Turning Movement,Driver,40 to 44,,South,Turning Left,Improper Turn,,,,,,,,,Yes,Yes,,,,,,,,Caledonia-Fairbank