TIME,ROAD_CLASS,DISTRICT,LOCCOORD,TRAFFCTL,VISIBILITY,LIGHT,RDSFCOND,ACCLASS,IMPACTYPE,INVTYPE,INVAGE,INJURY,INITDIR,MANOEUVER,DRIVACT,PEDTYPE,PEDACT,PEDCOND,CYCLISTYPE,CYCACT,CYCCOND,PEDESTRIAN,CYCLIST,AUTOMOBILE,MOTORCYCLE,TRUCK,TRSN_CITY_VEH,PASSENGER,SPEEDING,AG_DRIV,REDLIGHT,ALCOHOL,NEIGHBOURHOOD_158
2141,Major Arterial,Toronto and East York,Mid-Block,Traffic Signal,Clear,Dark,Dry,Non-Fatal Injury,Cyclist Collisions,Cyclist,50 to 54,Major,North,Going Ahead,,,,,"Cyclist without ROW rides into path of motorist at inter, lnwy, dwy-Cyclist not turn.",Disobeyed Traffic Control,Normal,,Yes,,,,Yes,,,,,,Fort York-Liberty Village
1315,Major Arterial,North York,Intersection,Traffic Signal,Clear,Daylight,Dry,Non-Fatal Injury,Pedestrian Collisions,Driver,20 to 24,,South,Turning Left,Failed to Yield Right of Way,,,,,,,Yes,,Yes,,,,,,Yes,,,NSA
2041,Minor Arterial,Toronto and East York,Intersection,Traffic Signal,Clear,Dark,Dry,Non-Fatal Injury,Angle,Passenger,unknown,Minimal,,,,,,,,,,,,Yes,,,,Yes,,Yes,Yes,,St Lawrence-East Bayfront-The Islands
1750,Major Arterial,Scarborough,Intersection,Traffic Signal,Snow,Dark,Wet,Non-Fatal Injury,Pedestrian Collisions,Driver,unknown,,North,Turning Right,Improper Turn,,,,,,,Yes,,Yes,,,,,,,,,Milliken
200,Local,Etobicoke York,Intersection,Stop Sign,Rain,Dark,Wet,Non-Fatal Injury,Pedestrian Collisions,Pedestrian,25 to 29,Major,Unknown,,,Unknown,Other,"Ability Impaired, Alcohol",,,,Yes,,Yes,,,,,,,,,Mimico-Queensway
1035,Minor Arterial,Etobicoke York,Intersection,No Control,Clear,Daylight,Dry,Non-Fatal Injury,Sideswipe,Driver,25 to 29,Major,West,Going Ahead,Lost control,,,,,,,,,Yes,,,Yes,,,,,,Etobicoke City Centre
2235,Major Arterial,Etobicoke York,Intersection,Stop Sign,Clear,Dark,Dry,Fatal,Turning Movement,Vehicle Owner,unknown,,,,,,,,,,,,,Yes,,,,Yes,Yes,Yes,,Yes,West Humber-Clairville
823,Minor Arterial,Toronto and East York,Intersection,Traffic Signal,Clear,Daylight,Dry,Non-Fatal Injury,Pedestrian Collisions,Driver,25 to 29,,East,Turning Left,Failed to Yield Right of Way,,,,,,,Yes,,Yes,,,,,,Yes,,,Oakwood Village
855,Major Arterial,North York,Intersection,Traffic Signal,Clear,Daylight,Dry,Non-Fatal Injury,Turning Movement,Driver,35 to 39,,East,Stopped,Driving Properly,,,,,,,,,Yes,,,,Yes,,Yes,Yes,,Clanton Park
1035,Minor Arterial,Etobicoke York,Intersection,No Control,Clear,Daylight,Dry,Non-Fatal Injury,Sideswipe,Vehicle Owner,unknown,,,,,,,,,,,,,Yes,,,Yes,,,,,,Etobicoke City Centre
2235,Major Arterial,Etobicoke York,Intersection,Stop Sign,Clear,Dark,Dry,Fatal,Turning Movement,Driver,45 to 49,,North,Going Ahead,Exceeding Speed Limit,,,,,,,,,Yes,,,,Yes,Yes,Yes,,Yes,West Humber-Clairville
1315,Major Arterial,North York,Intersection,Traffic Signal,Clear,Daylight,Dry,Non-Fatal Injury,Pedestrian Collisions,Pedestrian,60 to 64,Major,North,,,Vehicle turns left while ped crosses with ROW at inter.,Crossing with right of way,Normal,,,,Yes,,Yes,,,,,,Yes,,,NSA
2041,Minor Arterial,Toronto and East York,Intersection,Traffic Signal,Clear,Dark,Dry,Non-Fatal Injury,Angle,Passenger,unknown,Major,,,,,,,,,,,,Yes,,,,Yes,,Yes,Yes,,St Lawrence-East Bayfront-The Islands
1750,Major Arterial,Scarborough,Intersection,Traffic Signal,Snow,Dark,Wet,Non-Fatal Injury,Pedestrian Collisions,Pedestrian,30 to 34,Major,Unknown,,,Vehicle turns right while ped crosses without ROW at inter.,"Crossing, no Traffic Control",Other,,,,Yes,,Yes,,,,,,,,,Milliken
1050,Major Arterial,North York,Intersection,Traffic Signal,Clear,Daylight,Dry,Non-Fatal Injury,Turning Movement,Driver,70 to 74,Major,West,Going Ahead,Disobeyed Traffic Control,,,,,,,,,Yes,,,,,,Yes,Yes,,Victoria Village
855,Major Arterial,North York,Intersection,Traffic Signal,Clear,Daylight,Dry,Non-Fatal Injury,Turning Movement,Passenger,20 to 24,Minor,,,,,,,,,,,,Yes,,,,Yes,,Yes,Yes,,Clanton Park
1035,Minor Arterial,Etobicoke York,Intersection,No Control,Clear,Daylight,Dry,Non-Fatal Injury,Sideswipe,Vehicle Owner,unknown,,,,,,,,,,,,,Yes,,,Yes,,,,,,Etobicoke City Centre
855,Major Arterial,North York,Intersection,Traffic Signal,Clear,Daylight,Dry,Non-Fatal Injury,Turning Movement,Passenger,5 to 9,Major,,,,,,,,,,,,Yes,,,,Yes,,Yes,Yes,,Clanton Park
1035,Minor Arterial,Etobicoke York,Intersection,No Control,Clear,Daylight,Dry,Non-Fatal Injury,Sideswipe,Driver,55 to 59,,West,Stopped,Driving Properly,,,,,,,,,Yes,,,Yes,,,,,,Etobicoke City Centre
2041,Minor Arterial,Toronto and East York,Intersection,Traffic Signal,Clear,Dark,Dry,Non-Fatal Injury,Angle,Driver,25 to 29,Minor,North,Going Ahead,Driving Properly,,,,,,,,,Yes,,,,Yes,,Yes,Yes,,St Lawrence-East Bayfront-The Islands
823,Minor Arterial,Toronto and East York,Intersection,Traffic Signal,Clear,Daylight,Dry,Non-Fatal Injury,Pedestrian Collisions,Pedestrian,20 to 24,Major,West,,,Vehicle turns left while ped crosses with ROW at inter.,Crossing with right of way,Normal,,,,Yes,,Yes,,,,,,Yes,,,Oakwood Village
2050,Major Arterial,Scarborough,Mid-Block,No Control,Clear,Dark,Dry,Non-Fatal Injury,Pedestrian Collisions,Driver,30 to 34,,East,Going Ahead,Driving Properly,,,,,,,Yes,,Yes,,,,,,,,,Ionview
1050,Major Arterial,North York,Intersection,Traffic Signal,Clear,Daylight,Dry,Non-Fatal Injury,Turning Movement,Driver,20 to 24,,East,Turning Left,Driving Properly,,,,,,,,,Yes,,,,,,Yes,Yes,,Victoria Village
2159,Major Arterial,Toronto and East York,Mid-Block,No Control,Clear,Dark,Dry,Non-Fatal Injury,Pedestrian Collisions,Pedestrian,60 to 64,Major,,,,Pedestrian hit at mid-block,Person Getting on/off Vehicle,Normal,,,,Yes,,Yes,,,,,,Yes,,Yes,Playter Estates-Danforth
823,Minor Arterial,Toronto and East York,Intersection,Traffic Signal,Clear,Daylight,Dry,Non-Fatal Injury,Pedestrian Collisions,Vehicle Owner,unknown,,,,,,,,,,,Yes,,Yes,,,,,,Yes,,,Oakwood Village
855,Major Arterial,North York,Intersection,Traffic Signal,Clear,Daylight,Dry,Non-Fatal Injury,Turning Movement,Driver,30 to 34,Minor,South,Going Ahead,Disobeyed Traffic Control,,,,,,,,,Yes,,,,Yes,,Yes,Yes,,Clanton Park
2235,Major Arterial,Etobicoke York,Intersection,Stop Sign,Clear,Dark,Dry,Fatal,Turning Movement,Passenger,unknown,Minor,,,,,,,,,,,,Yes,,,,Yes,Yes,Yes,,Yes,West Humber-Clairville
1035,Minor Arterial,Etobicoke York,Intersection,No Control,Clear,Daylight,Dry,Non-Fatal Injury,Sideswipe,Other Property Owner,unknown,,,,,,,,,,,,,Yes,,,Yes,,,,,,Etobicoke City Centre
2050,Major Arterial,Scarborough,Mid-Block,No Control,Clear,Dark,Dry,Non-Fatal Injury,Pedestrian Collisions,Pedestrian,40 to 44,Major,South,,,Pedestrian hit at mid-block,"Crossing, no Traffic Control",Inattentive,,,,Yes,,Yes,,,,,,,,,Ionview
744,Major Arterial,Toronto and East York,Intersection,Traffic Signal,Clear,Daylight,Dry,Fatal,Cyclist Collisions,Vehicle Owner,unknown,,,,,,,,,,,,Yes,,,,Yes,,,,,,Harbourfront-CityPlace
2159,Major Arterial,Toronto and East York,Mid-Block,No Control,Clear,Dark,Dry,Non-Fatal Injury,Pedestrian Collisions,Vehicle Owner,unknown,,,,,,,,,,,Yes,,Yes,,,,,,Yes,,Yes,Playter Estates-Danforth
2213,Major Arterial,Etobicoke York,Mid-Block,No Control,Clear,Dark,Dry,Non-Fatal Injury,SMV Other,Passenger,25 to 29,Major,,,,,,,,,,,,Yes,,,,Yes,Yes,Yes,,Yes,Junction Area
1234,Major Arterial,Toronto and East York,Intersection,Traffic Signal,Clear,Daylight,Dry,Non-Fatal Injury,Cyclist Collisions,Vehicle Owner,unknown,,,,,,,,,,,,Yes,Yes,,,,,,,,,Yonge-Bay Corridor
2344,Minor Arterial,North York,Intersection,Stop Sign,Clear,Dark,Dry,Non-Fatal Injury,Angle,Vehicle Owner,unknown,,,,,,,,,,,,,Yes,Yes,,,,,Yes,,,York University Heights
0,Major Arterial,Toronto and East York,Intersection,No Control,Clear,Dark,Dry,Fatal,Pedestrian Collisions,Vehicle Owner,unknown,,,,,,,,,,,Yes,,,,,Yes,,,Yes,,,Dovercourt Village
2328,Major Arterial,Toronto and East York,Mid-Block,No Control,Clear,Dark,Dry,Non-Fatal Injury,Pedestrian Collisions,Driver,45 to 49,,South,Going Ahead,Driving Properly,,,,,,,Yes,,Yes,,,,,,,,,Rosedale-Moore Park
2213,Major Arterial,Etobicoke York,Mid-Block,No Control,Clear,Dark,Dry,Non-Fatal Injury,SMV Other,Driver,20 to 24,Minimal,West,Going Ahead,Lost control,,,,,,,,,Yes,,,,Yes,Yes,Yes,,Yes,Junction Area
0,Major Arterial,Toronto and East York,Intersection,No Control,Clear,Dark,Dry,Fatal,Pedestrian Collisions,Driver,35 to 39,,West,Turning Right,Failed to Yield Right of Way,,,,,,,Yes,,,,,Yes,,,Yes,,,Dovercourt Village
2235,Major Arterial,Etobicoke York,Intersection,Stop Sign,Clear,Dark,Dry,Fatal,Turning Movement,Passenger,5 to 9,Major,,,,,,,,,,,,Yes,,,,Yes,Yes,Yes,,Yes,West Humber-Clairville
2159,Major Arterial,Toronto and East York,Mid-Block,No Control,Clear,Dark,Dry,Non-Fatal Injury,Pedestrian Collisions,Driver,30 to 34,,East,Changing Lanes,Improper Passing,,,,,,,Yes,,Yes,,,,,,Yes,,Yes,Playter Estates-Danforth
2344,Minor Arterial,North York,Intersection,Stop Sign,Clear,Dark,Dry,Non-Fatal Injury,Angle,Motorcycle Driver,30 to 34,Major,West,Going Ahead,Disobeyed Traffic Control,,,,,,,,,Yes,Yes,,,,,Yes,,,York University Heights
1234,Major Arterial,Toronto and East York,Intersection,Traffic Signal,Clear,Daylight,Dry,Non-Fatal Injury,Cyclist Collisions,Driver,25 to 29,,East,Stopped,Driving Properly,,,,,,,,Yes,Yes,,,,,,,,,Yonge-Bay Corridor
2328,Major Arterial,Toronto and East York,Mid-Block,No Control,Clear,Dark,Dry,Non-Fatal Injury,Pedestrian Collisions,Pedestrian,35 to 39,Major,Unknown,,,Pedestrian hit at mid-block,"Crossing, no Traffic Control",Had Been Drinking,,,,Yes,,Yes,,,,,,,,,Rosedale-Moore Park
744,Major Arterial,Toronto and East York,Intersection,Traffic Signal,Clear,Daylight,Dry,Fatal,Cyclist Collisions,Driver,30 to 34,,South,Going Ahead,Driving Properly,,,,,,,,Yes,,,,Yes,,,,,,Harbourfront-CityPlace
2213,Major Arterial,Etobicoke York,Mid-Block,No Control,Clear,Dark,Dry,Non-Fatal Injury,SMV Other,Other Property Owner,unknown,,,,,,,,,,,,,Yes,,,,Yes,Yes,Yes,,Yes,Junction Area
2235,Major Arterial,Etobicoke York,Intersection,Stop Sign,Clear,Dark,Dry,Fatal,Turning Movement,Passenger,25 to 29,Fatal,,,,,,,,,,,,Yes,,,,Yes,Yes,Yes,,Yes,West Humber-Clairville
0,Major Arterial,Toronto and East York,Intersection,No Control,Clear,Dark,Dry,Fatal,Pedestrian Collisions,Pedestrian,60 to 64,Fatal,East,,,Pedestrian involved in a collision with transit vehicle anywhere along roadway,Crossing with right of way,Had Been Drinking,,,,Yes,,,,,Yes,,,Yes,,,Dovercourt Village
2235,Major Arterial,Etobicoke York,Intersection,Stop Sign,Clear,Dark,Dry,Fatal,Turning Movement,Vehicle Owner,unknown,,,,,,,,,,,,,Yes,,,,Yes,Yes,Yes,,Yes,West Humber-Clairville
328,Local,Toronto and East York,Mid-Block,No Control,Clear,Dark,Wet,Non-Fatal Injury,Pedestrian Collisions,Driver,55 to 59,,South,Going Ahead,Driving Properly,,,,,,,Yes,,Yes,,,,,,,,,Junction Area
2344,Minor Arterial,North York,Intersection,Stop Sign,Clear,Dark,Dry,Non-Fatal Injury,Angle,Driver,50 to 54,Minimal,North,Going Ahead,Other,,,,,,,,,Yes,Yes,,,,,Yes,,,York University Heights
1234,Major Arterial,Toronto and East York,Intersection,Traffic Signal,Clear,Daylight,Dry,Non-Fatal Injury,Cyclist Collisions,Cyclist,15 to 19,Major,East,Going Ahead,,,,,Cyclist and Driver travelling in same direction. One vehicle rear-ended the other.,Improper Passing,Inattentive,,Yes,Yes,,,,,,,,,Yonge-Bay Corridor
817,Major Arterial,Etobicoke York,Intersection,Traffic Signal,Clear,Daylight,Dry,Non-Fatal Injury,Pedestrian Collisions,Driver,55 to 59,,South,Turning Left,Failed to Yield Right of Way,,,,,,,Yes,,Yes,,,,,,Yes,,,West Humber-Clairville
744,Major Arterial,Toronto and East York,Intersection,Traffic Signal,Clear,Daylight,Dry,Fatal,Cyclist Collisions,Cyclist,60 to 64,Fatal,East,Pulling Away from Shoulder or Curb,,,,,"Cyclist without ROW rides into path of motorist at inter, lnwy, dwy-Cyclist not turn.",Disobeyed Traffic Control,Normal,,Yes,,,,Yes,,,,,,Harbourfront-CityPlace
1837,Major Arterial,Toronto and East York,Intersection,No Control,Clear,Daylight,Dry,Fatal,SMV Other,Motorcycle Driver,25 to 29,Fatal,East,Going Ahead,Exceeding Speed Limit,,,,,,,,,Yes,Yes,,,,Yes,Yes,,,St Lawrence-East Bayfront-The Islands
2235,Major Arterial,Etobicoke York,Intersection,Stop Sign,Clear,Dark,Dry,Fatal,Turning Movement,Driver,30 to 34,Minimal,West,Turning Left,Driving Properly,,,,,,,,,Yes,,,,Yes,Yes,Yes,,Yes,West Humber-Clairville
745,Major Arterial,Scarborough,Intersection,Traffic Signal,Clear,Daylight,Dry,Non-Fatal Injury,Pedestrian Collisions,Driver,45 to 49,,South,Turning Left,Failed to Yield Right of Way,,,,,,,Yes,,Yes,,,,,,Yes,,,Cliffcrest
2309,Major Arterial,Toronto and East York,Intersection,Traffic Signal,Clear,Dark,Dry,Fatal,Cyclist Collisions,Driver,30 to 34,,East,Going Ahead,Driving Properly,,,,,,,,Yes,Yes,,,,,,,,,South Parkdale
1837,Major Arterial,Toronto and East York,Intersection,No Control,Clear,Daylight,Dry,Fatal,SMV Other,Driver,25 to 29,,West,Going Ahead,Driving Properly,,,,,,,,,Yes,Yes,,,,Yes,Yes,,,St Lawrence-East Bayfront-The Islands
1542,Major Arterial,North York,Intersection,Traffic Signal,Rain,Daylight,Wet,Non-Fatal Injury,Pedestrian Collisions,Driver,25 to 29,,North,Turning Left,Failed to Yield Right of Way,,,,,,,Yes,,Yes,,,,,,Yes,,,Thorncliffe Park
1737,Major Arterial,Toronto and East York,Mid-Block,No Control,Clear,Daylight,Dry,Non-Fatal Injury,Turning Movement,Motorcycle Driver,25 to 29,Major,West,Going Ahead,Driving Properly,,,,,,,,,Yes,Yes,,,,,,,,Blake-Jones
128,Major Arterial,Etobicoke York,Mid-Block,No Control,Clear,Dark,Dry,Non-Fatal Injury,Pedestrian Collisions,Driver,20 to 24,,East,Going Ahead,Other,,,,,,,Yes,,Yes,,,,,,,,,Islington
817,Major Arterial,Etobicoke York,Intersection,Traffic Signal,Clear,Daylight,Dry,Non-Fatal Injury,Pedestrian Collisions,Pedestrian,55 to 59,Major,North,,,Vehicle turns left while ped crosses with ROW at inter.,Crossing with right of way,Normal,,,,Yes,,Yes,,,,,,Yes,,,West Humber-Clairville
328,Local,Toronto and East York,Mid-Block,No Control,Clear,Dark,Wet,Non-Fatal Injury,Pedestrian Collisions,Pedestrian,25 to 29,Major,Unknown,,,Other / Undefined,Other,"Ability Impaired, Alcohol",,,,Yes,,Yes,,,,,,,,,Junction Area
745,Major Arterial,Scarborough,Intersection,Traffic Signal,Clear,Daylight,Dry,Non-Fatal Injury,Pedestrian Collisions,Pedestrian,20 to 24,Major,North,,,Vehicle turns left while ped crosses with ROW at inter.,Crossing with right of way,Normal,,,,Yes,,Yes,,,,,,Yes,,,Cliffcrest
128,Major Arterial,Etobicoke York,Mid-Block,No Control,Clear,Dark,Dry,Non-Fatal Injury,Pedestrian Collisions,Pedestrian,85 to 89,Major,South,,,Pedestrian hit at mid-block,"Crossing, no Traffic Control",Had Been Drinking,,,,Yes,,Yes,,,,,,,,,Islington
513,Major Arterial,Toronto and East York,Intersection,Traffic Signal,Clear,Dark,Wet,Non-Fatal Injury,Cyclist Collisions,Driver,60 to 64,,South,Turning Left,Failed to Yield Right of Way,,,,,,,,Yes,Yes,,,,,,Yes,,,Annex
232,Minor Arterial,Toronto and East York,Mid-Block,No Control,Clear,Dark,Dry,Non-Fatal Injury,Pedestrian Collisions,Other,unknown,,North,Parked,,,,,,,,Yes,,Yes,,,,,Yes,Yes,,Yes,Kensington-Chinatown
1737,Major Arterial,Toronto and East York,Mid-Block,No Control,Clear,Daylight,Dry,Non-Fatal Injury,Turning Movement,Other,unknown,,East,Parked,,,,,,,,,,Yes,Yes,,,,,,,,Blake-Jones
536,Major Arterial,Etobicoke York,Intersection,Traffic Signal,Clear,Daylight,Dry,Non-Fatal Injury,Pedestrian Collisions,Driver,60 to 64,,West,Turning Right,Failed to Yield Right of Way,,,,,,,Yes,,Yes,,,,,,Yes,,,Rockcliffe-Smythe
1542,Major Arterial,North York,Intersection,Traffic Signal,Rain,Daylight,Wet,Non-Fatal Injury,Pedestrian Collisions,Pedestrian,65 to 69,Major,North,,,Vehicle turns left while ped crosses with ROW at inter.,Crossing with right of way,Normal,,,,Yes,,Yes,,,,,,Yes,,,Thorncliffe Park
2309,Major Arterial,Toronto and East York,Intersection,Traffic Signal,Clear,Dark,Dry,Fatal,Cyclist Collisions,Driver,60 to 64,,East,Going Ahead,Driving Properly,,,,,,,,Yes,Yes,,,,,,,,,South Parkdale
1818,Major Arterial,North York,Intersection,Stop Sign,Rain,Dark,Wet,Non-Fatal Injury,Pedestrian Collisions,Driver,45 to 49,,West,Going Ahead,Driving Properly,,,,,,,Yes,,Yes,,,,,,,,,Lawrence Park South
1103,Major Arterial,Toronto and East York,Intersection,No Control,Clear,Daylight,Dry,Non-Fatal Injury,Pedestrian Collisions,Truck Driver,45 to 49,,West,Going Ahead,Speed too Fast For Condition,,,,,,,Yes,,,,Yes,,,Yes,Yes,,,South Eglinton-Davisville
847,Major Arterial,Etobicoke York,Intersection,Traffic Signal,Snow,Daylight,Loose Snow,Non-Fatal Injury,Pedestrian Collisions,Vehicle Owner,unknown,,,,,,,,,,,Yes,,,,,Yes,,,Yes,,,Mount Olive-Silverstone-Jamestown
232,Minor Arterial,Toronto and East York,Mid-Block,No Control,Clear,Dark,Dry,Non-Fatal Injury,Pedestrian Collisions,Other,unknown,,North,Parked,,,,,,,,Yes,,Yes,,,,,Yes,Yes,,Yes,Kensington-Chinatown
536,Major Arterial,Etobicoke York,Intersection,Traffic Signal,Clear,Daylight,Dry,Non-Fatal Injury,Pedestrian Collisions,Pedestrian,30 to 34,Major,North,,,Vehicle turns right while ped crosses with ROW at inter.,Crossing with right of way,Normal,,,,Yes,,Yes,,,,,,Yes,,,Rockcliffe-Smythe
513,Major Arterial,Toronto and East York,Intersection,Traffic Signal,Clear,Dark,Wet,Non-Fatal Injury,Cyclist Collisions,Cyclist,20 to 24,Major,North,Going Ahead,,,,,Motorist turned left across cyclists path.,Driving Properly,Had Been Drinking,,Yes,Yes,,,,,,Yes,,,Annex
2309,Major Arterial,Toronto and East York,Intersection,Traffic Signal,Clear,Dark,Dry,Fatal,Cyclist Collisions,Cyclist,25 to 29,Fatal,South,Going Ahead,,,,,"Cyclist without ROW rides into path of motorist at inter, lnwy, dwy-Cyclist not turn.",Disobeyed Traffic Control,Had Been Drinking,,Yes,Yes,,,,,,,,,South Parkdale
1737,Major Arterial,Toronto and East York,Mid-Block,No Control,Clear,Daylight,Dry,Non-Fatal Injury,Turning Movement,Vehicle Owner,unknown,,,,,,,,,,,,,Yes,Yes,,,,,,,,Blake-Jones
1818,Major Arterial,North York,Intersection,Stop Sign,Rain,Dark,Wet,Non-Fatal Injury,Pedestrian Collisions,Pedestrian,20 to 24,Major,North,,,Vehicle is going straight thru inter.while ped cross without ROW,Crossing without right of way,Normal,,,,Yes,,Yes,,,,,,,,,Lawrence Park South
1737,Major Arterial,Toronto and East York,Mid-Block,No Control,Clear,Daylight,Dry,Non-Fatal Injury,Turning Movement,Driver,35 to 39,,East,Making U Turn,Improper Turn,,,,,,,,,Yes,Yes,,,,,,,,Blake-Jones
1103,Major Arterial,Toronto and East York,Intersection,No Control,Clear,Daylight,Dry,Non-Fatal Injury,Pedestrian Collisions,Other,unknown,,,,,,,,,,,Yes,,,,Yes,,,Yes,Yes,,,South Eglinton-Davisville
847,Major Arterial,Etobicoke York,Intersection,Traffic Signal,Snow,Daylight,Loose Snow,Non-Fatal Injury,Pedestrian Collisions,Driver,40 to 44,,East,Turning Right,Failed to Yield Right of Way,,,,,,,Yes,,,,,Yes,,,Yes,,,Mount Olive-Silverstone-Jamestown
200,Major Arterial,Toronto and East York,Intersection,Traffic Signal,Clear,Dark,Dry,Non-Fatal Injury,Pedestrian Collisions,Vehicle Owner,unknown,,,,,,,,,,,Yes,,Yes,,,,,,,,,Kensington-Chinatown
105,Major Arterial,Scarborough,Intersection,Traffic Signal,Clear,Dark,Dry,Non-Fatal Injury,Turning Movement,Driver,55 to 59,,South,Turning Left,Improper Turn,,,,,,,,,Yes,Yes,,,,Yes,Yes,,,Woburn North
1400,Major Arterial,North York,Intersection,Traffic Signal,Clear,Daylight,Dry,Non-Fatal Injury,Rear End,Driver,70 to 74,Major,South,Going Ahead,Following too Close,,,,,,,,,Yes,,,,Yes,,Yes,,,St.Andrew-Windfields
2158,Major Arterial,Scarborough,Intersection,Traffic Signal,Rain,Dark,Wet,Non-Fatal Injury,Pedestrian Collisions,Driver,40 to 44,,North,Turning Left,Failed to Yield Right of Way,,,,,,,Yes,,Yes,,,,,,Yes,,,Agincourt North
1051,Major Arterial,Scarborough,Intersection,Traffic Signal,Clear,Daylight,Dry,Non-Fatal Injury,Turning Movement,Vehicle Owner,unknown,,,,,,,,,,,,,Yes,,,Yes,Yes,,Yes,,,Milliken
232,Minor Arterial,Toronto and East York,Mid-Block,No Control,Clear,Dark,Dry,Non-Fatal Injury,Pedestrian Collisions,Vehicle Owner,unknown,,,,,,,,,,,Yes,,Yes,,,,,Yes,Yes,,Yes,Kensington-Chinatown
1103,Major Arterial,Toronto and East York,Intersection,No Control,Clear,Daylight,Dry,Non-Fatal Injury,Pedestrian Collisions,Pedestrian,40 to 44,Major,Unknown,,,Pedestrian hit at mid-block,Playing or Working on Highway,Normal,,,,Yes,,,,Yes,,,Yes,Yes,,,South Eglinton-Davisville
232,Minor Arterial,Toronto and East York,Mid-Block,No Control,Clear,Dark,Dry,Non-Fatal Injury,Pedestrian Collisions,Driver,20 to 24,,North,Going Ahead,Other,,,,,,,Yes,,Yes,,,,,Yes,Yes,,Yes,Kensington-Chinatown
200,Major Arterial,Toronto and East York,Intersection,Traffic Signal,Clear,Dark,Dry,Non-Fatal Injury,Pedestrian Collisions,Driver,50 to 54,,West,Going Ahead,Driving Properly,,,,,,,Yes,,Yes,,,,,,,,,Kensington-Chinatown
1400,Major Arterial,North York,Intersection,Traffic Signal,Clear,Daylight,Dry,Non-Fatal Injury,Rear End,Passenger,40 to 44,,,,,,,,,,,,,Yes,,,,Yes,,Yes,,,St.Andrew-Windfields
847,Major Arterial,Etobicoke York,Intersection,Traffic Signal,Snow,Daylight,Loose Snow,Non-Fatal Injury,Pedestrian Collisions,Pedestrian,10 to 14,Major,East,,,Pedestrian involved in a collision with transit vehicle anywhere along roadway,Crossing with right of way,Normal,,,,Yes,,,,,Yes,,,Yes,,,Mount Olive-Silverstone-Jamestown
2158,Major Arterial,Scarborough,Intersection,Traffic Signal,Rain,Dark,Wet,Non-Fatal Injury,Pedestrian Collisions,Pedestrian,50 to 54,Major,North,,,Vehicle turns left while ped crosses with ROW at inter.,Crossing with right of way,Normal,,,,Yes,,Yes,,,,,,Yes,,,Agincourt North
1051,Major Arterial,Scarborough,Intersection,Traffic Signal,Clear,Daylight,Dry,Non-Fatal Injury,Turning Movement,Driver,40 to 44,,South,Turning Left,Failed to Yield Right of Way,,,,,,,,,Yes,,,Yes,Yes,,Yes,,,Milliken
105,Major Arterial,Scarborough,Intersection,Traffic Signal,Clear,Dark,Dry,Non-Fatal Injury,Turning Movement,Motorcycle Driver,20 to 24,Major,North,Going Ahead,Exceeding Speed Limit,,,,,,,,,Yes,Yes,,,,Yes,Yes,,,Woburn North
2030,Collector,Etobicoke York,Intersection,Stop Sign,Clear,Dark,Dry,Non-Fatal Injury,Pedestrian Collisions,Driver,unknown,,North,Going Ahead,Driving Properly,,,,,,,Yes,,Yes,,,,,,,,,West Humber-Clairville
830,Minor Arterial,Toronto and East York,Intersection,No Control,Clear,Daylight,Dry,Non-Fatal Injury,Pedestrian Collisions,Driver,35 to 39,,South,Going Ahead,Driving Properly,,,,,,,Yes,,Yes,,,,,,,,,Little Portugal
830,Minor Arterial,Toronto and East York,Intersection,No Control,Clear,Daylight,Dry,Non-Fatal Injury,Pedestrian Collisions,Pedestrian,10 to 14,Major,East,,,Vehicle is going straight thru inter.while ped cross without ROW,Running onto Roadway,Inattentive,,,,Yes,,Yes,,,,,,,,,Little Portugal
625,Major Arterial,Etobicoke York,Intersection,Traffic Signal,Clear,Dark,Dry,Non-Fatal Injury,Pedestrian Collisions,Driver,55 to 59,Minimal,East,Turning Left,Failed to Yield Right of Way,,,,,,,Yes,,Yes,,,,,,Yes,,,Glenfield-Jane Heights
232,Minor Arterial,Toronto and East York,Mid-Block,No Control,Clear,Dark,Dry,Non-Fatal Injury,Pedestrian Collisions,Pedestrian,20 to 24,Major,Unknown,,,Vehicle hits the pedestrian walking or running out from between parked vehicles at mid-block,Coming From Behind Parked Vehicle,Normal,,,,Yes,,Yes,,,,,Yes,Yes,,Yes,Kensington-Chinatown
200,Major Arterial,Toronto and East York,Intersection,Traffic Signal,Clear,Dark,Dry,Non-Fatal Injury,Pedestrian Collisions,Pedestrian,60 to 64,Major,North,,,Vehicle is going straight thru inter.while ped cross without ROW,Crossing without right of way,Inattentive,,,,Yes,,Yes,,,,,,,,,Kensington-Chinatown
1640,Major Arterial,Toronto and East York,Intersection,No Control,Clear,Dusk,Dry,Non-Fatal Injury,Approaching,Driver,60 to 64,Major,North,Going Ahead,Driving Properly,,,,,,,,,Yes,,,,,,,,,Oakwood Village
1400,Major Arterial,North York,Intersection,Traffic Signal,Clear,Daylight,Dry,Non-Fatal Injury,Rear End,Driver,40 to 44,,South,Stopped,Driving Properly,,,,,,,,,Yes,,,,Yes,,Yes,,,St.Andrew-Windfields