TIME,ROAD_CLASS,DISTRICT,LOCCOORD,TRAFFCTL,VISIBILITY,LIGHT,RDSFCOND,ACCLASS,IMPACTYPE,INVTYPE,INVAGE,INJURY,INITDIR,MANOEUVER,DRIVACT,PEDTYPE,PEDACT,PEDCOND,CYCLISTYPE,CYCACT,CYCCOND,PEDESTRIAN,CYCLIST,AUTOMOBILE,MOTORCYCLE,TRUCK,TRSN_CITY_VEH,PASSENGER,SPEEDING,AG_DRIV,REDLIGHT,ALCOHOL,NEIGHBOURHOOD_158
1810,Major Arterial,Toronto and East York,Intersection,Traffic Signal,Clear,Daylight,Dry,Non-Fatal Injury,Angle,Vehicle Owner,unknown,,,,,,,,,,,,,Yes,Yes,,,,,Yes,Yes,,Moss Park
2022,Major Arterial,Scarborough,Intersection,Traffic Signal,Clear,Dark,Dry,Non-Fatal Injury,Turning Movement,Passenger,45 to 49,Minor,,,,,,,,,,,,Yes,,,,Yes,,,,,Tam O'Shanter-Sullivan
545,,Toronto and East York,Mid-Block,No Control,Clear,Dark,Dry,Non-Fatal Injury,SMV Other,Passenger,0 to 4,Major,,,,,,,,,,,,Yes,,,,Yes,,,,Yes,Rosedale-Moore Park
1140,Major Arterial,Scarborough,Intersection,Traffic Signal,Rain,Daylight,Wet,Non-Fatal Injury,Angle,Driver,25 to 29,,South,Going Ahead,Disobeyed Traffic Control,,,,,,,,,Yes,,,,,,Yes,Yes,,Kennedy Park
815,Major Arterial,North York,Intersection,Traffic Signal,Clear,Daylight,Dry,Non-Fatal Injury,Turning Movement,Driver,40 to 44,Major,North,Stopped,Driving Properly,,,,,,,,,Yes,,,,,,,,,York University Heights
1415,Major Arterial,Toronto and East York,Mid-Block,No Control,Snow,Daylight,Wet,Non-Fatal Injury,Pedestrian Collisions,Driver,40 to 44,,West,Going Ahead,Driving Properly,,,,,,,Yes,,,,,Yes,,,,,,Yonge-Bay Corridor
1200,Major Arterial,Scarborough,Intersection,Traffic Signal,Clear,Daylight,Dry,Non-Fatal Injury,Pedestrian Collisions,Other Property Owner,unknown,,,,,,,,,,,Yes,,Yes,,,,,,Yes,,,Morningside Heights
905,Major Arterial,Toronto and East York,Intersection,Traffic Signal,Clear,Daylight,Dry,Non-Fatal Injury,Cyclist Collisions,Cyclist,35 to 39,Major,West,Going Ahead,,,,,"Motorist without ROW drives into path of cyclist at inter, lnwy, dwy-Driver not turn.",Disobeyed Traffic Control,Inattentive,,Yes,Yes,,,,,,Yes,Yes,,Yonge-Bay Corridor
1810,Major Arterial,Toronto and East York,Intersection,Traffic Signal,Clear,Daylight,Dry,Non-Fatal Injury,Angle,Driver,20 to 24,,East,Going Ahead,Driving Properly,,,,,,,,,Yes,Yes,,,,,Yes,Yes,,Moss Park
2022,Major Arterial,Scarborough,Intersection,Traffic Signal,Clear,Dark,Dry,Non-Fatal Injury,Turning Movement,Passenger,unknown,Minor,,,,,,,,,,,,Yes,,,,Yes,,,,,Tam O'Shanter-Sullivan
1140,Major Arterial,Scarborough,Intersection,Traffic Signal,Rain,Daylight,Wet,Non-Fatal Injury,Angle,Vehicle Owner,unknown,,,,,,,,,,,,,Yes,,,,,,Yes,Yes,,Kennedy Park
545,,Toronto and East York,Mid-Block,No Control,Clear,Dark,Dry,Non-Fatal Injury,SMV Other,Passenger,35 to 39,Major,,,,,,,,,,,,Yes,,,,Yes,,,,Yes,Rosedale-Moore Park
2030,Major Arterial,Scarborough,Intersection,Traffic Signal,Snow,Dark,Loose Snow,Non-Fatal Injury,Sideswipe,Driver,40 to 44,,East,Going Ahead,Lost control,,,,,,,,,Yes,,,,Yes,,,,,Golfdale-Cedarbrae-Woburn
2022,Major Arterial,Scarborough,Intersection,Traffic Signal,Clear,Dark,Dry,Non-Fatal Injury,Turning Movement,Passenger,unknown,Major,,,,,,,,,,,,Yes,,,,Yes,,,,,Tam O'Shanter-Sullivan
1200,Major Arterial,Scarborough,Intersection,Traffic Signal,Clear,Daylight,Dry,Non-Fatal Injury,Pedestrian Collisions,Pedestrian,60 to 64,Major,North,,,Pedestrian hit on sidewalk or shoulder,On Sidewalk or Shoulder,Normal,,,,Yes,,Yes,,,,,,Yes,,,Morningside Heights
815,Major Arterial,North York,Intersection,Traffic Signal,Clear,Daylight,Dry,Non-Fatal Injury,Turning Movement,Vehicle Owner,unknown,,,,,,,,,,,,,Yes,,,,,,,,,York University Heights
2017,Minor Arterial,Scarborough,Mid-Block,No Control,Clear,Dark,Dry,Non-Fatal Injury,Pedestrian Collisions,Passenger,0 to 4,,,,,,,,,,,Yes,,Yes,,,,Yes,,,,,Clairlea-Birchmount
1149,Major Arterial,North York,Intersection,Traffic Signal,Clear,Daylight,Dry,Fatal,Angle,Vehicle Owner,unknown,,,,,,,,,,,,,Yes,,,,,,Yes,Yes,,St.Andrew-Windfields
1140,Major Arterial,Scarborough,Intersection,Traffic Signal,Rain,Daylight,Wet,Non-Fatal Injury,Angle,Driver,45 to 49,Major,West,Going Ahead,Driving Properly,,,,,,,,,Yes,,,,,,Yes,Yes,,Kennedy Park
545,,Toronto and East York,Mid-Block,No Control,Clear,Dark,Dry,Non-Fatal Injury,SMV Other,Driver,25 to 29,Minimal,South,Going Ahead,Other,,,,,,,,,Yes,,,,Yes,,,,Yes,Rosedale-Moore Park
2030,Major Arterial,Scarborough,Intersection,Traffic Signal,Snow,Dark,Loose Snow,Non-Fatal Injury,Sideswipe,Passenger,50 to 54,Major,,,,,,,,,,,,Yes,,,,Yes,,,,,Golfdale-Cedarbrae-Woburn
1432,Major Arterial,Toronto and East York,Mid-Block,No Control,Clear,Daylight,Dry,Non-Fatal Injury,Turning Movement,Vehicle Owner,unknown,,,,,,,,,,,,,Yes,,,,,,,,,South Eglinton-Davisville
815,Major Arterial,North York,Intersection,Traffic Signal,Clear,Daylight,Dry,Non-Fatal Injury,Turning Movement,Driver,85 to 89,,North,Stopped,Driving Properly,,,,,,,,,Yes,,,,,,,,,York University Heights
2017,Minor Arterial,Scarborough,Mid-Block,No Control,Clear,Dark,Dry,Non-Fatal Injury,Pedestrian Collisions,Passenger,5 to 9,,,,,,,,,,,Yes,,Yes,,,,Yes,,,,,Clairlea-Birchmount
1149,Major Arterial,North York,Intersection,Traffic Signal,Clear,Daylight,Dry,Fatal,Angle,Driver,75 to 79,Minor,East,Going Ahead,Driving Properly,,,,,,,,,Yes,,,,,,Yes,Yes,,St.Andrew-Windfields
1120,Major Arterial,Toronto and East York,Mid-Block,No Control,Clear,Daylight,Dry,Non-Fatal Injury,Pedestrian Collisions,Driver,20 to 24,,East,Overtaking,Improper Passing,,,,,,,Yes,,Yes,,,Yes,,,Yes,,,Yonge-Bay Corridor
545,,Toronto and East York,Mid-Block,No Control,Clear,Dark,Dry,Non-Fatal Injury,SMV Other,Other Property Owner,unknown,,,,,,,,,,,,,Yes,,,,Yes,,,,Yes,Rosedale-Moore Park
2030,Major Arterial,Scarborough,Intersection,Traffic Signal,Snow,Dark,Loose Snow,Non-Fatal Injury,Sideswipe,Passenger,50 to 54,Major,,,,,,,,,,,,Yes,,,,Yes,,,,,Golfdale-Cedarbrae-Woburn
1432,Major Arterial,Toronto and East York,Mid-Block,No Control,Clear,Daylight,Dry,Non-Fatal Injury,Turning Movement,Driver,45 to 49,,North,Turning Right,Improper Lane Change,,,,,,,,,Yes,,,,,,,,,South Eglinton-Davisville
1217,Major Arterial,Toronto and East York,Intersection,Traffic Signal,Clear,Daylight,Dry,Non-Fatal Injury,Pedestrian Collisions,Driver,60 to 64,,East,Going Ahead,Driving Properly,,,,,,,Yes,,Yes,,,,,,,,,St Lawrence-East Bayfront-The Islands
1149,Major Arterial,North York,Intersection,Traffic Signal,Clear,Daylight,Dry,Fatal,Angle,Driver,45 to 49,Minimal,East,Going Ahead,Driving Properly,,,,,,,,,Yes,,,,,,Yes,Yes,,St.Andrew-Windfields
2022,Major Arterial,Scarborough,Intersection,Traffic Signal,Clear,Dark,Dry,Non-Fatal Injury,Turning Movement,Passenger,25 to 29,Major,,,,,,,,,,,,Yes,,,,Yes,,,,,Tam O'Shanter-Sullivan
2017,Minor Arterial,Scarborough,Mid-Block,No Control,Clear,Dark,Dry,Non-Fatal Injury,Pedestrian Collisions,Passenger,10 to 14,,,,,,,,,,,Yes,,Yes,,,,Yes,,,,,Clairlea-Birchmount
1120,Major Arterial,Toronto and East York,Mid-Block,No Control,Clear,Daylight,Dry,Non-Fatal Injury,Pedestrian Collisions,Pedestrian,20 to 24,Major,South,,,Pedestrian involved in a collision with transit vehicle anywhere along roadway,Person Getting on/off Vehicle,Unknown,,,,Yes,,Yes,,,Yes,,,Yes,,,Yonge-Bay Corridor
2030,Major Arterial,Scarborough,Intersection,Traffic Signal,Snow,Dark,Loose Snow,Non-Fatal Injury,Sideswipe,Driver,50 to 54,Minimal,East,Going Ahead,Driving Properly,,,,,,,,,Yes,,,,Yes,,,,,Golfdale-Cedarbrae-Woburn
815,Major Arterial,North York,Intersection,Traffic Signal,Clear,Daylight,Dry,Non-Fatal Injury,Turning Movement,Driver,50 to 54,,East,Turning Right,Other,,,,,,,,,Yes,,,,,,,,,York University Heights
1120,Major Arterial,Toronto and East York,Mid-Block,No Control,Clear,Daylight,Dry,Non-Fatal Injury,Pedestrian Collisions,Vehicle Owner,unknown,,,,,,,,,,,Yes,,Yes,,,Yes,,,Yes,,,Yonge-Bay Corridor
1430,Major Arterial,Toronto and East York,Intersection,No Control,Clear,Daylight,Wet,Non-Fatal Injury,Pedestrian Collisions,Driver,50 to 54,,North,Turning Left,Failed to Yield Right of Way,,,,,,,Yes,,Yes,,,,,,Yes,,,Wellington Place
1432,Major Arterial,Toronto and East York,Mid-Block,No Control,Clear,Daylight,Dry,Non-Fatal Injury,Turning Movement,Other,unknown,,,Parked,,,,,,,,,,Yes,,,,,,,,,South Eglinton-Davisville
1217,Major Arterial,Toronto and East York,Intersection,Traffic Signal,Clear,Daylight,Dry,Non-Fatal Injury,Pedestrian Collisions,Driver,25 to 29,,East,Turning Left,Improper Turn,,,,,,,Yes,,Yes,,,,,,,,,St Lawrence-East Bayfront-The Islands
1149,Major Arterial,North York,Intersection,Traffic Signal,Clear,Daylight,Dry,Fatal,Angle,Driver,85 to 89,Fatal,South,Going Ahead,Disobeyed Traffic Control,,,,,,,,,Yes,,,,,,Yes,Yes,,St.Andrew-Windfields
1430,Major Arterial,Toronto and East York,Intersection,No Control,Clear,Daylight,Wet,Non-Fatal Injury,Pedestrian Collisions,Wheelchair,50 to 54,Major,North,,,Vehicle turns left while ped crosses with ROW at inter.,Crossing with right of way,Normal,,,,Yes,,Yes,,,,,,Yes,,,Wellington Place
1120,Major Arterial,Toronto and East York,Mid-Block,No Control,Clear,Daylight,Dry,Non-Fatal Injury,Pedestrian Collisions,Driver - Not Hit,45 to 49,,,,,,,,,,,Yes,,Yes,,,Yes,,,Yes,,,Yonge-Bay Corridor
2022,Major Arterial,Scarborough,Intersection,Traffic Signal,Clear,Dark,Dry,Non-Fatal Injury,Turning Movement,Passenger,25 to 29,Major,,,,,,,,,,,,Yes,,,,Yes,,,,,Tam O'Shanter-Sullivan
2017,Minor Arterial,Scarborough,Mid-Block,No Control,Clear,Dark,Dry,Non-Fatal Injury,Pedestrian Collisions,Driver,35 to 39,,East,Slowing or Stopping,Driving Properly,,,,,,,Yes,,Yes,,,,Yes,,,,,Clairlea-Birchmount
1900,Major Arterial,Etobicoke York,Mid-Block,No Control,Clear,Dark,Dry,Non-Fatal Injury,Pedestrian Collisions,Driver,35 to 39,,West,Going Ahead,Driving Properly,,,,,,,Yes,,Yes,,,,,,,,,Glenfield-Jane Heights
2158,Collector,Toronto and East York,Intersection,Stop Sign,Clear,Dark,Dry,Non-Fatal Injury,Cyclist Collisions,Vehicle Owner,unknown,,,,,,,,,,,,Yes,,,,Yes,,,,,,O'Connor-Parkview
2022,Major Arterial,Scarborough,Intersection,Traffic Signal,Clear,Dark,Dry,Non-Fatal Injury,Turning Movement,Driver,25 to 29,Minimal,East,Turning Left,Improper Turn,,,,,,,,,Yes,,,,Yes,,,,,Tam O'Shanter-Sullivan
1134,,Etobicoke York,Mid-Block,No Control,Clear,Daylight,Dry,Non-Fatal Injury,Rear End,Vehicle Owner,unknown,,,,,,,,,,,,,Yes,,,,Yes,Yes,Yes,,,Mimico-Queensway
1420,Major Arterial,Toronto and East York,Intersection,No Control,Clear,Daylight,Dry,Non-Fatal Injury,Rear End,Vehicle Owner,unknown,,,,,,,,,,,,,Yes,,,,,,Yes,,,Annex
1217,Major Arterial,Toronto and East York,Intersection,Traffic Signal,Clear,Daylight,Dry,Non-Fatal Injury,Pedestrian Collisions,Pedestrian,30 to 34,Minor,Unknown,,,Pedestrian hit on sidewalk or shoulder,On Sidewalk or Shoulder,Normal,,,,Yes,,Yes,,,,,,,,,St Lawrence-East Bayfront-The Islands
1432,Major Arterial,Toronto and East York,Mid-Block,No Control,Clear,Daylight,Dry,Non-Fatal Injury,Turning Movement,Driver,25 to 29,Major,North,Going Ahead,Driving Properly,,,,,,,,,Yes,,,,,,,,,South Eglinton-Davisville
1217,Major Arterial,Toronto and East York,Intersection,Traffic Signal,Clear,Daylight,Dry,Non-Fatal Injury,Pedestrian Collisions,Pedestrian,0 to 4,Major,Unknown,,,Pedestrian hit on sidewalk or shoulder,On Sidewalk or Shoulder,Normal,,,,Yes,,Yes,,,,,,,,,St Lawrence-East Bayfront-The Islands
2017,Minor Arterial,Scarborough,Mid-Block,No Control,Clear,Dark,Dry,Non-Fatal Injury,Pedestrian Collisions,Pedestrian,75 to 79,Major,South,,,Pedestrian hit at mid-block,"Crossing, no Traffic Control",Unknown,,,,Yes,,Yes,,,,Yes,,,,,Clairlea-Birchmount
2158,Collector,Toronto and East York,Intersection,Stop Sign,Clear,Dark,Dry,Non-Fatal Injury,Cyclist Collisions,Driver,50 to 54,,West,Going Ahead,Driving Properly,,,,,,,,Yes,,,,Yes,,,,,,O'Connor-Parkview
1420,Major Arterial,Toronto and East York,Intersection,No Control,Clear,Daylight,Dry,Non-Fatal Injury,Rear End,Driver,25 to 29,,North,Going Ahead,Following too Close,,,,,,,,,Yes,,,,,,Yes,,,Annex
1134,,Etobicoke York,Mid-Block,No Control,Clear,Daylight,Dry,Non-Fatal Injury,Rear End,Driver,50 to 54,,West,Slowing or Stopping,Driving Properly,,,,,,,,,Yes,,,,Yes,Yes,Yes,,,Mimico-Queensway
1420,Major Arterial,Toronto and East York,Intersection,No Control,Clear,Daylight,Dry,Non-Fatal Injury,Rear End,Driver,40 to 44,Major,North,Stopped,Driving Properly,,,,,,,,,Yes,,,,,,Yes,,,Annex
726,Major Arterial,North York,Intersection,Traffic Signal,Clear,Daylight,Wet,Non-Fatal Injury,Turning Movement,Motorcycle Driver,35 to 39,Major,North,Going Ahead,Disobeyed Traffic Control,,,,,,,,,Yes,Yes,,,,,Yes,Yes,,Hillcrest Village
1900,Major Arterial,Etobicoke York,Mid-Block,No Control,Clear,Dark,Dry,Non-Fatal Injury,Pedestrian Collisions,Pedestrian,45 to 49,Major,North,,,Pedestrian hit at mid-block,"Crossing, no Traffic Control",Had Been Drinking,,,,Yes,,Yes,,,,,,,,,Glenfield-Jane Heights
1620,Major Arterial,Toronto and East York,Intersection,Traffic Signal,Clear,Daylight,Dry,Non-Fatal Injury,Cyclist Collisions,Driver,45 to 49,,East,Going Ahead,Driving Properly,,,,,,,,Yes,Yes,,,,,,,,,South Parkdale
1233,Major Arterial,Etobicoke York,Intersection,Traffic Signal,Clear,Daylight,Dry,Non-Fatal Injury,Turning Movement,Driver,50 to 54,Major,West,Going Ahead,Exceeding Speed Limit,,,,,,,,,Yes,,,,,Yes,Yes,,,Rockcliffe-Smythe
2245,Local,Scarborough,Mid-Block,No Control,Clear,Dark,Dry,Non-Fatal Injury,Cyclist Collisions,Driver,60 to 64,,North,Turning Left,Improper Turn,,,,,,,,Yes,Yes,,,,,,,,,Birchcliffe-Cliffside
2158,Collector,Toronto and East York,Intersection,Stop Sign,Clear,Dark,Dry,Non-Fatal Injury,Cyclist Collisions,Cyclist,20 to 24,Major,South,Turning Left,,,,,Cyclist turned left across motorists path.,Failed to Yield Right of Way,Inattentive,,Yes,,,,Yes,,,,,,O'Connor-Parkview
2245,Local,Scarborough,Mid-Block,No Control,Clear,Dark,Dry,Non-Fatal Injury,Cyclist Collisions,Cyclist,55 to 59,Major,South,Going Ahead,,,,,Cyclist falls off bike - no contact with motorist.,Lost control,Normal,,Yes,Yes,,,,,,,,,Birchcliffe-Cliffside
837,Major Arterial,North York,Intersection,No Control,Clear,Daylight,Wet,Non-Fatal Injury,Rear End,Driver,40 to 44,,South,Going Ahead,Speed too Fast For Condition,,,,,,,,,Yes,,,Yes,Yes,Yes,Yes,,,Victoria Village
1134,,Etobicoke York,Mid-Block,No Control,Clear,Daylight,Dry,Non-Fatal Injury,Rear End,Passenger,40 to 44,Minimal,,,,,,,,,,,,Yes,,,,Yes,Yes,Yes,,,Mimico-Queensway
848,Local,Etobicoke York,Mid-Block,No Control,Clear,Daylight,Dry,Non-Fatal Injury,Pedestrian Collisions,Vehicle Owner,unknown,,,,,,,,,,,Yes,,Yes,,,,,,,,,Kingsview Village-The Westway
837,Major Arterial,North York,Intersection,No Control,Clear,Daylight,Wet,Non-Fatal Injury,Rear End,Passenger,10 to 14,Major,,,,,,,,,,,,Yes,,,Yes,Yes,Yes,Yes,,,Victoria Village
505,Major Arterial,Toronto and East York,Intersection,Stop Sign,Clear,Dark,Dry,Non-Fatal Injury,Turning Movement,Vehicle Owner,unknown,,,,,,,,,,,,,Yes,,,,,,Yes,,,Forest Hill South
1620,Major Arterial,Toronto and East York,Intersection,Traffic Signal,Clear,Daylight,Dry,Non-Fatal Injury,Cyclist Collisions,Cyclist,50 to 54,Major,North,Going Ahead,,,,,"Cyclist without ROW rides into path of motorist at inter, lnwy, dwy-Cyclist not turn.",Disobeyed Traffic Control,Inattentive,,Yes,Yes,,,,,,,,,South Parkdale
1233,Major Arterial,Etobicoke York,Intersection,Traffic Signal,Clear,Daylight,Dry,Non-Fatal Injury,Turning Movement,Driver,50 to 54,Minor,East,Turning Left,Improper Turn,,,,,,,,,Yes,,,,,Yes,Yes,,,Rockcliffe-Smythe
726,Major Arterial,North York,Intersection,Traffic Signal,Clear,Daylight,Wet,Non-Fatal Injury,Turning Movement,Driver,30 to 34,,South,Turning Left,Driving Properly,,,,,,,,,Yes,Yes,,,,,Yes,Yes,,Hillcrest Village
940,Major Arterial,North York,Mid-Block,No Control,Clear,Daylight,Dry,Non-Fatal Injury,Cyclist Collisions,Cyclist,45 to 49,Major,South,Going Ahead,,,,,"Cyclist loses control and strikes object (pole, ttc track)",Driving Properly,Normal,,Yes,,,,,,,,,,St.Andrew-Windfields
837,Major Arterial,North York,Intersection,No Control,Clear,Daylight,Wet,Non-Fatal Injury,Rear End,Vehicle Owner,unknown,,,,,,,,,,,,,Yes,,,Yes,Yes,Yes,Yes,,,Victoria Village
1134,,Etobicoke York,Mid-Block,No Control,Clear,Daylight,Dry,Non-Fatal Injury,Rear End,Driver,65 to 69,Minor,West,Going Ahead,Driving Properly,,,,,,,,,Yes,,,,Yes,Yes,Yes,,,Mimico-Queensway
505,Major Arterial,Toronto and East York,Intersection,Stop Sign,Clear,Dark,Dry,Non-Fatal Injury,Turning Movement,Driver,55 to 59,Major,West,Turning Right,Failed to Yield Right of Way,,,,,,,,,Yes,,,,,,Yes,,,Forest Hill South
910,Major Arterial,Etobicoke York,Intersection,Traffic Signal,Clear,Daylight,Dry,Non-Fatal Injury,Pedestrian Collisions,Driver,70 to 74,,South,Turning Left,Failed to Yield Right of Way,,,,,,,Yes,,Yes,,,,,,Yes,,,Markland Wood
848,Local,Etobicoke York,Mid-Block,No Control,Clear,Daylight,Dry,Non-Fatal Injury,Pedestrian Collisions,Driver,45 to 49,,West,Going Ahead,Driving Properly,,,,,,,Yes,,Yes,,,,,,,,,Kingsview Village-The Westway
1408,Minor Arterial,Toronto and East York,Intersection,Traffic Signal,Clear,Daylight,Dry,Non-Fatal Injury,Pedestrian Collisions,Vehicle Owner,unknown,,,,,,,,,,,Yes,,Yes,,,,,,,,,South Riverdale
1812,Major Arterial,Scarborough,Intersection,Traffic Signal,Rain,Dark,Wet,Non-Fatal Injury,Pedestrian Collisions,Driver,20 to 24,,West,Going Ahead,Driving Properly,,,,,,,Yes,,Yes,,,,,,,,,Wexford/Maryvale
1609,Minor Arterial,Toronto and East York,Mid-Block,No Control,Clear,Daylight,Dry,Non-Fatal Injury,Sideswipe,Vehicle Owner,unknown,,,,,,,,,,,,,Yes,,,Yes,,,,,,Harbourfront-CityPlace
837,Major Arterial,North York,Intersection,No Control,Clear,Daylight,Wet,Non-Fatal Injury,Rear End,Driver,25 to 29,,South,Stopped,Driving Properly,,,,,,,,,Yes,,,Yes,Yes,Yes,Yes,,,Victoria Village
1134,,Etobicoke York,Mid-Block,No Control,Clear,Daylight,Dry,Non-Fatal Injury,Rear End,Vehicle Owner,unknown,,,,,,,,,,,,,Yes,,,,Yes,Yes,Yes,,,Mimico-Queensway
910,Major Arterial,Etobicoke York,Intersection,Traffic Signal,Clear,Daylight,Dry,Non-Fatal Injury,Pedestrian Collisions,Pedestrian,85 to 89,Major,North,,,Vehicle turns left while ped crosses with ROW at inter.,Crossing with right of way,Normal,,,,Yes,,Yes,,,,,,Yes,,,Markland Wood
848,Local,Etobicoke York,Mid-Block,No Control,Clear,Daylight,Dry,Non-Fatal Injury,Pedestrian Collisions,Pedestrian - Not Hit,35 to 39,,,,,,,,,,,Yes,,Yes,,,,,,,,,Kingsview Village-The Westway
1834,Minor Arterial,Toronto and East York,,No Control,Clear,Dusk,Dry,Non-Fatal Injury,Pedestrian Collisions,Driver,unknown,,,Unknown,,,,,,,,Yes,,Yes,,,,,,,,,South Riverdale
1812,Major Arterial,Scarborough,Intersection,Traffic Signal,Rain,Dark,Wet,Non-Fatal Injury,Pedestrian Collisions,Pedestrian,80 to 84,Major,North,,,Vehicle is going straight thru inter.while ped cross without ROW,Crossing without right of way,Normal,,,,Yes,,Yes,,,,,,,,,Wexford/Maryvale
1408,Minor Arterial,Toronto and East York,Intersection,Traffic Signal,Clear,Daylight,Dry,Non-Fatal Injury,Pedestrian Collisions,Driver,50 to 54,,West,Turning Left,Improper Turn,,,,,,,Yes,,Yes,,,,,,,,,South Riverdale
1609,Minor Arterial,Toronto and East York,Mid-Block,No Control,Clear,Daylight,Dry,Non-Fatal Injury,Sideswipe,Driver,55 to 59,Major,West,Turning Left,Improper Lane Change,,,,,,,,,Yes,,,Yes,,,,,,Harbourfront-CityPlace
1134,,Etobicoke York,Mid-Block,No Control,Clear,Daylight,Dry,Non-Fatal Injury,Rear End,Driver,50 to 54,Minor,West,Going Ahead,Driving Properly,,,,,,,,,Yes,,,,Yes,Yes,Yes,,,Mimico-Queensway
1232,Major Arterial,North York,Intersection,Traffic Signal,Clear,Daylight,Dry,Non-Fatal Injury,Pedestrian Collisions,Vehicle Owner,unknown,,,,,,,,,,,Yes,,Yes,,,,,,Yes,,,Lansing-Westgate
848,Local,Etobicoke York,Mid-Block,No Control,Clear,Daylight,Dry,Non-Fatal Injury,Pedestrian Collisions,Pedestrian,5 to 9,Major,North,,,Pedestrian hit at mid-block,Running onto Roadway,Inattentive,,,,Yes,,Yes,,,,,,,,,Kingsview Village-The Westway
505,Major Arterial,Toronto and East York,Intersection,Stop Sign,Clear,Dark,Dry,Non-Fatal Injury,Turning Movement,Driver,25 to 29,,North,Going Ahead,Driving Properly,,,,,,,,,Yes,,,,,,Yes,,,Forest Hill South
1834,Minor Arterial,Toronto and East York,,No Control,Clear,Dusk,Dry,Non-Fatal Injury,Pedestrian Collisions,Other,unknown,,,Going Ahead,,,,,,,,Yes,,Yes,,,,,,,,,South Riverdale
1408,Minor Arterial,Toronto and East York,Intersection,Traffic Signal,Clear,Daylight,Dry,Non-Fatal Injury,Pedestrian Collisions,Pedestrian,0 to 4,Major,East,,,Vehicle turns left while ped crosses with ROW at inter.,Crossing with right of way,Normal,,,,Yes,,Yes,,,,,,,,,South Riverdale
1609,Minor Arterial,Toronto and East York,Mid-Block,No Control,Clear,Daylight,Dry,Non-Fatal Injury,Sideswipe,Vehicle Owner,unknown,,,,,,,,,,,,,Yes,,,Yes,,,,,,Harbourfront-CityPlace
1134,,Etobicoke York,Mid-Block,No Control,Clear,Daylight,Dry,Non-Fatal Injury,Rear End,Driver,25 to 29,Major,West,Slowing or Stopping,Driving Properly,,,,,,,,,Yes,,,,Yes,Yes,Yes,,,Mimico-Queensway
1232,Major Arterial,North York,Intersection,Traffic Signal,Clear,Daylight,Dry,Non-Fatal Injury,Pedestrian Collisions,Driver,45 to 49,,South,Turning Right,Failed to Yield Right of Way,,,,,,,Yes,,Yes,,,,,,Yes,,,Lansing-Westgate
1120,Major Arterial,Toronto and East York,Intersection,Traffic Signal,Clear,Daylight,Dry,Non-Fatal Injury,Pedestrian Collisions,Driver,55 to 59,,West,Stopped,Driving Properly,,,,,,,Yes,,Yes,,,,,,Yes,,,High Park North
505,Major Arterial,Toronto and East York,Intersection,Stop Sign,Clear,Dark,Dry,Non-Fatal Injury,Turning Movement,Other Property Owner,unknown,,,,,,,,,,,,,Yes,,,,,,Yes,,,Forest Hill South
1834,Minor Arterial,Toronto and East York,,No Control,Clear,Dusk,Dry,Non-Fatal Injury,Pedestrian Collisions,Pedestrian,unknown,Major,,Other,,,,,,,,Yes,,Yes,,,,,,,,,South Riverdale
2015,Collector,Toronto and East York,Intersection,Traffic Signal,Clear,Daylight,Dry,Non-Fatal Injury,Turning Movement,Passenger,15 to 19,Minor,,,,,,,,,,,,Yes,Yes,,,Yes,,Yes,,,St Lawrence-East Bayfront-The Islands
1232,Major Arterial,North York,Intersection,Traffic Signal,Clear,Daylight,Dry,Non-Fatal Injury,Pedestrian Collisions,Pedestrian,65 to 69,Major,East,,,Vehicle turns right while ped crosses with ROW at inter.,Crossing with right of way,Normal,,,,Yes,,Yes,,,,,,Yes,,,Lansing-Westgate
1408,Minor Arterial,Toronto and East York,Intersection,Traffic Signal,Clear,Daylight,Dry,Non-Fatal Injury,Pedestrian Collisions,Pedestrian,35 to 39,Minor,East,,,Vehicle turns left while ped crosses with ROW at inter.,Crossing with right of way,Normal,,,,Yes,,Yes,,,,,,,,,South Riverdale
1609,Minor Arterial,Toronto and East York,Mid-Block,No Control,Clear,Daylight,Dry,Non-Fatal Injury,Sideswipe,Driver,40 to 44,,West,Going Ahead,Driving Properly,,,,,,,,,Yes,,,Yes,,,,,,Harbourfront-CityPlace
1134,,Etobicoke York,Mid-Block,No Control,Clear,Daylight,Dry,Non-Fatal Injury,Rear End,Vehicle Owner,unknown,,,,,,,,,,,,,Yes,,,,Yes,Yes,Yes,,,Mimico-Queensway
2052,Major Arterial,Toronto and East York,Intersection,Traffic Signal,Clear,Dark,Dry,Non-Fatal Injury,Turning Movement,Motorcycle Passenger,25 to 29,Minimal,,,,,,,,,,,,Yes,Yes,,,Yes,,,,,Junction-Wallace Emerson
2242,Major Arterial,Toronto and East York,Mid-Block,No Control,Clear,Dark,Dry,Non-Fatal Injury,SMV Other,Motorcycle Driver,40 to 44,Major,East,Going Ahead,Lost control,,,,,,,,,,Yes,,,,,,,,Moss Park
620,Major Arterial,Etobicoke York,Intersection,Traffic Signal,Rain,"Dark, artificial",Wet,Non-Fatal Injury,Pedestrian Collisions,Driver,30 to 34,,West,Going Ahead,Driving Properly,,,,,,,Yes,,Yes,,,,,,,,,Mount Olive-Silverstone-Jamestown
2015,Collector,Toronto and East York,Intersection,Traffic Signal,Clear,Daylight,Dry,Non-Fatal Injury,Turning Movement,Motorcycle Driver,25 to 29,Major,East,Going Ahead,Other,,,,,,,,,Yes,Yes,,,Yes,,Yes,,,St Lawrence-East Bayfront-The Islands
1120,Major Arterial,Toronto and East York,Intersection,Traffic Signal,Clear,Daylight,Dry,Non-Fatal Injury,Pedestrian Collisions,Vehicle Owner,unknown,,,,,,,,,,,Yes,,Yes,,,,,,Yes,,,High Park North