TIME,ROAD_CLASS,DISTRICT,LOCCOORD,TRAFFCTL,VISIBILITY,LIGHT,RDSFCOND,ACCLASS,IMPACTYPE,INVTYPE,INVAGE,INJURY,INITDIR,MANOEUVER,DRIVACT,PEDTYPE,PEDACT,PEDCOND,CYCLISTYPE,CYCACT,CYCCOND,PEDESTRIAN,CYCLIST,AUTOMOBILE,MOTORCYCLE,TRUCK,TRSN_CITY_VEH,PASSENGER,SPEEDING,AG_DRIV,REDLIGHT,ALCOHOL,NEIGHBOURHOOD_158
615,Major Arterial,Scarborough,Intersection,Traffic Signal,Clear,Dawn,Wet,Non-Fatal Injury,Rear End,Driver,40 to 44,Minor,West,Stopped,Driving Properly,,,,,,,,,Yes,,,,Yes,,Yes,,,Ionview
357,Major Arterial,Toronto and East York,Intersection,No Control,Clear,Daylight,Dry,Non-Fatal Injury,Rear End,Driver,25 to 29,Major,North,Going Ahead,Lost control,,,,,,,,,Yes,,,,,,Yes,,Yes,Dovercourt Village
2052,Major Arterial,Toronto and East York,Intersection,Traffic Signal,Clear,Dark,Dry,Non-Fatal Injury,Turning Movement,Motorcycle Driver,35 to 39,Major,North,Going Ahead,Driving Properly,,,,,,,,,Yes,Yes,,,Yes,,,,,Junction-Wallace Emerson
620,Major Arterial,Etobicoke York,Intersection,Traffic Signal,Rain,"Dark, artificial",Wet,Non-Fatal Injury,Pedestrian Collisions,Pedestrian,40 to 44,Major,South,,,Vehicle is going straight thru inter.while ped cross without ROW,Crossing without right of way,Inattentive,,,,Yes,,Yes,,,,,,,,,Mount Olive-Silverstone-Jamestown
1430,Collector,Etobicoke York,Intersection,Stop Sign,Clear,Daylight,Dry,Non-Fatal Injury,Angle,Driver,40 to 44,,North,Going Ahead,Disobeyed Traffic Control,,,,,,,,,Yes,,,,Yes,,Yes,,,West Humber-Clairville
1120,Major Arterial,Toronto and East York,Intersection,Traffic Signal,Clear,Daylight,Dry,Non-Fatal Injury,Pedestrian Collisions,Vehicle Owner,unknown,,,,,,,,,,,Yes,,Yes,,,,,,Yes,,,High Park North
1100,Major Arterial,Scarborough,Intersection,No Control,Clear,Daylight,Dry,Non-Fatal Injury,Pedestrian Collisions,Pedestrian,45 to 49,Major,South,,,Pedestrian hit at mid-block,"Crossing, no Traffic Control",Unknown,,,,Yes,,Yes,,,,,,,,,Bendale South
1134,,Etobicoke York,Mid-Block,No Control,Clear,Daylight,Dry,Non-Fatal Injury,Rear End,Driver,25 to 29,Major,West,Slowing or Stopping,Driving Properly,,,,,,,,,Yes,,,,Yes,Yes,Yes,,,Mimico-Queensway
2015,Collector,Toronto and East York,Intersection,Traffic Signal,Clear,Daylight,Dry,Non-Fatal Injury,Turning Movement,Driver,25 to 29,,West,Turning Left,Failed to Yield Right of Way,,,,,,,,,Yes,Yes,,,Yes,,Yes,,,St Lawrence-East Bayfront-The Islands
357,Major Arterial,Toronto and East York,Intersection,No Control,Clear,Daylight,Dry,Non-Fatal Injury,Rear End,Vehicle Owner,unknown,,,,,,,,,,,,,Yes,,,,,,Yes,,Yes,Dovercourt Village
700,Collector,North York,Intersection,Stop Sign,Clear,Daylight,Dry,Fatal,Angle,Other,unknown,,North,Parked,,,,,,,,,,Yes,,,,Yes,Yes,Yes,,Yes,Newtonbrook West
2052,Major Arterial,Toronto and East York,Intersection,Traffic Signal,Clear,Dark,Dry,Non-Fatal Injury,Turning Movement,Vehicle Owner,unknown,,,,,,,,,,,,,Yes,Yes,,,Yes,,,,,Junction-Wallace Emerson
357,Major Arterial,Toronto and East York,Intersection,No Control,Clear,Daylight,Dry,Non-Fatal Injury,Rear End,Driver,25 to 29,,North,Going Ahead,Driving Properly,,,,,,,,,Yes,,,,,,Yes,,Yes,Dovercourt Village
615,Major Arterial,Scarborough,Intersection,Traffic Signal,Clear,Dawn,Wet,Non-Fatal Injury,Rear End,Passenger,30 to 34,Major,,,,,,,,,,,,Yes,,,,Yes,,Yes,,,Ionview
1100,Major Arterial,Scarborough,Intersection,No Control,Clear,Daylight,Dry,Non-Fatal Injury,Pedestrian Collisions,Driver,50 to 54,,West,Going Ahead,Driving Properly,,,,,,,Yes,,Yes,,,,,,,,,Bendale South
1120,Major Arterial,Toronto and East York,Intersection,Traffic Signal,Clear,Daylight,Dry,Non-Fatal Injury,Pedestrian Collisions,Driver,40 to 44,,South,Turning Left,Failed to Yield Right of Way,,,,,,,Yes,,Yes,,,,,,Yes,,,High Park North
1134,,Etobicoke York,Mid-Block,No Control,Clear,Daylight,Dry,Non-Fatal Injury,Rear End,Passenger,25 to 29,Minimal,,,,,,,,,,,,Yes,,,,Yes,Yes,Yes,,,Mimico-Queensway
1430,Collector,Etobicoke York,Intersection,Stop Sign,Clear,Daylight,Dry,Non-Fatal Injury,Angle,Passenger,5 to 9,Minor,,,,,,,,,,,,Yes,,,,Yes,,Yes,,,West Humber-Clairville
700,Collector,North York,Intersection,Stop Sign,Clear,Daylight,Dry,Fatal,Angle,Other,unknown,,North,Parked,,,,,,,,,,Yes,,,,Yes,Yes,Yes,,Yes,Newtonbrook West
1430,Collector,Etobicoke York,Intersection,Stop Sign,Clear,Daylight,Dry,Non-Fatal Injury,Angle,Passenger,10 to 14,Major,,,,,,,,,,,,Yes,,,,Yes,,Yes,,,West Humber-Clairville
908,Minor Arterial,Scarborough,Intersection,Traffic Signal,Clear,Daylight,Dry,Non-Fatal Injury,Pedestrian Collisions,Driver,30 to 34,,South,Turning Left,Improper Turn,,,,,,,Yes,,Yes,,,,,,,,,Malvern West
2052,Major Arterial,Toronto and East York,Intersection,Traffic Signal,Clear,Dark,Dry,Non-Fatal Injury,Turning Movement,Driver,40 to 44,,South,Turning Left,Improper Turn,,,,,,,,,Yes,Yes,,,Yes,,,,,Junction-Wallace Emerson
615,Major Arterial,Scarborough,Intersection,Traffic Signal,Clear,Dawn,Wet,Non-Fatal Injury,Rear End,Vehicle Owner,unknown,,,,,,,,,,,,,Yes,,,,Yes,,Yes,,,Ionview
1410,Minor Arterial,Etobicoke York,Intersection,Traffic Signal,Clear,Daylight,Dry,Non-Fatal Injury,Pedestrian Collisions,Driver,85 to 89,,West,Turning Left,Failed to Yield Right of Way,,,,,,,Yes,,Yes,,,,,,Yes,,,Mimico-Queensway
1120,Major Arterial,Toronto and East York,Intersection,Traffic Signal,Clear,Daylight,Dry,Non-Fatal Injury,Pedestrian Collisions,Pedestrian,15 to 19,Major,North,,,Vehicle turns left while ped crosses without ROW at inter.,Running onto Roadway,Normal,,,,Yes,,Yes,,,,,,Yes,,,High Park North
1134,,Etobicoke York,Mid-Block,No Control,Clear,Daylight,Dry,Non-Fatal Injury,Rear End,Vehicle Owner,unknown,,,,,,,,,,,,,Yes,,,,Yes,Yes,Yes,,,Mimico-Queensway
1430,Collector,Etobicoke York,Intersection,Stop Sign,Clear,Daylight,Dry,Non-Fatal Injury,Angle,Passenger,65 to 69,Minor,,,,,,,,,,,,Yes,,,,Yes,,Yes,,,West Humber-Clairville
700,Collector,North York,Intersection,Stop Sign,Clear,Daylight,Dry,Fatal,Angle,Passenger,60 to 64,Major,,,,,,,,,,,,Yes,,,,Yes,Yes,Yes,,Yes,Newtonbrook West
908,Minor Arterial,Scarborough,Intersection,Traffic Signal,Clear,Daylight,Dry,Non-Fatal Injury,Pedestrian Collisions,Pedestrian,45 to 49,Major,North,,,Vehicle turns left while ped crosses with ROW at inter.,Crossing with right of way,Normal,,,,Yes,,Yes,,,,,,,,,Malvern West
1619,Minor Arterial,Toronto and East York,Intersection,Traffic Signal,Rain,Daylight,Wet,Non-Fatal Injury,Turning Movement,Driver,30 to 34,Major,East,Going Ahead,Driving Properly,,,,,,,,,Yes,,,,,,Yes,,,Wellington Place
14,Major Arterial,Toronto and East York,Mid-Block,No Control,Rain,Dark,Wet,Non-Fatal Injury,Pedestrian Collisions,Vehicle Owner,unknown,,,,,,,,,,,Yes,,,,,Yes,,,,,,Kensington-Chinatown
1134,,Etobicoke York,Mid-Block,No Control,Clear,Daylight,Dry,Non-Fatal Injury,Rear End,Driver,25 to 29,Minimal,West,Going Ahead,Exceeding Speed Limit,,,,,,,,,Yes,,,,Yes,Yes,Yes,,,Mimico-Queensway
1430,Collector,Etobicoke York,Intersection,Stop Sign,Clear,Daylight,Dry,Non-Fatal Injury,Angle,Driver,35 to 39,Minor,West,Going Ahead,Driving Properly,,,,,,,,,Yes,,,,Yes,,Yes,,,West Humber-Clairville
615,Major Arterial,Scarborough,Intersection,Traffic Signal,Clear,Dawn,Wet,Non-Fatal Injury,Rear End,Driver,40 to 44,Minimal,West,Going Ahead,Following too Close,,,,,,,,,Yes,,,,Yes,,Yes,,,Ionview
1410,Minor Arterial,Etobicoke York,Intersection,Traffic Signal,Clear,Daylight,Dry,Non-Fatal Injury,Pedestrian Collisions,Pedestrian,65 to 69,Major,East,,,Vehicle turns left while ped crosses with ROW at inter.,Crossing with right of way,Normal,,,,Yes,,Yes,,,,,,Yes,,,Mimico-Queensway
700,Collector,North York,Intersection,Stop Sign,Clear,Daylight,Dry,Fatal,Angle,Driver,60 to 64,Minor,North,Going Ahead,Driving Properly,,,,,,,,,Yes,,,,Yes,Yes,Yes,,Yes,Newtonbrook West
700,Collector,North York,Intersection,Stop Sign,Clear,Daylight,Dry,Fatal,Angle,Passenger,25 to 29,Minor,,,,,,,,,,,,Yes,,,,Yes,Yes,Yes,,Yes,Newtonbrook West
1619,Minor Arterial,Toronto and East York,Intersection,Traffic Signal,Rain,Daylight,Wet,Non-Fatal Injury,Turning Movement,Driver,35 to 39,Minimal,West,Turning Left,Failed to Yield Right of Way,,,,,,,,,Yes,,,,,,Yes,,,Wellington Place
14,Major Arterial,Toronto and East York,Mid-Block,No Control,Rain,Dark,Wet,Non-Fatal Injury,Pedestrian Collisions,Driver,40 to 44,,North,Going Ahead,Driving Properly,,,,,,,Yes,,,,,Yes,,,,,,Kensington-Chinatown
1356,Major Arterial,Toronto and East York,Intersection,Traffic Signal,"Fog, Mist, Smoke, Dust",Daylight,Dry,Non-Fatal Injury,Turning Movement,Motorcycle Driver,25 to 29,Major,West,Going Ahead,Exceeding Speed Limit,,,,,,,,,Yes,Yes,,,,Yes,Yes,,,Little Portugal
421,Collector,Scarborough,Mid-Block,No Control,Clear,Dark,Dry,Fatal,SMV Other,Passenger,25 to 29,Major,,,,,,,,,,,,Yes,,,,Yes,,,,,Woburn North
1023,Major Arterial,Toronto and East York,Intersection,No Control,Clear,Daylight,Wet,Fatal,Pedestrian Collisions,Pedestrian,unknown,Fatal,North,,,Pedestrian involved in a collision with transit vehicle anywhere along roadway,"Crossing, no Traffic Control",Unknown,,,,Yes,,,,,Yes,,,,,,Kensington-Chinatown
1740,Major Arterial,Toronto and East York,Mid-Block,No Control,Clear,Daylight,Dry,Non-Fatal Injury,Rear End,Driver,35 to 39,,South,Going Ahead,Driving Properly,,,,,,,,,Yes,,,,Yes,,,,,Casa Loma
1023,Major Arterial,Toronto and East York,Intersection,No Control,Clear,Daylight,Wet,Fatal,Pedestrian Collisions,Vehicle Owner,unknown,,,,,,,,,,,Yes,,,,,Yes,,,,,,Kensington-Chinatown
1339,Collector,North York,Mid-Block,No Control,Clear,Daylight,Dry,Non-Fatal Injury,Turning Movement,Passenger,70 to 74,Major,,,,,,,,,,,,Yes,,,,Yes,,Yes,,,Flemingdon Park
1730,Minor Arterial,Scarborough,Mid-Block,No Control,Rain,Daylight,Wet,Non-Fatal Injury,SMV Other,Driver,30 to 34,Major,East,Going Ahead,Speed too Fast For Condition,,,,,,,,,Yes,,,,,Yes,Yes,,,Morningside Heights
14,Major Arterial,Toronto and East York,Mid-Block,No Control,Rain,Dark,Wet,Non-Fatal Injury,Pedestrian Collisions,Pedestrian,55 to 59,Major,East,,,Pedestrian involved in a collision with transit vehicle anywhere along roadway,"Crossing, no Traffic Control",Inattentive,,,,Yes,,,,,Yes,,,,,,Kensington-Chinatown
1730,Minor Arterial,Scarborough,Mid-Block,No Control,Rain,Daylight,Wet,Non-Fatal Injury,SMV Other,Other Property Owner,unknown,,,,,,,,,,,,,Yes,,,,,Yes,Yes,,,Morningside Heights
700,Collector,North York,Intersection,Stop Sign,Clear,Daylight,Dry,Fatal,Angle,Passenger,25 to 29,Fatal,,,,,,,,,,,,Yes,,,,Yes,Yes,Yes,,Yes,Newtonbrook West
1356,Major Arterial,Toronto and East York,Intersection,Traffic Signal,"Fog, Mist, Smoke, Dust",Daylight,Dry,Non-Fatal Injury,Turning Movement,Driver,65 to 69,,East,Turning Left,Failed to Yield Right of Way,,,,,,,,,Yes,Yes,,,,Yes,Yes,,,Little Portugal
1740,Major Arterial,Toronto and East York,Mid-Block,No Control,Clear,Daylight,Dry,Non-Fatal Injury,Rear End,Driver,55 to 59,,South,Going Ahead,Driving Properly,,,,,,,,,Yes,,,,Yes,,,,,Casa Loma
421,Collector,Scarborough,Mid-Block,No Control,Clear,Dark,Dry,Fatal,SMV Other,Driver,25 to 29,Fatal,West,Going Ahead,Lost control,,,,,,,,,Yes,,,,Yes,,,,,Woburn North
1023,Major Arterial,Toronto and East York,Intersection,No Control,Clear,Daylight,Wet,Fatal,Pedestrian Collisions,Driver,50 to 54,,West,Going Ahead,Driving Properly,,,,,,,Yes,,,,,Yes,,,,,,Kensington-Chinatown
1339,Collector,North York,Mid-Block,No Control,Clear,Daylight,Dry,Non-Fatal Injury,Turning Movement,Driver,75 to 79,Minor,East,Going Ahead,Driving Properly,,,,,,,,,Yes,,,,Yes,,Yes,,,Flemingdon Park
1140,Major Arterial,Toronto and East York,Intersection,Traffic Signal,Clear,Daylight,Dry,Non-Fatal Injury,Pedestrian Collisions,Passenger,30 to 34,Minor,,,,,,,,,,Yes,,Yes,,,,Yes,,Yes,,,Yonge-Bay Corridor
1705,Major Arterial,Etobicoke York,Intersection,Traffic Signal,Rain,Daylight,Wet,Non-Fatal Injury,Turning Movement,Passenger,15 to 19,Major,,,,,,,,,,,,Yes,Yes,,,Yes,,Yes,,,Kingsview Village-The Westway
700,Collector,North York,Intersection,Stop Sign,Clear,Daylight,Dry,Fatal,Angle,Driver,25 to 29,Major,West,Going Ahead,Disobeyed Traffic Control,,,,,,,,,Yes,,,,Yes,Yes,Yes,,Yes,Newtonbrook West
639,Major Arterial,Scarborough,Intersection,Traffic Signal,Rain,Dawn,Wet,Non-Fatal Injury,Pedestrian Collisions,Driver,35 to 39,,East,Turning Left,Driving Properly,,,,,,,Yes,,Yes,,,,,,,,,Woburn North
2044,Minor Arterial,North York,Mid-Block,Pedestrian Crossover,Clear,Dark,Dry,Fatal,Pedestrian Collisions,Driver,40 to 44,,South,Going Ahead,Failed to Yield Right of Way,,,,,,,Yes,,Yes,,,,,,Yes,,,Yonge-Doris
421,Collector,Scarborough,Mid-Block,No Control,Clear,Dark,Dry,Fatal,SMV Other,Other Property Owner,unknown,,,,,,,,,,,,,Yes,,,,Yes,,,,,Woburn North
1740,Major Arterial,Toronto and East York,Mid-Block,No Control,Clear,Daylight,Dry,Non-Fatal Injury,Rear End,Driver,25 to 29,,South,Going Ahead,Driving Properly,,,,,,,,,Yes,,,,Yes,,,,,Casa Loma
1339,Collector,North York,Mid-Block,No Control,Clear,Daylight,Dry,Non-Fatal Injury,Turning Movement,Driver,40 to 44,,East,Making U Turn,Failed to Yield Right of Way,,,,,,,,,Yes,,,,Yes,,Yes,,,Flemingdon Park
1140,Major Arterial,Toronto and East York,Intersection,Traffic Signal,Clear,Daylight,Dry,Non-Fatal Injury,Pedestrian Collisions,Driver,25 to 29,,West,Going Ahead,Driving Properly,,,,,,,Yes,,Yes,,,,Yes,,Yes,,,Yonge-Bay Corridor
1705,Major Arterial,Etobicoke York,Intersection,Traffic Signal,Rain,Daylight,Wet,Non-Fatal Injury,Turning Movement,Motorcycle Driver,15 to 19,Major,West,Going Ahead,Driving Properly,,,,,,,,,Yes,Yes,,,Yes,,Yes,,,Kingsview Village-The Westway
850,Minor Arterial,Toronto and East York,Intersection,Stop Sign,Clear,Daylight,Dry,Non-Fatal Injury,Angle,Passenger,55 to 59,Major,,,,,,,,,,,,Yes,,,,Yes,,Yes,,,Casa Loma
639,Major Arterial,Scarborough,Intersection,Traffic Signal,Rain,Dawn,Wet,Non-Fatal Injury,Pedestrian Collisions,Pedestrian,20 to 24,Major,North,,,Vehicle turns left while ped crosses without ROW at inter.,Crossing without right of way,Unknown,,,,Yes,,Yes,,,,,,,,,Woburn North
2044,Minor Arterial,North York,Mid-Block,Pedestrian Crossover,Clear,Dark,Dry,Fatal,Pedestrian Collisions,Pedestrian,40 to 44,Fatal,West,,,Pedestrian hit a PXO/ped. Mid-block signal,"Crossing, Pedestrian Crossover",Normal,,,,Yes,,Yes,,,,,,Yes,,,Yonge-Doris
421,Collector,Scarborough,Mid-Block,No Control,Clear,Dark,Dry,Fatal,SMV Other,Other Property Owner,unknown,,,,,,,,,,,,,Yes,,,,Yes,,,,,Woburn North
2022,Major Arterial,Etobicoke York,,,Other,Dark,Other,Non-Fatal Injury,Pedestrian Collisions,Driver,25 to 29,,,Unknown,,,,,,,,Yes,,Yes,,,,,,,,,Pelmo Park-Humberlea
1705,Major Arterial,Etobicoke York,Intersection,Traffic Signal,Rain,Daylight,Wet,Non-Fatal Injury,Turning Movement,Driver,30 to 34,,East,Slowing or Stopping,Driving Properly,,,,,,,,,Yes,Yes,,,Yes,,Yes,,,Kingsview Village-The Westway
850,Minor Arterial,Toronto and East York,Intersection,Stop Sign,Clear,Daylight,Dry,Non-Fatal Injury,Angle,Passenger,30 to 34,Minimal,,,,,,,,,,,,Yes,,,,Yes,,Yes,,,Casa Loma
1140,Major Arterial,Toronto and East York,Intersection,Traffic Signal,Clear,Daylight,Dry,Non-Fatal Injury,Pedestrian Collisions,Driver,40 to 44,Minimal,East,Turning Left,Failed to Yield Right of Way,,,,,,,Yes,,Yes,,,,Yes,,Yes,,,Yonge-Bay Corridor
20,Major Arterial,Etobicoke York,Mid-Block,No Control,Clear,Dark,Dry,Non-Fatal Injury,SMV Unattended Vehicle,Passenger,25 to 29,Minor,,,,,,,,,,,,Yes,,,,Yes,,,,,New Toronto
845,Major Arterial,Etobicoke York,Intersection,Traffic Signal,Snow,Daylight,Wet,Non-Fatal Injury,Turning Movement,Driver,45 to 49,,North,Going Ahead,Driving Properly,,,,,,,,,Yes,,,,Yes,,,,,Rustic
1740,Major Arterial,Toronto and East York,Mid-Block,No Control,Clear,Daylight,Dry,Non-Fatal Injury,Rear End,Driver,40 to 44,,South,Stopped,Driving Properly,,,,,,,,,Yes,,,,Yes,,,,,Casa Loma
815,Major Arterial,Etobicoke York,Intersection,Traffic Signal,Clear,Daylight,Dry,Non-Fatal Injury,Pedestrian Collisions,Driver,45 to 49,,East,Going Ahead,Disobeyed Traffic Control,,,,,,,Yes,,Yes,,,,,,Yes,Yes,,Thistletown-Beaumond Heights
2022,Major Arterial,Etobicoke York,,,Other,Dark,Other,Non-Fatal Injury,Pedestrian Collisions,Pedestrian,unknown,Major,,Other,,,,,,,,Yes,,Yes,,,,,,,,,Pelmo Park-Humberlea
1140,Major Arterial,Toronto and East York,Intersection,Traffic Signal,Clear,Daylight,Dry,Non-Fatal Injury,Pedestrian Collisions,Other Property Owner,unknown,,,,,,,,,,,Yes,,Yes,,,,Yes,,Yes,,,Yonge-Bay Corridor
20,Major Arterial,Etobicoke York,Mid-Block,No Control,Clear,Dark,Dry,Non-Fatal Injury,SMV Unattended Vehicle,Driver,60 to 64,Major,West,Going Ahead,Lost control,,,,,,,,,Yes,,,,Yes,,,,,New Toronto
1705,Major Arterial,Etobicoke York,Intersection,Traffic Signal,Rain,Daylight,Wet,Non-Fatal Injury,Turning Movement,Driver,unknown,,East,Turning Left,Failed to Yield Right of Way,,,,,,,,,Yes,Yes,,,Yes,,Yes,,,Kingsview Village-The Westway
1740,Major Arterial,Toronto and East York,Mid-Block,No Control,Clear,Daylight,Dry,Non-Fatal Injury,Rear End,Driver,65 to 69,Major,South,Going Ahead,Lost control,,,,,,,,,Yes,,,,Yes,,,,,Casa Loma
815,Major Arterial,Etobicoke York,Intersection,Traffic Signal,Clear,Daylight,Dry,Non-Fatal Injury,Pedestrian Collisions,Pedestrian,70 to 74,Major,North,,,Vehicle is going straight thru inter.while ped cross with ROW,Crossing with right of way,Unknown,,,,Yes,,Yes,,,,,,Yes,Yes,,Thistletown-Beaumond Heights
845,Major Arterial,Etobicoke York,Intersection,Traffic Signal,Snow,Daylight,Wet,Non-Fatal Injury,Turning Movement,Vehicle Owner,unknown,,,,,,,,,,,,,Yes,,,,Yes,,,,,Rustic
850,Minor Arterial,Toronto and East York,Intersection,Stop Sign,Clear,Daylight,Dry,Non-Fatal Injury,Angle,Driver,30 to 34,,South,Going Ahead,Driving Properly,,,,,,,,,Yes,,,,Yes,,Yes,,,Casa Loma
2022,Major Arterial,Etobicoke York,Intersection,No Control,Clear,Dark,Dry,Non-Fatal Injury,Pedestrian Collisions,Driver,25 to 29,Minimal,South,Going Ahead,Driving Properly,,,,,,,Yes,,Yes,,,,,,,,,Pelmo Park-Humberlea
20,Major Arterial,Etobicoke York,Mid-Block,No Control,Clear,Dark,Dry,Non-Fatal Injury,SMV Unattended Vehicle,Vehicle Owner,unknown,,,,,,,,,,,,,Yes,,,,Yes,,,,,New Toronto
1047,Major Arterial,Toronto and East York,Intersection,Traffic Signal,Rain,Daylight,Wet,Non-Fatal Injury,Pedestrian Collisions,Driver,70 to 74,,West,Turning Left,Failed to Yield Right of Way,,,,,,,Yes,,Yes,,,,,,Yes,,,Old East York
1740,Major Arterial,Toronto and East York,Mid-Block,No Control,Clear,Daylight,Dry,Non-Fatal Injury,Rear End,Passenger,20 to 24,Minimal,,,,,,,,,,,,Yes,,,,Yes,,,,,Casa Loma
915,Major Arterial,Scarborough,Mid-Block,No Control,Clear,Daylight,Dry,Non-Fatal Injury,Pedestrian Collisions,Vehicle Owner,unknown,,,,,,,,,,,Yes,,,,,Yes,,,Yes,,,Tam O'Shanter-Sullivan
845,Major Arterial,Etobicoke York,Intersection,Traffic Signal,Snow,Daylight,Wet,Non-Fatal Injury,Turning Movement,Driver,30 to 34,Minor,South,Turning Left,Improper Turn,,,,,,,,,Yes,,,,Yes,,,,,Rustic
850,Minor Arterial,Toronto and East York,Intersection,Stop Sign,Clear,Daylight,Dry,Non-Fatal Injury,Angle,Driver,25 to 29,,West,Going Ahead,Failed to Yield Right of Way,,,,,,,,,Yes,,,,Yes,,Yes,,,Casa Loma
2022,Major Arterial,Etobicoke York,Intersection,No Control,Clear,Dark,Dry,Non-Fatal Injury,Pedestrian Collisions,Pedestrian,25 to 29,Major,North,,,Pedestrian hit at mid-block,Running onto Roadway,Other,,,,Yes,,Yes,,,,,,,,,Pelmo Park-Humberlea
1047,Major Arterial,Toronto and East York,Intersection,Traffic Signal,Rain,Daylight,Wet,Non-Fatal Injury,Pedestrian Collisions,Pedestrian,80 to 84,Major,East,,,Vehicle turns left while ped crosses with ROW at inter.,Crossing with right of way,Normal,,,,Yes,,Yes,,,,,,Yes,,,Old East York
1530,Major Arterial,North York,Mid-Block,No Control,Clear,Daylight,Dry,Non-Fatal Injury,Turning Movement,Motorcycle Driver,20 to 24,Major,North,Going Ahead,Driving Properly,,,,,,,,,Yes,Yes,,,,,,,,Newtonbrook West
1140,Major Arterial,Toronto and East York,Intersection,Traffic Signal,Clear,Daylight,Dry,Non-Fatal Injury,Pedestrian Collisions,Pedestrian,65 to 69,Major,East,,,Pedestrian hit on sidewalk or shoulder,On Sidewalk or Shoulder,Normal,,,,Yes,,Yes,,,,Yes,,Yes,,,Yonge-Bay Corridor
20,Major Arterial,Etobicoke York,Mid-Block,No Control,Clear,Dark,Dry,Non-Fatal Injury,SMV Unattended Vehicle,Vehicle Owner,unknown,,,,,,,,,,,,,Yes,,,,Yes,,,,,New Toronto
915,Major Arterial,Scarborough,Mid-Block,No Control,Clear,Daylight,Dry,Non-Fatal Injury,Pedestrian Collisions,Driver,60 to 64,,West,Pulling Away from Shoulder or Curb,Failed to Yield Right of Way,,,,,,,Yes,,,,,Yes,,,Yes,,,Tam O'Shanter-Sullivan
845,Major Arterial,Etobicoke York,Intersection,Traffic Signal,Snow,Daylight,Wet,Non-Fatal Injury,Turning Movement,Passenger,5 to 9,Major,,,,,,,,,,,,Yes,,,,Yes,,,,,Rustic
1740,Major Arterial,Toronto and East York,Mid-Block,No Control,Clear,Daylight,Dry,Non-Fatal Injury,Rear End,Driver,30 to 34,Minimal,South,Stopped,Driving Properly,,,,,,,,,Yes,,,,Yes,,,,,Casa Loma
1203,Major Arterial,North York,Intersection,Traffic Signal,Clear,Daylight,Dry,Non-Fatal Injury,Pedestrian Collisions,Vehicle Owner,unknown,,,,,,,,,,,Yes,,Yes,,,,,,Yes,,,Banbury-Don Mills
17,Major Arterial,Toronto and East York,Mid-Block,No Control,Rain,"Dark, artificial",Wet,Non-Fatal Injury,SMV Other,Passenger,20 to 24,Minor,,,,,,,,,,,,Yes,,,,Yes,Yes,Yes,,,South Parkdale
1956,Major Arterial,Toronto and East York,Intersection,No Control,Snow,Dark,Loose Snow,Non-Fatal Injury,Pedestrian Collisions,Truck Driver,40 to 44,,West,Going Ahead,Other,,,,,,,Yes,,,,Yes,,,,,,Yes,Wellington Place
915,Major Arterial,Scarborough,Mid-Block,No Control,Clear,Daylight,Dry,Non-Fatal Injury,Pedestrian Collisions,Pedestrian,85 to 89,Major,Unknown,,,Pedestrian involved in a collision with transit vehicle anywhere along roadway,Person Getting on/off Vehicle,Normal,,,,Yes,,,,,Yes,,,Yes,,,Tam O'Shanter-Sullivan
956,Major Arterial,Scarborough,Intersection,Traffic Signal,Clear,Daylight,Dry,Non-Fatal Injury,Pedestrian Collisions,Driver,55 to 59,,South,Turning Left,Improper Turn,,,,,,,Yes,,Yes,,,,,,,,,Steeles
1530,Major Arterial,North York,Mid-Block,No Control,Clear,Daylight,Dry,Non-Fatal Injury,Turning Movement,Driver,35 to 39,,South,Turning Left,Improper Turn,,,,,,,,,Yes,Yes,,,,,,,,Newtonbrook West
1445,Minor Arterial,Toronto and East York,Intersection,Traffic Signal,Clear,Daylight,Loose Snow,Non-Fatal Injury,Pedestrian Collisions,Driver,35 to 39,,West,Turning Left,Failed to Yield Right of Way,,,,,,,Yes,,Yes,,,,,,Yes,,,High Park North
35,Local,Etobicoke York,Intersection,No Control,Clear,Dark,Dry,Non-Fatal Injury,Pedestrian Collisions,Other,unknown,,West,Parked,,,,,,,,Yes,,Yes,,,,,,,,,Humber Summit
1203,Major Arterial,North York,Intersection,Traffic Signal,Clear,Daylight,Dry,Non-Fatal Injury,Pedestrian Collisions,Driver,65 to 69,,East,Turning Right,Failed to Yield Right of Way,,,,,,,Yes,,Yes,,,,,,Yes,,,Banbury-Don Mills
1956,Major Arterial,Toronto and East York,Intersection,No Control,Snow,Dark,Loose Snow,Non-Fatal Injury,Pedestrian Collisions,Vehicle Owner,unknown,,,,,,,,,,,Yes,,,,Yes,,,,,,Yes,Wellington Place
17,Major Arterial,Toronto and East York,Mid-Block,No Control,Rain,"Dark, artificial",Wet,Non-Fatal Injury,SMV Other,Driver,30 to 34,Major,East,Going Ahead,Speed too Fast For Condition,,,,,,,,,Yes,,,,Yes,Yes,Yes,,,South Parkdale
1130,Major Arterial,North York,Intersection,No Control,Clear,Daylight,Dry,Non-Fatal Injury,Turning Movement,Motorcycle Driver,25 to 29,Major,East,Going Ahead,Driving Properly,,,,,,,,,Yes,Yes,,,,,Yes,,,Oakdale-Beverley Heights
956,Major Arterial,Scarborough,Intersection,Traffic Signal,Clear,Daylight,Dry,Non-Fatal Injury,Pedestrian Collisions,Pedestrian,75 to 79,Major,North,,,Vehicle turns left while ped crosses with ROW at inter.,Crossing with right of way,Normal,,,,Yes,,Yes,,,,,,,,,Steeles
1445,Minor Arterial,Toronto and East York,Intersection,Traffic Signal,Clear,Daylight,Loose Snow,Non-Fatal Injury,Pedestrian Collisions,Pedestrian,80 to 84,Major,East,,,Vehicle turns left while ped crosses with ROW at inter.,Crossing with right of way,Normal,,,,Yes,,Yes,,,,,,Yes,,,High Park North