TIME,ROAD_CLASS,DISTRICT,LOCCOORD,TRAFFCTL,VISIBILITY,LIGHT,RDSFCOND,ACCLASS,IMPACTYPE,INVTYPE,INVAGE,INJURY,INITDIR,MANOEUVER,DRIVACT,PEDTYPE,PEDACT,PEDCOND,CYCLISTYPE,CYCACT,CYCCOND,PEDESTRIAN,CYCLIST,AUTOMOBILE,MOTORCYCLE,TRUCK,TRSN_CITY_VEH,PASSENGER,SPEEDING,AG_DRIV,REDLIGHT,ALCOHOL,NEIGHBOURHOOD_158
35,Local,Etobicoke York,Intersection,No Control,Clear,Dark,Dry,Non-Fatal Injury,Pedestrian Collisions,Driver,15 to 19,,West,Going Ahead,Other,,,,,,,Yes,,Yes,,,,,,,,,Humber Summit
1203,Major Arterial,North York,Intersection,Traffic Signal,Clear,Daylight,Dry,Non-Fatal Injury,Pedestrian Collisions,Pedestrian,80 to 84,Major,North,Other,,Vehicle turns right while ped crosses with ROW at inter.,Crossing with right of way,Normal,,,,Yes,,Yes,,,,,,Yes,,,Banbury-Don Mills
1956,Major Arterial,Toronto and East York,Intersection,No Control,Snow,Dark,Loose Snow,Non-Fatal Injury,Pedestrian Collisions,Pedestrian,55 to 59,Major,Unknown,,,Pedestrian hit at mid-block,Person Getting on/off Vehicle,Normal,,,,Yes,,,,Yes,,,,,,Yes,Wellington Place
17,Major Arterial,Toronto and East York,Mid-Block,No Control,Rain,"Dark, artificial",Wet,Non-Fatal Injury,SMV Other,Vehicle Owner,unknown,,,,,,,,,,,,,Yes,,,,Yes,Yes,Yes,,,South Parkdale
1130,Major Arterial,North York,Intersection,No Control,Clear,Daylight,Dry,Non-Fatal Injury,Turning Movement,Driver,75 to 79,,West,Turning Left,Improper Turn,,,,,,,,,Yes,Yes,,,,,Yes,,,Oakdale-Beverley Heights
858,Major Arterial,North York,Intersection,Traffic Signal,Clear,Daylight,Dry,Non-Fatal Injury,Pedestrian Collisions,Pedestrian,20 to 24,Major,North,,,Vehicle turns left while ped crosses with ROW at inter.,Crossing with right of way,Normal,,,,Yes,,Yes,,,,Yes,,Yes,,,Lawrence Park South
2255,Major Arterial,Toronto and East York,Intersection,Traffic Signal,Clear,Dark,Dry,Non-Fatal Injury,Rear End,Passenger,40 to 44,Minor,,,,,,,,,,,,Yes,,,,Yes,,Yes,,,Rosedale-Moore Park
845,Major Arterial,Scarborough,Intersection,Traffic Signal,Clear,Daylight,Dry,Non-Fatal Injury,Pedestrian Collisions,Vehicle Owner,unknown,,,,,,,,,,,Yes,,,,Yes,,,,,,,East L'Amoreaux
35,Local,Etobicoke York,Intersection,No Control,Clear,Dark,Dry,Non-Fatal Injury,Pedestrian Collisions,Pedestrian,15 to 19,Major,Unknown,,,Pedestrian hit at private driveway,Other,Had Been Drinking,,,,Yes,,Yes,,,,,,,,,Humber Summit
1840,Major Arterial,Etobicoke York,Intersection,Traffic Signal,Clear,Dark,Dry,Non-Fatal Injury,Pedestrian Collisions,Vehicle Owner,unknown,,,,,,,,,,,Yes,,Yes,,,,,,,,,Etobicoke City Centre
934,Major Arterial,Scarborough,Intersection,Traffic Signal,Rain,Daylight,Wet,Non-Fatal Injury,Rear End,Driver,45 to 49,Major,North,Going Ahead,Speed too Fast For Condition,,,,,,,,,Yes,,,,,Yes,Yes,,,East L'Amoreaux
334,Major Arterial,North York,Intersection,Traffic Signal,Snow,Dark,Packed Snow,Non-Fatal Injury,Angle,Passenger,35 to 39,Minimal,,,,,,,,,,,,Yes,,,Yes,Yes,,Yes,Yes,,Bedford Park-Nortown
858,Major Arterial,North York,Intersection,Traffic Signal,Clear,Daylight,Dry,Non-Fatal Injury,Pedestrian Collisions,Passenger,0 to 4,,,,,,,,,,,Yes,,Yes,,,,Yes,,Yes,,,Lawrence Park South
1855,Major Arterial,Toronto and East York,Mid-Block,No Control,Snow,Dark,Dry,Non-Fatal Injury,Pedestrian Collisions,Driver,35 to 39,,East,Going Ahead,Driving Properly,,,,,,,Yes,,Yes,,,,,,,,,High Park-Swansea
2255,Major Arterial,Toronto and East York,Intersection,Traffic Signal,Clear,Dark,Dry,Non-Fatal Injury,Rear End,Driver,40 to 44,Minor,East,Stopped,Driving Properly,,,,,,,,,Yes,,,,Yes,,Yes,,,Rosedale-Moore Park
845,Major Arterial,Scarborough,Intersection,Traffic Signal,Clear,Daylight,Dry,Non-Fatal Injury,Pedestrian Collisions,Truck Driver,55 to 59,,North,Going Ahead,Driving Properly,,,,,,,Yes,,,,Yes,,,,,,,East L'Amoreaux
1055,Major Arterial,Toronto and East York,Intersection,No Control,Clear,Daylight,Dry,Fatal,Pedestrian Collisions,Vehicle Owner,unknown,,,,,,,,,,,Yes,,,,,Yes,,,,,,Kensington-Chinatown
1840,Major Arterial,Etobicoke York,Intersection,Traffic Signal,Clear,Dark,Dry,Non-Fatal Injury,Pedestrian Collisions,Driver,45 to 49,,East,Going Ahead,Driving Properly,,,,,,,Yes,,Yes,,,,,,,,,Etobicoke City Centre
334,Major Arterial,North York,Intersection,Traffic Signal,Snow,Dark,Packed Snow,Non-Fatal Injury,Angle,Vehicle Owner,unknown,,,,,,,,,,,,,Yes,,,Yes,Yes,,Yes,Yes,,Bedford Park-Nortown
1055,Major Arterial,Toronto and East York,Intersection,No Control,Clear,Daylight,Dry,Fatal,Pedestrian Collisions,Driver,35 to 39,,North,Going Ahead,Driving Properly,,,,,,,Yes,,,,,Yes,,,,,,Kensington-Chinatown
934,Major Arterial,Scarborough,Intersection,Traffic Signal,Rain,Daylight,Wet,Non-Fatal Injury,Rear End,Driver,40 to 44,Minor,North,Stopped,Driving Properly,,,,,,,,,Yes,,,,,Yes,Yes,,,East L'Amoreaux
1855,Major Arterial,Toronto and East York,Mid-Block,No Control,Snow,Dark,Dry,Non-Fatal Injury,Pedestrian Collisions,Pedestrian,45 to 49,Major,North,,,Pedestrian hit at mid-block,"Crossing, no Traffic Control",Had Been Drinking,,,,Yes,,Yes,,,,,,,,,High Park-Swansea
845,Major Arterial,Scarborough,Intersection,Traffic Signal,Clear,Daylight,Dry,Non-Fatal Injury,Pedestrian Collisions,Vehicle Owner,unknown,,,,,,,,,,,Yes,,,,Yes,,,,,,,East L'Amoreaux
858,Major Arterial,North York,Intersection,Traffic Signal,Clear,Daylight,Dry,Non-Fatal Injury,Pedestrian Collisions,Driver,35 to 39,,South,Turning Left,Failed to Yield Right of Way,,,,,,,Yes,,Yes,,,,Yes,,Yes,,,Lawrence Park South
845,Major Arterial,Scarborough,Intersection,Traffic Signal,Clear,Daylight,Dry,Non-Fatal Injury,Pedestrian Collisions,Pedestrian,25 to 29,Major,West,,,Vehicle is going straight thru inter.while ped cross without ROW,Crossing without right of way,Inattentive,,,,Yes,,,,Yes,,,,,,,East L'Amoreaux
2255,Major Arterial,Toronto and East York,Intersection,Traffic Signal,Clear,Dark,Dry,Non-Fatal Injury,Rear End,Driver,40 to 44,Major,East,Stopped,Driving Properly,,,,,,,,,Yes,,,,Yes,,Yes,,,Rosedale-Moore Park
1840,Major Arterial,Etobicoke York,Intersection,Traffic Signal,Clear,Dark,Dry,Non-Fatal Injury,Pedestrian Collisions,Pedestrian,65 to 69,Major,South,,,Vehicle is going straight thru inter.while ped cross without ROW,Crossing without right of way,Unknown,,,,Yes,,Yes,,,,,,,,,Etobicoke City Centre
334,Major Arterial,North York,Intersection,Traffic Signal,Snow,Dark,Packed Snow,Non-Fatal Injury,Angle,Driver,25 to 29,Major,North,Going Ahead,Driving Properly,,,,,,,,,Yes,,,Yes,Yes,,Yes,Yes,,Bedford Park-Nortown
1055,Major Arterial,Toronto and East York,Intersection,No Control,Clear,Daylight,Dry,Fatal,Pedestrian Collisions,Pedestrian,80 to 84,Fatal,West,,,Pedestrian involved in a collision with transit vehicle anywhere along roadway,"Crossing, no Traffic Control",Unknown,,,,Yes,,,,,Yes,,,,,,Kensington-Chinatown
821,Major Arterial,Scarborough,Mid-Block,No Control,Clear,Daylight,Dry,Non-Fatal Injury,Pedestrian Collisions,Vehicle Owner,unknown,,,,,,,,,,,Yes,,Yes,,,,,,,,,NSA
2255,Major Arterial,Toronto and East York,Intersection,Traffic Signal,Clear,Dark,Dry,Non-Fatal Injury,Rear End,Driver,45 to 49,,East,Going Ahead,Following too Close,,,,,,,,,Yes,,,,Yes,,Yes,,,Rosedale-Moore Park
1245,Major Arterial,Toronto and East York,Intersection,Traffic Signal,Clear,Daylight,Wet,Non-Fatal Injury,Pedestrian Collisions,Driver,40 to 44,,West,Turning Left,Failed to Yield Right of Way,,,,,,,Yes,,Yes,,,,,,Yes,,,Old East York
1110,Major Arterial,Scarborough,Intersection,Stop Sign,Rain,Daylight,Wet,Non-Fatal Injury,Turning Movement,Vehicle Owner,unknown,,,,,,,,,,,,,Yes,,,,Yes,,,,,Scarborough Village
1100,Major Arterial,Scarborough,Intersection,Stop Sign,Clear,Daylight,Dry,Non-Fatal Injury,Turning Movement,Motorcycle Driver,70 to 74,Major,North,Turning Left,Failed to Yield Right of Way,,,,,,,,,Yes,Yes,,,,,Yes,,,Birchcliffe-Cliffside
334,Major Arterial,North York,Intersection,Traffic Signal,Snow,Dark,Packed Snow,Non-Fatal Injury,Angle,Vehicle Owner,unknown,,,,,,,,,,,,,Yes,,,Yes,Yes,,Yes,Yes,,Bedford Park-Nortown
821,Major Arterial,Scarborough,Mid-Block,No Control,Clear,Daylight,Dry,Non-Fatal Injury,Pedestrian Collisions,Driver,40 to 44,,South,Turning Left,Driving Properly,,,,,,,Yes,,Yes,,,,,,,,,NSA
203,Major Arterial,Etobicoke York,Intersection,No Control,Clear,Dark,Dry,Non-Fatal Injury,Rear End,Truck Driver,30 to 34,Minimal,North,Going Ahead,Driving Properly,,,,,,,,,Yes,,Yes,,,Yes,Yes,,,West Humber-Clairville
1050,Minor Arterial,Scarborough,Intersection,No Control,Clear,Daylight,Dry,Non-Fatal Injury,Rear End,Vehicle Owner,unknown,,,,,,,,,,,,,Yes,,,,,,,,,Kennedy Park
1230,Major Arterial,North York,Intersection,No Control,Clear,Daylight,Dry,Non-Fatal Injury,Pedestrian Collisions,Driver,45 to 49,,North,Going Ahead,Driving Properly,,,,,,,Yes,,Yes,,,,,,,,,St.Andrew-Windfields
1110,Major Arterial,Scarborough,Intersection,Stop Sign,Rain,Daylight,Wet,Non-Fatal Injury,Turning Movement,Driver,60 to 64,,North,Turning Left,Improper Turn,,,,,,,,,Yes,,,,Yes,,,,,Scarborough Village
1245,Major Arterial,Toronto and East York,Intersection,Traffic Signal,Clear,Daylight,Wet,Non-Fatal Injury,Pedestrian Collisions,Pedestrian,90 to 94,Major,East,,,Vehicle turns left while ped crosses with ROW at inter.,Crossing with right of way,Normal,,,,Yes,,Yes,,,,,,Yes,,,Old East York
1110,Major Arterial,Scarborough,Intersection,Stop Sign,Rain,Daylight,Wet,Non-Fatal Injury,Turning Movement,Passenger,70 to 74,Major,,,,,,,,,,,,Yes,,,,Yes,,,,,Scarborough Village
1100,Major Arterial,Scarborough,Intersection,Stop Sign,Clear,Daylight,Dry,Non-Fatal Injury,Turning Movement,Driver,70 to 74,,East,Going Ahead,Driving Properly,,,,,,,,,Yes,Yes,,,,,Yes,,,Birchcliffe-Cliffside
334,Major Arterial,North York,Intersection,Traffic Signal,Snow,Dark,Packed Snow,Non-Fatal Injury,Angle,Driver,45 to 49,,East,Going Ahead,Disobeyed Traffic Control,,,,,,,,,Yes,,,Yes,Yes,,Yes,Yes,,Bedford Park-Nortown
821,Major Arterial,Scarborough,Mid-Block,No Control,Clear,Daylight,Dry,Non-Fatal Injury,Pedestrian Collisions,Pedestrian,60 to 64,Major,East,,,Pedestrian hit at private driveway,On Sidewalk or Shoulder,Normal,,,,Yes,,Yes,,,,,,,,,NSA
203,Major Arterial,Etobicoke York,Intersection,No Control,Clear,Dark,Dry,Non-Fatal Injury,Rear End,Vehicle Owner,unknown,,,,,,,,,,,,,Yes,,Yes,,,Yes,Yes,,,West Humber-Clairville
1050,Minor Arterial,Scarborough,Intersection,No Control,Clear,Daylight,Dry,Non-Fatal Injury,Rear End,Driver,70 to 74,Minor,North,Going Ahead,Lost control,,,,,,,,,Yes,,,,,,,,,Kennedy Park
1230,Major Arterial,North York,Intersection,No Control,Clear,Daylight,Dry,Non-Fatal Injury,Pedestrian Collisions,Pedestrian,20 to 24,Major,West,Unknown,,Vehicle is going straight thru inter.while ped cross without ROW,"Crossing, no Traffic Control",Inattentive,,,,Yes,,Yes,,,,,,,,,St.Andrew-Windfields
1050,Minor Arterial,Scarborough,Intersection,No Control,Clear,Daylight,Dry,Non-Fatal Injury,Rear End,Driver,20 to 24,Major,North,Stopped,Driving Properly,,,,,,,,,Yes,,,,,,,,,Kennedy Park
1110,Major Arterial,Scarborough,Intersection,Stop Sign,Rain,Daylight,Wet,Non-Fatal Injury,Turning Movement,Vehicle Owner,unknown,,,,,,,,,,,,,Yes,,,,Yes,,,,,Scarborough Village
15,Collector,Toronto and East York,Mid-Block,No Control,Clear,Dark,Dry,Non-Fatal Injury,Pedestrian Collisions,Vehicle Owner,unknown,,,,,,,,,,,Yes,,Yes,,,,,Yes,Yes,,,Kensington-Chinatown
656,Collector,Etobicoke York,Mid-Block,Pedestrian Crossover,Clear,Dark,Wet,Non-Fatal Injury,Pedestrian Collisions,Driver,60 to 64,,South,Going Ahead,Disobeyed Traffic Control,,,,,,,Yes,,Yes,,,,,,Yes,,,Rockcliffe-Smythe
418,Minor Arterial,Etobicoke York,Mid-Block,No Control,Clear,Dark,Dry,Fatal,SMV Unattended Vehicle,Other,unknown,,South,Parked,,,,,,,,,,Yes,,,,,Yes,Yes,,,Weston
1620,Major Arterial,Etobicoke York,Intersection,No Control,Rain,Daylight,Wet,Non-Fatal Injury,Pedestrian Collisions,Driver,25 to 29,,North,Turning Left,Failed to Yield Right of Way,,,,,,,Yes,,Yes,,,,,,Yes,,,Rockcliffe-Smythe
1512,Major Arterial,Scarborough,Intersection,Traffic Signal,Clear,Daylight,Dry,Non-Fatal Injury,Pedestrian Collisions,Driver,60 to 64,,West,Turning Left,Failed to Yield Right of Way,,,,,,,Yes,,Yes,,,,,,Yes,,,Steeles
1538,Major Arterial,North York,Intersection,No Control,Rain,Daylight,Wet,Non-Fatal Injury,SMV Other,Moped Driver,45 to 49,Major,South,Going Ahead,Lost control,,,,,,,,Yes,,,,,,,,,,Lawrence Park South
203,Major Arterial,Etobicoke York,Intersection,No Control,Clear,Dark,Dry,Non-Fatal Injury,Rear End,Vehicle Owner,unknown,,,,,,,,,,,,,Yes,,Yes,,,Yes,Yes,,,West Humber-Clairville
1110,Major Arterial,Scarborough,Intersection,Stop Sign,Rain,Daylight,Wet,Non-Fatal Injury,Turning Movement,Driver,35 to 39,,East,Going Ahead,Driving Properly,,,,,,,,,Yes,,,,Yes,,,,,Scarborough Village
2239,Minor Arterial,Etobicoke York,Mid-Block,No Control,Clear,Dark,Dry,Non-Fatal Injury,Approaching,Driver,40 to 44,Major,North,Going Ahead,Driving Properly,,,,,,,,,Yes,,,,,,,,Yes,Kingsway South
1620,Major Arterial,Etobicoke York,Intersection,No Control,Rain,Daylight,Wet,Non-Fatal Injury,Pedestrian Collisions,Pedestrian,50 to 54,Major,Unknown,,,Vehicle turns left while ped crosses with ROW at inter.,"Crossing, no Traffic Control",Normal,,,,Yes,,Yes,,,,,,Yes,,,Rockcliffe-Smythe
418,Minor Arterial,Etobicoke York,Mid-Block,No Control,Clear,Dark,Dry,Fatal,SMV Unattended Vehicle,Vehicle Owner,unknown,,,,,,,,,,,,,Yes,,,,,Yes,Yes,,,Weston
1512,Major Arterial,Scarborough,Intersection,Traffic Signal,Clear,Daylight,Dry,Non-Fatal Injury,Pedestrian Collisions,Pedestrian,15 to 19,Major,East,,,Vehicle turns left while ped crosses with ROW at inter.,Crossing with right of way,Normal,,,,Yes,,Yes,,,,,,Yes,,,Steeles
656,Collector,Etobicoke York,Mid-Block,Pedestrian Crossover,Clear,Dark,Wet,Non-Fatal Injury,Pedestrian Collisions,Pedestrian,30 to 34,Major,West,,,Pedestrian hit a PXO/ped. Mid-block signal,"Crossing, Pedestrian Crossover",Normal,,,,Yes,,Yes,,,,,,Yes,,,Rockcliffe-Smythe
203,Major Arterial,Etobicoke York,Intersection,No Control,Clear,Dark,Dry,Non-Fatal Injury,Rear End,Driver,20 to 24,Major,North,Going Ahead,Exceeding Speed Limit,,,,,,,,,Yes,,Yes,,,Yes,Yes,,,West Humber-Clairville
1931,Major Arterial,Toronto and East York,Intersection,No Control,Clear,Daylight,Dry,Non-Fatal Injury,Pedestrian Collisions,Motorcycle Driver,45 to 49,Major,West,Going Ahead,Driving Properly,,,,,,,Yes,,,Yes,,,,,,,,Yonge-Bay Corridor
15,Collector,Toronto and East York,Mid-Block,No Control,Clear,Dark,Dry,Non-Fatal Injury,Pedestrian Collisions,Driver,15 to 19,,South,Going Ahead,Wrong Way on One Way Road,,,,,,,Yes,,Yes,,,,,Yes,Yes,,,Kensington-Chinatown
418,Minor Arterial,Etobicoke York,Mid-Block,No Control,Clear,Dark,Dry,Fatal,SMV Unattended Vehicle,Driver,25 to 29,Fatal,North,Going Ahead,Lost control,,,,,,,,,Yes,,,,,Yes,Yes,,,Weston
2239,Minor Arterial,Etobicoke York,Mid-Block,No Control,Clear,Dark,Dry,Non-Fatal Injury,Approaching,Vehicle Owner,unknown,,,,,,,,,,,,,Yes,,,,,,,,Yes,Kingsway South
2055,Major Arterial,Etobicoke York,Mid-Block,No Control,Clear,Dark,Dry,Non-Fatal Injury,SMV Other,Driver,40 to 44,Major,West,Going Ahead,Lost control,,,,,,,,,Yes,,,,,,,,,Glenfield-Jane Heights
203,Major Arterial,Etobicoke York,Intersection,No Control,Clear,Dark,Dry,Non-Fatal Injury,Rear End,Other,unknown,,,Unknown,,,,,,,,,,Yes,,Yes,,,Yes,Yes,,,West Humber-Clairville
2055,Major Arterial,Etobicoke York,Intersection,Traffic Signal,Clear,Dark,Dry,Non-Fatal Injury,Rear End,Driver,40 to 44,Major,West,Going Ahead,Lost control,,,,,,,,,Yes,,,,,,,,,Glenfield-Jane Heights
1931,Major Arterial,Toronto and East York,Intersection,No Control,Clear,Daylight,Dry,Non-Fatal Injury,Pedestrian Collisions,Pedestrian,35 to 39,Major,South,,,Vehicle is going straight thru inter.while ped cross without ROW,"Crossing, no Traffic Control",Inattentive,,,,Yes,,,Yes,,,,,,,,Yonge-Bay Corridor
15,Collector,Toronto and East York,Mid-Block,No Control,Clear,Dark,Dry,Non-Fatal Injury,Pedestrian Collisions,Pedestrian,45 to 49,Major,East,,,Pedestrian hit at mid-block,"Crossing, no Traffic Control",Had Been Drinking,,,,Yes,,Yes,,,,,Yes,Yes,,,Kensington-Chinatown
1025,Minor Arterial,Etobicoke York,Mid-Block,No Control,Snow,Daylight,Slush,Non-Fatal Injury,SMV Other,Passenger,15 to 19,Minor,,,,,,,,,,,,Yes,,,,Yes,Yes,Yes,,,Eringate-Centennial-West Deane
1738,Major Arterial,Scarborough,Mid-Block,No Control,Clear,Daylight,Dry,Non-Fatal Injury,Rear End,Driver,35 to 39,,South,Going Ahead,Driving Properly,,,,,,,,,Yes,,,,Yes,,Yes,,,Agincourt North
418,Minor Arterial,Etobicoke York,Mid-Block,No Control,Clear,Dark,Dry,Fatal,SMV Unattended Vehicle,Other Property Owner,unknown,,,,,,,,,,,,,Yes,,,,,Yes,Yes,,,Weston
2239,Minor Arterial,Etobicoke York,Mid-Block,No Control,Clear,Dark,Dry,Non-Fatal Injury,Approaching,Driver,20 to 24,Major,South,Going Ahead,Other,,,,,,,,,Yes,,,,,,,,Yes,Kingsway South
1820,Major Arterial,Toronto and East York,Mid-Block,No Control,Clear,Daylight,Dry,Non-Fatal Injury,Pedestrian Collisions,Pedestrian,20 to 24,Major,Unknown,,,Other / Undefined,Other,"Ability Impaired, Alcohol",,,,Yes,Yes,,,,,,,,,,Cabbagetown-South St.James Town
1128,Minor Arterial,Toronto and East York,Mid-Block,No Control,Clear,Daylight,Dry,Non-Fatal Injury,Turning Movement,Vehicle Owner,unknown,,,,,,,,,,,,,Yes,,,Yes,,,Yes,,,East End-Danforth
443,Minor Arterial,Toronto and East York,,No Control,Clear,Dark,Dry,Non-Fatal Injury,Other,Driver,35 to 39,Major,,Unknown,,,,,,,,,,Yes,,,,,,,,,South Parkdale
1123,Major Arterial,North York,Intersection,Traffic Signal,Clear,Daylight,Dry,Non-Fatal Injury,Pedestrian Collisions,Driver,75 to 79,,East,Going Ahead,Driving Properly,,,,,,,Yes,,Yes,,,,,,,,,Don Valley Village
2055,Major Arterial,Etobicoke York,Intersection,Traffic Signal,Clear,Dark,Dry,Non-Fatal Injury,Rear End,Driver,30 to 34,,West,Stopped,Driving Properly,,,,,,,,,Yes,,,,,,,,,Glenfield-Jane Heights
1738,Major Arterial,Scarborough,Mid-Block,No Control,Clear,Daylight,Dry,Non-Fatal Injury,Rear End,Passenger,20 to 24,Minor,,,,,,,,,,,,Yes,,,,Yes,,Yes,,,Agincourt North
1025,Minor Arterial,Etobicoke York,Mid-Block,No Control,Snow,Daylight,Slush,Non-Fatal Injury,SMV Other,Driver,45 to 49,Major,East,Going Ahead,Speed too Fast For Condition,,,,,,,,,Yes,,,,Yes,Yes,Yes,,,Eringate-Centennial-West Deane
558,Collector,North York,Intersection,Stop Sign,Clear,Daylight,Dry,Non-Fatal Injury,SMV Other,Vehicle Owner,unknown,,,,,,,,,,,,,Yes,,,,,,,,,Henry Farm
1820,Major Arterial,Toronto and East York,Mid-Block,No Control,Clear,Daylight,Dry,Non-Fatal Injury,Pedestrian Collisions,Cyclist,55 to 59,,East,Going Ahead,,,,,Cyclist strikes pedestrian.,Driving Properly,Unknown,Yes,Yes,,,,,,,,,,Cabbagetown-South St.James Town
1128,Minor Arterial,Toronto and East York,Mid-Block,No Control,Clear,Daylight,Dry,Non-Fatal Injury,Turning Movement,Driver,40 to 44,,North,Going Ahead,Driving Properly,,,,,,,,,Yes,,,Yes,,,Yes,,,East End-Danforth
2146,Major Arterial,Etobicoke York,Mid-Block,No Control,Clear,Dark,Dry,Non-Fatal Injury,Pedestrian Collisions,Pedestrian,65 to 69,Major,East,,,Pedestrian hit at mid-block,"Crossing, no Traffic Control",Inattentive,,,,Yes,,Yes,,,,,,,,Yes,Thistletown-Beaumond Heights
1123,Major Arterial,North York,Intersection,Traffic Signal,Clear,Daylight,Dry,Non-Fatal Injury,Pedestrian Collisions,Pedestrian,80 to 84,Major,North,,,Vehicle is going straight thru inter.while ped cross without ROW,Crossing without right of way,Normal,,,,Yes,,Yes,,,,,,,,,Don Valley Village
631,Major Arterial,Etobicoke York,Intersection,Traffic Signal,Clear,Dark,Dry,Non-Fatal Injury,Pedestrian Collisions,Driver,55 to 59,,North,Turning Right,Failed to Yield Right of Way,,,,,,,Yes,,Yes,,,,,,Yes,,,Pelmo Park-Humberlea
1738,Major Arterial,Scarborough,Mid-Block,No Control,Clear,Daylight,Dry,Non-Fatal Injury,Rear End,Passenger,15 to 19,Major,,,,,,,,,,,,Yes,,,,Yes,,Yes,,,Agincourt North
558,Collector,North York,Intersection,Stop Sign,Clear,Daylight,Dry,Non-Fatal Injury,SMV Other,Driver,30 to 34,Major,East,Going Ahead,Lost control,,,,,,,,,Yes,,,,,,,,,Henry Farm
2350,Major Arterial,Scarborough,Intersection,No Control,Clear,Dark,Dry,Non-Fatal Injury,Pedestrian Collisions,Driver,unknown,,West,Going Ahead,Driving Properly,,,,,,,Yes,,Yes,,,,,,,,,Birchcliffe-Cliffside
1128,Minor Arterial,Toronto and East York,Mid-Block,No Control,Clear,Daylight,Dry,Non-Fatal Injury,Turning Movement,Vehicle Owner,unknown,,,,,,,,,,,,,Yes,,,Yes,,,Yes,,,East End-Danforth
2000,Major Arterial,Toronto and East York,Intersection,No Control,Clear,Dusk,Dry,Non-Fatal Injury,Cyclist Collisions,Driver,70 to 74,,East,Going Ahead,Lost control,,,,,,,,Yes,Yes,,,,,,,,,Woodbine Corridor
1738,Major Arterial,Scarborough,Mid-Block,No Control,Clear,Daylight,Dry,Non-Fatal Injury,Rear End,Passenger,15 to 19,Minimal,,,,,,,,,,,,Yes,,,,Yes,,Yes,,,Agincourt North
2146,Major Arterial,Etobicoke York,Mid-Block,No Control,Clear,Dark,Dry,Non-Fatal Injury,Pedestrian Collisions,Driver,65 to 69,,North,Going Ahead,Other,,,,,,,Yes,,Yes,,,,,,,,Yes,Thistletown-Beaumond Heights
2005,Major Arterial,Etobicoke York,Intersection,Traffic Signal,Clear,Dark,Dry,Non-Fatal Injury,Rear End,Driver,70 to 74,Major,West,Going Ahead,Driving Properly,,,,,,,,,Yes,,,,,Yes,Yes,,,Junction Area
631,Major Arterial,Etobicoke York,Intersection,Traffic Signal,Clear,Dark,Dry,Non-Fatal Injury,Pedestrian Collisions,Pedestrian,20 to 24,Major,West,,,Vehicle turns right while ped crosses with ROW at inter.,Crossing with right of way,Normal,,,,Yes,,Yes,,,,,,Yes,,,Pelmo Park-Humberlea
2135,Major Arterial,Toronto and East York,Intersection,Traffic Signal,Rain,Dark,Wet,Non-Fatal Injury,Pedestrian Collisions,Driver,35 to 39,,East,Turning Right,Failed to Yield Right of Way,,,,,,,Yes,,Yes,,,,,,Yes,,,West Queen West
2000,Major Arterial,Toronto and East York,Intersection,No Control,Clear,Dusk,Dry,Non-Fatal Injury,Cyclist Collisions,Cyclist,20 to 24,Major,West,Going Ahead,,,,,Motorist loses control and strikes cyclist.,Driving Properly,Normal,,Yes,Yes,,,,,,,,,Woodbine Corridor
1128,Minor Arterial,Toronto and East York,Mid-Block,No Control,Clear,Daylight,Dry,Non-Fatal Injury,Turning Movement,Driver,45 to 49,Major,West,Turning Right,Failed to Yield Right of Way,,,,,,,,,Yes,,,Yes,,,Yes,,,East End-Danforth
2350,Major Arterial,Scarborough,Intersection,No Control,Clear,Dark,Dry,Non-Fatal Injury,Pedestrian Collisions,Pedestrian,50 to 54,Major,South,,,Vehicle is going straight thru inter.while ped cross without ROW,Crossing without right of way,Unknown,,,,Yes,,Yes,,,,,,,,,Birchcliffe-Cliffside
2005,Major Arterial,Etobicoke York,Intersection,Traffic Signal,Clear,Dark,Dry,Non-Fatal Injury,Rear End,Driver,55 to 59,,West,Going Ahead,Speed too Fast For Condition,,,,,,,,,Yes,,,,,Yes,Yes,,,Junction Area
1738,Major Arterial,Scarborough,Mid-Block,No Control,Clear,Daylight,Dry,Non-Fatal Injury,Rear End,Vehicle Owner,unknown,,,,,,,,,,,,,Yes,,,,Yes,,Yes,,,Agincourt North
1700,Collector,Scarborough,Mid-Block,No Control,Snow,Dark,Slush,Non-Fatal Injury,SMV Other,Driver,30 to 34,Major,West,Going Ahead,Lost control,,,,,,,,,Yes,,,,,Yes,Yes,,,Golfdale-Cedarbrae-Woburn
2146,Major Arterial,Etobicoke York,Mid-Block,No Control,Clear,Dark,Dry,Non-Fatal Injury,Pedestrian Collisions,Pedestrian,65 to 69,Major,East,,,Pedestrian hit at mid-block,"Crossing, no Traffic Control",Inattentive,,,,Yes,,Yes,,,,,,,,Yes,Thistletown-Beaumond Heights
2135,Major Arterial,Toronto and East York,Intersection,Traffic Signal,Rain,Dark,Wet,Non-Fatal Injury,Pedestrian Collisions,Pedestrian,25 to 29,Major,East,,,Vehicle turns right while ped crosses with ROW at inter.,Crossing with right of way,Normal,,,,Yes,,Yes,,,,,,Yes,,,West Queen West
2257,Major Arterial,Etobicoke York,Intersection,Traffic Signal,Rain,Dark,Wet,Non-Fatal Injury,Pedestrian Collisions,Vehicle Owner,unknown,,,,,,,,,,,Yes,,Yes,,,,,,,,,Edenbridge-Humber Valley