TIME,ROAD_CLASS,DISTRICT,LOCCOORD,TRAFFCTL,VISIBILITY,LIGHT,RDSFCOND,ACCLASS,IMPACTYPE,INVTYPE,INVAGE,INJURY,INITDIR,MANOEUVER,DRIVACT,PEDTYPE,PEDACT,PEDCOND,CYCLISTYPE,CYCACT,CYCCOND,PEDESTRIAN,CYCLIST,AUTOMOBILE,MOTORCYCLE,TRUCK,TRSN_CITY_VEH,PASSENGER,SPEEDING,AG_DRIV,REDLIGHT,ALCOHOL,NEIGHBOURHOOD_158
1945,Major Arterial,Toronto and East York,Intersection,No Control,Clear,"Dark, artificial",Dry,Non-Fatal Injury,Pedestrian Collisions,Vehicle Owner,unknown,,,,,,,,,,,Yes,,Yes,,,,,,,,,Yonge-Bay Corridor
1623,Major Arterial,Etobicoke York,Intersection,Traffic Signal,Clear,"Dusk, artificial",Dry,Non-Fatal Injury,Pedestrian Collisions,Driver,45 to 49,,West,Turning Right,Driving Properly,,,,,,,Yes,,,,,Yes,,,,,,Humbermede
1530,Major Arterial,North York,Intersection,Traffic Signal,Clear,Daylight,Dry,Non-Fatal Injury,Pedestrian Collisions,Driver,80 to 84,,West,Going Ahead,Driving Properly,,,,,,,Yes,,Yes,,,,,,,,,Flemingdon Park
1815,Major Arterial,Toronto and East York,Intersection,No Control,Clear,Daylight,Dry,Non-Fatal Injury,Turning Movement,Driver,35 to 39,,East,Going Ahead,Driving Properly,,,,,,,,,Yes,,,,,,Yes,,,Danforth
625,Minor Arterial,Toronto and East York,Intersection,Stop Sign,Clear,Dark,Dry,Non-Fatal Injury,Turning Movement,Motorcycle Driver,65 to 69,Major,North,Going Ahead,Driving Properly,,,,,,,,,Yes,Yes,,,,,Yes,,,Oakwood Village
1955,Major Arterial,Etobicoke York,Mid-Block,No Control,Clear,"Dark, artificial",Dry,Non-Fatal Injury,Turning Movement,Driver,35 to 39,,West,Turning Left,Failed to Yield Right of Way,,,,,,,,,Yes,Yes,,,,,Yes,,,Glenfield-Jane Heights
1958,Major Arterial,Toronto and East York,Intersection,Traffic Signal,Clear,"Dark, artificial",Dry,Non-Fatal Injury,Pedestrian Collisions,Driver,30 to 34,,East,Going Ahead,Driving Properly,,,,,,,Yes,,Yes,,,,,,,,,Fort York-Liberty Village
1623,Major Arterial,Etobicoke York,Intersection,Traffic Signal,Clear,"Dusk, artificial",Dry,Non-Fatal Injury,Pedestrian Collisions,Pedestrian,25 to 29,Major,West,,,Pedestrian involved in a collision with transit vehicle anywhere along roadway,Crossing without right of way,Normal,,,,Yes,,,,,Yes,,,,,,Humbermede
1945,Major Arterial,Toronto and East York,Intersection,No Control,Clear,"Dark, artificial",Dry,Non-Fatal Injury,Pedestrian Collisions,Driver,40 to 44,,South,Going Ahead,Driving Properly,,,,,,,Yes,,Yes,,,,,,,,,Yonge-Bay Corridor
1050,Major Arterial,Scarborough,Intersection,Traffic Signal,Clear,Daylight,Dry,Non-Fatal Injury,Angle,Passenger,75 to 79,Minimal,,,,,,,,,,,,Yes,,,,Yes,,Yes,Yes,,Woburn North
0,Local,Scarborough,Intersection,Stop Sign,Rain,Dark,Wet,Non-Fatal Injury,Cyclist Collisions,Vehicle Owner,unknown,,,Other,,,,,,,,,Yes,Yes,,,,,,,,,West Hill
240,Minor Arterial,Toronto and East York,Intersection,No Control,Clear,Dark,Dry,Non-Fatal Injury,SMV Unattended Vehicle,Vehicle Owner,unknown,,,,,,,,,,,,,Yes,,,,,,Yes,,,Downtown Yonge East
1620,Major Arterial,North York,Mid-Block,No Control,Clear,Daylight,Dry,Non-Fatal Injury,Angle,Driver,60 to 64,Major,North,Going Ahead,Driving Properly,,,,,,,,,Yes,,,,Yes,,,,,Bayview Village
1958,Major Arterial,Toronto and East York,Intersection,Traffic Signal,Clear,"Dark, artificial",Dry,Non-Fatal Injury,Pedestrian Collisions,Pedestrian,25 to 29,Major,Unknown,,,Vehicle is going straight thru inter.while ped cross without ROW,Running onto Roadway,Unknown,,,,Yes,,Yes,,,,,,,,,Fort York-Liberty Village
1050,Major Arterial,Scarborough,Intersection,Traffic Signal,Clear,Daylight,Dry,Non-Fatal Injury,Angle,Driver,45 to 49,Minimal,West,Going Ahead,Driving Properly,,,,,,,,,Yes,,,,Yes,,Yes,Yes,,Woburn North
240,Minor Arterial,Toronto and East York,Intersection,No Control,Clear,Dark,Dry,Non-Fatal Injury,SMV Unattended Vehicle,Driver,55 to 59,Major,North,Going Ahead,Lost control,,,,,,,,,Yes,,,,,,Yes,,,Downtown Yonge East
1438,Major Arterial,North York,Mid-Block,No Control,Clear,Daylight,Dry,Non-Fatal Injury,Rear End,Driver,65 to 69,Minimal,East,Slowing or Stopping,Driving Properly,,,,,,,,,Yes,,,,,,Yes,,,Bridle Path-Sunnybrook-York Mills
0,Local,Scarborough,Intersection,Stop Sign,Rain,Dark,Wet,Non-Fatal Injury,Cyclist Collisions,Driver,30 to 34,,West,Going Ahead,,,,,,,,,Yes,Yes,,,,,,,,,West Hill
625,Minor Arterial,Toronto and East York,Intersection,Stop Sign,Clear,Dark,Dry,Non-Fatal Injury,Turning Movement,Driver,35 to 39,,West,Turning Left,Failed to Yield Right of Way,,,,,,,,,Yes,Yes,,,,,Yes,,,Oakwood Village
1530,Major Arterial,North York,Intersection,Traffic Signal,Clear,Daylight,Dry,Non-Fatal Injury,Pedestrian Collisions,Vehicle Owner,unknown,,,,,,,,,,,Yes,,Yes,,,,,,,,,Flemingdon Park
1620,Major Arterial,North York,Mid-Block,No Control,Clear,Daylight,Dry,Non-Fatal Injury,Angle,Passenger,60 to 64,Minor,,,,,,,,,,,,Yes,,,,Yes,,,,,Bayview Village
1438,Major Arterial,North York,Mid-Block,No Control,Clear,Daylight,Dry,Non-Fatal Injury,Rear End,Vehicle Owner,unknown,,,,,,,,,,,,,Yes,,,,,,Yes,,,Bridle Path-Sunnybrook-York Mills
240,Minor Arterial,Toronto and East York,Intersection,No Control,Clear,Dark,Dry,Non-Fatal Injury,SMV Unattended Vehicle,Other,unknown,,North,Parked,,,,,,,,,,Yes,,,,,,Yes,,,Downtown Yonge East
1050,Major Arterial,Scarborough,Intersection,Traffic Signal,Clear,Daylight,Dry,Non-Fatal Injury,Angle,Driver,75 to 79,Major,South,Going Ahead,Disobeyed Traffic Control,,,,,,,,,Yes,,,,Yes,,Yes,Yes,,Woburn North
0,Local,Scarborough,Intersection,Stop Sign,Rain,Dark,Wet,Non-Fatal Injury,Cyclist Collisions,Cyclist,50 to 54,Major,South,Turning Left,,,,,,,,,Yes,Yes,,,,,,,,,West Hill
1610,Major Arterial,Toronto and East York,Intersection,Stop Sign,Clear,Daylight,Dry,Non-Fatal Injury,Turning Movement,Motorcycle Driver,65 to 69,Major,West,Going Ahead,Driving Properly,,,,,,,,,Yes,Yes,,,,,Yes,,,Little Portugal
1945,Major Arterial,Toronto and East York,Intersection,No Control,Clear,"Dark, artificial",Dry,Non-Fatal Injury,Pedestrian Collisions,Driver,40 to 44,,North,Stopped,Driving Properly,,,,,,,Yes,,Yes,,,,,,,,,Yonge-Bay Corridor
1050,Major Arterial,Scarborough,Intersection,Traffic Signal,Clear,Daylight,Dry,Non-Fatal Injury,Angle,Driver,60 to 64,Minimal,East,Going Ahead,Driving Properly,,,,,,,,,Yes,,,,Yes,,Yes,Yes,,Woburn North
1530,Major Arterial,North York,Intersection,Traffic Signal,Clear,Daylight,Dry,Non-Fatal Injury,Pedestrian Collisions,Driver,45 to 49,,West,Going Ahead,Driving Properly,,,,,,,Yes,,Yes,,,,,,,,,Flemingdon Park
1214,Major Arterial,Toronto and East York,Intersection,No Control,Rain,Daylight,Wet,Non-Fatal Injury,Pedestrian Collisions,Driver,60 to 64,,North,Going Ahead,Driving Properly,,,,,,,Yes,,Yes,,,,,,,,,Yonge-Eglinton
2122,Major Arterial,Toronto and East York,Intersection,No Control,Clear,Dark,Dry,Non-Fatal Injury,Turning Movement,Passenger,35 to 39,Major,,,,,,,,,,,,Yes,Yes,,,Yes,,Yes,,,University
1610,Major Arterial,Toronto and East York,Intersection,Stop Sign,Clear,Daylight,Dry,Non-Fatal Injury,Turning Movement,Vehicle Owner,unknown,,,,,,,,,,,,,Yes,Yes,,,,,Yes,,,Little Portugal
1945,Major Arterial,Toronto and East York,Intersection,No Control,Clear,"Dark, artificial",Dry,Non-Fatal Injury,Pedestrian Collisions,Pedestrian,20 to 24,Major,West,,,Pedestrian hit at mid-block,"Crossing, no Traffic Control",Had Been Drinking,,,,Yes,,Yes,,,,,,,,,Yonge-Bay Corridor
1050,Major Arterial,Scarborough,Intersection,Traffic Signal,Clear,Daylight,Dry,Non-Fatal Injury,Angle,Driver,60 to 64,Minimal,West,Going Ahead,Driving Properly,,,,,,,,,Yes,,,,Yes,,Yes,Yes,,Woburn North
1214,Major Arterial,Toronto and East York,Intersection,No Control,Rain,Daylight,Wet,Non-Fatal Injury,Pedestrian Collisions,In-Line Skater,15 to 19,Major,West,,,Vehicle is going straight thru inter.while ped cross without ROW,Running onto Roadway,Normal,,,,Yes,,Yes,,,,,,,,,Yonge-Eglinton
1530,Major Arterial,North York,Intersection,Traffic Signal,Clear,Daylight,Dry,Non-Fatal Injury,Pedestrian Collisions,Pedestrian,10 to 14,Major,South,,,Pedestrian hit at mid-block,"Crossing, no Traffic Control",Inattentive,,,,Yes,,Yes,,,,,,,,,Flemingdon Park
1438,Major Arterial,North York,Mid-Block,No Control,Clear,Daylight,Dry,Non-Fatal Injury,Rear End,Driver,60 to 64,,East,Slowing or Stopping,Driving Properly,,,,,,,,,Yes,,,,,,Yes,,,Bridle Path-Sunnybrook-York Mills
312,Major Arterial,North York,Intersection,Traffic Signal,Clear,"Dark, artificial",Dry,Non-Fatal Injury,Turning Movement,Driver,25 to 29,Major,North,Going Ahead,Driving Properly,,,,,,,,,Yes,,,,,,,,,Yonge-Doris
1620,Major Arterial,North York,Mid-Block,No Control,Clear,Daylight,Dry,Non-Fatal Injury,Angle,Driver,75 to 79,Minor,East,Going Ahead,Lost control,,,,,,,,,Yes,,,,Yes,,,,,Bayview Village
2122,Major Arterial,Toronto and East York,Intersection,No Control,Clear,Dark,Dry,Non-Fatal Injury,Turning Movement,Motorcycle Driver,30 to 34,Major,North,Going Ahead,Driving Properly,,,,,,,,,Yes,Yes,,,Yes,,Yes,,,University
312,Major Arterial,North York,Intersection,Traffic Signal,Clear,"Dark, artificial",Dry,Non-Fatal Injury,Turning Movement,Other Property Owner,unknown,,,,,,,,,,,,,Yes,,,,,,,,,Yonge-Doris
1135,Major Arterial,North York,Intersection,No Control,Clear,Daylight,Dry,Fatal,Pedestrian Collisions,Driver,50 to 54,,West,Going Ahead,Lost control,,,,,,,Yes,,Yes,,,,,,,,,Westminster-Branson
1438,Major Arterial,North York,Mid-Block,No Control,Clear,Daylight,Dry,Non-Fatal Injury,Rear End,Driver,65 to 69,Major,East,Going Ahead,Following too Close,,,,,,,,,Yes,,,,,,Yes,,,Bridle Path-Sunnybrook-York Mills
1300,Major Arterial,Toronto and East York,,No Control,Clear,Daylight,Other,Non-Fatal Injury,Pedestrian Collisions,Driver,unknown,,,Going Ahead,,,,,,,,Yes,,Yes,,,,,,,,,High Park North
1135,Major Arterial,North York,Intersection,No Control,Clear,Daylight,Dry,Fatal,Pedestrian Collisions,Pedestrian,75 to 79,Major,East,,,Pedestrian hit on sidewalk or shoulder,On Sidewalk or Shoulder,Normal,,,,Yes,,Yes,,,,,,,,,Westminster-Branson
1725,Major Arterial,Toronto and East York,Mid-Block,No Control,Drifting Snow,"Dusk, artificial",Dry,Non-Fatal Injury,Pedestrian Collisions,Truck Driver,65 to 69,,North,Going Ahead,Driving Properly,,,,,,,Yes,,,,Yes,,,,,,,St Lawrence-East Bayfront-The Islands
1742,Local,Etobicoke York,Intersection,No Control,Clear,"Daylight, artificial",Dry,Non-Fatal Injury,SMV Other,Other Property Owner,unknown,,,,,,,,,,,,,,Yes,,,,Yes,Yes,,,Weston
1620,Major Arterial,North York,Mid-Block,No Control,Clear,Daylight,Dry,Non-Fatal Injury,Angle,Other Property Owner,unknown,,,,,,,,,,,,,Yes,,,,Yes,,,,,Bayview Village
2000,Major Arterial,Scarborough,Mid-Block,No Control,Clear,Dark,Wet,Non-Fatal Injury,Pedestrian Collisions,Driver,35 to 39,,West,Going Ahead,Driving Properly,,,,,,,Yes,,Yes,,,,,,,,,Eglinton East
312,Major Arterial,North York,Intersection,Traffic Signal,Clear,"Dark, artificial",Dry,Non-Fatal Injury,Turning Movement,Driver,unknown,,West,Turning Right,Improper Turn,,,,,,,,,Yes,,,,,,,,,Yonge-Doris
2122,Major Arterial,Toronto and East York,Intersection,No Control,Clear,Dark,Dry,Non-Fatal Injury,Turning Movement,Driver,45 to 49,,North,Making U Turn,Failed to Yield Right of Way,,,,,,,,,Yes,Yes,,,Yes,,Yes,,,University
1610,Major Arterial,Toronto and East York,Intersection,Stop Sign,Clear,Daylight,Dry,Non-Fatal Injury,Turning Movement,Driver,15 to 19,,South,Turning Right,Failed to Yield Right of Way,,,,,,,,,Yes,Yes,,,,,Yes,,,Little Portugal
1300,Major Arterial,Toronto and East York,,No Control,Clear,Daylight,Other,Non-Fatal Injury,Pedestrian Collisions,Pedestrian,unknown,Major,,Other,,,,,,,,Yes,,Yes,,,,,,,,,High Park North
1400,Major Arterial,Toronto and East York,Intersection,Stop Sign,Clear,Daylight,Dry,Non-Fatal Injury,Pedestrian Collisions,Pedestrian,85 to 89,Major,East,,,Vehicle turns left while ped crosses without ROW at inter.,Crossing without right of way,Inattentive,,,,Yes,,Yes,,,,,,,,,Bay-Cloverhill
2000,Major Arterial,Scarborough,Mid-Block,No Control,Clear,Dark,Wet,Non-Fatal Injury,Pedestrian Collisions,Pedestrian,35 to 39,Major,Unknown,,,Pedestrian hit at mid-block,"Crossing, no Traffic Control",Normal,,,,Yes,,Yes,,,,,,,,,Eglinton East
1354,Minor Arterial,Scarborough,Mid-Block,No Control,Rain,Daylight,Wet,Non-Fatal Injury,Cyclist Collisions,Driver,35 to 39,,North,Slowing or Stopping,Failed to Yield Right of Way,,,,,,,,Yes,Yes,,,,,,Yes,,,West Hill
1742,Local,Etobicoke York,Intersection,No Control,Clear,"Daylight, artificial",Dry,Non-Fatal Injury,SMV Other,Motorcycle Driver,20 to 24,Major,West,Going Ahead,Lost control,,,,,,,,,,Yes,,,,Yes,Yes,,,Weston
1135,Major Arterial,North York,Intersection,No Control,Clear,Daylight,Dry,Fatal,Pedestrian Collisions,Pedestrian,85 to 89,Fatal,East,,,Pedestrian hit on sidewalk or shoulder,On Sidewalk or Shoulder,Normal,,,,Yes,,Yes,,,,,,,,,Westminster-Branson
1725,Major Arterial,Toronto and East York,Mid-Block,No Control,Drifting Snow,"Dusk, artificial",Dry,Non-Fatal Injury,Pedestrian Collisions,Pedestrian,45 to 49,Major,West,,,Pedestrian hit at mid-block,"Crossing, no Traffic Control",Unknown,,,,Yes,,,,Yes,,,,,,,St Lawrence-East Bayfront-The Islands
1830,Major Arterial,Etobicoke York,Intersection,Traffic Signal,Clear,Dusk,Dry,Non-Fatal Injury,Pedestrian Collisions,Vehicle Owner,unknown,,,Unknown,,,,,,,,Yes,,Yes,,,,Yes,,Yes,Yes,,York University Heights
712,Major Arterial,Etobicoke York,Intersection,Traffic Signal,Clear,Dawn,Dry,Non-Fatal Injury,Pedestrian Collisions,Vehicle Owner,unknown,,,,,,,,,,,Yes,,Yes,,,,,,Yes,,,Oakdale-Beverley Heights
1635,Major Arterial,Scarborough,Intersection,No Control,Rain,"Dark, artificial",Wet,Non-Fatal Injury,Pedestrian Collisions,Driver,65 to 69,,South,Going Ahead,Driving Properly,,,,,,,Yes,,Yes,,,,,,,,,Steeles
1400,Major Arterial,Toronto and East York,Intersection,Stop Sign,Clear,Daylight,Dry,Non-Fatal Injury,Pedestrian Collisions,Vehicle Owner,unknown,,,,,,,,,,,Yes,,Yes,,,,,,,,,Bay-Cloverhill
1850,Major Arterial,Etobicoke York,Intersection,No Control,Clear,"Dark, artificial",Dry,Non-Fatal Injury,Rear End,Driver,40 to 44,,East,Going Ahead,Driving Properly,,,,,,,,,Yes,,,,Yes,,Yes,,,NSA
1354,Minor Arterial,Scarborough,Mid-Block,No Control,Rain,Daylight,Wet,Non-Fatal Injury,Cyclist Collisions,Cyclist,35 to 39,Major,East,Going Ahead,,,,,"Motorist without ROW drives into path of cyclist at inter, lnwy, dwy-Driver not turn.",Driving Properly,Other,,Yes,Yes,,,,,,Yes,,,West Hill
1905,Minor Arterial,North York,Intersection,Stop Sign,Clear,Daylight,Dry,Non-Fatal Injury,Pedestrian Collisions,Vehicle Owner,unknown,,,,,,,,,,,Yes,,Yes,,,,,,,,,East Willowdale
1830,Major Arterial,Etobicoke York,Intersection,Traffic Signal,Clear,Dusk,Dry,Non-Fatal Injury,Pedestrian Collisions,Passenger,20 to 24,Minor,,,,,,,,,,Yes,,Yes,,,,Yes,,Yes,Yes,,York University Heights
2229,Major Arterial,Scarborough,Mid-Block,No Control,Clear,Dark,Dry,Fatal,Pedestrian Collisions,Passenger,40 to 44,,,,,,,,,,,Yes,,Yes,,,,Yes,,,,,East L'Amoreaux
1400,Major Arterial,Toronto and East York,Intersection,Stop Sign,Clear,Daylight,Dry,Non-Fatal Injury,Pedestrian Collisions,Driver,50 to 54,,East,Turning Left,Improper Turn,,,,,,,Yes,,Yes,,,,,,,,,Bay-Cloverhill
1635,Major Arterial,Scarborough,Intersection,No Control,Rain,"Dark, artificial",Wet,Non-Fatal Injury,Pedestrian Collisions,Pedestrian,45 to 49,Major,West,,,Vehicle is going straight thru inter.while ped cross without ROW,"Crossing, no Traffic Control",Inattentive,,,,Yes,,Yes,,,,,,,,,Steeles
712,Major Arterial,Etobicoke York,Intersection,Traffic Signal,Clear,Dawn,Dry,Non-Fatal Injury,Pedestrian Collisions,Driver,65 to 69,,South,Turning Right,Failed to Yield Right of Way,,,,,,,Yes,,Yes,,,,,,Yes,,,Oakdale-Beverley Heights
1850,Major Arterial,Etobicoke York,Intersection,No Control,Clear,"Dark, artificial",Dry,Non-Fatal Injury,Rear End,Driver,35 to 39,Minimal,West,Going Ahead,Following too Close,,,,,,,,,Yes,,,,Yes,,Yes,,,NSA
1450,Collector,Scarborough,Intersection,Traffic Signal,Clear,Daylight,Dry,Non-Fatal Injury,Turning Movement,Passenger,15 to 19,Minor,,,,,,,,,,,,Yes,,,,Yes,,Yes,,,Woburn North
940,Collector,Scarborough,Intersection,Stop Sign,Clear,Daylight,Dry,Non-Fatal Injury,Pedestrian Collisions,Vehicle Owner,unknown,,,,,,,,,,,Yes,,Yes,,,,,,Yes,,,Milliken
1905,Minor Arterial,North York,Intersection,Stop Sign,Clear,Daylight,Dry,Non-Fatal Injury,Pedestrian Collisions,Driver,25 to 29,,,Turning Left,,,,,,,,Yes,,Yes,,,,,,,,,East Willowdale
1830,Major Arterial,Etobicoke York,Intersection,Traffic Signal,Clear,Dusk,Dry,Non-Fatal Injury,Pedestrian Collisions,Driver,20 to 24,,South,Going Ahead,Disobeyed Traffic Control,,,,,,,Yes,,Yes,,,,Yes,,Yes,Yes,,York University Heights
2229,Major Arterial,Scarborough,Mid-Block,No Control,Clear,Dark,Dry,Fatal,Pedestrian Collisions,Driver,45 to 49,,South,Going Ahead,Driving Properly,,,,,,,Yes,,Yes,,,,Yes,,,,,East L'Amoreaux
1804,Major Arterial,North York,Intersection,Traffic Signal,Clear,"Dusk, artificial",Dry,Non-Fatal Injury,Rear End,Vehicle Owner,unknown,,,,,,,,,,,,,Yes,,,,Yes,,,,,Don Valley Village
1746,Major Arterial,North York,Intersection,Traffic Signal,Rain,"Dark, artificial",Wet,Non-Fatal Injury,Pedestrian Collisions,Driver,40 to 44,,North,Turning Left,Failed to Yield Right of Way,,,,,,,Yes,,Yes,,,,,,Yes,,,York University Heights
1850,Major Arterial,Etobicoke York,Intersection,No Control,Clear,"Dark, artificial",Dry,Non-Fatal Injury,Rear End,Passenger,10 to 14,Minimal,,,,,,,,,,,,Yes,,,,Yes,,Yes,,,NSA
1450,Collector,Scarborough,Intersection,Traffic Signal,Clear,Daylight,Dry,Non-Fatal Injury,Turning Movement,Vehicle Owner,unknown,,,,,,,,,,,,,Yes,,,,Yes,,Yes,,,Woburn North
940,Collector,Scarborough,Intersection,Stop Sign,Clear,Daylight,Dry,Non-Fatal Injury,Pedestrian Collisions,Driver,55 to 59,,South,Turning Left,Failed to Yield Right of Way,,,,,,,Yes,,Yes,,,,,,Yes,,,Milliken
1905,Minor Arterial,North York,Intersection,Stop Sign,Clear,Daylight,Dry,Non-Fatal Injury,Pedestrian Collisions,Pedestrian,unknown,Major,,Other,,,,,,,,Yes,,Yes,,,,,,,,,East Willowdale
1830,Major Arterial,Etobicoke York,Intersection,Traffic Signal,Clear,Dusk,Dry,Non-Fatal Injury,Pedestrian Collisions,Driver,65 to 69,Minor,North,Turning Left,Disobeyed Traffic Control,,,,,,,Yes,,Yes,,,,Yes,,Yes,Yes,,York University Heights
1850,Major Arterial,Etobicoke York,Intersection,No Control,Clear,"Dark, artificial",Dry,Non-Fatal Injury,Rear End,Passenger,5 to 9,Minimal,,,,,,,,,,,,Yes,,,,Yes,,Yes,,,NSA
1804,Major Arterial,North York,Intersection,Traffic Signal,Clear,"Dusk, artificial",Dry,Non-Fatal Injury,Rear End,Driver,75 to 79,Major,West,Going Ahead,Lost control,,,,,,,,,Yes,,,,Yes,,,,,Don Valley Village
2229,Major Arterial,Scarborough,Mid-Block,No Control,Clear,Dark,Dry,Fatal,Pedestrian Collisions,Vehicle Owner,unknown,,,,,,,,,,,Yes,,Yes,,,,Yes,,,,,East L'Amoreaux
712,Major Arterial,Etobicoke York,Intersection,Traffic Signal,Clear,Dawn,Dry,Non-Fatal Injury,Pedestrian Collisions,Pedestrian,45 to 49,Major,South,,,Vehicle turns right while ped crosses with ROW at inter.,Crossing with right of way,Normal,,,,Yes,,Yes,,,,,,Yes,,,Oakdale-Beverley Heights
1746,Major Arterial,North York,Intersection,Traffic Signal,Rain,"Dark, artificial",Wet,Non-Fatal Injury,Pedestrian Collisions,Pedestrian,65 to 69,Major,South,,,Vehicle turns left while ped crosses with ROW at inter.,Crossing with right of way,Normal,,,,Yes,,Yes,,,,,,Yes,,,York University Heights
940,Collector,Scarborough,Intersection,Stop Sign,Clear,Daylight,Dry,Non-Fatal Injury,Pedestrian Collisions,Pedestrian,50 to 54,Minor,North,,,Vehicle turns left while ped crosses with ROW at inter.,Crossing with right of way,Normal,,,,Yes,,Yes,,,,,,Yes,,,Milliken
1450,Collector,Scarborough,Intersection,Traffic Signal,Clear,Daylight,Dry,Non-Fatal Injury,Turning Movement,Driver,15 to 19,Minor,South,Turning Left,Failed to Yield Right of Way,,,,,,,,,Yes,,,,Yes,,Yes,,,Woburn North
1905,Minor Arterial,North York,Intersection,Stop Sign,Clear,Dusk,Dry,Non-Fatal Injury,Pedestrian Collisions,Vehicle Owner,unknown,,,,,,,,,,,Yes,,Yes,,,,,,,,,East Willowdale
1850,Major Arterial,Etobicoke York,Intersection,No Control,Clear,"Dark, artificial",Dry,Non-Fatal Injury,Rear End,Passenger,60 to 64,,,,,,,,,,,,,Yes,,,,Yes,,Yes,,,NSA
1830,Major Arterial,Etobicoke York,Intersection,Traffic Signal,Clear,Dusk,Dry,Non-Fatal Injury,Pedestrian Collisions,Pedestrian,50 to 54,Major,Unknown,,,Pedestrian hit on sidewalk or shoulder,On Sidewalk or Shoulder,Unknown,,,,Yes,,Yes,,,,Yes,,Yes,Yes,,York University Heights
1804,Major Arterial,North York,Intersection,Traffic Signal,Clear,"Dusk, artificial",Dry,Non-Fatal Injury,Rear End,Passenger,45 to 49,Minor,,,,,,,,,,,,Yes,,,,Yes,,,,,Don Valley Village
2229,Major Arterial,Scarborough,Mid-Block,No Control,Clear,Dark,Dry,Fatal,Pedestrian Collisions,Driver,25 to 29,,South,Going Ahead,Driving Properly,,,,,,,Yes,,Yes,,,,Yes,,,,,East L'Amoreaux
1450,Major Arterial,Toronto and East York,Mid-Block,No Control,Clear,Daylight,Dry,Non-Fatal Injury,Pedestrian Collisions,Driver,70 to 74,,North,Turning Left,Failed to Yield Right of Way,,,,,,,Yes,,Yes,,,,,,Yes,,,East End-Danforth
1900,Major Arterial,Scarborough,Intersection,Traffic Signal,Rain,"Dusk, artificial",Wet,Non-Fatal Injury,Pedestrian Collisions,Driver,unknown,,East,Going Ahead,Failed to Yield Right of Way,,,,,,,Yes,,Yes,,,,,,Yes,,,Morningside Heights
940,Collector,Scarborough,Intersection,Stop Sign,Clear,Daylight,Dry,Non-Fatal Injury,Pedestrian Collisions,Pedestrian,50 to 54,Major,North,,,Vehicle turns left while ped crosses with ROW at inter.,Crossing with right of way,Normal,,,,Yes,,Yes,,,,,,Yes,,,Milliken
1147,Major Arterial,North York,Mid-Block,No Control,Clear,Daylight,Dry,Non-Fatal Injury,Pedestrian Collisions,Motorcycle Driver,30 to 34,,South,Going Ahead,Driving Properly,,,,,,,Yes,,,Yes,,,,,,,,Bedford Park-Nortown
1905,Minor Arterial,North York,Intersection,Stop Sign,Clear,Dusk,Dry,Non-Fatal Injury,Pedestrian Collisions,Driver,20 to 24,,East,Turning Left,Driving Properly,,,,,,,Yes,,Yes,,,,,,,,,East Willowdale
708,Major Arterial,Scarborough,Mid-Block,No Control,Clear,Daylight,Wet,Non-Fatal Injury,Pedestrian Collisions,Vehicle Owner,unknown,,,,,,,,,,,Yes,,Yes,,,,,,,,,Agincourt South-Malvern West
1900,Major Arterial,Scarborough,Intersection,Traffic Signal,Rain,"Dusk, artificial",Wet,Non-Fatal Injury,Pedestrian Collisions,Pedestrian,25 to 29,Major,North,,,Vehicle is going straight thru inter.while ped cross with ROW,Crossing with right of way,Normal,,,,Yes,,Yes,,,,,,Yes,,,Morningside Heights
2229,Major Arterial,Scarborough,Mid-Block,No Control,Clear,Dark,Dry,Fatal,Pedestrian Collisions,Pedestrian,60 to 64,Fatal,West,,,Pedestrian hit at mid-block,"Crossing, no Traffic Control",Unknown,,,,Yes,,Yes,,,,Yes,,,,,East L'Amoreaux
1450,Major Arterial,Toronto and East York,Mid-Block,No Control,Clear,Daylight,Dry,Non-Fatal Injury,Pedestrian Collisions,Pedestrian,70 to 74,Major,South,,,Pedestrian hit at mid-block,"Crossing, no Traffic Control",Normal,,,,Yes,,Yes,,,,,,Yes,,,East End-Danforth
1804,Major Arterial,North York,Intersection,Traffic Signal,Clear,"Dusk, artificial",Dry,Non-Fatal Injury,Rear End,Driver,45 to 49,Minor,West,Stopped,Driving Properly,,,,,,,,,Yes,,,,Yes,,,,,Don Valley Village
845,Minor Arterial,Scarborough,Intersection,Traffic Signal,Clear,Daylight,Dry,Non-Fatal Injury,Cyclist Collisions,Driver,60 to 64,,West,Stopped,Driving Properly,,,,,,,,Yes,Yes,,,,,,Yes,,,Milliken
1450,Collector,Scarborough,Intersection,Traffic Signal,Clear,Daylight,Dry,Non-Fatal Injury,Turning Movement,Passenger,0 to 4,Major,,,,,,,,,,,,Yes,,,,Yes,,Yes,,,Woburn North
1905,Minor Arterial,North York,Intersection,Stop Sign,Clear,Dusk,Dry,Non-Fatal Injury,Pedestrian Collisions,Pedestrian,70 to 74,Major,West,,,Vehicle turns left while ped crosses without ROW at inter.,"Crossing, no Traffic Control",Normal,,,,Yes,,Yes,,,,,,,,,East Willowdale
708,Major Arterial,Scarborough,Mid-Block,No Control,Clear,Daylight,Wet,Non-Fatal Injury,Pedestrian Collisions,Driver,55 to 59,,East,Reversing,Other,,,,,,,Yes,,Yes,,,,,,,,,Agincourt South-Malvern West