TIME,ROAD_CLASS,DISTRICT,LOCCOORD,TRAFFCTL,VISIBILITY,LIGHT,RDSFCOND,ACCLASS,IMPACTYPE,INVTYPE,INVAGE,INJURY,INITDIR,MANOEUVER,DRIVACT,PEDTYPE,PEDACT,PEDCOND,CYCLISTYPE,CYCACT,CYCCOND,PEDESTRIAN,CYCLIST,AUTOMOBILE,MOTORCYCLE,TRUCK,TRSN_CITY_VEH,PASSENGER,SPEEDING,AG_DRIV,REDLIGHT,ALCOHOL,NEIGHBOURHOOD_158
1526,Major Arterial,North York,Mid-Block,No Control,Clear,Daylight,Dry,Non-Fatal Injury,Pedestrian Collisions,Truck Driver,40 to 44,,North,Going Ahead,Driving Properly,,,,,,,Yes,,Yes,,Yes,,,,,,,Downsview
535,Major Arterial,Toronto and East York,Intersection,Traffic Signal,Rain,Dusk,Wet,Non-Fatal Injury,Pedestrian Collisions,Driver,50 to 54,,South,Going Ahead,Driving Properly,,,,,,,Yes,,Yes,,,,,,,,,Downtown Yonge East
600,Major Arterial,Etobicoke York,Intersection,No Control,Clear,"Dark, artificial",Dry,Non-Fatal Injury,Pedestrian Collisions,Pedestrian,50 to 54,Major,West,,,Pedestrian hit at mid-block,Running onto Roadway,Inattentive,,,,Yes,,Yes,,,,,,,,,Rockcliffe-Smythe
1348,Major Arterial,Scarborough,Mid-Block,No Control,Rain,Daylight,Wet,Non-Fatal Injury,Rear End,Passenger,0 to 4,Minimal,,,,,,,,,,,,Yes,,,,Yes,,,,,Golfdale-Cedarbrae-Woburn
1533,Major Arterial,Toronto and East York,Intersection,Traffic Signal,Clear,Daylight,Dry,Non-Fatal Injury,Pedestrian Collisions,Driver,25 to 29,,West,Turning Left,Failed to Yield Right of Way,,,,,,,Yes,,Yes,,,,,,Yes,,,Old East York
1438,Major Arterial,North York,Mid-Block,No Control,Clear,Daylight,Dry,Fatal,Rear End,Passenger,45 to 49,Minor,,,,,,,,,,,,Yes,,Yes,Yes,Yes,Yes,Yes,,,Victoria Village
902,Collector,Toronto and East York,Intersection,Stop Sign,Clear,Daylight,Dry,Fatal,Cyclist Collisions,Vehicle Owner,unknown,,,,,,,,,,,,Yes,Yes,,,,,,Yes,,,Old East York
936,Major Arterial,Scarborough,Mid-Block,No Control,Clear,Daylight,Dry,Non-Fatal Injury,Pedestrian Collisions,Driver,50 to 54,,West,Going Ahead,Driving Properly,,,,,,,Yes,,Yes,,,,,,,,,Birchcliffe-Cliffside
714,Major Arterial,Toronto and East York,Intersection,Traffic Signal,Clear,Daylight,Dry,Non-Fatal Injury,Angle,Driver,45 to 49,,South,Stopped,Driving Properly,,,,,,,,,Yes,,,,,,Yes,Yes,,Junction-Wallace Emerson
1526,Major Arterial,North York,Mid-Block,No Control,Clear,Daylight,Dry,Non-Fatal Injury,Pedestrian Collisions,Driver,25 to 29,,North,Stopped,Driving Properly,,,,,,,Yes,,Yes,,Yes,,,,,,,Downsview
600,Major Arterial,Etobicoke York,Intersection,No Control,Clear,"Dark, artificial",Dry,Non-Fatal Injury,Pedestrian Collisions,Driver,30 to 34,,North,Going Ahead,Driving Properly,,,,,,,Yes,,Yes,,,,,,,,,Rockcliffe-Smythe
1348,Major Arterial,Scarborough,Mid-Block,No Control,Rain,Daylight,Wet,Non-Fatal Injury,Rear End,Passenger,25 to 29,Minimal,,,,,,,,,,,,Yes,,,,Yes,,,,,Golfdale-Cedarbrae-Woburn
1307,Major Arterial,Scarborough,Intersection,Traffic Signal,Clear,Daylight,Dry,Non-Fatal Injury,Rear End,Vehicle Owner,unknown,,,,,,,,,,,,,Yes,,Yes,,,,Yes,,,Woburn North
1526,Major Arterial,North York,Mid-Block,No Control,Clear,Daylight,Dry,Non-Fatal Injury,Pedestrian Collisions,Other,unknown,,,,,,,,,,,Yes,,Yes,,Yes,,,,,,,Downsview
1533,Major Arterial,Toronto and East York,Intersection,Traffic Signal,Clear,Daylight,Dry,Non-Fatal Injury,Pedestrian Collisions,Pedestrian,30 to 34,Minimal,East,,,Vehicle turns left while ped crosses with ROW at inter.,Crossing with right of way,Normal,,,,Yes,,Yes,,,,,,Yes,,,Old East York
1438,Major Arterial,North York,Mid-Block,No Control,Clear,Daylight,Dry,Fatal,Rear End,Passenger,35 to 39,Minor,,,,,,,,,,,,Yes,,Yes,Yes,Yes,Yes,Yes,,,Victoria Village
535,Major Arterial,Toronto and East York,Intersection,Traffic Signal,Rain,Dusk,Wet,Non-Fatal Injury,Pedestrian Collisions,Pedestrian,40 to 44,Major,East,,,Vehicle is going straight thru inter.while ped cross without ROW,Crossing marked crosswalk without ROW,Unknown,,,,Yes,,Yes,,,,,,,,,Downtown Yonge East
714,Major Arterial,Toronto and East York,Intersection,Traffic Signal,Clear,Daylight,Dry,Non-Fatal Injury,Angle,Driver,45 to 49,Major,West,Going Ahead,Disobeyed Traffic Control,,,,,,,,,Yes,,,,,,Yes,Yes,,Junction-Wallace Emerson
936,Major Arterial,Scarborough,Mid-Block,No Control,Clear,Daylight,Dry,Non-Fatal Injury,Pedestrian Collisions,Pedestrian,15 to 19,Major,North,,,Pedestrian hit at mid-block,"Crossing, no Traffic Control",Inattentive,,,,Yes,,Yes,,,,,,,,,Birchcliffe-Cliffside
1348,Major Arterial,Scarborough,Mid-Block,No Control,Rain,Daylight,Wet,Non-Fatal Injury,Rear End,Driver,35 to 39,Major,West,Going Ahead,Driving Properly,,,,,,,,,Yes,,,,Yes,,,,,Golfdale-Cedarbrae-Woburn
902,Collector,Toronto and East York,Intersection,Stop Sign,Clear,Daylight,Dry,Fatal,Cyclist Collisions,Driver,80 to 84,,South,Going Ahead,Failed to Yield Right of Way,,,,,,,,Yes,Yes,,,,,,Yes,,,Old East York
1307,Major Arterial,Scarborough,Intersection,Traffic Signal,Clear,Daylight,Dry,Non-Fatal Injury,Rear End,Truck Driver,45 to 49,,South,Stopped,Driving Properly,,,,,,,,,Yes,,Yes,,,,Yes,,,Woburn North
902,Collector,Toronto and East York,Intersection,Stop Sign,Clear,Daylight,Dry,Fatal,Cyclist Collisions,Cyclist,80 to 84,Fatal,West,Going Ahead,,,,,"Motorist without ROW drives into path of cyclist at inter, lnwy, dwy-Driver not turn.",Driving Properly,Normal,,Yes,Yes,,,,,,Yes,,,Old East York
1526,Major Arterial,North York,Mid-Block,No Control,Clear,Daylight,Dry,Non-Fatal Injury,Pedestrian Collisions,Pedestrian,65 to 69,Major,West,,,Pedestrian hit at mid-block,Running onto Roadway,Inattentive,,,,Yes,,Yes,,Yes,,,,,,,Downsview
1533,Major Arterial,Toronto and East York,Intersection,Traffic Signal,Clear,Daylight,Dry,Non-Fatal Injury,Pedestrian Collisions,Pedestrian,25 to 29,Major,East,,,Vehicle turns left while ped crosses with ROW at inter.,Crossing with right of way,Normal,,,,Yes,,Yes,,,,,,Yes,,,Old East York
1438,Major Arterial,North York,Mid-Block,No Control,Clear,Daylight,Dry,Fatal,Rear End,Passenger,25 to 29,Minor,,,,,,,,,,,,Yes,,Yes,Yes,Yes,Yes,Yes,,,Victoria Village
1127,Major Arterial,Toronto and East York,Intersection,No Control,Clear,Daylight,Dry,Non-Fatal Injury,Pedestrian Collisions,Vehicle Owner,unknown,,,,,,,,,,,Yes,,Yes,,,,,,,,,Downtown Yonge East
714,Major Arterial,Toronto and East York,Intersection,Traffic Signal,Clear,Daylight,Dry,Non-Fatal Injury,Angle,Vehicle Owner,unknown,,,,,,,,,,,,,Yes,,,,,,Yes,Yes,,Junction-Wallace Emerson
1622,Major Arterial,Toronto and East York,Intersection,No Control,Clear,Daylight,Dry,Non-Fatal Injury,Pedestrian Collisions,Vehicle Owner,unknown,,,,,,,,,,,Yes,,Yes,,,,,,,,,Kensington-Chinatown
1020,Minor Arterial,Toronto and East York,Intersection,No Control,Clear,Daylight,Dry,Non-Fatal Injury,Pedestrian Collisions,Driver,85 to 89,Minor,South,Turning Left,Failed to Yield Right of Way,,,,,,,Yes,,Yes,,,,,,Yes,,,Playter Estates-Danforth
714,Major Arterial,Toronto and East York,Intersection,Traffic Signal,Clear,Daylight,Dry,Non-Fatal Injury,Angle,Driver,55 to 59,Minimal,North,Going Ahead,Disobeyed Traffic Control,,,,,,,,,Yes,,,,,,Yes,Yes,,Junction-Wallace Emerson
1438,Major Arterial,North York,Mid-Block,No Control,Clear,Daylight,Dry,Fatal,Rear End,Passenger,5 to 9,,,,,,,,,,,,,Yes,,Yes,Yes,Yes,Yes,Yes,,,Victoria Village
1622,Major Arterial,Toronto and East York,Intersection,No Control,Clear,Daylight,Dry,Non-Fatal Injury,Pedestrian Collisions,Driver,20 to 24,,South,Going Ahead,Driving Properly,,,,,,,Yes,,Yes,,,,,,,,,Kensington-Chinatown
1617,Major Arterial,Toronto and East York,Intersection,Traffic Signal,Clear,Daylight,Dry,Non-Fatal Injury,Pedestrian Collisions,Driver,35 to 39,,North,Going Ahead,Driving Properly,,,,,,,Yes,,Yes,,,,,,,,,O'Connor-Parkview
1127,Major Arterial,Toronto and East York,Intersection,No Control,Clear,Daylight,Dry,Non-Fatal Injury,Pedestrian Collisions,Driver,40 to 44,,North,Going Ahead,Driving Properly,,,,,,,Yes,,Yes,,,,,,,,,Downtown Yonge East
1415,Minor Arterial,Toronto and East York,Intersection,Traffic Signal,Clear,Daylight,Wet,Non-Fatal Injury,Other,Passenger,70 to 74,Major,,,,,,,,,,,,,,,Yes,Yes,,,,,Greenwood-Coxwell
1307,Major Arterial,Scarborough,Intersection,Traffic Signal,Clear,Daylight,Dry,Non-Fatal Injury,Rear End,Other,unknown,,South,Stopped,,,,,,,,,,Yes,,Yes,,,,Yes,,,Woburn North
1020,Minor Arterial,Toronto and East York,Intersection,No Control,Clear,Daylight,Dry,Non-Fatal Injury,Pedestrian Collisions,Pedestrian,50 to 54,Major,North,,,Vehicle turns left while ped crosses with ROW at inter.,Crossing with right of way,Unknown,,,,Yes,,Yes,,,,,,Yes,,,Playter Estates-Danforth
1509,Minor Arterial,Toronto and East York,Intersection,Stop Sign,Clear,Daylight,Dry,Non-Fatal Injury,Turning Movement,Moped Driver,40 to 44,Major,South,Going Ahead,Driving Properly,,,,,,,,Yes,Yes,,,,,,Yes,,,Palmerston-Little Italy
1438,Major Arterial,North York,Mid-Block,No Control,Clear,Daylight,Dry,Fatal,Rear End,Passenger,15 to 19,Minor,,,,,,,,,,,,Yes,,Yes,Yes,Yes,Yes,Yes,,,Victoria Village
1610,Major Arterial,Toronto and East York,Intersection,Traffic Signal,Clear,Daylight,Dry,Non-Fatal Injury,Cyclist Collisions,Driver,50 to 54,,North,Going Ahead,Driving Properly,,,,,,,,Yes,Yes,,,,,,,,,Yonge-St.Clair
1622,Major Arterial,Toronto and East York,Intersection,No Control,Clear,Daylight,Dry,Non-Fatal Injury,Pedestrian Collisions,Pedestrian,15 to 19,Major,East,,,Pedestrian hit at mid-block,Running onto Roadway,Inattentive,,,,Yes,,Yes,,,,,,,,,Kensington-Chinatown
1438,Major Arterial,North York,Mid-Block,No Control,Clear,Daylight,Dry,Fatal,Rear End,Passenger,35 to 39,Minor,,,,,,,,,,,,Yes,,Yes,Yes,Yes,Yes,Yes,,,Victoria Village
1617,Major Arterial,Toronto and East York,Intersection,Traffic Signal,Clear,Daylight,Dry,Non-Fatal Injury,Pedestrian Collisions,Pedestrian,20 to 24,Major,West,,,Vehicle is going straight thru inter.while ped cross without ROW,Coming From Behind Parked Vehicle,Inattentive,,,,Yes,,Yes,,,,,,,,,O'Connor-Parkview
1127,Major Arterial,Toronto and East York,Intersection,No Control,Clear,Daylight,Dry,Non-Fatal Injury,Pedestrian Collisions,Pedestrian,45 to 49,Major,West,,,Pedestrian hit at mid-block,Other,Inattentive,,,,Yes,,Yes,,,,,,,,,Downtown Yonge East
1415,Minor Arterial,Toronto and East York,Intersection,Traffic Signal,Clear,Daylight,Wet,Non-Fatal Injury,Other,Vehicle Owner,unknown,,,,,,,,,,,,,,,,Yes,Yes,,,,,Greenwood-Coxwell
1307,Major Arterial,Scarborough,Intersection,Traffic Signal,Clear,Daylight,Dry,Non-Fatal Injury,Rear End,Driver,25 to 29,Major,South,Going Ahead,Following too Close,,,,,,,,,Yes,,Yes,,,,Yes,,,Woburn North
2214,Collector,North York,Mid-Block,No Control,Snow,Dark,Packed Snow,Fatal,SMV Other,Driver,85 to 89,Fatal,West,Going Ahead,Lost control,,,,,,,,,Yes,,,,,,,,,Don Valley Village
1509,Minor Arterial,Toronto and East York,Intersection,Stop Sign,Clear,Daylight,Dry,Non-Fatal Injury,Turning Movement,Vehicle Owner,unknown,,,,,,,,,,,,Yes,Yes,,,,,,Yes,,,Palmerston-Little Italy
1610,Major Arterial,Toronto and East York,Intersection,Traffic Signal,Clear,Daylight,Dry,Non-Fatal Injury,Cyclist Collisions,Cyclist,25 to 29,Major,East,Going Ahead,,,,,"Cyclist without ROW rides into path of motorist at inter, lnwy, dwy-Cyclist not turn.",Disobeyed Traffic Control,Inattentive,,Yes,Yes,,,,,,,,,Yonge-St.Clair
1724,Minor Arterial,Toronto and East York,Intersection,No Control,Clear,"Dark, artificial",Dry,Non-Fatal Injury,SMV Other,Motorcycle Driver,35 to 39,Major,East,Pulling Away from Shoulder or Curb,Lost control,,,,,,,,,,Yes,,,,,,,,St Lawrence-East Bayfront-The Islands
1415,Minor Arterial,Toronto and East York,Intersection,Traffic Signal,Clear,Daylight,Wet,Non-Fatal Injury,Other,Driver,35 to 39,,South,Turning Right,Driving Properly,,,,,,,,,,,,Yes,Yes,,,,,Greenwood-Coxwell
1307,Major Arterial,Scarborough,Intersection,Traffic Signal,Clear,Daylight,Dry,Non-Fatal Injury,Rear End,Vehicle Owner,unknown,,,,,,,,,,,,,Yes,,Yes,,,,Yes,,,Woburn North
1910,Major Arterial,North York,Intersection,Stop Sign,Clear,Dark,Dry,Non-Fatal Injury,Turning Movement,Vehicle Owner,unknown,,,,,,,,,,,,,Yes,,,,,,Yes,,,North Toronto
630,Major Arterial,Toronto and East York,Intersection,Traffic Signal,Clear,Dark,Dry,Fatal,Pedestrian Collisions,Vehicle Owner,unknown,,,,,,,,,,,Yes,,,,Yes,,Yes,,,,,Wellington Place
1438,Major Arterial,North York,Mid-Block,No Control,Clear,Daylight,Dry,Fatal,Rear End,Passenger,20 to 24,,,,,,,,,,,,,Yes,,Yes,Yes,Yes,Yes,Yes,,,Victoria Village
1509,Minor Arterial,Toronto and East York,Intersection,Stop Sign,Clear,Daylight,Dry,Non-Fatal Injury,Turning Movement,Driver,45 to 49,,East,Turning Left,Failed to Yield Right of Way,,,,,,,,Yes,Yes,,,,,,Yes,,,Palmerston-Little Italy
223,Major Arterial,North York,Intersection,Traffic Signal,Clear,Daylight,Dry,Non-Fatal Injury,Pedestrian Collisions,Vehicle Owner,unknown,,,,,,,,,,,Yes,,Yes,,,,,,Yes,,,Forest Hill North
1630,Major Arterial,North York,Mid-Block,No Control,Clear,Daylight,Dry,Non-Fatal Injury,Cyclist Collisions,Driver,55 to 59,,North,Going Ahead,Following too Close,,,,,,,,Yes,Yes,,,,,,Yes,,,Banbury-Don Mills
1307,Major Arterial,Scarborough,Intersection,Traffic Signal,Clear,Daylight,Dry,Non-Fatal Injury,Rear End,Driver,20 to 24,,South,Slowing or Stopping,Following too Close,,,,,,,,,Yes,,Yes,,,,Yes,,,Woburn North
1910,Major Arterial,North York,Intersection,Stop Sign,Clear,Dark,Dry,Non-Fatal Injury,Turning Movement,Driver,55 to 59,Major,North,Going Ahead,Driving Properly,,,,,,,,,Yes,,,,,,Yes,,,North Toronto
1438,Major Arterial,North York,Mid-Block,No Control,Clear,Daylight,Dry,Fatal,Rear End,Passenger,40 to 44,Minor,,,,,,,,,,,,Yes,,Yes,Yes,Yes,Yes,Yes,,,Victoria Village
2252,Minor Arterial,Toronto and East York,Intersection,Traffic Signal,Clear,Dark,Dry,Non-Fatal Injury,Pedestrian Collisions,Driver,45 to 49,,South,Going Ahead,Disobeyed Traffic Control,,,,,,,Yes,,Yes,,,,,,Yes,Yes,,South Riverdale
1942,Major Arterial,North York,Intersection,Traffic Signal,Clear,Dark,Wet,Non-Fatal Injury,Pedestrian Collisions,Other,unknown,,Unknown,Parked,,,,,,,,Yes,,Yes,,,,Yes,Yes,Yes,,,Newtonbrook West
630,Major Arterial,Toronto and East York,Intersection,Traffic Signal,Clear,Dark,Dry,Fatal,Pedestrian Collisions,Passenger,30 to 34,,,,,,,,,,,Yes,,,,Yes,,Yes,,,,,Wellington Place
223,Major Arterial,North York,Intersection,Traffic Signal,Clear,Daylight,Dry,Non-Fatal Injury,Pedestrian Collisions,Driver,50 to 54,,South,Turning Right,Failed to Yield Right of Way,,,,,,,Yes,,Yes,,,,,,Yes,,,Forest Hill North
1335,Local,Etobicoke York,Mid-Block,No Control,Clear,Daylight,Dry,Non-Fatal Injury,Cyclist Collisions,Driver,unknown,,North,Going Ahead,Other,,,,,,,,Yes,Yes,,,,,,,,,Keelesdale-Eglinton West
630,Major Arterial,Toronto and East York,Intersection,Traffic Signal,Clear,Dark,Dry,Fatal,Pedestrian Collisions,Truck Driver,35 to 39,,South,Turning Right,Driving Properly,,,,,,,Yes,,,,Yes,,Yes,,,,,Wellington Place
223,Major Arterial,North York,Intersection,Traffic Signal,Clear,Daylight,Dry,Non-Fatal Injury,Pedestrian Collisions,Pedestrian,65 to 69,Major,North,,,Vehicle turns right while ped crosses with ROW at inter.,Crossing with right of way,Normal,,,,Yes,,Yes,,,,,,Yes,,,Forest Hill North
1630,Major Arterial,North York,Mid-Block,No Control,Clear,Daylight,Dry,Non-Fatal Injury,Cyclist Collisions,Cyclist,30 to 34,Major,North,Going Ahead,,,,,Cyclist and Driver travelling in same direction. One vehicle rear-ended the other.,Driving Properly,Normal,,Yes,Yes,,,,,,Yes,,,Banbury-Don Mills
2135,Major Arterial,Etobicoke York,Intersection,Traffic Signal,Clear,"Dark, artificial",Dry,Non-Fatal Injury,Pedestrian Collisions,Vehicle Owner,unknown,,,,,,,,,,,Yes,,Yes,,,,,,Yes,,,Rexdale-Kipling
1910,Major Arterial,North York,Intersection,Stop Sign,Clear,Dark,Dry,Non-Fatal Injury,Turning Movement,Driver,50 to 54,,East,Turning Left,Failed to Yield Right of Way,,,,,,,,,Yes,,,,,,Yes,,,North Toronto
2252,Minor Arterial,Toronto and East York,Intersection,Traffic Signal,Clear,Dark,Dry,Non-Fatal Injury,Pedestrian Collisions,Pedestrian,20 to 24,Major,East,,,Vehicle is going straight thru inter.while ped cross with ROW,Crossing with right of way,Normal,,,,Yes,,Yes,,,,,,Yes,Yes,,South Riverdale
711,Major Arterial,Scarborough,Intersection,Traffic Signal,Rain,"Dark, artificial",Wet,Non-Fatal Injury,Pedestrian Collisions,Driver,unknown,,West,Turning Left,Failed to Yield Right of Way,,,,,,,Yes,,,,,Yes,,,Yes,,,Morningside Heights
1942,Major Arterial,North York,Intersection,Traffic Signal,Clear,Dark,Wet,Non-Fatal Injury,Pedestrian Collisions,Other,unknown,,Unknown,Parked,,,,,,,,Yes,,Yes,,,,Yes,Yes,Yes,,,Newtonbrook West
1308,Major Arterial,Toronto and East York,Intersection,Traffic Signal,Snow,Daylight,Wet,Non-Fatal Injury,Cyclist Collisions,Truck Driver,30 to 34,,West,Turning Left,Failed to Yield Right of Way,,,,,,,,Yes,,,Yes,,,,Yes,,,Annex
1930,Minor Arterial,Toronto and East York,Mid-Block,No Control,Clear,"Dark, artificial",Dry,Non-Fatal Injury,Cyclist Collisions,Vehicle Owner,unknown,,,,,,,,,,,,Yes,Yes,,,,,,Yes,,,Roncesvalles
630,Major Arterial,Toronto and East York,Intersection,Traffic Signal,Clear,Dark,Dry,Fatal,Pedestrian Collisions,Pedestrian,25 to 29,Fatal,East,,,Other / Undefined,Walking on Roadway Against Traffic,Unknown,,,,Yes,,,,Yes,,Yes,,,,,Wellington Place
1335,Local,Etobicoke York,Mid-Block,No Control,Clear,Daylight,Dry,Non-Fatal Injury,Cyclist Collisions,Cyclist,10 to 14,Major,South,Going Ahead,,,,,Insufficient information (to determine cyclist crash type).,Driving Properly,Normal,,Yes,Yes,,,,,,,,,Keelesdale-Eglinton West
243,Major Arterial,Etobicoke York,Mid-Block,No Control,Clear,"Dark, artificial",Dry,Non-Fatal Injury,SMV Other,Driver,50 to 54,Major,East,Going Ahead,Lost control,,,,,,,,,Yes,,,,,,,,,West Humber-Clairville
1655,Major Arterial,Toronto and East York,Intersection,No Control,Clear,Daylight,Dry,Non-Fatal Injury,Cyclist Collisions,Driver,45 to 49,,West,Parked,Other,,,,,,,,Yes,Yes,,,,,,,,,Blake-Jones
711,Major Arterial,Scarborough,Intersection,Traffic Signal,Rain,"Dark, artificial",Wet,Non-Fatal Injury,Pedestrian Collisions,Pedestrian,45 to 49,Major,West,,,Vehicle turns left while ped crosses with ROW at inter.,Crossing with right of way,Normal,,,,Yes,,,,,Yes,,,Yes,,,Morningside Heights
2135,Major Arterial,Etobicoke York,Intersection,Traffic Signal,Clear,"Dark, artificial",Dry,Non-Fatal Injury,Pedestrian Collisions,Driver,50 to 54,,East,Turning Left,Failed to Yield Right of Way,,,,,,,Yes,,Yes,,,,,,Yes,,,Rexdale-Kipling
1942,Major Arterial,North York,Intersection,Traffic Signal,Clear,Dark,Wet,Non-Fatal Injury,Pedestrian Collisions,Passenger,55 to 59,,,,,,,,,,,Yes,,Yes,,,,Yes,Yes,Yes,,,Newtonbrook West
2135,Major Arterial,Etobicoke York,Intersection,Traffic Signal,Clear,"Dark, artificial",Dry,Non-Fatal Injury,Pedestrian Collisions,Pedestrian,60 to 64,Major,West,,,Vehicle turns left while ped crosses with ROW at inter.,Crossing with right of way,Had Been Drinking,,,,Yes,,Yes,,,,,,Yes,,,Rexdale-Kipling
1930,Minor Arterial,Toronto and East York,Mid-Block,No Control,Clear,"Dark, artificial",Dry,Non-Fatal Injury,Cyclist Collisions,Driver,20 to 24,,South,Parked,Other,,,,,,,,Yes,Yes,,,,,,Yes,,,Roncesvalles
1308,Major Arterial,Toronto and East York,Intersection,Traffic Signal,Snow,Daylight,Wet,Non-Fatal Injury,Cyclist Collisions,Cyclist,30 to 34,Major,East,Going Ahead,,,,,Motorist turned left across cyclists path.,Driving Properly,Normal,,Yes,,,Yes,,,,Yes,,,Annex
1515,Minor Arterial,Toronto and East York,Intersection,No Control,Clear,Daylight,Dry,Non-Fatal Injury,Pedestrian Collisions,Driver,unknown,,East,Going Ahead,Other,,,,,,,Yes,,Yes,,,,,,,,,South Riverdale
137,Major Arterial,Etobicoke York,Mid-Block,No Control,Clear,Dark,Dry,Non-Fatal Injury,Rear End,Vehicle Owner,unknown,,,,,,,,,,,,,Yes,,,,,,,,Yes,Keelesdale-Eglinton West
1655,Major Arterial,Toronto and East York,Intersection,No Control,Clear,Daylight,Dry,Non-Fatal Injury,Cyclist Collisions,Cyclist,50 to 54,Major,West,Going Ahead,,,,,Cyclist struck opened vehicle door,Driving Properly,Normal,,Yes,Yes,,,,,,,,,Blake-Jones
950,Major Arterial,Toronto and East York,Intersection,Traffic Signal,Rain,Daylight,Wet,Non-Fatal Injury,Cyclist Collisions,Vehicle Owner,unknown,,,,,,,,,,,,Yes,Yes,,,,,,,,,Yonge-Bay Corridor
1930,Minor Arterial,Toronto and East York,Mid-Block,No Control,Clear,"Dark, artificial",Dry,Non-Fatal Injury,Cyclist Collisions,Cyclist,35 to 39,Major,South,Going Ahead,,,,,Cyclist struck opened vehicle door,Speed too Fast For Condition,Unknown,,Yes,Yes,,,,,,Yes,,,Roncesvalles
243,Major Arterial,Etobicoke York,Mid-Block,No Control,Clear,"Dark, artificial",Dry,Non-Fatal Injury,SMV Other,Other Property Owner,unknown,,,,,,,,,,,,,Yes,,,,,,,,,West Humber-Clairville
137,Major Arterial,Etobicoke York,Mid-Block,No Control,Clear,Dark,Dry,Non-Fatal Injury,Rear End,Driver,35 to 39,Major,North,Going Ahead,Other,,,,,,,,,Yes,,,,,,,,Yes,Keelesdale-Eglinton West
1515,Minor Arterial,Toronto and East York,Intersection,No Control,Clear,Daylight,Dry,Non-Fatal Injury,Pedestrian Collisions,Pedestrian,55 to 59,Major,Unknown,,,Pedestrian hit at mid-block,Other,Normal,,,,Yes,,Yes,,,,,,,,,South Riverdale
2344,Major Arterial,Toronto and East York,Mid-Block,Streetcar (Stop for),Clear,Dark,Dry,Non-Fatal Injury,Pedestrian Collisions,Pedestrian,20 to 24,Major,North,,,Pedestrian hit at mid-block,Person Getting on/off Vehicle,Unknown,,,,Yes,,Yes,,,,,,Yes,,,South Parkdale
903,Major Arterial,Etobicoke York,Intersection,Traffic Signal,Clear,Daylight,Wet,Fatal,Turning Movement,Vehicle Owner,unknown,,,,,,,,,,,,,Yes,,,Yes,Yes,,Yes,,,Kingsview Village-The Westway
950,Major Arterial,Toronto and East York,Intersection,Traffic Signal,Rain,Daylight,Wet,Non-Fatal Injury,Cyclist Collisions,Driver,40 to 44,,East,Going Ahead,Driving Properly,,,,,,,,Yes,Yes,,,,,,,,,Yonge-Bay Corridor
946,Major Arterial,Toronto and East York,Intersection,Traffic Signal,Clear,Daylight,Dry,Non-Fatal Injury,Cyclist Collisions,Truck Driver,60 to 64,,West,Turning Right,Improper Turn,,,,,,,,Yes,,,Yes,,,,,,,Junction Area
1355,Minor Arterial,Etobicoke York,Intersection,No Control,Clear,Daylight,Dry,Non-Fatal Injury,Turning Movement,Vehicle Owner,unknown,,,,,,,,,,,,,Yes,,,,,,,,,Rockcliffe-Smythe
1942,Major Arterial,North York,Intersection,Traffic Signal,Clear,Dark,Wet,Non-Fatal Injury,Pedestrian Collisions,Vehicle Owner,unknown,,,,,,,,,,,Yes,,Yes,,,,Yes,Yes,Yes,,,Newtonbrook West
243,Major Arterial,Etobicoke York,Mid-Block,No Control,Clear,"Dark, artificial",Dry,Non-Fatal Injury,SMV Other,Other Property Owner,unknown,,,,,,,,,,,,,Yes,,,,,,,,,West Humber-Clairville
1835,Collector,North York,Intersection,Stop Sign,Clear,Dark,Dry,Non-Fatal Injury,Pedestrian Collisions,Vehicle Owner,unknown,,,,,,,,,,,Yes,,Yes,,,,,,Yes,,,Yonge-Eglinton
2344,Major Arterial,Toronto and East York,Mid-Block,Streetcar (Stop for),Clear,Dark,Dry,Non-Fatal Injury,Pedestrian Collisions,Driver,15 to 19,,West,Going Ahead,Failed to Yield Right of Way,,,,,,,Yes,,Yes,,,,,,Yes,,,South Parkdale
903,Major Arterial,Etobicoke York,Intersection,Traffic Signal,Clear,Daylight,Wet,Fatal,Turning Movement,Driver,60 to 64,,South,Stopped,Driving Properly,,,,,,,,,Yes,,,Yes,Yes,,Yes,,,Kingsview Village-The Westway
950,Major Arterial,Toronto and East York,Intersection,Traffic Signal,Rain,Daylight,Wet,Non-Fatal Injury,Cyclist Collisions,Cyclist,40 to 44,Major,East,Merging,,,,,Cyclist and Driver travelling in same direction. One vehicle sideswipes the other.,Lost control,Inattentive,,Yes,Yes,,,,,,,,,Yonge-Bay Corridor
946,Major Arterial,Toronto and East York,Intersection,Traffic Signal,Clear,Daylight,Dry,Non-Fatal Injury,Cyclist Collisions,Vehicle Owner,unknown,,,,,,,,,,,,Yes,,,Yes,,,,,,,Junction Area
1355,Minor Arterial,Etobicoke York,Intersection,No Control,Clear,Daylight,Dry,Non-Fatal Injury,Turning Movement,Driver,75 to 79,Major,East,Going Ahead,Driving Properly,,,,,,,,,Yes,,,,,,,,,Rockcliffe-Smythe
1942,Major Arterial,North York,Intersection,Traffic Signal,Clear,Dark,Wet,Non-Fatal Injury,Pedestrian Collisions,Driver,55 to 59,,West,Turning Left,Improper Turn,,,,,,,Yes,,Yes,,,,Yes,Yes,Yes,,,Newtonbrook West