TIME,ROAD_CLASS,DISTRICT,LOCCOORD,TRAFFCTL,VISIBILITY,LIGHT,RDSFCOND,ACCLASS,IMPACTYPE,INVTYPE,INVAGE,INJURY,INITDIR,MANOEUVER,DRIVACT,PEDTYPE,PEDACT,PEDCOND,CYCLISTYPE,CYCACT,CYCCOND,PEDESTRIAN,CYCLIST,AUTOMOBILE,MOTORCYCLE,TRUCK,TRSN_CITY_VEH,PASSENGER,SPEEDING,AG_DRIV,REDLIGHT,ALCOHOL,NEIGHBOURHOOD_158
1613,Minor Arterial,Toronto and East York,Intersection,No Control,Rain,Daylight,Wet,Non-Fatal Injury,Cyclist Collisions,Driver,35 to 39,,East,Turning Left,Failed to Yield Right of Way,,,,,,,,Yes,Yes,,,,,,Yes,,,University
1942,Major Arterial,North York,Intersection,Traffic Signal,Clear,Dark,Wet,Non-Fatal Injury,Pedestrian Collisions,Passenger,15 to 19,Minor,,,,,,,,,,Yes,,Yes,,,,Yes,Yes,Yes,,,Newtonbrook West
137,Major Arterial,Etobicoke York,Mid-Block,No Control,Clear,Dark,Dry,Non-Fatal Injury,Rear End,Vehicle Owner,unknown,,,,,,,,,,,,,Yes,,,,,,,,Yes,Keelesdale-Eglinton West
1835,Collector,North York,Intersection,Stop Sign,Clear,Dark,Dry,Non-Fatal Injury,Pedestrian Collisions,Driver,45 to 49,,West,Turning Left,Failed to Yield Right of Way,,,,,,,Yes,,Yes,,,,,,Yes,,,Yonge-Eglinton
903,Major Arterial,Etobicoke York,Intersection,Traffic Signal,Clear,Daylight,Wet,Fatal,Turning Movement,Passenger,65 to 69,Fatal,,,,,,,,,,,,Yes,,,Yes,Yes,,Yes,,,Kingsview Village-The Westway
1835,Collector,North York,Intersection,Stop Sign,Clear,Dark,Dry,Non-Fatal Injury,Pedestrian Collisions,Pedestrian,90 to 94,Major,East,,,Vehicle turns left while ped crosses with ROW at inter.,Crossing with right of way,Normal,,,,Yes,,Yes,,,,,,Yes,,,Yonge-Eglinton
946,Major Arterial,Toronto and East York,Intersection,Traffic Signal,Clear,Daylight,Dry,Non-Fatal Injury,Cyclist Collisions,Cyclist,70 to 74,Major,West,Going Ahead,,,,,Motorist turning right on green or amber at signalized intersection strikes cyclist.,Driving Properly,Normal,,Yes,,,Yes,,,,,,,Junction Area
1503,Minor Arterial,North York,Intersection,Traffic Signal,Rain,Daylight,Wet,Non-Fatal Injury,Pedestrian Collisions,Pedestrian,75 to 79,Major,North,,,Vehicle turns left while ped crosses with ROW at inter.,Crossing with right of way,Normal,,,,Yes,,,,Yes,,,,Yes,,,Don Valley Village
1613,Minor Arterial,Toronto and East York,Intersection,No Control,Rain,Daylight,Wet,Non-Fatal Injury,Cyclist Collisions,Cyclist,25 to 29,Major,West,Unknown,,,,,Motorist turned left across cyclists path.,Driving Properly,Normal,,Yes,Yes,,,,,,Yes,,,University
847,Major Arterial,Scarborough,Mid-Block,No Control,Clear,Daylight,Dry,Non-Fatal Injury,Rear End,Driver,35 to 39,Minor,West,Going Ahead,Driving Properly,,,,,,,,,Yes,,,,Yes,Yes,Yes,,,Morningside Heights
1942,Major Arterial,North York,Intersection,Traffic Signal,Clear,Dark,Wet,Non-Fatal Injury,Pedestrian Collisions,Vehicle Owner,unknown,,,,,,,,,,,Yes,,Yes,,,,Yes,Yes,Yes,,,Newtonbrook West
1355,Minor Arterial,Etobicoke York,Intersection,No Control,Clear,Daylight,Dry,Non-Fatal Injury,Turning Movement,Driver,55 to 59,Major,West,Making U Turn,Improper Turn,,,,,,,,,Yes,,,,,,,,,Rockcliffe-Smythe
137,Major Arterial,Etobicoke York,Mid-Block,No Control,Clear,Dark,Dry,Non-Fatal Injury,Rear End,Driver,45 to 49,Minimal,North,Stopped,Driving Properly,,,,,,,,,Yes,,,,,,,,Yes,Keelesdale-Eglinton West
926,Local,North York,Intersection,Stop Sign,Rain,Daylight,Wet,Non-Fatal Injury,Pedestrian Collisions,Driver,30 to 34,,East,Turning Left,Failed to Yield Right of Way,,,,,,,Yes,,Yes,,,,,,Yes,,,Bayview Woods-Steeles
1503,Minor Arterial,North York,Intersection,Traffic Signal,Rain,Daylight,Wet,Non-Fatal Injury,Pedestrian Collisions,Vehicle Owner,unknown,,,,,,,,,,,Yes,,,,Yes,,,,Yes,,,Don Valley Village
1942,Major Arterial,North York,Intersection,Traffic Signal,Clear,Dark,Wet,Non-Fatal Injury,Pedestrian Collisions,Driver,20 to 24,Minimal,East,Going Ahead,Exceeding Speed Limit,,,,,,,Yes,,Yes,,,,Yes,Yes,Yes,,,Newtonbrook West
1830,Minor Arterial,Toronto and East York,Intersection,Traffic Signal,Clear,Daylight,Dry,Non-Fatal Injury,Pedestrian Collisions,Vehicle Owner,unknown,,,,,,,,,,,Yes,,Yes,,,,,,Yes,,,Wellington Place
847,Major Arterial,Scarborough,Mid-Block,No Control,Clear,Daylight,Dry,Non-Fatal Injury,Rear End,Driver,65 to 69,,West,Going Ahead,Driving Properly,,,,,,,,,Yes,,,,Yes,Yes,Yes,,,Morningside Heights
1912,Major Arterial,Etobicoke York,Intersection,Traffic Signal,Rain,Dark,Wet,Fatal,Pedestrian Collisions,Passenger,0 to 4,,,Other,,,,,,,,Yes,,Yes,,,,Yes,,,,,West Humber-Clairville
1855,Major Arterial,Etobicoke York,Mid-Block,No Control,Clear,"Dark, artificial",Dry,Non-Fatal Injury,Pedestrian Collisions,Driver,45 to 49,,South,Going Ahead,Driving Properly,,,,,,,Yes,,Yes,,,,,,,,,Oakdale-Beverley Heights
1154,Major Arterial,Etobicoke York,Intersection,Traffic Signal,Clear,Daylight,Dry,Fatal,Turning Movement,Motorcycle Driver,30 to 34,Fatal,West,Going Ahead,Exceeding Speed Limit,,,,,,,,,Yes,Yes,,,,Yes,Yes,,,Kingsview Village-The Westway
903,Major Arterial,Etobicoke York,Intersection,Traffic Signal,Clear,Daylight,Wet,Fatal,Turning Movement,Driver,70 to 74,Minor,East,Turning Left,Failed to Yield Right of Way,,,,,,,,,Yes,,,Yes,Yes,,Yes,,,Kingsview Village-The Westway
926,Local,North York,Intersection,Stop Sign,Rain,Daylight,Wet,Non-Fatal Injury,Pedestrian Collisions,Pedestrian,40 to 44,Major,South,,,Vehicle turns left while ped crosses with ROW at inter.,Crossing with right of way,Unknown,,,,Yes,,Yes,,,,,,Yes,,,Bayview Woods-Steeles
1503,Minor Arterial,North York,Intersection,Traffic Signal,Rain,Daylight,Wet,Non-Fatal Injury,Pedestrian Collisions,Truck Driver,60 to 64,,South,Turning Left,Failed to Yield Right of Way,,,,,,,Yes,,,,Yes,,,,Yes,,,Don Valley Village
1942,Major Arterial,North York,Intersection,Traffic Signal,Clear,Dark,Wet,Non-Fatal Injury,Pedestrian Collisions,Pedestrian,20 to 24,Major,Unknown,,,Pedestrian hit on sidewalk or shoulder,On Sidewalk or Shoulder,Unknown,,,,Yes,,Yes,,,,Yes,Yes,Yes,,,Newtonbrook West
1830,Minor Arterial,Toronto and East York,Intersection,Traffic Signal,Clear,Daylight,Dry,Non-Fatal Injury,Pedestrian Collisions,Driver,40 to 44,,West,Turning Left,Failed to Yield Right of Way,,,,,,,Yes,,Yes,,,,,,Yes,,,Wellington Place
903,Major Arterial,Etobicoke York,Intersection,Traffic Signal,Clear,Daylight,Wet,Fatal,Turning Movement,Driver,65 to 69,Minor,West,Going Ahead,Driving Properly,,,,,,,,,Yes,,,Yes,Yes,,Yes,,,Kingsview Village-The Westway
847,Major Arterial,Scarborough,Mid-Block,No Control,Clear,Daylight,Dry,Non-Fatal Injury,Rear End,Driver,45 to 49,Major,West,Going Ahead,Lost control,,,,,,,,,Yes,,,,Yes,Yes,Yes,,,Morningside Heights
1430,Major Arterial,Toronto and East York,Mid-Block,No Control,Clear,Daylight,Dry,Non-Fatal Injury,Cyclist Collisions,Driver,20 to 24,,East,Parked,Other,,,,,,,,Yes,Yes,,,,,,,,,Wellington Place
1912,Major Arterial,Etobicoke York,Intersection,Traffic Signal,Rain,Dark,Wet,Fatal,Pedestrian Collisions,Passenger,25 to 29,,,Other,,,,,,,,Yes,,Yes,,,,Yes,,,,,West Humber-Clairville
1830,Minor Arterial,Toronto and East York,Intersection,Traffic Signal,Clear,Daylight,Dry,Non-Fatal Injury,Pedestrian Collisions,Pedestrian,25 to 29,Major,West,,,Vehicle turns left while ped crosses with ROW at inter.,Crossing with right of way,Normal,,,,Yes,,Yes,,,,,,Yes,,,Wellington Place
1855,Major Arterial,Etobicoke York,Mid-Block,No Control,Clear,"Dark, artificial",Dry,Non-Fatal Injury,Pedestrian Collisions,Pedestrian,45 to 49,Major,West,,,Pedestrian hit at mid-block,"Crossing, no Traffic Control",Inattentive,,,,Yes,,Yes,,,,,,,,,Oakdale-Beverley Heights
1942,Major Arterial,North York,Intersection,Traffic Signal,Clear,Dark,Wet,Non-Fatal Injury,Pedestrian Collisions,Pedestrian,20 to 24,Major,Unknown,,,Pedestrian hit on sidewalk or shoulder,On Sidewalk or Shoulder,Unknown,,,,Yes,,Yes,,,,Yes,Yes,Yes,,,Newtonbrook West
1938,Major Arterial,Toronto and East York,Intersection,No Control,Rain,Dark,Wet,Non-Fatal Injury,Pedestrian Collisions,Driver,65 to 69,,South,Going Ahead,Other,,,,,,,Yes,,Yes,,,,,,Yes,,Yes,Casa Loma
1417,Major Arterial,Toronto and East York,Mid-Block,No Control,Rain,Daylight,Wet,Non-Fatal Injury,Cyclist Collisions,Vehicle Owner,unknown,,,,,,,,,,,,Yes,Yes,,,,,,,,,North Riverdale
1154,Major Arterial,Etobicoke York,Intersection,Traffic Signal,Clear,Daylight,Dry,Fatal,Turning Movement,Driver,75 to 79,Minimal,East,Turning Left,Driving Properly,,,,,,,,,Yes,Yes,,,,Yes,Yes,,,Kingsview Village-The Westway
847,Major Arterial,Scarborough,Mid-Block,No Control,Clear,Daylight,Dry,Non-Fatal Injury,Rear End,Passenger,5 to 9,Minimal,,,,,,,,,,,,Yes,,,,Yes,Yes,Yes,,,Morningside Heights
1430,Major Arterial,Toronto and East York,Mid-Block,No Control,Clear,Daylight,Dry,Non-Fatal Injury,Cyclist Collisions,Cyclist,35 to 39,Major,East,Going Ahead,,,,,Cyclist struck opened vehicle door,Driving Properly,Unknown,,Yes,Yes,,,,,,,,,Wellington Place
1912,Major Arterial,Etobicoke York,Intersection,Traffic Signal,Rain,Dark,Wet,Fatal,Pedestrian Collisions,Driver,30 to 34,,East,Going Ahead,Driving Properly,,,,,,,Yes,,Yes,,,,Yes,,,,,West Humber-Clairville
1540,Major Arterial,Scarborough,Mid-Block,No Control,Clear,Daylight,Dry,Fatal,SMV Other,Vehicle Owner,unknown,,,,,,,,,,,,,Yes,,,,,Yes,Yes,,,Agincourt North
1704,Major Arterial,Scarborough,Intersection,Traffic Signal,Clear,"Dusk, artificial",Wet,Non-Fatal Injury,Rear End,Driver,80 to 84,,East,Turning Left,Driving Properly,,,,,,,,,Yes,,,,Yes,,Yes,,,Malvern East
1938,Major Arterial,Toronto and East York,Intersection,No Control,Rain,Dark,Wet,Non-Fatal Injury,Pedestrian Collisions,Pedestrian,75 to 79,Major,Unknown,,,Other / Undefined,Other,Normal,,,,Yes,,Yes,,,,,,Yes,,Yes,Casa Loma
1417,Major Arterial,Toronto and East York,Mid-Block,No Control,Rain,Daylight,Wet,Non-Fatal Injury,Cyclist Collisions,Driver,50 to 54,,East,Going Ahead,Driving Properly,,,,,,,,Yes,Yes,,,,,,,,,North Riverdale
1154,Major Arterial,Etobicoke York,Intersection,Traffic Signal,Clear,Daylight,Dry,Fatal,Turning Movement,Other Property Owner,unknown,,,,,,,,,,,,,Yes,Yes,,,,Yes,Yes,,,Kingsview Village-The Westway
1912,Major Arterial,Etobicoke York,Intersection,Traffic Signal,Rain,Dark,Wet,Fatal,Pedestrian Collisions,Pedestrian,75 to 79,Fatal,East,Other,,Vehicle is going straight thru inter.while ped cross without ROW,Crossing marked crosswalk without ROW,Inattentive,,,,Yes,,Yes,,,,Yes,,,,,West Humber-Clairville
1704,Major Arterial,Scarborough,Intersection,Traffic Signal,Clear,"Dusk, artificial",Wet,Non-Fatal Injury,Rear End,Passenger,80 to 84,Major,,,,,,,,,,,,Yes,,,,Yes,,Yes,,,Malvern East
847,Major Arterial,Scarborough,Mid-Block,No Control,Clear,Daylight,Dry,Non-Fatal Injury,Rear End,Driver,40 to 44,Minimal,West,Going Ahead,Driving Properly,,,,,,,,,Yes,,,,Yes,Yes,Yes,,,Morningside Heights
706,Major Arterial,Etobicoke York,Intersection,Traffic Signal,Rain,"Dark, artificial",Wet,Fatal,Pedestrian Collisions,Pedestrian,25 to 29,Fatal,East,,,Vehicle turns left while ped crosses with ROW at inter.,Crossing with right of way,Normal,,,,Yes,,,,,Yes,,,Yes,,,Black Creek
515,Major Arterial,Etobicoke York,Mid-Block,No Control,Snow,Dark,Packed Snow,Non-Fatal Injury,Approaching,Driver,25 to 29,,North,Going Ahead,Lost control,,,,,,,,,Yes,,,,,,,,Yes,Thistletown-Beaumond Heights
1952,Major Arterial,Toronto and East York,Mid-Block,No Control,Rain,Dark,Wet,Non-Fatal Injury,Pedestrian Collisions,Passenger,unknown,,,Other,,,,,,,,Yes,,Yes,,,,Yes,,,,,Bay-Cloverhill
1540,Major Arterial,Scarborough,Mid-Block,No Control,Clear,Daylight,Dry,Fatal,SMV Other,Driver,35 to 39,Fatal,South,Going Ahead,Lost control,,,,,,,,,Yes,,,,,Yes,Yes,,,Agincourt North
1457,Major Arterial,Scarborough,Intersection,Traffic Signal,Clear,Daylight,Dry,Non-Fatal Injury,Cyclist Collisions,Driver,50 to 54,,West,Turning Left,Failed to Yield Right of Way,,,,,,,,Yes,Yes,,,,,,Yes,,,Tam O'Shanter-Sullivan
1417,Major Arterial,Toronto and East York,Mid-Block,No Control,Rain,Daylight,Wet,Non-Fatal Injury,Cyclist Collisions,Cyclist,20 to 24,Major,East,Changing Lanes,,,,,Cyclist and Driver travelling in same direction. One vehicle sideswipes the other.,Improper Lane Change,Normal,,Yes,Yes,,,,,,,,,North Riverdale
1505,Collector,Etobicoke York,Intersection,No Control,Clear,Daylight,Dry,Non-Fatal Injury,Cyclist Collisions,Driver,60 to 64,,West,Turning Left,Failed to Yield Right of Way,,,,,,,,Yes,Yes,,,,,,Yes,,,New Toronto
1704,Major Arterial,Scarborough,Intersection,Traffic Signal,Clear,"Dusk, artificial",Wet,Non-Fatal Injury,Rear End,Driver,50 to 54,,East,Turning Left,Following too Close,,,,,,,,,Yes,,,,Yes,,Yes,,,Malvern East
1215,Minor Arterial,Etobicoke York,Intersection,Traffic Signal,Clear,Daylight,Dry,Fatal,SMV Other,Passenger,70 to 74,Fatal,,,,,,,,,,,,Yes,,,,Yes,,,,,Humber Heights-Westmount
706,Major Arterial,Etobicoke York,Intersection,Traffic Signal,Rain,"Dark, artificial",Wet,Fatal,Pedestrian Collisions,Vehicle Owner,unknown,,,,,,,,,,,Yes,,,,,Yes,,,Yes,,,Black Creek
515,Major Arterial,Etobicoke York,Mid-Block,No Control,Snow,Dark,Packed Snow,Non-Fatal Injury,Approaching,Driver,25 to 29,Major,South,Going Ahead,Driving Properly,,,,,,,,,Yes,,,,,,,,Yes,Thistletown-Beaumond Heights
2035,Local,Etobicoke York,Intersection,No Control,Clear,Dark,Dry,Non-Fatal Injury,Pedestrian Collisions,Driver,55 to 59,,North,Turning Left,Failed to Yield Right of Way,,,,,,,Yes,,Yes,,,,,,Yes,,,Eringate-Centennial-West Deane
1952,Major Arterial,Toronto and East York,Mid-Block,No Control,Rain,Dark,Wet,Non-Fatal Injury,Pedestrian Collisions,Vehicle Owner,unknown,,,,,,,,,,,Yes,,Yes,,,,Yes,,,,,Bay-Cloverhill
1457,Major Arterial,Scarborough,Intersection,Traffic Signal,Clear,Daylight,Dry,Non-Fatal Injury,Cyclist Collisions,Cyclist,60 to 64,Major,East,Going Ahead,,,,,Motorist turned left across cyclists path.,Other,Normal,,Yes,Yes,,,,,,Yes,,,Tam O'Shanter-Sullivan
1215,Minor Arterial,Etobicoke York,Intersection,Traffic Signal,Clear,Daylight,Dry,Fatal,SMV Other,Driver,70 to 74,Major,West,Going Ahead,Lost control,,,,,,,,,Yes,,,,Yes,,,,,Humber Heights-Westmount
706,Major Arterial,Etobicoke York,Intersection,Traffic Signal,Rain,"Dark, artificial",Wet,Fatal,Pedestrian Collisions,Driver,40 to 44,,West,Turning Left,Failed to Yield Right of Way,,,,,,,Yes,,,,,Yes,,,Yes,,,Black Creek
1505,Collector,Etobicoke York,Intersection,No Control,Clear,Daylight,Dry,Non-Fatal Injury,Cyclist Collisions,Cyclist,50 to 54,Major,East,Going Ahead,,,,,Motorist turned left across cyclists path.,Driving Properly,Normal,,Yes,Yes,,,,,,Yes,,,New Toronto
1045,Major Arterial,Toronto and East York,Intersection,Traffic Signal,Clear,Daylight,Dry,Non-Fatal Injury,Pedestrian Collisions,Driver,75 to 79,,East,Going Ahead,Driving Properly,,,,,,,Yes,,Yes,,,,,,,,,Trinity-Bellwoods
2035,Local,Etobicoke York,Intersection,No Control,Clear,Dark,Dry,Non-Fatal Injury,Pedestrian Collisions,Pedestrian,15 to 19,Major,North,,,Vehicle turns left while ped crosses with ROW at inter.,Crossing with right of way,Normal,,,,Yes,,Yes,,,,,,Yes,,,Eringate-Centennial-West Deane
2035,Local,Etobicoke York,Intersection,No Control,Clear,Dark,Dry,Non-Fatal Injury,Pedestrian Collisions,Pedestrian,20 to 24,Minor,North,,,Vehicle turns left while ped crosses with ROW at inter.,Crossing with right of way,Normal,,,,Yes,,Yes,,,,,,Yes,,,Eringate-Centennial-West Deane
1505,Minor Arterial,Toronto and East York,Intersection,No Control,Clear,Daylight,Dry,Non-Fatal Injury,Pedestrian Collisions,Vehicle Owner,unknown,,,,,,,,,,,Yes,,Yes,,,,,Yes,Yes,,,North Riverdale
1810,Major Arterial,Toronto and East York,Intersection,No Control,Clear,Daylight,Dry,Non-Fatal Injury,Rear End,Vehicle Owner,unknown,,,,,,,,,,,,,Yes,,,Yes,,,,,,Downtown Yonge East
1945,Major Arterial,North York,Mid-Block,No Control,Rain,"Dark, artificial",Wet,Non-Fatal Injury,Pedestrian Collisions,Driver,50 to 54,,East,Changing Lanes,Driving Properly,,,,,,,Yes,,Yes,,,,,,,,,Victoria Village
1215,Minor Arterial,Etobicoke York,Intersection,Traffic Signal,Clear,Daylight,Dry,Fatal,SMV Other,Other Property Owner,unknown,,,,,,,,,,,,,Yes,,,,Yes,,,,,Humber Heights-Westmount
1710,Major Arterial,North York,Intersection,No Control,Rain,Dark,Wet,Non-Fatal Injury,Pedestrian Collisions,Driver,70 to 74,,West,Turning Left,Driving Properly,,,,,,,Yes,,Yes,,,,,,,,,Bedford Park-Nortown
130,Major Arterial,Toronto and East York,Mid-Block,No Control,Clear,Dark,Dry,Non-Fatal Injury,Pedestrian Collisions,Vehicle Owner,unknown,,,,,,,,,,,Yes,,Yes,,,,,,,,,Dufferin Grove
1045,Major Arterial,Toronto and East York,Intersection,Traffic Signal,Clear,Daylight,Dry,Non-Fatal Injury,Pedestrian Collisions,Pedestrian,85 to 89,Major,North,,,Vehicle is going straight thru inter.while ped cross without ROW,Crossing without right of way,Normal,,,,Yes,,Yes,,,,,,,,,Trinity-Bellwoods
130,Major Arterial,Toronto and East York,Mid-Block,No Control,Clear,Dark,Dry,Non-Fatal Injury,Pedestrian Collisions,Driver,70 to 74,,East,Going Ahead,Driving Properly,,,,,,,Yes,,Yes,,,,,,,,,Dufferin Grove
1952,Major Arterial,Toronto and East York,Mid-Block,No Control,Rain,Dark,Wet,Non-Fatal Injury,Pedestrian Collisions,Driver,20 to 24,,South,Going Ahead,Driving Properly,,,,,,,Yes,,Yes,,,,Yes,,,,,Bay-Cloverhill
1505,Minor Arterial,Toronto and East York,Intersection,No Control,Clear,Daylight,Dry,Non-Fatal Injury,Pedestrian Collisions,Driver,70 to 74,,North,Going Ahead,Driving Properly,,,,,,,Yes,,Yes,,,,,Yes,Yes,,,North Riverdale
1945,Major Arterial,North York,Mid-Block,No Control,Rain,"Dark, artificial",Wet,Non-Fatal Injury,Pedestrian Collisions,Pedestrian,45 to 49,Major,Unknown,,,Pedestrian hit at mid-block,"Crossing, no Traffic Control",Inattentive,,,,Yes,,Yes,,,,,,,,,Victoria Village
630,Minor Arterial,Toronto and East York,Intersection,Traffic Signal,Clear,Daylight,Dry,Non-Fatal Injury,Rear End,Motorcycle Driver,30 to 34,Major,East,Going Ahead,Driving Properly,,,,,,,,,Yes,Yes,,,,,Yes,,,Harbourfront-CityPlace
1815,Major Arterial,Etobicoke York,Intersection,Traffic Signal,Clear,Daylight,Dry,Non-Fatal Injury,Angle,Driver,55 to 59,,South,Going Ahead,Driving Properly,,,,,,,,,Yes,,,,Yes,,Yes,Yes,,Humber Summit
2130,Major Arterial,Toronto and East York,Intersection,Traffic Signal,Rain,"Dusk, artificial",Wet,Non-Fatal Injury,Pedestrian Collisions,Driver,unknown,,West,Turning Left,Failed to Yield Right of Way,,,,,,,Yes,,Yes,,,,,,Yes,,,South Riverdale
630,Minor Arterial,Toronto and East York,Intersection,Traffic Signal,Clear,Daylight,Dry,Non-Fatal Injury,Rear End,Vehicle Owner,unknown,,,,,,,,,,,,,Yes,Yes,,,,,Yes,,,Harbourfront-CityPlace
1810,Major Arterial,Toronto and East York,Intersection,No Control,Clear,Daylight,Dry,Non-Fatal Injury,Rear End,Driver,50 to 54,,East,Going Ahead,Driving Properly,,,,,,,,,Yes,,,Yes,,,,,,Downtown Yonge East
955,,Etobicoke York,Mid-Block,No Control,Clear,Daylight,Dry,Non-Fatal Injury,Rear End,Driver,35 to 39,,East,Slowing or Stopping,Following too Close,,,,,,,,,Yes,,,,,,Yes,,,Humber Bay Shores
1710,Major Arterial,North York,Intersection,No Control,Rain,Dark,Wet,Non-Fatal Injury,Pedestrian Collisions,Pedestrian,60 to 64,Major,West,,,Pedestrian hit at mid-block,"Crossing, no Traffic Control",Inattentive,,,,Yes,,Yes,,,,,,,,,Bedford Park-Nortown
130,Major Arterial,Toronto and East York,Mid-Block,No Control,Clear,Dark,Dry,Non-Fatal Injury,Pedestrian Collisions,Pedestrian,50 to 54,Major,South,,,Pedestrian hit at mid-block,"Crossing, no Traffic Control",Normal,,,,Yes,,Yes,,,,,,,,,Dufferin Grove
1952,Major Arterial,Toronto and East York,Mid-Block,No Control,Rain,Dark,Wet,Non-Fatal Injury,Pedestrian Collisions,Pedestrian,70 to 74,Major,West,,,Pedestrian hit at mid-block,"Crossing, no Traffic Control",Inattentive,,,,Yes,,Yes,,,,Yes,,,,,Bay-Cloverhill
1505,Minor Arterial,Toronto and East York,Intersection,No Control,Clear,Daylight,Dry,Non-Fatal Injury,Pedestrian Collisions,Driver,45 to 49,,North,Changing Lanes,Exceeding Speed Limit,,,,,,,Yes,,Yes,,,,,Yes,Yes,,,North Riverdale
1810,Major Arterial,Toronto and East York,Intersection,No Control,Clear,Daylight,Dry,Non-Fatal Injury,Rear End,Driver,50 to 54,Major,East,Slowing or Stopping,Other,,,,,,,,,Yes,,,Yes,,,,,,Downtown Yonge East
2141,Major Arterial,Toronto and East York,Intersection,No Control,Clear,Dark,Dry,Non-Fatal Injury,Pedestrian Collisions,Vehicle Owner,unknown,,,,,,,,,,,Yes,,Yes,,,,,,Yes,,,O'Connor-Parkview
2130,Major Arterial,Toronto and East York,Intersection,Traffic Signal,Rain,"Dusk, artificial",Wet,Non-Fatal Injury,Pedestrian Collisions,Pedestrian,40 to 44,Major,West,,,Vehicle turns left while ped crosses with ROW at inter.,Crossing with right of way,Normal,,,,Yes,,Yes,,,,,,Yes,,,South Riverdale
1945,Collector,Etobicoke York,Intersection,Stop Sign,Clear,Dark,Dry,Non-Fatal Injury,Cyclist Collisions,Driver,65 to 69,,South,Going Ahead,Failed to Yield Right of Way,,,,,,,,Yes,Yes,,,,,,Yes,,,Humber Summit
1807,Major Arterial,Etobicoke York,Mid-Block,No Control,Clear,Dark,Dry,Non-Fatal Injury,Pedestrian Collisions,Vehicle Owner,unknown,,,,,,,,,,,Yes,,Yes,,,,,,,,,Keelesdale-Eglinton West
630,Minor Arterial,Toronto and East York,Intersection,Traffic Signal,Clear,Daylight,Dry,Non-Fatal Injury,Rear End,Driver,35 to 39,Minimal,East,Slowing or Stopping,Improper Passing,,,,,,,,,Yes,Yes,,,,,Yes,,,Harbourfront-CityPlace
955,,Etobicoke York,Mid-Block,No Control,Clear,Daylight,Dry,Non-Fatal Injury,Rear End,Driver,35 to 39,Major,East,Stopped,Driving Properly,,,,,,,,,Yes,,,,,,Yes,,,Humber Bay Shores
1505,Minor Arterial,Toronto and East York,Intersection,No Control,Clear,Daylight,Dry,Non-Fatal Injury,Pedestrian Collisions,Other Property Owner,unknown,,,,,,,,,,,Yes,,Yes,,,,,Yes,Yes,,,North Riverdale
1800,Minor Arterial,Toronto and East York,Intersection,Traffic Signal,Clear,"Dark, artificial",Dry,Non-Fatal Injury,Pedestrian Collisions,Driver,unknown,,West,Going Ahead,Other,,,,,,,Yes,,Yes,,,,,,,,,South Riverdale
1815,Major Arterial,Etobicoke York,Intersection,Traffic Signal,Clear,Daylight,Dry,Non-Fatal Injury,Angle,Passenger,50 to 54,Minimal,,,,,,,,,,,,Yes,,,,Yes,,Yes,Yes,,Humber Summit
1510,Major Arterial,Etobicoke York,Intersection,Traffic Signal,Clear,Daylight,Dry,Non-Fatal Injury,Pedestrian Collisions,Vehicle Owner,unknown,,,,,,,,,,,Yes,,Yes,,,,,,Yes,,,Glenfield-Jane Heights
2000,Collector,Scarborough,Mid-Block,No Control,Clear,Daylight,Dry,Non-Fatal Injury,Approaching,Motorcycle Driver,30 to 34,Major,East,Going Ahead,Other,,,,,,,,,Yes,Yes,,,,,,,,Morningside Heights
1655,Local,Toronto and East York,Mid-Block,No Control,Clear,Dusk,Dry,Non-Fatal Injury,Pedestrian Collisions,Vehicle Owner,unknown,,,,,,,,,,,Yes,,Yes,,,,,,,,,Kensington-Chinatown
1945,Collector,Etobicoke York,Intersection,Stop Sign,Clear,Dark,Dry,Non-Fatal Injury,Cyclist Collisions,Cyclist,10 to 14,Major,West,Going Ahead,,,,,"Motorist without ROW drives into path of cyclist at inter, lnwy, dwy-Driver not turn.",Driving Properly,Normal,,Yes,Yes,,,,,,Yes,,,Humber Summit
1807,Major Arterial,Etobicoke York,Mid-Block,No Control,Clear,Dark,Dry,Non-Fatal Injury,Pedestrian Collisions,Driver,45 to 49,,East,Going Ahead,Driving Properly,,,,,,,Yes,,Yes,,,,,,,,,Keelesdale-Eglinton West
1800,Minor Arterial,Toronto and East York,Intersection,Traffic Signal,Clear,"Dark, artificial",Dry,Non-Fatal Injury,Pedestrian Collisions,Pedestrian,50 to 54,Major,Unknown,,,Vehicle is going straight thru inter.while ped cross without ROW,Crossing without right of way,Normal,,,,Yes,,Yes,,,,,,,,,South Riverdale
2141,Major Arterial,Toronto and East York,Intersection,No Control,Clear,Dark,Dry,Non-Fatal Injury,Pedestrian Collisions,Driver,30 to 34,,East,Going Ahead,Driving Properly,,,,,,,Yes,,Yes,,,,,,Yes,,,O'Connor-Parkview
1815,Major Arterial,Etobicoke York,Intersection,Traffic Signal,Clear,Daylight,Dry,Non-Fatal Injury,Angle,Passenger,70 to 74,Major,,,,,,,,,,,,Yes,,,,Yes,,Yes,Yes,,Humber Summit