TIME,ROAD_CLASS,DISTRICT,LOCCOORD,TRAFFCTL,VISIBILITY,LIGHT,RDSFCOND,ACCLASS,IMPACTYPE,INVTYPE,INVAGE,INJURY,INITDIR,MANOEUVER,DRIVACT,PEDTYPE,PEDACT,PEDCOND,CYCLISTYPE,CYCACT,CYCCOND,PEDESTRIAN,CYCLIST,AUTOMOBILE,MOTORCYCLE,TRUCK,TRSN_CITY_VEH,PASSENGER,SPEEDING,AG_DRIV,REDLIGHT,ALCOHOL,NEIGHBOURHOOD_158
1429,Major Arterial,Scarborough,Intersection,Traffic Signal,Clear,Daylight,Dry,Non-Fatal Injury,Pedestrian Collisions,Vehicle Owner,unknown,,,,,,,,,,,Yes,,,,Yes,,,,Yes,,,Tam O'Shanter-Sullivan
1429,Major Arterial,Scarborough,Intersection,Traffic Signal,Clear,Daylight,Dry,Non-Fatal Injury,Pedestrian Collisions,Pedestrian,70 to 74,Major,West,,,Vehicle turns right while ped crosses with ROW at inter.,Crossing with right of way,Normal,,,,Yes,,,,Yes,,,,Yes,,,Tam O'Shanter-Sullivan
1429,Major Arterial,Scarborough,Intersection,Traffic Signal,Clear,Daylight,Dry,Non-Fatal Injury,Pedestrian Collisions,Truck Driver,60 to 64,,South,Turning Right,Failed to Yield Right of Way,,,,,,,Yes,,,,Yes,,,,Yes,,,Tam O'Shanter-Sullivan
230,Major Arterial,North York,Intersection,No Control,Clear,Dark,Dry,Fatal,SMV Other,Driver,15 to 19,Minimal,South,Going Ahead,Exceeding Speed Limit,,,,,,,,,Yes,,,,Yes,Yes,Yes,,Yes,Mount Pleasant East
654,Major Arterial,North York,Intersection,No Control,Rain,Dark,Wet,Non-Fatal Injury,Pedestrian Collisions,Driver,unknown,,East,Going Ahead,Other,,,,,,,Yes,,Yes,,,,,,,,,Humewood-Cedarvale
739,Major Arterial,Toronto and East York,Intersection,No Control,Clear,Daylight,Dry,Non-Fatal Injury,Turning Movement,Motorcycle Driver,20 to 24,Major,South,Going Ahead,Driving Properly,,,,,,,,,Yes,Yes,,,,,,,,Trinity-Bellwoods
1532,Minor Arterial,Toronto and East York,Intersection,No Control,Clear,Daylight,Dry,Non-Fatal Injury,Pedestrian Collisions,Truck Driver,45 to 49,,West,Going Ahead,Failed to Yield Right of Way,,,,,,,Yes,,,,Yes,,,,Yes,,,The Beaches
230,Major Arterial,North York,Intersection,No Control,Clear,Dark,Dry,Fatal,SMV Other,Other Property Owner,unknown,,,,,,,,,,,,,Yes,,,,Yes,Yes,Yes,,Yes,Mount Pleasant East
654,Major Arterial,North York,Intersection,No Control,Rain,Dark,Wet,Non-Fatal Injury,Pedestrian Collisions,Pedestrian,50 to 54,Major,North,,,Vehicle is going straight thru inter.while ped cross without ROW,Crossing without right of way,Inattentive,,,,Yes,,Yes,,,,,,,,,Humewood-Cedarvale
739,Major Arterial,Toronto and East York,Intersection,No Control,Clear,Daylight,Dry,Non-Fatal Injury,Turning Movement,Vehicle Owner,unknown,,,,,,,,,,,,,Yes,Yes,,,,,,,,Trinity-Bellwoods
340,Major Arterial,Toronto and East York,Intersection,Traffic Signal,Clear,"Dark, artificial",Dry,Non-Fatal Injury,Angle,Vehicle Owner,unknown,,,,,,,,,,,,,Yes,,Yes,,Yes,,Yes,Yes,,Yonge-Bay Corridor
715,Collector,Scarborough,Intersection,No Control,Rain,Daylight,Wet,Non-Fatal Injury,Pedestrian Collisions,Driver,45 to 49,,North,Going Ahead,Driving Properly,,,,,,,Yes,,Yes,,,,,,,,,Morningside Heights
1937,Local,Etobicoke York,Intersection,No Control,Clear,Daylight,Dry,Non-Fatal Injury,SMV Unattended Vehicle,Vehicle Owner,unknown,,,,,,,,,,,,,Yes,,,,,,,,,Keelesdale-Eglinton West
1532,Minor Arterial,Toronto and East York,Intersection,No Control,Clear,Daylight,Dry,Non-Fatal Injury,Pedestrian Collisions,Pedestrian,30 to 34,Major,Unknown,,,Vehicle is going straight thru inter.while ped cross with ROW,Crossing without right of way,Normal,,,,Yes,,,,Yes,,,,Yes,,,The Beaches
1239,Major Arterial,Scarborough,Mid-Block,No Control,Clear,Daylight,Dry,Non-Fatal Injury,Approaching,Driver,55 to 59,Major,North,Changing Lanes,Failed to Yield Right of Way,,,,,,,,,Yes,,,,,,Yes,,,Bendale-Glen Andrew
54,Major Arterial,Toronto and East York,Intersection,No Control,Clear,"Dark, artificial",Dry,Non-Fatal Injury,Pedestrian Collisions,Driver,40 to 44,,East,Going Ahead,Driving Properly,,,,,,,Yes,,,,,Yes,,,,,,Casa Loma
739,Major Arterial,Toronto and East York,Intersection,No Control,Clear,Daylight,Dry,Non-Fatal Injury,Turning Movement,Driver,50 to 54,,East,Making U Turn,Improper Turn,,,,,,,,,Yes,Yes,,,,,,,,Trinity-Bellwoods
340,Major Arterial,Toronto and East York,Intersection,Traffic Signal,Clear,"Dark, artificial",Dry,Non-Fatal Injury,Angle,Vehicle Owner,unknown,,,,,,,,,,,,,Yes,,Yes,,Yes,,Yes,Yes,,Yonge-Bay Corridor
1000,Collector,Toronto and East York,Intersection,Traffic Signal,Clear,Daylight,Dry,Non-Fatal Injury,Cyclist Collisions,Driver,50 to 54,,North,Turning Left,Failed to Yield Right of Way,,,,,,,,Yes,Yes,,,,,,Yes,,,Trinity-Bellwoods
1239,Major Arterial,Scarborough,Mid-Block,No Control,Clear,Daylight,Dry,Non-Fatal Injury,Approaching,Driver,35 to 39,,North,Stopped,Driving Properly,,,,,,,,,Yes,,,,,,Yes,,,Bendale-Glen Andrew
54,Major Arterial,Toronto and East York,Intersection,No Control,Clear,"Dark, artificial",Dry,Non-Fatal Injury,Pedestrian Collisions,Pedestrian,20 to 24,Major,North,,,Pedestrian involved in a collision with transit vehicle anywhere along roadway,"Crossing, no Traffic Control",Had Been Drinking,,,,Yes,,,,,Yes,,,,,,Casa Loma
715,Collector,Scarborough,Intersection,No Control,Rain,Daylight,Wet,Non-Fatal Injury,Pedestrian Collisions,Pedestrian,20 to 24,Major,North,,,Vehicle is going straight thru inter.while ped cross with ROW,Walking on Roadway with Traffic,Normal,,,,Yes,,Yes,,,,,,,,,Morningside Heights
1937,Local,Etobicoke York,Intersection,No Control,Clear,Daylight,Dry,Non-Fatal Injury,SMV Unattended Vehicle,Other,unknown,,,,,,,,,,,,,Yes,,,,,,,,,Keelesdale-Eglinton West
2000,Major Arterial,Etobicoke York,Mid-Block,No Control,Clear,"Dark, artificial",Dry,Non-Fatal Injury,Rear End,Vehicle Owner,unknown,,,,,,,,,,,,,Yes,,,,,,,,,Glenfield-Jane Heights
1026,Collector,Toronto and East York,Mid-Block,No Control,Clear,Daylight,Dry,Non-Fatal Injury,SMV Unattended Vehicle,Other,unknown,,East,Parked,,,,,,,,,,Yes,,,,,,,,,Rosedale-Moore Park
2128,Major Arterial,North York,Mid-Block,No Control,Clear,"Dark, artificial",Dry,Non-Fatal Injury,Turning Movement,Driver,30 to 34,,South,Going Ahead,Driving Properly,,,,,,,,,Yes,,,,,,,,,Wexford/Maryvale
1937,Local,Etobicoke York,Intersection,No Control,Clear,Daylight,Dry,Non-Fatal Injury,SMV Unattended Vehicle,Vehicle Owner,unknown,,,,,,,,,,,,,Yes,,,,,,,,,Keelesdale-Eglinton West
1000,Collector,Toronto and East York,Intersection,Traffic Signal,Clear,Daylight,Dry,Non-Fatal Injury,Cyclist Collisions,Cyclist,30 to 34,Major,East,Going Ahead,,,,,Motorist turned left across cyclists path.,Driving Properly,Normal,,Yes,Yes,,,,,,Yes,,,Trinity-Bellwoods
1312,Collector,Etobicoke York,Mid-Block,No Control,Clear,Daylight,Dry,Non-Fatal Injury,Rear End,Driver,70 to 74,Major,West,Slowing or Stopping,Driving Properly,,,,,,,,,Yes,,,,,,Yes,,,Weston
2000,Major Arterial,Etobicoke York,Mid-Block,No Control,Clear,"Dark, artificial",Dry,Non-Fatal Injury,Rear End,Driver,45 to 49,Major,West,Stopped,Driving Properly,,,,,,,,,Yes,,,,,,,,,Glenfield-Jane Heights
1239,Major Arterial,Scarborough,Mid-Block,No Control,Clear,Daylight,Dry,Non-Fatal Injury,Approaching,Other Property Owner,unknown,,,,,,,,,,,,,Yes,,,,,,Yes,,,Bendale-Glen Andrew
1026,Collector,Toronto and East York,Mid-Block,No Control,Clear,Daylight,Dry,Non-Fatal Injury,SMV Unattended Vehicle,Other,unknown,,East,Parked,,,,,,,,,,Yes,,,,,,,,,Rosedale-Moore Park
340,Major Arterial,Toronto and East York,Intersection,Traffic Signal,Clear,"Dark, artificial",Dry,Non-Fatal Injury,Angle,Truck Driver,50 to 54,,South,Going Ahead,Disobeyed Traffic Control,,,,,,,,,Yes,,Yes,,Yes,,Yes,Yes,,Yonge-Bay Corridor
2128,Major Arterial,North York,Mid-Block,No Control,Clear,"Dark, artificial",Dry,Non-Fatal Injury,Turning Movement,Vehicle Owner,unknown,,,,,,,,,,,,,Yes,,,,,,,,,Wexford/Maryvale
1937,Local,Etobicoke York,Intersection,No Control,Clear,Daylight,Dry,Non-Fatal Injury,SMV Unattended Vehicle,Vehicle Owner,unknown,,,,,,,,,,,,,Yes,,,,,,,,,Keelesdale-Eglinton West
1739,Major Arterial,Toronto and East York,Intersection,No Control,Rain,Daylight,Wet,Non-Fatal Injury,Other,Moped Driver,55 to 59,Major,East,Going Ahead,Lost control,,,,,,,,Yes,Yes,,,,,,,,,Old East York
1312,Collector,Etobicoke York,Mid-Block,No Control,Clear,Daylight,Dry,Non-Fatal Injury,Rear End,Driver,35 to 39,Major,West,Going Ahead,Following too Close,,,,,,,,,Yes,,,,,,Yes,,,Weston
2000,Major Arterial,Etobicoke York,Mid-Block,No Control,Clear,"Dark, artificial",Dry,Non-Fatal Injury,Rear End,Vehicle Owner,unknown,,,,,,,,,,,,,Yes,,,,,,,,,Glenfield-Jane Heights
1627,Collector,Etobicoke York,Intersection,Traffic Signal,Clear,Daylight,Dry,Fatal,Angle,Passenger,20 to 24,Minimal,,,,,,,,,,,,Yes,Yes,,,Yes,,Yes,Yes,,Rockcliffe-Smythe
340,Major Arterial,Toronto and East York,Intersection,Traffic Signal,Clear,"Dark, artificial",Dry,Non-Fatal Injury,Angle,Passenger,25 to 29,Minimal,,,,,,,,,,,,Yes,,Yes,,Yes,,Yes,Yes,,Yonge-Bay Corridor
2128,Major Arterial,North York,Mid-Block,No Control,Clear,"Dark, artificial",Dry,Non-Fatal Injury,Turning Movement,Driver,20 to 24,Major,South,Making U Turn,Improper Turn,,,,,,,,,Yes,,,,,,,,,Wexford/Maryvale
2140,Major Arterial,Toronto and East York,Intersection,Traffic Signal,Clear,"Dark, artificial",Dry,Non-Fatal Injury,Cyclist Collisions,Driver,75 to 79,,South,Turning Left,Failed to Yield Right of Way,,,,,,,,Yes,Yes,,,,,,Yes,,,Rosedale-Moore Park
647,Minor Arterial,Toronto and East York,Intersection,Traffic Signal,Clear,Daylight,Dry,Non-Fatal Injury,Other,Vehicle Owner,unknown,,,,,,,,,,,,,,,,Yes,Yes,,,,,North St.James Town
1937,Local,Etobicoke York,Intersection,No Control,Clear,Daylight,Dry,Non-Fatal Injury,SMV Unattended Vehicle,Vehicle Owner,unknown,,,,,,,,,,,,,Yes,,,,,,,,,Keelesdale-Eglinton West
1627,Collector,Etobicoke York,Intersection,Traffic Signal,Clear,Daylight,Dry,Fatal,Angle,Vehicle Owner,unknown,,,,,,,,,,,,,Yes,Yes,,,Yes,,Yes,Yes,,Rockcliffe-Smythe
2000,Major Arterial,Etobicoke York,Mid-Block,No Control,Clear,"Dark, artificial",Dry,Non-Fatal Injury,Rear End,Driver,25 to 29,Minor,West,Going Ahead,Lost control,,,,,,,,,Yes,,,,,,,,,Glenfield-Jane Heights
340,Major Arterial,Toronto and East York,Intersection,Traffic Signal,Clear,"Dark, artificial",Dry,Non-Fatal Injury,Angle,Passenger,35 to 39,Major,,,,,,,,,,,,Yes,,Yes,,Yes,,Yes,Yes,,Yonge-Bay Corridor
1026,Collector,Toronto and East York,Mid-Block,No Control,Clear,Daylight,Dry,Non-Fatal Injury,SMV Unattended Vehicle,Other,unknown,,East,Parked,,,,,,,,,,Yes,,,,,,,,,Rosedale-Moore Park
100,Minor Arterial,Toronto and East York,Intersection,Traffic Signal,Clear,Daylight,Dry,Non-Fatal Injury,Pedestrian Collisions,Driver,55 to 59,,South,Turning Left,Failed to Yield Right of Way,,,,,,,Yes,,Yes,,,,,,Yes,,,Oakwood Village
2140,Major Arterial,Toronto and East York,Intersection,Traffic Signal,Clear,"Dark, artificial",Dry,Non-Fatal Injury,Cyclist Collisions,Cyclist,20 to 24,Major,North,Going Ahead,,,,,Motorist turned left across cyclists path.,Driving Properly,Normal,,Yes,Yes,,,,,,Yes,,,Rosedale-Moore Park
1937,Local,Etobicoke York,Intersection,No Control,Clear,Daylight,Dry,Non-Fatal Injury,SMV Unattended Vehicle,Vehicle Owner,unknown,,,,,,,,,,,,,Yes,,,,,,,,,Keelesdale-Eglinton West
1627,Collector,Etobicoke York,Intersection,Traffic Signal,Clear,Daylight,Dry,Fatal,Angle,Driver,25 to 29,Minimal,West,Going Ahead,Driving Properly,,,,,,,,,Yes,Yes,,,Yes,,Yes,Yes,,Rockcliffe-Smythe
1511,Minor Arterial,Scarborough,Mid-Block,No Control,Clear,Daylight,Wet,Non-Fatal Injury,Approaching,Driver,45 to 49,Major,East,Going Ahead,Driving Properly,,,,,,,,,Yes,,,,,,,,,Morningside Heights
340,Major Arterial,Toronto and East York,Intersection,Traffic Signal,Clear,"Dark, artificial",Dry,Non-Fatal Injury,Angle,Driver,45 to 49,Minimal,East,Going Ahead,Driving Properly,,,,,,,,,Yes,,Yes,,Yes,,Yes,Yes,,Yonge-Bay Corridor
1026,Collector,Toronto and East York,Mid-Block,No Control,Clear,Daylight,Dry,Non-Fatal Injury,SMV Unattended Vehicle,Driver,60 to 64,Major,West,Going Ahead,Lost control,,,,,,,,,Yes,,,,,,,,,Rosedale-Moore Park
100,Minor Arterial,Toronto and East York,Intersection,Traffic Signal,Clear,Daylight,Dry,Non-Fatal Injury,Pedestrian Collisions,Pedestrian,50 to 54,Major,North,,,Vehicle turns left while ped crosses with ROW at inter.,Crossing with right of way,Normal,,,,Yes,,Yes,,,,,,Yes,,,Oakwood Village
2148,Major Arterial,North York,Intersection,Traffic Signal,Rain,Dark,Wet,Non-Fatal Injury,Turning Movement,Vehicle Owner,unknown,,,,,,,,,,,,Yes,Yes,,,,,,Yes,,,Henry Farm
1933,Major Arterial,North York,Intersection,Traffic Signal,Clear,"Dusk, artificial",Dry,Non-Fatal Injury,Angle,Vehicle Owner,unknown,,,,,,,,,,,,,Yes,,,,,,Yes,Yes,,Leaside-Bennington
647,Minor Arterial,Toronto and East York,Intersection,Traffic Signal,Clear,Daylight,Dry,Non-Fatal Injury,Other,Driver,55 to 59,,North,Slowing or Stopping,Driving Properly,,,,,,,,,,,,Yes,Yes,,,,,North St.James Town
1511,Minor Arterial,Scarborough,Mid-Block,No Control,Clear,Daylight,Wet,Non-Fatal Injury,Approaching,Driver,55 to 59,Minor,West,Going Ahead,Lost control,,,,,,,,,Yes,,,,,,,,,Morningside Heights
1210,Minor Arterial,Etobicoke York,Mid-Block,No Control,Clear,Daylight,Dry,Non-Fatal Injury,Cyclist Collisions,Driver,60 to 64,,West,Merging,Improper Lane Change,,,,,,,,Yes,Yes,,,,,,,,,Eringate-Centennial-West Deane
1627,Collector,Etobicoke York,Intersection,Traffic Signal,Clear,Daylight,Dry,Fatal,Angle,Motorcycle Driver,40 to 44,Fatal,North,Going Ahead,Disobeyed Traffic Control,,,,,,,,,Yes,Yes,,,Yes,,Yes,Yes,,Rockcliffe-Smythe
1210,Minor Arterial,Etobicoke York,Mid-Block,No Control,Clear,Daylight,Dry,Non-Fatal Injury,Cyclist Collisions,Cyclist,80 to 84,Major,West,Going Ahead,,,,,Cyclist and Driver travelling in same direction. One vehicle sideswipes the other.,Driving Properly,Normal,,Yes,Yes,,,,,,,,,Eringate-Centennial-West Deane
1815,Minor Arterial,Toronto and East York,Intersection,Stop Sign,Clear,Daylight,Dry,Non-Fatal Injury,Pedestrian Collisions,Driver,50 to 54,,South,Reversing,Other,,,,,,,Yes,,Yes,,,,,,,,,Dovercourt Village
2148,Major Arterial,North York,Intersection,Traffic Signal,Rain,Dark,Wet,Non-Fatal Injury,Turning Movement,Driver,35 to 39,,West,Turning Left,Failed to Yield Right of Way,,,,,,,,Yes,Yes,,,,,,Yes,,,Henry Farm
1745,Major Arterial,Toronto and East York,Intersection,Traffic Signal,Clear,Daylight,Dry,Non-Fatal Injury,Cyclist Collisions,Driver,45 to 49,,North,Turning Right,Failed to Yield Right of Way,,,,,,,,Yes,Yes,,,,,,Yes,,,Wellington Place
1933,Major Arterial,North York,Intersection,Traffic Signal,Clear,"Dusk, artificial",Dry,Non-Fatal Injury,Angle,Driver,50 to 54,,South,Going Ahead,Driving Properly,,,,,,,,,Yes,,,,,,Yes,Yes,,Leaside-Bennington
647,Minor Arterial,Toronto and East York,Intersection,Traffic Signal,Clear,Daylight,Dry,Non-Fatal Injury,Other,Passenger,65 to 69,Major,,,,,,,,,,,,,,,Yes,Yes,,,,,North St.James Town
445,Major Arterial,Etobicoke York,Intersection,No Control,Clear,"Dark, artificial",Dry,Non-Fatal Injury,SMV Other,Driver,25 to 29,Major,East,Going Ahead,Lost control,,,,,,,,,Yes,,,,,,,,,Mount Olive-Silverstone-Jamestown
1725,Major Arterial,Toronto and East York,Intersection,Traffic Signal,Clear,Daylight,Dry,Non-Fatal Injury,Cyclist Collisions,Passenger,unknown,,,,,,,,,,,,Yes,Yes,,,,Yes,,,,,Dufferin Grove
1815,Minor Arterial,Toronto and East York,Intersection,Stop Sign,Clear,Daylight,Dry,Non-Fatal Injury,Pedestrian Collisions,Pedestrian,85 to 89,Major,East,,,Vehicle is reversing and hits pedestrian,Other,Normal,,,,Yes,,Yes,,,,,,,,,Dovercourt Village
1725,Major Arterial,Toronto and East York,Intersection,Traffic Signal,Clear,Daylight,Dry,Non-Fatal Injury,Cyclist Collisions,Passenger,unknown,,,,,,,,,,,,Yes,Yes,,,,Yes,,,,,Dufferin Grove
1745,Major Arterial,Toronto and East York,Intersection,Traffic Signal,Clear,Daylight,Dry,Non-Fatal Injury,Cyclist Collisions,Cyclist,25 to 29,Major,East,Going Ahead,,,,,Motorist turning right on green or amber at signalized intersection strikes cyclist.,Driving Properly,Normal,,Yes,Yes,,,,,,Yes,,,Wellington Place
1250,Major Arterial,Etobicoke York,Intersection,Traffic Signal,Clear,Daylight,Dry,Non-Fatal Injury,Rear End,Driver,75 to 79,Minor,West,Going Ahead,Following too Close,,,,,,,,,Yes,,,,Yes,,Yes,,,York University Heights
1725,Major Arterial,Toronto and East York,Intersection,Traffic Signal,Clear,Daylight,Dry,Non-Fatal Injury,Cyclist Collisions,Vehicle Owner,unknown,,,,,,,,,,,,Yes,Yes,,,,Yes,,,,,Dufferin Grove
1615,Major Arterial,Toronto and East York,Intersection,Traffic Signal,Clear,Daylight,Dry,Non-Fatal Injury,Cyclist Collisions,Driver,45 to 49,,West,Turning Right,Driving Properly,,,,,,,,Yes,Yes,,,,,,,,,Kensington-Chinatown
2148,Major Arterial,North York,Intersection,Traffic Signal,Rain,Dark,Wet,Non-Fatal Injury,Turning Movement,Moped Driver,50 to 54,Major,East,Going Ahead,Driving Properly,,,,,,,,Yes,Yes,,,,,,Yes,,,Henry Farm
1933,Major Arterial,North York,Intersection,Traffic Signal,Clear,"Dusk, artificial",Dry,Non-Fatal Injury,Angle,Driver,35 to 39,,West,Going Ahead,Disobeyed Traffic Control,,,,,,,,,Yes,,,,,,Yes,Yes,,Leaside-Bennington
445,Major Arterial,Etobicoke York,Intersection,No Control,Clear,"Dark, artificial",Dry,Non-Fatal Injury,SMV Other,Other Property Owner,unknown,,,,,,,,,,,,,Yes,,,,,,,,,Mount Olive-Silverstone-Jamestown
1410,Major Arterial,Etobicoke York,Intersection,Traffic Signal,Clear,Daylight,Dry,Non-Fatal Injury,Angle,Passenger,85 to 89,Major,,,,,,,,,,,,Yes,,,,Yes,,Yes,,,Rexdale-Kipling
1615,Major Arterial,Toronto and East York,Intersection,Traffic Signal,Clear,Daylight,Dry,Non-Fatal Injury,Cyclist Collisions,Cyclist,30 to 34,Major,West,Going Ahead,,,,,Cyclist and Driver travelling in same direction. One vehicle rear-ended the other.,Following too Close,Normal,,Yes,Yes,,,,,,,,,Kensington-Chinatown
1200,Major Arterial,Toronto and East York,Mid-Block,No Control,Clear,Daylight,Dry,Non-Fatal Injury,Cyclist Collisions,Driver,40 to 44,,East,Stopped,Driving Properly,,,,,,,,Yes,Yes,,,,,,,,,Downtown Yonge East
1725,Major Arterial,Toronto and East York,Intersection,Traffic Signal,Clear,Daylight,Dry,Non-Fatal Injury,Cyclist Collisions,Driver,50 to 54,,West,Stopped,Other,,,,,,,,Yes,Yes,,,,Yes,,,,,Dufferin Grove
1410,Major Arterial,Etobicoke York,Intersection,Traffic Signal,Clear,Daylight,Dry,Non-Fatal Injury,Angle,Driver,50 to 54,Minor,North,Going Ahead,Failed to Yield Right of Way,,,,,,,,,Yes,,,,Yes,,Yes,,,Rexdale-Kipling
145,Major Arterial,North York,Mid-Block,No Control,Clear,Dark,Dry,Non-Fatal Injury,Pedestrian Collisions,Pedestrian,50 to 54,Major,Unknown,,,Pedestrian involved in a collision with transit vehicle anywhere along roadway,Person Getting on/off School Bus,Had Been Drinking,,,,Yes,,,,,Yes,,,,,,Yonge-Eglinton
1725,Major Arterial,Toronto and East York,Intersection,Traffic Signal,Clear,Daylight,Dry,Non-Fatal Injury,Cyclist Collisions,Cyclist,35 to 39,Major,West,Going Ahead,,,,,Cyclist struck opened vehicle door,Driving Properly,Normal,,Yes,Yes,,,,Yes,,,,,Dufferin Grove
1410,Major Arterial,Etobicoke York,Intersection,Traffic Signal,Clear,Daylight,Dry,Non-Fatal Injury,Angle,Vehicle Owner,unknown,,,,,,,,,,,,,Yes,,,,Yes,,Yes,,,Rexdale-Kipling
1933,Major Arterial,North York,Intersection,Traffic Signal,Clear,"Dusk, artificial",Dry,Non-Fatal Injury,Angle,Vehicle Owner,unknown,,,,,,,,,,,,,Yes,,,,,,Yes,Yes,,Leaside-Bennington
1855,Major Arterial,Etobicoke York,Intersection,No Control,Clear,Daylight,Dry,Non-Fatal Injury,SMV Other,Driver,50 to 54,Major,North,Going Ahead,Lost control,,,,,,,,,Yes,,,,,Yes,Yes,,,Mimico-Queensway
1910,Major Arterial,North York,Intersection,Traffic Signal,Clear,Daylight,Dry,Non-Fatal Injury,Cyclist Collisions,Driver,60 to 64,,North,Going Ahead,Driving Properly,,,,,,,,Yes,Yes,,,,,,,,,Clanton Park
1250,Major Arterial,Etobicoke York,Intersection,Traffic Signal,Clear,Daylight,Dry,Non-Fatal Injury,Rear End,Passenger,45 to 49,Major,,,,,,,,,,,,Yes,,,,Yes,,Yes,,,York University Heights
1200,Major Arterial,Toronto and East York,Mid-Block,No Control,Clear,Daylight,Dry,Non-Fatal Injury,Cyclist Collisions,Cyclist,25 to 29,Major,East,Going Ahead,,,,,Cyclist struck opened vehicle door,Driving Properly,Normal,,Yes,Yes,,,,,,,,,Downtown Yonge East
1250,Major Arterial,Etobicoke York,Intersection,Traffic Signal,Clear,Daylight,Dry,Non-Fatal Injury,Rear End,Vehicle Owner,unknown,,,,,,,,,,,,,Yes,,,,Yes,,Yes,,,York University Heights
1910,Major Arterial,North York,Intersection,Traffic Signal,Clear,Daylight,Dry,Non-Fatal Injury,Cyclist Collisions,Cyclist,55 to 59,Major,East,Going Ahead,,,,,"Cyclist without ROW rides into path of motorist at inter, lnwy, dwy-Cyclist not turn.",Disobeyed Traffic Control,Inattentive,,Yes,Yes,,,,,,,,,Clanton Park
1807,Major Arterial,Toronto and East York,Intersection,Streetcar (Stop for),Clear,Daylight,Dry,Non-Fatal Injury,Pedestrian Collisions,Vehicle Owner,unknown,,,,,,,,,,,Yes,Yes,,,,Yes,,,,,,Wellington Place
155,Major Arterial,Toronto and East York,Intersection,Traffic Signal,Clear,"Dark, artificial",Dry,Non-Fatal Injury,Cyclist Collisions,Driver,40 to 44,,West,Turning Left,Driving Properly,,,,,,,,Yes,Yes,,,,,,,,,Kensington-Chinatown
1250,Major Arterial,Etobicoke York,Intersection,Traffic Signal,Clear,Daylight,Dry,Non-Fatal Injury,Rear End,Driver,50 to 54,Major,West,Slowing or Stopping,Driving Properly,,,,,,,,,Yes,,,,Yes,,Yes,,,York University Heights
1855,Major Arterial,Etobicoke York,Intersection,No Control,Clear,Daylight,Dry,Non-Fatal Injury,SMV Other,Other Property Owner,unknown,,,,,,,,,,,,,Yes,,,,,Yes,Yes,,,Mimico-Queensway
1933,Major Arterial,North York,Intersection,Traffic Signal,Clear,"Dusk, artificial",Dry,Non-Fatal Injury,Angle,Driver,70 to 74,Major,East,Slowing or Stopping,Driving Properly,,,,,,,,,Yes,,,,,,Yes,Yes,,Leaside-Bennington
1410,Major Arterial,Etobicoke York,Intersection,Traffic Signal,Clear,Daylight,Dry,Non-Fatal Injury,Angle,Driver,60 to 64,Minimal,West,Going Ahead,Driving Properly,,,,,,,,,Yes,,,,Yes,,Yes,,,Rexdale-Kipling
1200,Local,Toronto and East York,Intersection,No Control,Clear,Daylight,Dry,Non-Fatal Injury,Pedestrian Collisions,Pedestrian,60 to 64,Major,East,,,Vehicle is reversing and hits pedestrian,Other,Normal,,,,Yes,,Yes,,,,,,,,,Broadview North
145,Major Arterial,North York,Mid-Block,No Control,Clear,Dark,Dry,Non-Fatal Injury,Pedestrian Collisions,Driver,unknown,,East,Stopped,Driving Properly,,,,,,,Yes,,,,,Yes,,,,,,Yonge-Eglinton
1807,Major Arterial,Toronto and East York,Intersection,Streetcar (Stop for),Clear,Daylight,Dry,Non-Fatal Injury,Pedestrian Collisions,Driver - Not Hit,35 to 39,,East,,,,,,,,,Yes,Yes,,,,Yes,,,,,,Wellington Place
2043,Major Arterial,Scarborough,Intersection,No Control,Clear,"Dusk, artificial",Dry,Non-Fatal Injury,Turning Movement,Motorcycle Driver,30 to 34,Major,East,Going Ahead,Driving Properly,,,,,,,,,Yes,Yes,,,,,Yes,,Yes,Birchcliffe-Cliffside
810,Minor Arterial,Toronto and East York,Mid-Block,No Control,Clear,Daylight,Dry,Fatal,Pedestrian Collisions,Driver,30 to 34,,East,Going Ahead,Driving Properly,,,,,,,Yes,,Yes,,,,,,,,,Moss Park
155,Major Arterial,Toronto and East York,Intersection,Traffic Signal,Clear,"Dark, artificial",Dry,Non-Fatal Injury,Cyclist Collisions,Cyclist,50 to 54,Major,East,Going Ahead,,,,,"Cyclist without ROW rides into path of motorist at inter, lnwy, dwy-Cyclist not turn.",Other,Unknown,,Yes,Yes,,,,,,,,,Kensington-Chinatown
1933,Major Arterial,North York,Intersection,Traffic Signal,Clear,"Dusk, artificial",Dry,Non-Fatal Injury,Angle,Other Property Owner,unknown,,,,,,,,,,,,,Yes,,,,,,Yes,Yes,,Leaside-Bennington
2210,Collector,Toronto and East York,Mid-Block,No Control,Clear,"Dark, artificial",Dry,Non-Fatal Injury,SMV Unattended Vehicle,Other,unknown,,,Parked,,,,,,,,,,Yes,,,,,,,,,Cabbagetown-South St.James Town
1415,Major Arterial,Etobicoke York,Intersection,Traffic Signal,Clear,Daylight,Dry,Non-Fatal Injury,Cyclist Collisions,Driver,60 to 64,,North,Going Ahead,Other,,,,,,,,Yes,Yes,,,,,,,,,New Toronto