TIME,ROAD_CLASS,DISTRICT,LOCCOORD,TRAFFCTL,VISIBILITY,LIGHT,RDSFCOND,ACCLASS,IMPACTYPE,INVTYPE,INVAGE,INJURY,INITDIR,MANOEUVER,DRIVACT,PEDTYPE,PEDACT,PEDCOND,CYCLISTYPE,CYCACT,CYCCOND,PEDESTRIAN,CYCLIST,AUTOMOBILE,MOTORCYCLE,TRUCK,TRSN_CITY_VEH,PASSENGER,SPEEDING,AG_DRIV,REDLIGHT,ALCOHOL,NEIGHBOURHOOD_158
1030,Major Arterial,Toronto and East York,Intersection,No Control,Clear,Daylight,Dry,Non-Fatal Injury,Pedestrian Collisions,Vehicle Owner,unknown,,,,,,,,,,,Yes,,,,,Yes,,,,,,Corso Italia-Davenport
223,Major Arterial,Toronto and East York,Intersection,Traffic Signal,Clear,"Dark, artificial",Dry,Non-Fatal Injury,SMV Other,Vehicle Owner,unknown,,,,,,,,,,,,,Yes,,,,Yes,Yes,Yes,,,Weston-Pelham Park
1200,Local,Toronto and East York,Intersection,No Control,Clear,Daylight,Dry,Non-Fatal Injury,Pedestrian Collisions,Driver,50 to 54,,North,Reversing,Other,,,,,,,Yes,,Yes,,,,,,,,,Broadview North
1807,Major Arterial,Toronto and East York,Intersection,Streetcar (Stop for),Clear,Daylight,Dry,Non-Fatal Injury,Pedestrian Collisions,Pedestrian,60 to 64,Major,South,,,Pedestrian hit at mid-block,Person Getting on/off Vehicle,Normal,,,,Yes,Yes,,,,Yes,,,,,,Wellington Place
2043,Major Arterial,Scarborough,Intersection,No Control,Clear,"Dusk, artificial",Dry,Non-Fatal Injury,Turning Movement,Driver,50 to 54,,West,Turning Left,Failed to Yield Right of Way,,,,,,,,,Yes,Yes,,,,,Yes,,Yes,Birchcliffe-Cliffside
810,Minor Arterial,Toronto and East York,Mid-Block,No Control,Clear,Daylight,Dry,Fatal,Pedestrian Collisions,Pedestrian,60 to 64,Fatal,North,,,Pedestrian hit at mid-block,Coming From Behind Parked Vehicle,Unknown,,,,Yes,,Yes,,,,,,,,,Moss Park
2310,Other,Toronto and East York,Mid-Block,No Control,Clear,Dark,Dry,Non-Fatal Injury,SMV Other,Passenger,20 to 24,Major,,,,,,,,,,,,Yes,,,,Yes,Yes,Yes,,,South Riverdale
1415,Major Arterial,Etobicoke York,Intersection,Traffic Signal,Clear,Daylight,Dry,Non-Fatal Injury,Cyclist Collisions,Cyclist,30 to 34,Major,East,Going Ahead,,,,,Insufficient information (to determine cyclist crash type).,Other,Unknown,,Yes,Yes,,,,,,,,,New Toronto
1435,Major Arterial,North York,Intersection,No Control,Clear,Daylight,Dry,Non-Fatal Injury,Pedestrian Collisions,Driver,35 to 39,,North,Going Ahead,Driving Properly,,,,,,,Yes,,Yes,,,,,,,,,Yonge-Doris
223,Major Arterial,Toronto and East York,Intersection,Traffic Signal,Clear,"Dark, artificial",Dry,Non-Fatal Injury,SMV Other,Passenger,35 to 39,Minor,,,,,,,,,,,,Yes,,,,Yes,Yes,Yes,,,Weston-Pelham Park
1807,Major Arterial,Toronto and East York,Intersection,Streetcar (Stop for),Clear,Daylight,Dry,Non-Fatal Injury,Pedestrian Collisions,Cyclist,20 to 24,,East,Going Ahead,,,,,Cyclist strikes pedestrian.,Failed to Yield Right of Way,Inattentive,Yes,Yes,,,,Yes,,,,,,Wellington Place
1030,Major Arterial,Toronto and East York,Intersection,No Control,Clear,Daylight,Dry,Non-Fatal Injury,Pedestrian Collisions,Driver,45 to 49,,North,Changing Lanes,Driving Properly,,,,,,,Yes,,,,,Yes,,,,,,Corso Italia-Davenport
1529,Major Arterial,Etobicoke York,Mid-Block,No Control,Clear,Daylight,Dry,Non-Fatal Injury,Pedestrian Collisions,Vehicle Owner,unknown,,,,,,,,,,,Yes,,,,,Yes,,,,,,Junction Area
2210,Collector,Toronto and East York,Mid-Block,No Control,Clear,"Dark, artificial",Dry,Non-Fatal Injury,SMV Unattended Vehicle,Vehicle Owner,unknown,,,,,,,,,,,,,Yes,,,,,,,,,Cabbagetown-South St.James Town
2310,Other,Toronto and East York,Mid-Block,No Control,Clear,Dark,Dry,Non-Fatal Injury,SMV Other,Driver,20 to 24,,North,Going Ahead,Speed too Fast For Condition,,,,,,,,,Yes,,,,Yes,Yes,Yes,,,South Riverdale
1915,Local,Toronto and East York,Mid-Block,No Control,Rain,Dark,Wet,Non-Fatal Injury,Pedestrian Collisions,Driver,45 to 49,,North,Reversing,Other,,,,,,,Yes,,Yes,,,,,,,,,North St.James Town
223,Major Arterial,Toronto and East York,Intersection,Traffic Signal,Clear,"Dark, artificial",Dry,Non-Fatal Injury,SMV Other,Driver - Not Hit,unknown,Minimal,,,,,,,,,,,,Yes,,,,Yes,Yes,Yes,,,Weston-Pelham Park
1435,Major Arterial,North York,Intersection,No Control,Clear,Daylight,Dry,Non-Fatal Injury,Pedestrian Collisions,Pedestrian,25 to 29,Major,East,,,Pedestrian hit at mid-block,Running onto Roadway,Normal,,,,Yes,,Yes,,,,,,,,,Yonge-Doris
1030,Major Arterial,Toronto and East York,Intersection,No Control,Clear,Daylight,Dry,Non-Fatal Injury,Pedestrian Collisions,Pedestrian,65 to 69,Major,West,,,Pedestrian involved in a collision with transit vehicle anywhere along roadway,Running onto Roadway,Unknown,,,,Yes,,,,,Yes,,,,,,Corso Italia-Davenport
2210,Collector,Toronto and East York,Mid-Block,No Control,Clear,"Dark, artificial",Dry,Non-Fatal Injury,SMV Unattended Vehicle,Driver,unknown,Major,North,Going Ahead,Other,,,,,,,,,Yes,,,,,,,,,Cabbagetown-South St.James Town
1529,Major Arterial,Etobicoke York,Mid-Block,No Control,Clear,Daylight,Dry,Non-Fatal Injury,Pedestrian Collisions,Driver,35 to 39,,West,Going Ahead,Driving Properly,,,,,,,Yes,,,,,Yes,,,,,,Junction Area
1915,Local,Toronto and East York,Mid-Block,No Control,Rain,Dark,Wet,Non-Fatal Injury,Pedestrian Collisions,Pedestrian,50 to 54,Major,East,,,Vehicle is reversing and hits pedestrian,Other,Normal,,,,Yes,,Yes,,,,,,,,,North St.James Town
2045,Major Arterial,Toronto and East York,Intersection,Traffic Signal,Clear,Dusk,Dry,Non-Fatal Injury,Cyclist Collisions,Driver,25 to 29,,North,Going Ahead,Driving Properly,,,,,,,,Yes,Yes,,,,Yes,,,,,Dufferin Grove
2310,Other,Toronto and East York,Mid-Block,No Control,Clear,Dark,Dry,Non-Fatal Injury,SMV Other,Other Property Owner,unknown,,,,,,,,,,,,,Yes,,,,Yes,Yes,Yes,,,South Riverdale
223,Major Arterial,Toronto and East York,Intersection,Traffic Signal,Clear,"Dark, artificial",Dry,Non-Fatal Injury,SMV Other,Passenger,30 to 34,Minor,,,,,,,,,,,,Yes,,,,Yes,Yes,Yes,,,Weston-Pelham Park
1048,Major Arterial,North York,Intersection,Traffic Signal,Clear,Daylight,Dry,Non-Fatal Injury,Pedestrian Collisions,Truck Driver,25 to 29,,East,Turning Right,Failed to Yield Right of Way,,,,,,,Yes,,,,Yes,,,,Yes,,,Briar Hill-Belgravia
1840,Major Arterial,Toronto and East York,Intersection,Stop Sign,Clear,Daylight,Dry,Non-Fatal Injury,Pedestrian Collisions,Driver,45 to 49,,North,Going Ahead,Failed to Yield Right of Way,,,,,,,Yes,,Yes,,,,,,Yes,,,Runnymede-Bloor West Village
51,Local,Etobicoke York,Mid-Block,No Control,Clear,Dark,Dry,Non-Fatal Injury,Pedestrian Collisions,Pedestrian,35 to 39,Major,East,,,Vehicle is reversing and hits pedestrian,Other,Normal,,,,Yes,,Yes,,,,,,,,,Rexdale-Kipling
1840,Major Arterial,Toronto and East York,Intersection,Stop Sign,Clear,Daylight,Dry,Non-Fatal Injury,Pedestrian Collisions,Pedestrian,30 to 34,Major,East,,,Vehicle is going straight thru inter.while ped cross with ROW,Crossing with right of way,Normal,,,,Yes,,Yes,,,,,,Yes,,,Runnymede-Bloor West Village
332,Major Arterial,Scarborough,Intersection,Traffic Signal,Clear,"Dark, artificial",Dry,Non-Fatal Injury,Angle,Motorcycle Driver,35 to 39,Major,East,Going Ahead,Disobeyed Traffic Control,,,,,,,,,Yes,Yes,,,,,Yes,Yes,Yes,Dorset Park
2045,Major Arterial,Toronto and East York,Intersection,Traffic Signal,Clear,Dusk,Dry,Non-Fatal Injury,Cyclist Collisions,Passenger,30 to 34,,,,,,,,,,,,Yes,Yes,,,,Yes,,,,,Dufferin Grove
332,Major Arterial,Scarborough,Intersection,Traffic Signal,Clear,"Dark, artificial",Dry,Non-Fatal Injury,Angle,Driver,55 to 59,,North,Going Ahead,Driving Properly,,,,,,,,,Yes,Yes,,,,,Yes,Yes,Yes,Dorset Park
2150,Major Arterial,Toronto and East York,Intersection,Traffic Signal,Rain,Dark,Wet,Non-Fatal Injury,Pedestrian Collisions,Driver,35 to 39,,East,Going Ahead,Disobeyed Traffic Control,,,,,,,Yes,,Yes,,,,,,Yes,Yes,,Roncesvalles
223,Major Arterial,Toronto and East York,Intersection,Traffic Signal,Clear,"Dark, artificial",Dry,Non-Fatal Injury,SMV Other,Passenger,20 to 24,Minor,,,,,,,,,,,,Yes,,,,Yes,Yes,Yes,,,Weston-Pelham Park
1048,Major Arterial,North York,Intersection,Traffic Signal,Clear,Daylight,Dry,Non-Fatal Injury,Pedestrian Collisions,Vehicle Owner,unknown,,,,,,,,,,,Yes,,,,Yes,,,,Yes,,,Briar Hill-Belgravia
51,Local,Etobicoke York,Mid-Block,No Control,Clear,Dark,Dry,Non-Fatal Injury,Pedestrian Collisions,Driver,unknown,,South,Reversing,Other,,,,,,,Yes,,Yes,,,,,,,,,Rexdale-Kipling
1529,Major Arterial,Etobicoke York,Mid-Block,No Control,Clear,Daylight,Dry,Non-Fatal Injury,Pedestrian Collisions,Pedestrian,25 to 29,Major,South,,,Pedestrian involved in a collision with transit vehicle anywhere along roadway,Running onto Roadway,Had Been Drinking,,,,Yes,,,,,Yes,,,,,,Junction Area
1940,Major Arterial,Etobicoke York,Intersection,Traffic Signal,Clear,Daylight,Dry,Non-Fatal Injury,Pedestrian Collisions,Driver,50 to 54,,North,Turning Left,Failed to Yield Right of Way,,,,,,,Yes,,Yes,,,,,,Yes,,,West Humber-Clairville
2045,Major Arterial,Toronto and East York,Intersection,Traffic Signal,Clear,Dusk,Dry,Non-Fatal Injury,Cyclist Collisions,Passenger,20 to 24,,,,,,,,,,,,Yes,Yes,,,,Yes,,,,,Dufferin Grove
2150,Major Arterial,Toronto and East York,Intersection,Traffic Signal,Rain,Dark,Wet,Non-Fatal Injury,Pedestrian Collisions,Pedestrian,85 to 89,Major,North,,,Vehicle is going straight thru inter.while ped cross with ROW,Crossing with right of way,Normal,,,,Yes,,Yes,,,,,,Yes,Yes,,Roncesvalles
2350,Local,Scarborough,Mid-Block,No Control,Clear,"Dark, artificial",Dry,Fatal,SMV Unattended Vehicle,Other,unknown,,South,Parked,,,,,,,,,,Yes,,,,,Yes,Yes,,,Agincourt South-Malvern West
1610,Major Arterial,Toronto and East York,Intersection,Stop Sign,Clear,Daylight,Dry,Non-Fatal Injury,Cyclist Collisions,Vehicle Owner,unknown,,,,,,,,,,,,Yes,Yes,,,,,,Yes,,,Palmerston-Little Italy
223,Major Arterial,Toronto and East York,Intersection,Traffic Signal,Clear,"Dark, artificial",Dry,Non-Fatal Injury,SMV Other,Driver,20 to 24,Major,West,Going Ahead,Exceeding Speed Limit,,,,,,,,,Yes,,,,Yes,Yes,Yes,,,Weston-Pelham Park
1550,Major Arterial,Toronto and East York,Intersection,Traffic Signal,Clear,Daylight,Dry,Non-Fatal Injury,Cyclist Collisions,Vehicle Owner,unknown,,,,,,,,,,,,Yes,Yes,,,,,,,,,Kensington-Chinatown
1940,Major Arterial,Etobicoke York,Intersection,Traffic Signal,Clear,Daylight,Dry,Non-Fatal Injury,Pedestrian Collisions,Pedestrian,65 to 69,Major,North,,,Vehicle turns left while ped crosses with ROW at inter.,Crossing with right of way,Normal,,,,Yes,,Yes,,,,,,Yes,,,West Humber-Clairville
1048,Major Arterial,North York,Intersection,Traffic Signal,Clear,Daylight,Dry,Non-Fatal Injury,Pedestrian Collisions,Wheelchair,75 to 79,Major,North,,,Vehicle turns right while ped crosses with ROW at inter.,Crossing with right of way,Normal,,,,Yes,,,,Yes,,,,Yes,,,Briar Hill-Belgravia
2045,Major Arterial,Toronto and East York,Intersection,Traffic Signal,Clear,Dusk,Dry,Non-Fatal Injury,Cyclist Collisions,Cyclist,20 to 24,Major,West,Going Ahead,,,,,"Cyclist without ROW rides into path of motorist at inter, lnwy, dwy-Cyclist not turn.",Disobeyed Traffic Control,Unknown,,Yes,Yes,,,,Yes,,,,,Dufferin Grove
2350,Local,Scarborough,Mid-Block,No Control,Clear,"Dark, artificial",Dry,Fatal,SMV Unattended Vehicle,Driver,20 to 24,Fatal,North,Going Ahead,Lost control,,,,,,,,,Yes,,,,,Yes,Yes,,,Agincourt South-Malvern West
1610,Major Arterial,Toronto and East York,Intersection,Stop Sign,Clear,Daylight,Dry,Non-Fatal Injury,Cyclist Collisions,Driver,45 to 49,,South,Turning Left,Failed to Yield Right of Way,,,,,,,,Yes,Yes,,,,,,Yes,,,Palmerston-Little Italy
223,Major Arterial,Toronto and East York,Intersection,Traffic Signal,Clear,"Dark, artificial",Dry,Non-Fatal Injury,SMV Other,Other Property Owner,unknown,,,,,,,,,,,,,Yes,,,,Yes,Yes,Yes,,,Weston-Pelham Park
1550,Major Arterial,Toronto and East York,Intersection,Traffic Signal,Clear,Daylight,Dry,Non-Fatal Injury,Cyclist Collisions,Cyclist,50 to 54,Major,East,Going Ahead,,,,,"Cyclist without ROW rides into path of motorist at inter, lnwy, dwy-Cyclist not turn.",Improper Passing,Normal,,Yes,Yes,,,,,,,,,Kensington-Chinatown
1624,Minor Arterial,Toronto and East York,Mid-Block,No Control,Clear,Daylight,Dry,Non-Fatal Injury,Pedestrian Collisions,Vehicle Owner,unknown,,,,,,,,,,,Yes,,Yes,,,,,,,,,Danforth East York
1314,Collector,Etobicoke York,Intersection,No Control,Rain,Daylight,Wet,Non-Fatal Injury,Approaching,Vehicle Owner,unknown,,,,,,,,,,,,,Yes,,Yes,,,Yes,Yes,,,Glenfield-Jane Heights
1815,Major Arterial,Etobicoke York,Mid-Block,No Control,Clear,Daylight,Dry,Non-Fatal Injury,SMV Other,Motorcycle Driver,25 to 29,Major,West,Going Ahead,Speed too Fast For Condition,,,,,,,,,,Yes,,,,Yes,Yes,,,Mount Olive-Silverstone-Jamestown
2231,Major Arterial,Toronto and East York,Mid-Block,No Control,Clear,"Dark, artificial",Dry,Non-Fatal Injury,Pedestrian Collisions,Driver,60 to 64,,North,Going Ahead,Driving Properly,,,,,,,Yes,,Yes,,,,,,,,,Yonge-Bay Corridor
1610,Major Arterial,Toronto and East York,Intersection,Stop Sign,Clear,Daylight,Dry,Non-Fatal Injury,Cyclist Collisions,Cyclist,20 to 24,Major,West,Going Ahead,,,,,Motorist turned left across cyclists path.,Speed too Fast For Condition,Normal,,Yes,Yes,,,,,,Yes,,,Palmerston-Little Italy
2316,Major Arterial,Scarborough,Intersection,Traffic Signal,Rain,"Dark, artificial",Wet,Non-Fatal Injury,Pedestrian Collisions,Driver,20 to 24,Major,South,Turning Left,Failed to Yield Right of Way,,,,,,,Yes,,Yes,,,,,,Yes,,,Steeles
1320,Major Arterial,Toronto and East York,Mid-Block,No Control,Clear,Daylight,Dry,Non-Fatal Injury,Cyclist Collisions,Driver,55 to 59,,West,Parked,Other,,,,,,,,Yes,Yes,,,,,,,,,Trinity-Bellwoods
1550,Major Arterial,Toronto and East York,Intersection,Traffic Signal,Clear,Daylight,Dry,Non-Fatal Injury,Cyclist Collisions,Driver,25 to 29,,East,Turning Right,Driving Properly,,,,,,,,Yes,Yes,,,,,,,,,Kensington-Chinatown
1624,Minor Arterial,Toronto and East York,Mid-Block,No Control,Clear,Daylight,Dry,Non-Fatal Injury,Pedestrian Collisions,Vehicle Owner,unknown,,,,,,,,,,,Yes,,Yes,,,,,,,,,Danforth East York
1314,Collector,Etobicoke York,Intersection,No Control,Rain,Daylight,Wet,Non-Fatal Injury,Approaching,Truck Driver,45 to 49,,South,Going Ahead,Driving Properly,,,,,,,,,Yes,,Yes,,,Yes,Yes,,,Glenfield-Jane Heights
1011,Major Arterial,Toronto and East York,Intersection,Traffic Signal,Clear,Daylight,Dry,Non-Fatal Injury,Pedestrian Collisions,Vehicle Owner,unknown,,,,,,,,,,,Yes,,Yes,,,,,,,,,Cabbagetown-South St.James Town
1731,Major Arterial,North York,Intersection,No Control,Clear,Daylight,Dry,Non-Fatal Injury,Rear End,Driver,30 to 34,,East,Going Ahead,Following too Close,,,,,,,,,Yes,,,,Yes,,Yes,,,Oakwood Village
2316,Major Arterial,Scarborough,Intersection,Traffic Signal,Rain,"Dark, artificial",Wet,Non-Fatal Injury,Pedestrian Collisions,Pedestrian,40 to 44,Minor,South,,,Vehicle turns left while ped crosses with ROW at inter.,Crossing with right of way,Normal,,,,Yes,,Yes,,,,,,Yes,,,Steeles
1320,Major Arterial,Toronto and East York,Mid-Block,No Control,Clear,Daylight,Dry,Non-Fatal Injury,Cyclist Collisions,Cyclist,20 to 24,Major,West,Going Ahead,,,,,Cyclist struck opened vehicle door,Driving Properly,Normal,,Yes,Yes,,,,,,,,,Trinity-Bellwoods
2231,Major Arterial,Toronto and East York,Mid-Block,No Control,Clear,"Dark, artificial",Dry,Non-Fatal Injury,Pedestrian Collisions,Pedestrian,15 to 19,Major,East,,,Pedestrian hit at mid-block,Running onto Roadway,Unknown,,,,Yes,,Yes,,,,,,,,,Yonge-Bay Corridor
1011,Major Arterial,Toronto and East York,Intersection,Traffic Signal,Clear,Daylight,Dry,Non-Fatal Injury,Pedestrian Collisions,Driver,25 to 29,,West,Turning Right,Improper Turn,,,,,,,Yes,,Yes,,,,,,,,,Cabbagetown-South St.James Town
1314,Collector,Etobicoke York,Intersection,No Control,Rain,Daylight,Wet,Non-Fatal Injury,Approaching,Driver,30 to 34,Major,North,Going Ahead,Speed too Fast For Condition,,,,,,,,,Yes,,Yes,,,Yes,Yes,,,Glenfield-Jane Heights
1330,Major Arterial,Etobicoke York,Intersection,Traffic Signal,Clear,Daylight,Dry,Non-Fatal Injury,Angle,Driver,50 to 54,,North,Going Ahead,Driving Properly,,,,,,,,,Yes,,,,Yes,,Yes,,,Etobicoke City Centre
1624,Minor Arterial,Toronto and East York,Mid-Block,No Control,Clear,Daylight,Dry,Non-Fatal Injury,Pedestrian Collisions,Vehicle Owner,unknown,,,,,,,,,,,Yes,,Yes,,,,,,,,,Danforth East York
410,Minor Arterial,Etobicoke York,Intersection,Traffic Signal,Rain,"Dark, artificial",Wet,Fatal,SMV Other,Driver,30 to 34,Fatal,West,Going Ahead,Speed too Fast For Condition,,,,,,,,,Yes,,,,,Yes,Yes,,,Keelesdale-Eglinton West
1731,Major Arterial,North York,Intersection,No Control,Clear,Daylight,Dry,Non-Fatal Injury,Rear End,Passenger,75 to 79,Major,,,,,,,,,,,,Yes,,,,Yes,,Yes,,,Oakwood Village
1731,Major Arterial,North York,Intersection,No Control,Clear,Daylight,Dry,Non-Fatal Injury,Rear End,Passenger,20 to 24,Minimal,,,,,,,,,,,,Yes,,,,Yes,,Yes,,,Oakwood Village
1731,Major Arterial,Toronto and East York,Intersection,Traffic Signal,Clear,Dusk,Dry,Non-Fatal Injury,Pedestrian Collisions,Driver,65 to 69,,North,Going Ahead,Disobeyed Traffic Control,,,,,,,Yes,,Yes,,,,,,Yes,Yes,,Cabbagetown-South St.James Town
930,Minor Arterial,Toronto and East York,Mid-Block,No Control,Clear,Daylight,Dry,Non-Fatal Injury,Other,Passenger,45 to 49,Major,,,,,,,,,,,,,,,Yes,Yes,,,,,Regent Park
1011,Major Arterial,Toronto and East York,Intersection,Traffic Signal,Clear,Daylight,Dry,Non-Fatal Injury,Pedestrian Collisions,Pedestrian,50 to 54,Major,West,,,Vehicle turns right while ped crosses with ROW at inter.,Crossing with right of way,Normal,,,,Yes,,Yes,,,,,,,,,Cabbagetown-South St.James Town
1314,Collector,Etobicoke York,Intersection,No Control,Rain,Daylight,Wet,Non-Fatal Injury,Approaching,Vehicle Owner,unknown,,,,,,,,,,,,,Yes,,Yes,,,Yes,Yes,,,Glenfield-Jane Heights
1330,Major Arterial,Etobicoke York,Intersection,Traffic Signal,Clear,Daylight,Dry,Non-Fatal Injury,Angle,Passenger,0 to 4,Major,,,,,,,,,,,,Yes,,,,Yes,,Yes,,,Etobicoke City Centre
1624,Minor Arterial,Toronto and East York,Mid-Block,No Control,Clear,Daylight,Dry,Non-Fatal Injury,Pedestrian Collisions,Driver,50 to 54,,South,Going Ahead,Lost control,,,,,,,Yes,,Yes,,,,,,,,,Danforth East York
410,Minor Arterial,Etobicoke York,Intersection,Traffic Signal,Rain,"Dark, artificial",Wet,Fatal,SMV Other,Other,unknown,,East,Parked,,,,,,,,,,Yes,,,,,Yes,Yes,,,Keelesdale-Eglinton West
930,Minor Arterial,Toronto and East York,Mid-Block,No Control,Clear,Daylight,Dry,Non-Fatal Injury,Other,Vehicle Owner,unknown,,,,,,,,,,,,,,,,Yes,Yes,,,,,Regent Park
1624,Minor Arterial,Toronto and East York,Mid-Block,No Control,Clear,Daylight,Dry,Non-Fatal Injury,Pedestrian Collisions,Pedestrian,50 to 54,Major,Unknown,,,Pedestrian hit at private driveway,Pushing/Working on Vehicle,Normal,,,,Yes,,Yes,,,,,,,,,Danforth East York
1731,Major Arterial,Toronto and East York,Intersection,Traffic Signal,Clear,Dusk,Dry,Non-Fatal Injury,Pedestrian Collisions,Pedestrian,80 to 84,Major,East,,,Vehicle is going straight thru inter.while ped cross with ROW,Crossing with right of way,Normal,,,,Yes,,Yes,,,,,,Yes,Yes,,Cabbagetown-South St.James Town
930,Minor Arterial,Toronto and East York,Mid-Block,No Control,Clear,Daylight,Dry,Non-Fatal Injury,Other,Driver,50 to 54,,South,Going Ahead,Driving Properly,,,,,,,,,,,,Yes,Yes,,,,,Regent Park
1850,Major Arterial,Etobicoke York,Intersection,Traffic Signal,Clear,Daylight,Dry,Non-Fatal Injury,Pedestrian Collisions,Driver,50 to 54,,North,Turning Left,Failed to Yield Right of Way,,,,,,,Yes,,Yes,,,,,,Yes,,,Elms-Old Rexdale
1330,Major Arterial,Etobicoke York,Intersection,Traffic Signal,Clear,Daylight,Dry,Non-Fatal Injury,Angle,Passenger,unknown,Minimal,,,,,,,,,,,,Yes,,,,Yes,,Yes,,,Etobicoke City Centre
1640,Major Arterial,Etobicoke York,Intersection,No Control,Clear,Daylight,Dry,Non-Fatal Injury,Pedestrian Collisions,Motorcycle Driver,25 to 29,,South,Going Ahead,Driving Properly,,,,,,,Yes,,,Yes,,,,,,,,Mimico-Queensway
1558,Minor Arterial,Toronto and East York,Intersection,Pedestrian Crossover,Clear,Daylight,Dry,Non-Fatal Injury,Pedestrian Collisions,Vehicle Owner,unknown,,,,,,,,,,,Yes,,Yes,,,,,,Yes,,,Oakwood Village
410,Minor Arterial,Etobicoke York,Intersection,Traffic Signal,Rain,"Dark, artificial",Wet,Fatal,SMV Other,Other Property Owner,unknown,,,,,,,,,,,,,Yes,,,,,Yes,Yes,,,Keelesdale-Eglinton West
1731,Major Arterial,North York,Intersection,No Control,Clear,Daylight,Dry,Non-Fatal Injury,Rear End,Driver,45 to 49,Minimal,East,Stopped,Driving Properly,,,,,,,,,Yes,,,,Yes,,Yes,,,Oakwood Village
1437,Major Arterial,Toronto and East York,Intersection,Traffic Signal,Clear,Daylight,Dry,Fatal,Cyclist Collisions,Vehicle Owner,unknown,,,,,,,,,,,,Yes,Yes,,,,Yes,,,,,Yonge-Bay Corridor
2000,Local,Toronto and East York,Intersection,Stop Sign,Clear,"Dark, artificial",Dry,Non-Fatal Injury,Cyclist Collisions,Driver,unknown,,North,Going Ahead,Failed to Yield Right of Way,,,,,,,,Yes,Yes,,,,,,Yes,,,Junction-Wallace Emerson
1640,Major Arterial,Etobicoke York,Intersection,No Control,Clear,Daylight,Dry,Non-Fatal Injury,Pedestrian Collisions,Pedestrian,55 to 59,Major,East,,,Pedestrian hit at mid-block,"Crossing, no Traffic Control",Inattentive,,,,Yes,,,Yes,,,,,,,,Mimico-Queensway
1558,Minor Arterial,Toronto and East York,Intersection,Pedestrian Crossover,Clear,Daylight,Dry,Non-Fatal Injury,Pedestrian Collisions,Driver,40 to 44,,South,Going Ahead,Disobeyed Traffic Control,,,,,,,Yes,,Yes,,,,,,Yes,,,Oakwood Village
1850,Major Arterial,Etobicoke York,Intersection,Traffic Signal,Clear,Daylight,Dry,Non-Fatal Injury,Pedestrian Collisions,Pedestrian,40 to 44,Major,South,,,Vehicle turns left while ped crosses with ROW at inter.,Crossing with right of way,Normal,,,,Yes,,Yes,,,,,,Yes,,,Elms-Old Rexdale
1330,Major Arterial,Etobicoke York,Intersection,Traffic Signal,Clear,Daylight,Dry,Non-Fatal Injury,Angle,Passenger,30 to 34,Minor,,,,,,,,,,,,Yes,,,,Yes,,Yes,,,Etobicoke City Centre
2100,Collector,Scarborough,Intersection,No Control,Clear,"Dusk, artificial",Dry,Non-Fatal Injury,Sideswipe,Passenger,65 to 69,Minimal,,,,,,,,,,,,Yes,,,,Yes,,,,,West Hill
900,Minor Arterial,Toronto and East York,Mid-Block,No Control,Clear,Daylight,Dry,Non-Fatal Injury,Turning Movement,Driver,30 to 34,Major,North,Going Ahead,Driving Properly,,,,,,,,,Yes,,,,,,,,,South Riverdale
1437,Major Arterial,Toronto and East York,Intersection,Traffic Signal,Clear,Daylight,Dry,Fatal,Cyclist Collisions,Driver,30 to 34,,North,Going Ahead,Driving Properly,,,,,,,,Yes,Yes,,,,Yes,,,,,Yonge-Bay Corridor
2000,Local,Toronto and East York,Intersection,Stop Sign,Clear,"Dark, artificial",Dry,Non-Fatal Injury,Cyclist Collisions,Cyclist,45 to 49,Major,East,Going Ahead,,,,,"Motorist without ROW drives into path of cyclist at inter, lnwy, dwy-Driver not turn.",Driving Properly,Had Been Drinking,,Yes,Yes,,,,,,Yes,,,Junction-Wallace Emerson
1558,Minor Arterial,Toronto and East York,Intersection,Pedestrian Crossover,Clear,Daylight,Dry,Non-Fatal Injury,Pedestrian Collisions,Pedestrian,50 to 54,Major,East,,,Pedestrian hit a PXO/ped. Mid-block signal,"Crossing, Pedestrian Crossover",Normal,,,,Yes,,Yes,,,,,,Yes,,,Oakwood Village
1220,Major Arterial,North York,Intersection,Traffic Signal,Clear,Daylight,Dry,Non-Fatal Injury,Rear End,Passenger,0 to 4,Major,,,,,,,,,,,,Yes,,,,Yes,,Yes,,,Don Valley Village
1330,Major Arterial,Etobicoke York,Intersection,Traffic Signal,Clear,Daylight,Dry,Non-Fatal Injury,Angle,Vehicle Owner,unknown,,,,,,,,,,,,,Yes,,,,Yes,,Yes,,,Etobicoke City Centre
1220,Major Arterial,North York,Intersection,Traffic Signal,Clear,Daylight,Dry,Non-Fatal Injury,Rear End,Passenger,0 to 4,Major,,,,,,,,,,,,Yes,,,,Yes,,Yes,,,Don Valley Village
900,Minor Arterial,Toronto and East York,Mid-Block,No Control,Clear,Daylight,Dry,Non-Fatal Injury,Turning Movement,Driver,40 to 44,,South,Making U Turn,Improper Turn,,,,,,,,,Yes,,,,,,,,,South Riverdale
1225,Major Arterial,Scarborough,Mid-Block,No Control,Clear,Daylight,Dry,Non-Fatal Injury,Approaching,Truck Driver,75 to 79,Minimal,North,Going Ahead,Lost control,,,,,,,,,Yes,,Yes,,Yes,,,,,Dorset Park