TIME,ROAD_CLASS,DISTRICT,LOCCOORD,TRAFFCTL,VISIBILITY,LIGHT,RDSFCOND,ACCLASS,IMPACTYPE,INVTYPE,INVAGE,INJURY,INITDIR,MANOEUVER,DRIVACT,PEDTYPE,PEDACT,PEDCOND,CYCLISTYPE,CYCACT,CYCCOND,PEDESTRIAN,CYCLIST,AUTOMOBILE,MOTORCYCLE,TRUCK,TRSN_CITY_VEH,PASSENGER,SPEEDING,AG_DRIV,REDLIGHT,ALCOHOL,NEIGHBOURHOOD_158
8,Major Arterial,Toronto and East York,Mid-Block,No Control,Clear,"Dark, artificial",Dry,Non-Fatal Injury,Sideswipe,Driver,40 to 44,,East,Changing Lanes,Improper Lane Change,,,,,,,,,Yes,Yes,,,,,,,,Wellington Place
420,Major Arterial,Toronto and East York,Mid-Block,No Control,Clear,Dark,Dry,Non-Fatal Injury,Pedestrian Collisions,Truck Driver,50 to 54,,West,Pulling Away from Shoulder or Curb,Driving Properly,,,,,,,Yes,,,,Yes,,,,,,,Moss Park
2310,Major Arterial,North York,Intersection,No Control,Clear,"Dark, artificial",Dry,Non-Fatal Injury,Pedestrian Collisions,Driver,35 to 39,,South,Going Ahead,Failed to Yield Right of Way,,,,,,,Yes,,Yes,,,,,,Yes,,Yes,Willowdale West
2212,Major Arterial,Scarborough,Mid-Block,No Control,Clear,"Dark, artificial",Dry,Non-Fatal Injury,SMV Other,Passenger,20 to 24,Minor,,,,,,,,,,,,Yes,,,,Yes,Yes,Yes,,,Morningside Heights
905,Major Arterial,Scarborough,Intersection,No Control,Clear,Daylight,Dry,Non-Fatal Injury,Turning Movement,Driver,40 to 44,Major,East,Turning Left,Failed to Yield Right of Way,,,,,,,,,Yes,,,Yes,Yes,,Yes,,,Wexford/Maryvale
905,Major Arterial,Scarborough,Intersection,No Control,Clear,Daylight,Dry,Non-Fatal Injury,Turning Movement,Passenger,20 to 24,Minor,,,,,,,,,,,,Yes,,,Yes,Yes,,Yes,,,Wexford/Maryvale
1630,Minor Arterial,Toronto and East York,Intersection,Traffic Signal,Clear,Daylight,Dry,Non-Fatal Injury,Cyclist Collisions,Cyclist,15 to 19,Major,East,Turning Left,,,,,Cyclist turned left across motorists path.,Improper Turn,Normal,,Yes,Yes,,,,,,,,,Roncesvalles
8,Major Arterial,Toronto and East York,Mid-Block,No Control,Clear,"Dark, artificial",Dry,Non-Fatal Injury,Sideswipe,Vehicle Owner,unknown,,,,,,,,,,,,,Yes,Yes,,,,,,,,Wellington Place
8,Major Arterial,North York,Intersection,Traffic Signal,Clear,Dark,Wet,Non-Fatal Injury,Rear End,Passenger,unknown,,,,,,,,,,,,,Yes,,,,Yes,,,,,Oakdale-Beverley Heights
420,Major Arterial,Toronto and East York,Mid-Block,No Control,Clear,Dark,Dry,Non-Fatal Injury,Pedestrian Collisions,Pedestrian,45 to 49,Major,Unknown,,,Pedestrian hit at mid-block,Playing or Working on Highway,Normal,,,,Yes,,,,Yes,,,,,,,Moss Park
2310,Major Arterial,North York,Intersection,No Control,Clear,"Dark, artificial",Dry,Non-Fatal Injury,Pedestrian Collisions,Pedestrian,85 to 89,Major,West,,,Vehicle is going straight thru inter.while ped cross without ROW,"Crossing, no Traffic Control",Medical or Physical Disability,,,,Yes,,Yes,,,,,,Yes,,Yes,Willowdale West
2212,Major Arterial,Scarborough,Mid-Block,No Control,Clear,"Dark, artificial",Dry,Non-Fatal Injury,SMV Other,Driver,20 to 24,Major,South,Going Ahead,Exceeding Speed Limit,,,,,,,,,Yes,,,,Yes,Yes,Yes,,,Morningside Heights
1640,Major Arterial,Scarborough,Intersection,Traffic Signal,Clear,Daylight,Dry,Non-Fatal Injury,Turning Movement,Driver,45 to 49,,South,Stopped,Driving Properly,,,,,,,,,Yes,,,,Yes,,Yes,Yes,,Clairlea-Birchmount
1020,Major Arterial,Toronto and East York,Intersection,Traffic Signal,Clear,Daylight,Wet,Non-Fatal Injury,Rear End,Driver,40 to 44,Major,East,Stopped,Following too Close,,,,,,,,,Yes,,,,,,Yes,,,Cabbagetown-South St.James Town
8,Major Arterial,North York,Intersection,Traffic Signal,Clear,Dark,Wet,Non-Fatal Injury,Rear End,Driver,60 to 64,Major,West,Going Ahead,Driving Properly,,,,,,,,,Yes,,,,Yes,,,,,Oakdale-Beverley Heights
905,Major Arterial,Scarborough,Intersection,No Control,Clear,Daylight,Dry,Non-Fatal Injury,Turning Movement,Vehicle Owner,unknown,,,,,,,,,,,,,Yes,,,Yes,Yes,,Yes,,,Wexford/Maryvale
844,Major Arterial,Toronto and East York,Intersection,Traffic Signal,Clear,Daylight,Dry,Non-Fatal Injury,Cyclist Collisions,Vehicle Owner,unknown,,,,,,,,,,,,Yes,,,Yes,,,,,,,Downtown Yonge East
8,Major Arterial,Toronto and East York,Mid-Block,No Control,Clear,"Dark, artificial",Dry,Non-Fatal Injury,Sideswipe,Driver,25 to 29,,East,Stopped,Driving Properly,,,,,,,,,Yes,Yes,,,,,,,,Wellington Place
42,Collector,Scarborough,Mid-Block,No Control,Clear,"Dark, artificial",Dry,Non-Fatal Injury,Pedestrian Collisions,Driver,35 to 39,,North,Going Ahead,Exceeding Speed Limit,,,,,,,Yes,,Yes,,,,,Yes,Yes,,,Malvern East
1528,Major Arterial,Etobicoke York,Intersection,Traffic Signal,Other,Daylight,Other,Non-Fatal Injury,Turning Movement,Vehicle Owner,unknown,,,,,,,,,,,,,Yes,,Yes,,Yes,,Yes,Yes,,Humber Summit
1203,Major Arterial,Scarborough,Mid-Block,No Control,Clear,Daylight,Dry,Fatal,SMV Other,Driver,50 to 54,Fatal,North,Going Ahead,Other,,,,,,,,,Yes,,,,,,,,,Malvern East
1640,Major Arterial,Scarborough,Intersection,Traffic Signal,Clear,Daylight,Dry,Non-Fatal Injury,Turning Movement,Passenger,65 to 69,Major,,,,,,,,,,,,Yes,,,,Yes,,Yes,Yes,,Clairlea-Birchmount
1604,Minor Arterial,Etobicoke York,Intersection,No Control,Clear,Daylight,Dry,Non-Fatal Injury,Turning Movement,Motorcycle Driver,25 to 29,Major,West,Going Ahead,Exceeding Speed Limit,,,,,,,,,Yes,Yes,,,,Yes,Yes,,,Eringate-Centennial-West Deane
905,Major Arterial,Scarborough,Intersection,No Control,Clear,Daylight,Dry,Non-Fatal Injury,Turning Movement,Vehicle Owner,unknown,,,,,,,,,,,,,Yes,,,Yes,Yes,,Yes,,,Wexford/Maryvale
1203,Major Arterial,Scarborough,Mid-Block,No Control,Clear,Daylight,Dry,Fatal,SMV Other,Other Property Owner,unknown,,,,,,,,,,,,,Yes,,,,,,,,,Malvern East
844,Major Arterial,Toronto and East York,Intersection,Traffic Signal,Clear,Daylight,Dry,Non-Fatal Injury,Cyclist Collisions,Truck Driver,35 to 39,,West,Turning Right,Improper Turn,,,,,,,,Yes,,,Yes,,,,,,,Downtown Yonge East
1604,Minor Arterial,Etobicoke York,Intersection,No Control,Clear,Daylight,Dry,Non-Fatal Injury,Turning Movement,Driver,75 to 79,,West,Turning Right,Driving Properly,,,,,,,,,Yes,Yes,,,,Yes,Yes,,,Eringate-Centennial-West Deane
8,Major Arterial,North York,Intersection,Traffic Signal,Clear,Dark,Wet,Non-Fatal Injury,Rear End,Vehicle Owner,unknown,,,,,,,,,,,,,Yes,,,,Yes,,,,,Oakdale-Beverley Heights
1528,Major Arterial,Etobicoke York,Intersection,Traffic Signal,Other,Daylight,Other,Non-Fatal Injury,Turning Movement,Truck Driver,25 to 29,,North,Going Ahead,Disobeyed Traffic Control,,,,,,,,,Yes,,Yes,,Yes,,Yes,Yes,,Humber Summit
905,Major Arterial,Scarborough,Intersection,No Control,Clear,Daylight,Dry,Non-Fatal Injury,Turning Movement,Driver,50 to 54,Minor,West,Going Ahead,Driving Properly,,,,,,,,,Yes,,,Yes,Yes,,Yes,,,Wexford/Maryvale
1640,Major Arterial,Scarborough,Intersection,Traffic Signal,Clear,Daylight,Dry,Non-Fatal Injury,Turning Movement,Driver,15 to 19,Minimal,East,Turning Left,Driving Properly,,,,,,,,,Yes,,,,Yes,,Yes,Yes,,Clairlea-Birchmount
1434,Major Arterial,Scarborough,Intersection,Traffic Signal,Clear,Daylight,Dry,Non-Fatal Injury,Turning Movement,Motorcycle Driver,25 to 29,Major,South,Going Ahead,Driving Properly,,,,,,,,,Yes,Yes,,,,,Yes,,,Malvern West
42,Collector,Scarborough,Mid-Block,No Control,Clear,"Dark, artificial",Dry,Non-Fatal Injury,Pedestrian Collisions,Pedestrian,25 to 29,Major,Unknown,,,Pedestrian hit at mid-block,"Crossing, no Traffic Control",,,,,Yes,,Yes,,,,,Yes,Yes,,,Malvern East
844,Major Arterial,Toronto and East York,Intersection,Traffic Signal,Clear,Daylight,Dry,Non-Fatal Injury,Cyclist Collisions,Cyclist,35 to 39,Major,West,Going Ahead,,,,,Motorist turning right on green or amber at signalized intersection strikes cyclist.,Other,Unknown,,Yes,,,Yes,,,,,,,Downtown Yonge East
1810,Major Arterial,Etobicoke York,Intersection,No Control,Clear,Daylight,Dry,Non-Fatal Injury,Rear End,Vehicle Owner,unknown,,,,,,,,,,,,,Yes,Yes,,,,Yes,Yes,,,Islington
8,Major Arterial,North York,Intersection,Traffic Signal,Clear,Dark,Wet,Non-Fatal Injury,Rear End,Passenger,20 to 24,Major,,,,,,,,,,,,Yes,,,,Yes,,,,,Oakdale-Beverley Heights
1111,Minor Arterial,Toronto and East York,Intersection,Traffic Signal,Clear,Daylight,Dry,Non-Fatal Injury,Cyclist Collisions,Driver,unknown,,North,Going Ahead,Disobeyed Traffic Control,,,,,,,,Yes,Yes,,,,,,Yes,Yes,,Regent Park
1640,Major Arterial,Scarborough,Intersection,Traffic Signal,Clear,Daylight,Dry,Non-Fatal Injury,Turning Movement,Driver,40 to 44,Minor,West,Going Ahead,Disobeyed Traffic Control,,,,,,,,,Yes,,,,Yes,,Yes,Yes,,Clairlea-Birchmount
1434,Major Arterial,Scarborough,Intersection,Traffic Signal,Clear,Daylight,Dry,Non-Fatal Injury,Turning Movement,Vehicle Owner,unknown,,,,,,,,,,,,,Yes,Yes,,,,,Yes,,,Malvern West
1000,Minor Arterial,Scarborough,Intersection,No Control,Clear,Daylight,Loose Sand or Gravel,Non-Fatal Injury,SMV Other,Motorcycle Driver,35 to 39,Major,East,Turning Left,Lost control,,,,,,,,,,Yes,,,,,,,,West Rouge
627,Major Arterial,Etobicoke York,Intersection,No Control,Clear,"Dark, artificial",Dry,Non-Fatal Injury,Turning Movement,Driver,65 to 69,,North,Turning Left,Improper Turn,,,,,,,,,Yes,,,,Yes,,,,,Beechborough-Greenbrook
1810,Major Arterial,Etobicoke York,Intersection,No Control,Clear,Daylight,Dry,Non-Fatal Injury,Rear End,Motorcycle Driver,25 to 29,Major,East,Going Ahead,Speed too Fast For Condition,,,,,,,,,Yes,Yes,,,,Yes,Yes,,,Islington
8,Major Arterial,North York,Intersection,Traffic Signal,Clear,Dark,Wet,Non-Fatal Injury,Rear End,Driver,20 to 24,Major,West,Overtaking,Improper Lane Change,,,,,,,,,Yes,,,,Yes,,,,,Oakdale-Beverley Heights
1810,Major Arterial,Etobicoke York,Intersection,No Control,Clear,Daylight,Dry,Non-Fatal Injury,Rear End,Driver,55 to 59,,East,Stopped,Driving Properly,,,,,,,,,Yes,Yes,,,,Yes,Yes,,,Islington
36,Major Arterial,Toronto and East York,Intersection,Traffic Signal,Clear,"Dark, artificial",Dry,Non-Fatal Injury,Pedestrian Collisions,Driver,20 to 24,,North,Going Ahead,Failed to Yield Right of Way,,,,,,,Yes,,Yes,,,,,,Yes,,Yes,Old East York
1111,Minor Arterial,Toronto and East York,Intersection,Traffic Signal,Clear,Daylight,Dry,Non-Fatal Injury,Cyclist Collisions,Cyclist,50 to 54,Major,West,Going Ahead,,,,,"Motorist without ROW drives into path of cyclist at inter, lnwy, dwy-Driver not turn.",Driving Properly,Normal,,Yes,Yes,,,,,,Yes,Yes,,Regent Park
1434,Major Arterial,Scarborough,Intersection,Traffic Signal,Clear,Daylight,Dry,Non-Fatal Injury,Turning Movement,Driver,30 to 34,,North,Turning Left,Failed to Yield Right of Way,,,,,,,,,Yes,Yes,,,,,Yes,,,Malvern West
1050,Major Arterial,Toronto and East York,Intersection,Traffic Signal,Clear,Daylight,Dry,Non-Fatal Injury,Angle,Driver,30 to 34,,East,Going Ahead,Disobeyed Traffic Control,,,,,,,,,Yes,,,,Yes,,Yes,Yes,,Yonge-Bay Corridor
1239,Major Arterial,Etobicoke York,Intersection,Traffic Signal,Clear,Daylight,Dry,Non-Fatal Injury,Pedestrian Collisions,Vehicle Owner,unknown,,,,,,,,,,,Yes,,Yes,,,,,,Yes,,,Pelmo Park-Humberlea
2127,Minor Arterial,Toronto and East York,Intersection,Traffic Signal,Clear,"Dark, artificial",Dry,Non-Fatal Injury,Cyclist Collisions,Driver,45 to 49,,North,Turning Left,Improper Turn,,,,,,,,Yes,Yes,,,,,,,,,Annex
8,Major Arterial,North York,Intersection,Traffic Signal,Clear,Dark,Wet,Non-Fatal Injury,Rear End,Vehicle Owner,unknown,,,,,,,,,,,,,Yes,,,,Yes,,,,,Oakdale-Beverley Heights
1528,Major Arterial,Etobicoke York,Intersection,Traffic Signal,Other,Daylight,Other,Non-Fatal Injury,Turning Movement,Passenger,10 to 14,Major,,,,,,,,,,,,Yes,,Yes,,Yes,,Yes,Yes,,Humber Summit
2014,Major Arterial,Etobicoke York,Intersection,Traffic Signal,Clear,"Dark, artificial",Dry,Non-Fatal Injury,Turning Movement,Vehicle Owner,unknown,,,,,,,,,,,,,Yes,,,,Yes,,,,,York University Heights
36,Major Arterial,Toronto and East York,Intersection,Traffic Signal,Clear,"Dark, artificial",Dry,Non-Fatal Injury,Pedestrian Collisions,Pedestrian,25 to 29,Major,North,,,Vehicle is going straight thru inter.while ped cross with ROW,Crossing with right of way,Had Been Drinking,,,,Yes,,Yes,,,,,,Yes,,Yes,Old East York
627,Major Arterial,Etobicoke York,Intersection,No Control,Clear,"Dark, artificial",Dry,Non-Fatal Injury,Turning Movement,Passenger,5 to 9,Minimal,,,,,,,,,,,,Yes,,,,Yes,,,,,Beechborough-Greenbrook
2127,Minor Arterial,Toronto and East York,Intersection,Traffic Signal,Clear,"Dark, artificial",Dry,Non-Fatal Injury,Cyclist Collisions,Cyclist,30 to 34,Major,South,Going Ahead,,,,,Motorist turned left across cyclists path.,Driving Properly,Normal,,Yes,Yes,,,,,,,,,Annex
1239,Major Arterial,Etobicoke York,Intersection,Traffic Signal,Clear,Daylight,Dry,Non-Fatal Injury,Pedestrian Collisions,Driver,20 to 24,,West,Turning Right,Failed to Yield Right of Way,,,,,,,Yes,,Yes,,,,,,Yes,,,Pelmo Park-Humberlea
1050,Major Arterial,Toronto and East York,Intersection,Traffic Signal,Clear,Daylight,Dry,Non-Fatal Injury,Angle,Passenger,30 to 34,Minor,,,,,,,,,,,,Yes,,,,Yes,,Yes,Yes,,Yonge-Bay Corridor
1528,Major Arterial,Etobicoke York,Intersection,Traffic Signal,Other,Daylight,Other,Non-Fatal Injury,Turning Movement,Vehicle Owner,unknown,,,,,,,,,,,,,Yes,,Yes,,Yes,,Yes,Yes,,Humber Summit
8,Major Arterial,North York,Intersection,Traffic Signal,Clear,Dark,Wet,Non-Fatal Injury,Rear End,Driver,60 to 64,Minor,East,Going Ahead,Driving Properly,,,,,,,,,Yes,,,,Yes,,,,,Oakdale-Beverley Heights
320,Major Arterial,Toronto and East York,Intersection,Traffic Signal,Clear,Dark,Dry,Non-Fatal Injury,Pedestrian Collisions,Driver,20 to 24,,West,Going Ahead,Driving Properly,,,,,,,Yes,,Yes,,,,,,,,,Blake-Jones
627,Major Arterial,Etobicoke York,Intersection,No Control,Clear,"Dark, artificial",Dry,Non-Fatal Injury,Turning Movement,Vehicle Owner,unknown,,,,,,,,,,,,,Yes,,,,Yes,,,,,Beechborough-Greenbrook
2014,Major Arterial,Etobicoke York,Intersection,Traffic Signal,Clear,"Dark, artificial",Dry,Non-Fatal Injury,Turning Movement,Passenger,65 to 69,Major,,,,,,,,,,,,Yes,,,,Yes,,,,,York University Heights
149,Major Arterial,Toronto and East York,Mid-Block,No Control,Clear,"Dark, artificial",Dry,Non-Fatal Injury,SMV Other,Passenger,20 to 24,Major,,,,,,,,,,,,Yes,,,,Yes,Yes,Yes,,,South Parkdale
1239,Major Arterial,Etobicoke York,Intersection,Traffic Signal,Clear,Daylight,Dry,Non-Fatal Injury,Pedestrian Collisions,Pedestrian,70 to 74,Major,West,,,Vehicle turns right while ped crosses with ROW at inter.,Crossing with right of way,Normal,,,,Yes,,Yes,,,,,,Yes,,,Pelmo Park-Humberlea
1050,Major Arterial,Toronto and East York,Intersection,Traffic Signal,Clear,Daylight,Dry,Non-Fatal Injury,Angle,Driver,40 to 44,Minor,North,Going Ahead,Driving Properly,,,,,,,,,Yes,,,,Yes,,Yes,Yes,,Yonge-Bay Corridor
1528,Major Arterial,Etobicoke York,Intersection,Traffic Signal,Other,Daylight,Other,Non-Fatal Injury,Turning Movement,Driver,20 to 24,Minor,West,Turning Left,Driving Properly,,,,,,,,,Yes,,Yes,,Yes,,Yes,Yes,,Humber Summit
1050,Major Arterial,Toronto and East York,Intersection,Traffic Signal,Clear,Daylight,Dry,Non-Fatal Injury,Angle,Vehicle Owner,unknown,,,,,,,,,,,,,Yes,,,,Yes,,Yes,Yes,,Yonge-Bay Corridor
2014,Major Arterial,Etobicoke York,Intersection,Traffic Signal,Clear,"Dark, artificial",Dry,Non-Fatal Injury,Turning Movement,Driver,65 to 69,Minor,West,Going Ahead,Driving Properly,,,,,,,,,Yes,,,,Yes,,,,,York University Heights
1050,Major Arterial,Toronto and East York,Intersection,Traffic Signal,Clear,Daylight,Dry,Non-Fatal Injury,Angle,Passenger,25 to 29,Minor,,,,,,,,,,,,Yes,,,,Yes,,Yes,Yes,,Yonge-Bay Corridor
149,Major Arterial,Toronto and East York,Mid-Block,No Control,Clear,"Dark, artificial",Dry,Non-Fatal Injury,SMV Other,Vehicle Owner,unknown,,,,,,,,,,,,,Yes,,,,Yes,Yes,Yes,,,South Parkdale
320,Major Arterial,Toronto and East York,Intersection,Traffic Signal,Clear,Dark,Dry,Non-Fatal Injury,Pedestrian Collisions,Pedestrian,20 to 24,Major,North,,,Vehicle is going straight thru inter.while ped cross without ROW,Crossing without right of way,Had Been Drinking,,,,Yes,,Yes,,,,,,,,,Blake-Jones
1752,Minor Arterial,Toronto and East York,Intersection,No Control,Clear,Daylight,Dry,Non-Fatal Injury,Cyclist Collisions,Driver,60 to 64,,West,Going Ahead,Failed to Yield Right of Way,,,,,,,,Yes,Yes,,,,,,Yes,,,North Riverdale
627,Major Arterial,Etobicoke York,Intersection,No Control,Clear,"Dark, artificial",Dry,Non-Fatal Injury,Turning Movement,Driver,25 to 29,Major,South,Going Ahead,Driving Properly,,,,,,,,,Yes,,,,Yes,,,,,Beechborough-Greenbrook
1015,Major Arterial,Toronto and East York,Intersection,No Control,Clear,Daylight,Dry,Non-Fatal Injury,Cyclist Collisions,Vehicle Owner,unknown,,,,,,,,,,,,Yes,Yes,,,,,,Yes,,,Trinity-Bellwoods
8,Major Arterial,North York,Intersection,Traffic Signal,Clear,Dark,Wet,Non-Fatal Injury,Rear End,Other Property Owner,unknown,,,,,,,,,,,,,Yes,,,,Yes,,,,,Oakdale-Beverley Heights
115,Major Arterial,Toronto and East York,Intersection,No Control,Clear,"Dark, artificial",Dry,Non-Fatal Injury,Cyclist Collisions,Vehicle Owner,unknown,,,,,,,,,,,,Yes,Yes,,,,,,,,,Kensington-Chinatown
149,Major Arterial,Toronto and East York,Mid-Block,No Control,Clear,"Dark, artificial",Dry,Non-Fatal Injury,SMV Other,Driver,20 to 24,Minimal,East,Going Ahead,Lost control,,,,,,,,,Yes,,,,Yes,Yes,Yes,,,South Parkdale
115,Major Arterial,Toronto and East York,Intersection,No Control,Clear,"Dark, artificial",Dry,Non-Fatal Injury,Cyclist Collisions,Driver,55 to 59,,West,Making U Turn,Improper Turn,,,,,,,,Yes,Yes,,,,,,,,,Kensington-Chinatown
2014,Major Arterial,Etobicoke York,Intersection,Traffic Signal,Clear,"Dark, artificial",Dry,Non-Fatal Injury,Turning Movement,Vehicle Owner,unknown,,,,,,,,,,,,,Yes,,,,Yes,,,,,York University Heights
1050,Major Arterial,Toronto and East York,Intersection,Traffic Signal,Clear,Daylight,Dry,Non-Fatal Injury,Angle,Driver,45 to 49,Major,North,Going Ahead,Driving Properly,,,,,,,,,Yes,,,,Yes,,Yes,Yes,,Yonge-Bay Corridor
1743,Major Arterial,North York,Intersection,No Control,Clear,"Dark, artificial",Dry,Non-Fatal Injury,Pedestrian Collisions,Driver,40 to 44,,East,Going Ahead,Driving Properly,,,,,,,Yes,,Yes,,,,,,,,,East Willowdale
1752,Minor Arterial,Toronto and East York,Intersection,No Control,Clear,Daylight,Dry,Non-Fatal Injury,Cyclist Collisions,Cyclist,40 to 44,Major,South,Going Ahead,,,,,"Motorist without ROW drives into path of cyclist at inter, lnwy, dwy-Driver not turn.",Driving Properly,Normal,,Yes,Yes,,,,,,Yes,,,North Riverdale
8,Major Arterial,North York,Intersection,Traffic Signal,Clear,Dark,Wet,Non-Fatal Injury,Rear End,Other Property Owner,unknown,,,,,,,,,,,,,Yes,,,,Yes,,,,,Oakdale-Beverley Heights
1015,Major Arterial,Toronto and East York,Intersection,No Control,Clear,Daylight,Dry,Non-Fatal Injury,Cyclist Collisions,Driver,25 to 29,,East,Going Ahead,Improper Passing,,,,,,,,Yes,Yes,,,,,,Yes,,,Trinity-Bellwoods
2014,Major Arterial,Etobicoke York,Intersection,Traffic Signal,Clear,"Dark, artificial",Dry,Non-Fatal Injury,Turning Movement,Driver,25 to 29,,East,Turning Left,Improper Turn,,,,,,,,,Yes,,,,Yes,,,,,York University Heights
1834,Collector,North York,Intersection,Stop Sign,Clear,Daylight,Dry,Non-Fatal Injury,Pedestrian Collisions,Pedestrian,85 to 89,Major,East,,,Vehicle turns left while ped crosses with ROW at inter.,Crossing with right of way,Inattentive,,,,Yes,,Yes,,,,,,Yes,,,Bedford Park-Nortown
115,Major Arterial,Toronto and East York,Intersection,No Control,Clear,"Dark, artificial",Dry,Non-Fatal Injury,Cyclist Collisions,Cyclist,20 to 24,Major,West,Overtaking,,,,,Motorist makes u-turn in-front of cyclist.,Driving Properly,Normal,,Yes,Yes,,,,,,,,,Kensington-Chinatown
1827,Minor Arterial,Scarborough,Mid-Block,No Control,Clear,Daylight,Dry,Non-Fatal Injury,SMV Other,Driver,60 to 64,Major,East,Going Ahead,Lost control,,,,,,,,,Yes,,,,,Yes,Yes,,,Morningside Heights
1855,Major Arterial,North York,Intersection,Traffic Signal,Clear,Daylight,Dry,Fatal,Pedestrian Collisions,Driver,20 to 24,,North,Turning Left,Failed to Yield Right of Way,,,,,,,Yes,,Yes,,,,,,Yes,,,Clanton Park
149,Major Arterial,Toronto and East York,Mid-Block,No Control,Clear,"Dark, artificial",Dry,Non-Fatal Injury,SMV Other,Vehicle Owner,unknown,,,,,,,,,,,,,Yes,,,,Yes,,,,,South Parkdale
1015,Major Arterial,Toronto and East York,Intersection,No Control,Clear,Daylight,Dry,Non-Fatal Injury,Cyclist Collisions,Cyclist,65 to 69,Major,East,Going Ahead,,,,,Cyclist and Driver travelling in same direction. One vehicle sideswipes the other.,Driving Properly,Normal,,Yes,Yes,,,,,,Yes,,,Trinity-Bellwoods
350,Major Arterial,Etobicoke York,Mid-Block,No Control,Clear,Dark,Dry,Non-Fatal Injury,SMV Other,Driver,20 to 24,Major,West,Going Ahead,Lost control,,,,,,,,,Yes,,,,,,,,,Thistletown-Beaumond Heights
1855,Minor Arterial,Etobicoke York,Intersection,Stop Sign,Clear,Daylight,Dry,Non-Fatal Injury,Cyclist Collisions,Driver,45 to 49,,North,Turning Left,Failed to Yield Right of Way,,,,,,,,Yes,Yes,,,,,,Yes,,,Mount Dennis
1827,Minor Arterial,Scarborough,Mid-Block,No Control,Clear,Daylight,Dry,Non-Fatal Injury,SMV Other,Other Property Owner,unknown,,,,,,,,,,,,,Yes,,,,,Yes,Yes,,,Morningside Heights
1834,Collector,North York,Intersection,Stop Sign,Clear,Daylight,Dry,Non-Fatal Injury,Pedestrian Collisions,Driver,50 to 54,,East,Turning Left,Failed to Yield Right of Way,,,,,,,Yes,,Yes,,,,,,Yes,,,Bedford Park-Nortown
149,Major Arterial,Toronto and East York,Mid-Block,No Control,Clear,"Dark, artificial",Dry,Non-Fatal Injury,SMV Other,Passenger,20 to 24,Major,,,,,,,,,,,,Yes,,,,Yes,,,,,South Parkdale
1743,Major Arterial,North York,Intersection,No Control,Clear,"Dark, artificial",Dry,Non-Fatal Injury,Pedestrian Collisions,Pedestrian,75 to 79,Major,North,,,Vehicle is going straight thru inter.while ped cross without ROW,"Crossing, no Traffic Control",Unknown,,,,Yes,,Yes,,,,,,,,,East Willowdale
1855,Major Arterial,North York,Intersection,Traffic Signal,Clear,Daylight,Dry,Fatal,Pedestrian Collisions,Pedestrian,25 to 29,Fatal,South,,,Vehicle turns left while ped crosses with ROW at inter.,Crossing with right of way,Unknown,,,,Yes,,Yes,,,,,,Yes,,,Clanton Park
1214,Major Arterial,Toronto and East York,Intersection,Traffic Signal,Clear,Daylight,Dry,Non-Fatal Injury,Turning Movement,Driver,45 to 49,,East,Going Ahead,Driving Properly,,,,,,,,,Yes,,,,,,,,,Moss Park
1810,Major Arterial,Toronto and East York,Intersection,No Control,Clear,Dusk,Dry,Non-Fatal Injury,Cyclist Collisions,Driver,45 to 49,,North,Stopped,Driving Properly,,,,,,,,Yes,Yes,,,,,,,,,Wellington Place
1855,Minor Arterial,Etobicoke York,Intersection,Stop Sign,Clear,Daylight,Dry,Non-Fatal Injury,Cyclist Collisions,Cyclist,45 to 49,Major,South,Going Ahead,,,,,Motorist turned left across cyclists path.,Driving Properly,Normal,,Yes,Yes,,,,,,Yes,,,Mount Dennis
1827,Minor Arterial,Scarborough,Mid-Block,No Control,Clear,Daylight,Dry,Non-Fatal Injury,SMV Other,Other Property Owner,unknown,,,,,,,,,,,,,Yes,,,,,Yes,Yes,,,Morningside Heights
114,Major Arterial,Toronto and East York,Intersection,Traffic Signal,Clear,"Dark, artificial",Dry,Non-Fatal Injury,Cyclist Collisions,Vehicle Owner,unknown,,,,,,,,,,,,Yes,Yes,,,,,,,,,Wellington Place
2240,Major Arterial,Toronto and East York,Mid-Block,No Control,Clear,Dark,Dry,Non-Fatal Injury,Turning Movement,Vehicle Owner,unknown,,,,,,,,,,,,,Yes,,,,Yes,,Yes,,,Church-Wellesley
323,Major Arterial,Etobicoke York,Intersection,Traffic Signal,Clear,"Dark, artificial",Dry,Non-Fatal Injury,SMV Other,Driver,25 to 29,Major,North,Going Ahead,Lost control,,,,,,,,,Yes,,,,,,,,,York University Heights
2240,Major Arterial,Toronto and East York,Mid-Block,No Control,Clear,Dark,Dry,Non-Fatal Injury,Turning Movement,Driver,45 to 49,Major,East,Making U Turn,Failed to Yield Right of Way,,,,,,,,,Yes,,,,Yes,,Yes,,,Church-Wellesley
114,Major Arterial,Toronto and East York,Intersection,Traffic Signal,Clear,"Dark, artificial",Dry,Non-Fatal Injury,Cyclist Collisions,Driver,55 to 59,,East,Going Ahead,Driving Properly,,,,,,,,Yes,Yes,,,,,,,,,Wellington Place