TIME,ROAD_CLASS,DISTRICT,LOCCOORD,TRAFFCTL,VISIBILITY,LIGHT,RDSFCOND,ACCLASS,IMPACTYPE,INVTYPE,INVAGE,INJURY,INITDIR,MANOEUVER,DRIVACT,PEDTYPE,PEDACT,PEDCOND,CYCLISTYPE,CYCACT,CYCCOND,PEDESTRIAN,CYCLIST,AUTOMOBILE,MOTORCYCLE,TRUCK,TRSN_CITY_VEH,PASSENGER,SPEEDING,AG_DRIV,REDLIGHT,ALCOHOL,NEIGHBOURHOOD_158
1346,Minor Arterial,Toronto and East York,Intersection,Pedestrian Crossover,Rain,Daylight,Wet,Non-Fatal Injury,Rear End,Truck Driver,25 to 29,,East,Going Ahead,Following too Close,,,,,,,,,Yes,,Yes,,,,Yes,,,South Riverdale
1738,Major Arterial,Toronto and East York,Intersection,Traffic Signal,Clear,Daylight,Dry,Non-Fatal Injury,Other,Truck Driver,55 to 59,,South,Stopped,Driving Properly,,,,,,,,,,,Yes,Yes,Yes,,,,,Yonge-Bay Corridor
1346,Minor Arterial,Toronto and East York,Intersection,Pedestrian Crossover,Rain,Daylight,Wet,Non-Fatal Injury,Rear End,Vehicle Owner,unknown,,,,,,,,,,,,,Yes,,Yes,,,,Yes,,,South Riverdale
1052,Major Arterial,Etobicoke York,Intersection,Traffic Signal,Clear,Daylight,Dry,Non-Fatal Injury,Turning Movement,Driver,85 to 89,Major,South,Turning Left,Failed to Yield Right of Way,,,,,,,,,Yes,,Yes,,,,Yes,,,Princess-Rosethorn
1830,Major Arterial,Scarborough,Intersection,Traffic Signal,Clear,Daylight,Dry,Non-Fatal Injury,Other,Driver,50 to 54,,West,Pulling Away from Shoulder or Curb,Driving Properly,,,,,,,,,,,,Yes,Yes,,,,,Scarborough Village
1555,Collector,Toronto and East York,Mid-Block,No Control,Clear,Daylight,Dry,Non-Fatal Injury,Pedestrian Collisions,Driver,35 to 39,,West,Turning Left,Failed to Yield Right of Way,,,,,,,Yes,,Yes,,,,,,Yes,,,Harbourfront-CityPlace
50,Major Arterial,Scarborough,Intersection,Traffic Signal,Rain,"Dark, artificial",Wet,Non-Fatal Injury,Angle,Driver,50 to 54,Major,North,Going Ahead,Disobeyed Traffic Control,,,,,,,,,Yes,,,,Yes,,Yes,Yes,,Woburn North
1855,Major Arterial,Scarborough,Mid-Block,No Control,Clear,Dusk,Dry,Non-Fatal Injury,Pedestrian Collisions,Pedestrian,50 to 54,,North,,,Pedestrian hit at mid-block,Walking on Roadway with Traffic,Normal,,,,Yes,,Yes,,,,,,,,,Milliken
1700,Major Arterial,Scarborough,Intersection,No Control,Clear,Daylight,Dry,Non-Fatal Injury,Approaching,Driver,55 to 59,Major,West,Going Ahead,Driving Properly,,,,,,,,,Yes,,,,,,,,,Morningside
1555,Collector,Toronto and East York,Mid-Block,No Control,Clear,Daylight,Dry,Non-Fatal Injury,Pedestrian Collisions,Pedestrian,unknown,Major,,,,Pedestrian hit at private driveway,On Sidewalk or Shoulder,Inattentive,,,,Yes,,Yes,,,,,,Yes,,,Harbourfront-CityPlace
1723,Minor Arterial,Toronto and East York,Intersection,No Control,Clear,Dark,Dry,Non-Fatal Injury,Pedestrian Collisions,Driver,unknown,,East,Going Ahead,Failed to Yield Right of Way,,,,,,,Yes,,Yes,,,,,,Yes,,,Woodbine-Lumsden
1620,Major Arterial,Toronto and East York,Mid-Block,No Control,Clear,Daylight,Dry,Non-Fatal Injury,Rear End,Driver,35 to 39,,East,Slowing or Stopping,Driving Properly,,,,,,,,,Yes,,,,Yes,,Yes,,,South Parkdale
1346,Minor Arterial,Toronto and East York,Intersection,Pedestrian Crossover,Rain,Daylight,Wet,Non-Fatal Injury,Rear End,Vehicle Owner,unknown,,,,,,,,,,,,,Yes,,Yes,,,,Yes,,,South Riverdale
1133,Major Arterial,Scarborough,Intersection,Traffic Signal,Clear,Daylight,Dry,Fatal,Pedestrian Collisions,Passenger,unknown,Minimal,,,,,,,,,,Yes,,,,Yes,Yes,Yes,Yes,Yes,,,Milliken
2035,Major Arterial,North York,Intersection,Traffic Signal,Clear,Daylight,Dry,Non-Fatal Injury,Turning Movement,Motorcycle Driver,40 to 44,Major,East,Going Ahead,Disobeyed Traffic Control,,,,,,,,,Yes,Yes,,,,,Yes,Yes,,Bathurst Manor
1133,Major Arterial,Scarborough,Intersection,Traffic Signal,Clear,Daylight,Dry,Fatal,Pedestrian Collisions,Passenger,5 to 9,Minimal,,,,,,,,,,Yes,,,,Yes,Yes,Yes,Yes,Yes,,,Milliken
1855,Major Arterial,Scarborough,Mid-Block,No Control,Clear,Dusk,Dry,Non-Fatal Injury,Pedestrian Collisions,Pedestrian,25 to 29,Major,North,,,Pedestrian hit at mid-block,Walking on Roadway with Traffic,Normal,,,,Yes,,Yes,,,,,,,,,Milliken
1723,Minor Arterial,Toronto and East York,Intersection,No Control,Clear,Dark,Dry,Non-Fatal Injury,Pedestrian Collisions,Pedestrian,10 to 14,Major,North,,,Pedestrian hit at mid-block,"Crossing, no Traffic Control",Normal,,,,Yes,,Yes,,,,,,Yes,,,Woodbine-Lumsden
50,Major Arterial,Scarborough,Intersection,Traffic Signal,Rain,"Dark, artificial",Wet,Non-Fatal Injury,Angle,Other Property Owner,unknown,,,,,,,,,,,,,Yes,,,,Yes,,Yes,Yes,,Woburn North
1346,Minor Arterial,Toronto and East York,Intersection,Pedestrian Crossover,Rain,Daylight,Wet,Non-Fatal Injury,Rear End,Driver,55 to 59,Major,East,Slowing or Stopping,Driving Properly,,,,,,,,,Yes,,Yes,,,,Yes,,,South Riverdale
221,Major Arterial,Toronto and East York,Intersection,Traffic Signal,Clear,"Dark, artificial",Wet,Non-Fatal Injury,Pedestrian Collisions,Passenger,45 to 49,,,,,,,,,,,Yes,,Yes,,,,Yes,,,,,Harbourfront-CityPlace
1620,Major Arterial,Toronto and East York,Mid-Block,No Control,Clear,Daylight,Dry,Non-Fatal Injury,Rear End,Passenger,0 to 4,,,,,,,,,,,,,Yes,,,,Yes,,Yes,,,South Parkdale
2306,Major Arterial,Toronto and East York,Intersection,No Control,Rain,"Dark, artificial",Wet,Fatal,Pedestrian Collisions,Vehicle Owner,unknown,,,,,,,,,,,Yes,,Yes,,,,,,,,,Kensington-Chinatown
50,Major Arterial,Scarborough,Intersection,Traffic Signal,Rain,"Dark, artificial",Wet,Non-Fatal Injury,Angle,Vehicle Owner,unknown,,,,,,,,,,,,,Yes,,,,Yes,,Yes,Yes,,Woburn North
221,Major Arterial,Toronto and East York,Intersection,Traffic Signal,Clear,"Dark, artificial",Wet,Non-Fatal Injury,Pedestrian Collisions,Driver,35 to 39,,South,Going Ahead,Driving Properly,,,,,,,Yes,,Yes,,,,Yes,,,,,Harbourfront-CityPlace
50,Major Arterial,Etobicoke York,Intersection,No Control,"Fog, Mist, Smoke, Dust",Dark,Wet,Non-Fatal Injury,SMV Other,Driver,30 to 34,Major,South,Going Ahead,Speed too Fast For Condition,,,,,,,,,Yes,,,,,Yes,Yes,,,Pelmo Park-Humberlea
1700,Major Arterial,Scarborough,Intersection,No Control,Clear,Daylight,Dry,Non-Fatal Injury,Approaching,Driver,40 to 44,Major,East,Going Ahead,Lost control,,,,,,,,,Yes,,,,,,,,,Morningside
50,Major Arterial,Etobicoke York,Intersection,No Control,"Fog, Mist, Smoke, Dust",Dark,Wet,Non-Fatal Injury,SMV Other,Other Property Owner,unknown,,,,,,,,,,,,,Yes,,,,,Yes,Yes,,,Pelmo Park-Humberlea
2306,Major Arterial,Toronto and East York,Intersection,No Control,Rain,"Dark, artificial",Wet,Fatal,Pedestrian Collisions,Driver,30 to 34,,South,Going Ahead,Driving Properly,,,,,,,Yes,,Yes,,,,,,,,,Kensington-Chinatown
50,Major Arterial,Scarborough,Intersection,Traffic Signal,Rain,"Dark, artificial",Wet,Non-Fatal Injury,Angle,Driver,15 to 19,,East,Going Ahead,Driving Properly,,,,,,,,,Yes,,,,Yes,,Yes,Yes,,Woburn North
1620,Major Arterial,Toronto and East York,Mid-Block,No Control,Clear,Daylight,Dry,Non-Fatal Injury,Rear End,Passenger,25 to 29,Minimal,,,,,,,,,,,,Yes,,,,Yes,,Yes,,,South Parkdale
125,Major Arterial,Scarborough,Intersection,Traffic Signal,Clear,Dark,Dry,Non-Fatal Injury,Rear End,Vehicle Owner,unknown,,,,,,,,,,,,,Yes,,,,,Yes,Yes,,,Wexford/Maryvale
1133,Major Arterial,Scarborough,Intersection,Traffic Signal,Clear,Daylight,Dry,Fatal,Pedestrian Collisions,Passenger,30 to 34,Minor,,,,,,,,,,Yes,,,,Yes,Yes,Yes,Yes,Yes,,,Milliken
1620,Major Arterial,Toronto and East York,Mid-Block,No Control,Clear,Daylight,Dry,Non-Fatal Injury,Rear End,Driver,25 to 29,,East,Stopped,Driving Properly,,,,,,,,,Yes,,,,Yes,,Yes,,,South Parkdale
520,Major Arterial,North York,Mid-Block,No Control,Clear,Dawn,Dry,Non-Fatal Injury,Sideswipe,Driver,45 to 49,Minimal,West,Going Ahead,Driving Properly,,,,,,,,,Yes,,,,Yes,Yes,Yes,,,East Willowdale
2306,Major Arterial,Toronto and East York,Intersection,No Control,Rain,"Dark, artificial",Wet,Fatal,Pedestrian Collisions,Pedestrian,75 to 79,Fatal,West,,,Pedestrian hit at mid-block,Running onto Roadway,Unknown,,,,Yes,,Yes,,,,,,,,,Kensington-Chinatown
50,Major Arterial,Etobicoke York,Intersection,No Control,"Fog, Mist, Smoke, Dust",Dark,Wet,Non-Fatal Injury,SMV Other,Other Property Owner,unknown,,,,,,,,,,,,,Yes,,,,,Yes,Yes,,,Pelmo Park-Humberlea
125,Major Arterial,Scarborough,Intersection,Traffic Signal,Clear,Dark,Dry,Non-Fatal Injury,Rear End,Driver,20 to 24,Minor,South,Stopped,Driving Properly,,,,,,,,,Yes,,,,,Yes,Yes,,,Wexford/Maryvale
221,Major Arterial,Toronto and East York,Intersection,Traffic Signal,Clear,"Dark, artificial",Wet,Non-Fatal Injury,Pedestrian Collisions,Pedestrian,40 to 44,Major,Unknown,,,Other / Undefined,Playing or Working on Highway,Normal,,,,Yes,,Yes,,,,Yes,,,,,Harbourfront-CityPlace
1755,Minor Arterial,Scarborough,Mid-Block,No Control,Clear,Daylight,Dry,Non-Fatal Injury,Rear End,Driver,45 to 49,Major,East,Pulling Onto Shoulder or towardCurb,Lost control,,,,,,,,,Yes,,,,Yes,,,,,Morningside Heights
520,Major Arterial,North York,Mid-Block,No Control,Clear,Dawn,Dry,Non-Fatal Injury,Sideswipe,Passenger,45 to 49,Minimal,,,,,,,,,,,,Yes,,,,Yes,Yes,Yes,,,East Willowdale
125,Major Arterial,Scarborough,Intersection,Traffic Signal,Clear,Dark,Dry,Non-Fatal Injury,Rear End,Vehicle Owner,unknown,,,,,,,,,,,,,Yes,,,,,Yes,Yes,,,Wexford/Maryvale
1907,Major Arterial,Toronto and East York,Mid-Block,No Control,Clear,Dusk,Dry,Non-Fatal Injury,Rear End,Driver,65 to 69,,North,Going Ahead,Driving Properly,,,,,,,,,Yes,,,,Yes,,,,,St Lawrence-East Bayfront-The Islands
1133,Major Arterial,Scarborough,Intersection,Traffic Signal,Clear,Daylight,Dry,Fatal,Pedestrian Collisions,Passenger,55 to 59,Minor,,,,,,,,,,Yes,,,,Yes,Yes,Yes,Yes,Yes,,,Milliken
50,Major Arterial,Etobicoke York,Intersection,No Control,"Fog, Mist, Smoke, Dust",Dark,Wet,Non-Fatal Injury,SMV Other,Other Property Owner,unknown,,,,,,,,,,,,,Yes,,,,,Yes,Yes,,,Pelmo Park-Humberlea
657,Major Arterial,Scarborough,Intersection,No Control,Clear,Daylight,Dry,Non-Fatal Injury,Cyclist Collisions,Driver,60 to 64,,South,Turning Right,Failed to Yield Right of Way,,,,,,,,Yes,Yes,,,,,,Yes,,,Oakridge
2030,Major Arterial,North York,Intersection,Traffic Signal,Clear,Dark,Dry,Non-Fatal Injury,Pedestrian Collisions,Driver,55 to 59,,South,Turning Left,Improper Turn,,,,,,,Yes,,Yes,,,,,,,,,Newtonbrook East
1031,Major Arterial,North York,Intersection,Traffic Signal,Clear,Daylight,Dry,Non-Fatal Injury,Pedestrian Collisions,Vehicle Owner,unknown,,,,,,,,,,,Yes,,Yes,,,,,,Yes,,,Forest Hill North
125,Major Arterial,Scarborough,Intersection,Traffic Signal,Clear,Dark,Dry,Non-Fatal Injury,Rear End,Driver,30 to 34,Major,South,Going Ahead,Exceeding Speed Limit,,,,,,,,,Yes,,,,,Yes,Yes,,,Wexford/Maryvale
657,Major Arterial,Scarborough,Intersection,No Control,Clear,Daylight,Dry,Non-Fatal Injury,Cyclist Collisions,Cyclist,25 to 29,Major,West,Going Ahead,,,,,"Motorist turns right at non-signal Inter.(stop, yield, no cont.,and dwy) and strikes cyclist.",Other,Normal,,Yes,Yes,,,,,,Yes,,,Oakridge
1907,Major Arterial,Toronto and East York,Mid-Block,No Control,Clear,Dusk,Dry,Non-Fatal Injury,Rear End,Vehicle Owner,unknown,,,,,,,,,,,,,Yes,,,,Yes,,,,,St Lawrence-East Bayfront-The Islands
1755,Minor Arterial,Scarborough,Mid-Block,No Control,Clear,Daylight,Dry,Non-Fatal Injury,Rear End,Passenger,10 to 14,Minimal,,,,,,,,,,,,Yes,,,,Yes,,,,,Morningside Heights
1133,Major Arterial,Scarborough,Intersection,Traffic Signal,Clear,Daylight,Dry,Fatal,Pedestrian Collisions,Passenger,15 to 19,Minor,,,,,,,,,,Yes,,,,Yes,Yes,Yes,Yes,Yes,,,Milliken
2030,Major Arterial,North York,Intersection,Traffic Signal,Clear,Dark,Dry,Non-Fatal Injury,Pedestrian Collisions,Pedestrian,25 to 29,Major,North,,,Vehicle turns left while ped crosses with ROW at inter.,Crossing with right of way,Normal,,,,Yes,,Yes,,,,,,,,,Newtonbrook East
520,Major Arterial,North York,Mid-Block,No Control,Clear,Dawn,Dry,Non-Fatal Injury,Sideswipe,Vehicle Owner,unknown,,,,,,,,,,,,,Yes,,,,Yes,Yes,Yes,,,East Willowdale
1031,Major Arterial,North York,Intersection,Traffic Signal,Clear,Daylight,Dry,Non-Fatal Injury,Pedestrian Collisions,Driver,35 to 39,,South,Turning Left,Failed to Yield Right of Way,,,,,,,Yes,,Yes,,,,,,Yes,,,Forest Hill North
139,Major Arterial,Toronto and East York,Intersection,Traffic Signal,Rain,"Dark, artificial",Wet,Fatal,Pedestrian Collisions,Vehicle Owner,unknown,,,,,,,,,,,Yes,,,,,Yes,,,,,,The Beaches
1830,Minor Arterial,Etobicoke York,Intersection,Traffic Signal,Clear,"Dark, artificial",Dry,Non-Fatal Injury,Pedestrian Collisions,Driver,20 to 24,,South,Going Ahead,Driving Properly,,,,,,,Yes,,Yes,,,,,,,,,Mimico-Queensway
1140,Local,North York,Mid-Block,No Control,Clear,Daylight,Dry,Non-Fatal Injury,Pedestrian Collisions,Driver,25 to 29,,South,Reversing,Other,,,,,,,Yes,,Yes,,,,,,,,,Willowdale West
1907,Major Arterial,Toronto and East York,Mid-Block,No Control,Clear,Dusk,Dry,Non-Fatal Injury,Rear End,Driver,55 to 59,Major,North,Going Ahead,Lost control,,,,,,,,,Yes,,,,Yes,,,,,St Lawrence-East Bayfront-The Islands
1133,Major Arterial,Scarborough,Intersection,Traffic Signal,Clear,Daylight,Dry,Fatal,Pedestrian Collisions,Passenger,20 to 24,Minor,,,,,,,,,,Yes,,,,Yes,Yes,Yes,Yes,Yes,,,Milliken
1140,Local,North York,Mid-Block,No Control,Clear,Daylight,Dry,Non-Fatal Injury,Pedestrian Collisions,Pedestrian,75 to 79,Major,West,,,Vehicle is reversing and hits pedestrian,Other,Inattentive,,,,Yes,,Yes,,,,,,,,,Willowdale West
520,Major Arterial,North York,Mid-Block,No Control,Clear,Dawn,Dry,Non-Fatal Injury,Sideswipe,Driver,20 to 24,Major,West,Going Ahead,Lost control,,,,,,,,,Yes,,,,Yes,Yes,Yes,,,East Willowdale
1326,Major Arterial,Toronto and East York,Intersection,Traffic Signal,Clear,Daylight,Dry,Non-Fatal Injury,Pedestrian Collisions,Driver,35 to 39,,South,Going Ahead,Driving Properly,,,,,,,Yes,,,,,Yes,,,,,,Kensington-Chinatown
1755,Minor Arterial,Scarborough,Mid-Block,No Control,Clear,Daylight,Dry,Non-Fatal Injury,Rear End,Passenger,10 to 14,Minimal,,,,,,,,,,,,Yes,,,,Yes,,,,,Morningside Heights
139,Major Arterial,Toronto and East York,Intersection,Traffic Signal,Rain,"Dark, artificial",Wet,Fatal,Pedestrian Collisions,Pedestrian,60 to 64,Fatal,Unknown,,,Pedestrian involved in a collision with transit vehicle anywhere along roadway,Other,Unknown,,,,Yes,,,,,Yes,,,,,,The Beaches
700,Minor Arterial,Toronto and East York,Intersection,Traffic Signal,Clear,Dark,Dry,Non-Fatal Injury,Pedestrian Collisions,Vehicle Owner,unknown,,,,,,,,,,,Yes,,,,Yes,,,,,,,Cabbagetown-South St.James Town
1830,Minor Arterial,Etobicoke York,Intersection,Traffic Signal,Clear,"Dark, artificial",Dry,Non-Fatal Injury,Pedestrian Collisions,Pedestrian,10 to 14,Major,East,,,Pedestrian hit at mid-block,"Crossing, no Traffic Control",Inattentive,,,,Yes,,Yes,,,,,,,,,Mimico-Queensway
1031,Major Arterial,North York,Intersection,Traffic Signal,Clear,Daylight,Dry,Non-Fatal Injury,Pedestrian Collisions,Pedestrian,65 to 69,Major,North,,,Vehicle turns left while ped crosses with ROW at inter.,Crossing with right of way,Unknown,,,,Yes,,Yes,,,,,,Yes,,,Forest Hill North
1907,Major Arterial,Toronto and East York,Mid-Block,No Control,Clear,Dusk,Dry,Non-Fatal Injury,Rear End,Passenger,55 to 59,Minor,,,,,,,,,,,,Yes,,,,Yes,,,,,St Lawrence-East Bayfront-The Islands
1133,Major Arterial,Scarborough,Intersection,Traffic Signal,Clear,Daylight,Dry,Fatal,Pedestrian Collisions,Passenger,30 to 34,Minor,,,,,,,,,,Yes,,,,Yes,Yes,Yes,Yes,Yes,,,Milliken
1755,Minor Arterial,Scarborough,Mid-Block,No Control,Clear,Daylight,Dry,Non-Fatal Injury,Rear End,Driver,40 to 44,Minimal,East,Going Ahead,Driving Properly,,,,,,,,,Yes,,,,Yes,,,,,Morningside Heights
1107,Local,Scarborough,Intersection,Stop Sign,Clear,Daylight,Dry,Non-Fatal Injury,Cyclist Collisions,Vehicle Owner,unknown,,,,,,,,,,,,Yes,Yes,,,,,,,,,Milliken
1326,Major Arterial,Toronto and East York,Intersection,Traffic Signal,Clear,Daylight,Dry,Non-Fatal Injury,Pedestrian Collisions,Pedestrian,65 to 69,Major,East,,,Vehicle is going straight thru inter.while ped cross without ROW,Running onto Roadway,Normal,,,,Yes,,,,,Yes,,,,,,Kensington-Chinatown
700,Minor Arterial,Toronto and East York,Intersection,Traffic Signal,Clear,Dark,Dry,Non-Fatal Injury,Pedestrian Collisions,Truck Driver,35 to 39,,East,Turning Left,Improper Turn,,,,,,,Yes,,,,Yes,,,,,,,Cabbagetown-South St.James Town
1529,Major Arterial,Scarborough,Intersection,No Control,Clear,Daylight,Dry,Non-Fatal Injury,Approaching,Passenger,50 to 54,Major,,,,,,,,,,,,Yes,,,,Yes,,Yes,,,Clairlea-Birchmount
1053,Major Arterial,Toronto and East York,Intersection,Traffic Signal,Clear,Daylight,Dry,Non-Fatal Injury,Rear End,Driver,70 to 74,Major,South,Going Ahead,Lost control,,,,,,,,,Yes,,,,,,,,,Junction Area
340,Major Arterial,Toronto and East York,Intersection,No Control,Clear,"Dark, artificial",Dry,Non-Fatal Injury,Pedestrian Collisions,Vehicle Owner,unknown,,,,,,,,,,,Yes,,Yes,,,,,,,,,Wellington Place
139,Major Arterial,Toronto and East York,Intersection,Traffic Signal,Rain,"Dark, artificial",Wet,Fatal,Pedestrian Collisions,Driver,25 to 29,,East,Going Ahead,Driving Properly,,,,,,,Yes,,,,,Yes,,,,,,The Beaches
1133,Major Arterial,Scarborough,Intersection,Traffic Signal,Clear,Daylight,Dry,Fatal,Pedestrian Collisions,Pedestrian,40 to 44,Major,Unknown,,,Pedestrian hit on sidewalk or shoulder,On Sidewalk or Shoulder,Unknown,,,,Yes,,,,Yes,Yes,Yes,Yes,Yes,,,Milliken
1755,Minor Arterial,Scarborough,Mid-Block,No Control,Clear,Daylight,Dry,Non-Fatal Injury,Rear End,Other,unknown,,South,Parked,,,,,,,,,,Yes,,,,Yes,,,,,Morningside Heights
1258,Minor Arterial,Scarborough,Intersection,Traffic Signal,Rain,Daylight,Wet,Non-Fatal Injury,Approaching,Driver,50 to 54,Minor,South,Changing Lanes,Lost control,,,,,,,,,Yes,,,,Yes,,,,,Oakridge
1258,Minor Arterial,Scarborough,Intersection,Traffic Signal,Rain,Daylight,Wet,Non-Fatal Injury,Approaching,Passenger,50 to 54,Minor,,,,,,,,,,,,Yes,,,,Yes,,,,,Oakridge
1258,Minor Arterial,Scarborough,Intersection,Traffic Signal,Rain,Daylight,Wet,Non-Fatal Injury,Approaching,Passenger,5 to 9,Minimal,,,,,,,,,,,,Yes,,,,Yes,,,,,Oakridge
1258,Minor Arterial,Scarborough,Intersection,Traffic Signal,Rain,Daylight,Wet,Non-Fatal Injury,Approaching,Passenger,5 to 9,Minor,,,,,,,,,,,,Yes,,,,Yes,,,,,Oakridge
1258,Minor Arterial,Scarborough,Intersection,Traffic Signal,Rain,Daylight,Wet,Non-Fatal Injury,Approaching,Passenger,5 to 9,Minor,,,,,,,,,,,,Yes,,,,Yes,,,,,Oakridge
1258,Minor Arterial,Scarborough,Intersection,Traffic Signal,Rain,Daylight,Wet,Non-Fatal Injury,Approaching,Passenger,45 to 49,Major,,,,,,,,,,,,Yes,,,,Yes,,,,,Oakridge
1258,Minor Arterial,Scarborough,Intersection,Traffic Signal,Rain,Daylight,Wet,Non-Fatal Injury,Approaching,Passenger,10 to 14,Minor,,,,,,,,,,,,Yes,,,,Yes,,,,,Oakridge
1258,Minor Arterial,Scarborough,Intersection,Traffic Signal,Rain,Daylight,Wet,Non-Fatal Injury,Approaching,Driver,50 to 54,Minimal,North,Going Ahead,Driving Properly,,,,,,,,,Yes,,,,Yes,,,,,Oakridge
1305,Major Arterial,North York,Mid-Block,No Control,Clear,Daylight,Dry,Non-Fatal Injury,SMV Other,Driver,65 to 69,Major,North,Going Ahead,Lost control,,,,,,,,,Yes,,,,,,,,,St.Andrew-Windfields
1305,Major Arterial,North York,Mid-Block,No Control,Clear,Daylight,Dry,Non-Fatal Injury,SMV Other,Driver,25 to 29,,North,Going Ahead,Driving Properly,,,,,,,,,Yes,,,,,,,,,St.Andrew-Windfields
1305,Major Arterial,North York,Mid-Block,No Control,Clear,Daylight,Dry,Non-Fatal Injury,SMV Other,Other Property Owner,unknown,,,,,,,,,,,,,Yes,,,,,,,,,St.Andrew-Windfields
1830,Major Arterial,Toronto and East York,Intersection,No Control,Clear,Daylight,Dry,Non-Fatal Injury,SMV Other,Driver - Not Hit,unknown,,,,,,,,,,,,Yes,Yes,,,,,,Yes,,,University
700,Minor Arterial,Toronto and East York,Intersection,Traffic Signal,Clear,Dark,Dry,Non-Fatal Injury,Pedestrian Collisions,Pedestrian,55 to 59,Minor,Unknown,,,Vehicle turns left while ped crosses with ROW at inter.,Crossing with right of way,Unknown,,,,Yes,,,,Yes,,,,,,,Cabbagetown-South St.James Town
1529,Major Arterial,Scarborough,Intersection,No Control,Clear,Daylight,Dry,Non-Fatal Injury,Approaching,Passenger,50 to 54,Minor,,,,,,,,,,,,Yes,,,,Yes,,Yes,,,Clairlea-Birchmount
1107,Local,Scarborough,Intersection,Stop Sign,Clear,Daylight,Dry,Non-Fatal Injury,Cyclist Collisions,Driver,55 to 59,,East,Turning Left,Improper Turn,,,,,,,,Yes,Yes,,,,,,,,,Milliken
1053,Major Arterial,Toronto and East York,Intersection,Traffic Signal,Clear,Daylight,Dry,Non-Fatal Injury,Rear End,Vehicle Owner,unknown,,,,,,,,,,,,,Yes,,,,,,,,,Junction Area
340,Major Arterial,Toronto and East York,Intersection,No Control,Clear,"Dark, artificial",Dry,Non-Fatal Injury,Pedestrian Collisions,Pedestrian,15 to 19,,Unknown,,,Pedestrian hit at mid-block,Other,Unknown,,,,Yes,,Yes,,,,,,,,,Wellington Place
1340,Major Arterial,Etobicoke York,Intersection,Traffic Signal,Clear,Daylight,Dry,Non-Fatal Injury,Pedestrian Collisions,Driver,20 to 24,,South,Going Ahead,Driving Properly,,,,,,,Yes,,Yes,,,,,,,,,Stonegate-Queensway
1830,Major Arterial,Toronto and East York,Intersection,No Control,Clear,Daylight,Dry,Non-Fatal Injury,SMV Other,Moped Driver,40 to 44,Major,North,Going Ahead,Failed to Yield Right of Way,,,,,,,,Yes,Yes,,,,,,Yes,,,University
956,Local,Toronto and East York,Intersection,Stop Sign,Clear,Daylight,Dry,Non-Fatal Injury,SMV Unattended Vehicle,Driver,40 to 44,Major,South,Going Ahead,Lost control,,,,,,,,,Yes,,,,,,,,,West Queen West
956,Local,Toronto and East York,Intersection,Stop Sign,Clear,Daylight,Dry,Non-Fatal Injury,SMV Unattended Vehicle,Other,unknown,,South,Parked,,,,,,,,,,Yes,,,,,,,,,West Queen West
956,Local,Toronto and East York,Intersection,Stop Sign,Clear,Daylight,Dry,Non-Fatal Injury,SMV Unattended Vehicle,Vehicle Owner,unknown,,,,,,,,,,,,,Yes,,,,,,,,,West Queen West
314,Major Arterial,North York,Intersection,Traffic Signal,Clear,"Dark, artificial",Dry,Non-Fatal Injury,Pedestrian Collisions,Vehicle Owner,unknown,,,,,,,,,,,Yes,,Yes,,,Yes,,,,,,Lawrence Park South
314,Major Arterial,North York,Intersection,Traffic Signal,Clear,"Dark, artificial",Dry,Non-Fatal Injury,Pedestrian Collisions,Driver - Not Hit,unknown,,,,,,,,,,,Yes,,Yes,,,Yes,,,,,,Lawrence Park South
314,Major Arterial,North York,Intersection,Traffic Signal,Clear,"Dark, artificial",Dry,Non-Fatal Injury,Pedestrian Collisions,Vehicle Owner,unknown,,,,,,,,,,,Yes,,Yes,,,Yes,,,,,,Lawrence Park South
314,Major Arterial,North York,Intersection,Traffic Signal,Clear,"Dark, artificial",Dry,Non-Fatal Injury,Pedestrian Collisions,Driver,45 to 49,,North,Going Ahead,Driving Properly,,,,,,,Yes,,Yes,,,Yes,,,,,,Lawrence Park South
314,Major Arterial,North York,Intersection,Traffic Signal,Clear,"Dark, artificial",Dry,Non-Fatal Injury,Pedestrian Collisions,Pedestrian,25 to 29,Major,West,,,Vehicle is going straight thru inter.while ped cross without ROW,Crossing without right of way,Had Been Drinking,,,,Yes,,Yes,,,Yes,,,,,,Lawrence Park South
701,Major Arterial,Scarborough,Intersection,Traffic Signal,Rain,Daylight,Wet,Non-Fatal Injury,Pedestrian Collisions,Driver,50 to 54,,South,Slowing or Stopping,Driving Properly,,,,,,,Yes,,Yes,,,,,,,,,West Hill
701,Major Arterial,Scarborough,Intersection,Traffic Signal,Rain,Daylight,Wet,Non-Fatal Injury,Pedestrian Collisions,Pedestrian,75 to 79,Major,West,,,Vehicle is going straight thru inter.while ped cross without ROW,Crossing without right of way,Normal,,,,Yes,,Yes,,,,,,,,,West Hill
1231,Major Arterial,North York,Intersection,Traffic Signal,Clear,Daylight,Dry,Fatal,Pedestrian Collisions,Vehicle Owner,unknown,,,,,,,,,,,Yes,,Yes,,,,,,Yes,Yes,,Bridle Path-Sunnybrook-York Mills
1231,Major Arterial,North York,Intersection,Traffic Signal,Clear,Daylight,Dry,Fatal,Pedestrian Collisions,Driver,25 to 29,,West,Turning Right,Disobeyed Traffic Control,,,,,,,Yes,,Yes,,,,,,Yes,Yes,,Bridle Path-Sunnybrook-York Mills
1231,Major Arterial,North York,Intersection,Traffic Signal,Clear,Daylight,Dry,Fatal,Pedestrian Collisions,Pedestrian,90 to 94,Fatal,South,,,Vehicle turns right while ped crosses with ROW at inter.,Crossing with right of way,Normal,,,,Yes,,Yes,,,,,,Yes,Yes,,Bridle Path-Sunnybrook-York Mills