TIME,ROAD_CLASS,DISTRICT,LOCCOORD,TRAFFCTL,VISIBILITY,LIGHT,RDSFCOND,ACCLASS,IMPACTYPE,INVTYPE,INVAGE,INJURY,INITDIR,MANOEUVER,DRIVACT,PEDTYPE,PEDACT,PEDCOND,CYCLISTYPE,CYCACT,CYCCOND,PEDESTRIAN,CYCLIST,AUTOMOBILE,MOTORCYCLE,TRUCK,TRSN_CITY_VEH,PASSENGER,SPEEDING,AG_DRIV,REDLIGHT,ALCOHOL,NEIGHBOURHOOD_158
1717,Major Arterial,Toronto and East York,Intersection,Traffic Signal,Clear,Daylight,Dry,Non-Fatal Injury,Pedestrian Collisions,Driver,50 to 54,,North,Going Ahead,Driving Properly,,,,,,,Yes,,Yes,,,,,,,,,Kensington-Chinatown
1717,Major Arterial,Toronto and East York,Intersection,Traffic Signal,Clear,Daylight,Dry,Non-Fatal Injury,Pedestrian Collisions,Pedestrian,75 to 79,Major,East,,,Vehicle is going straight thru inter.while ped cross without ROW,Crossing without right of way,Unknown,,,,Yes,,Yes,,,,,,,,,Kensington-Chinatown
1406,Major Arterial,Toronto and East York,Intersection,Traffic Signal,Clear,Daylight,Dry,Non-Fatal Injury,Sideswipe,Driver,20 to 24,,North,Changing Lanes,Driving Properly,,,,,,,,,Yes,Yes,,,,,Yes,,,Wychwood
1406,Major Arterial,Toronto and East York,Intersection,Traffic Signal,Clear,Daylight,Dry,Non-Fatal Injury,Sideswipe,Vehicle Owner,unknown,,,,,,,,,,,,,Yes,Yes,,,,,Yes,,,Wychwood
1406,Major Arterial,Toronto and East York,Intersection,Traffic Signal,Clear,Daylight,Dry,Non-Fatal Injury,Sideswipe,Motorcycle Driver,35 to 39,Major,North,Going Ahead,Improper Passing,,,,,,,,,Yes,Yes,,,,,Yes,,,Wychwood
2118,Local,Toronto and East York,Intersection,Stop Sign,Clear,Dark,Dry,Non-Fatal Injury,Rear End,Driver,35 to 39,Major,East,Going Ahead,Following too Close,,,,,,,,,Yes,,,,Yes,,Yes,,,O'Connor-Parkview
2118,Local,Toronto and East York,Intersection,Stop Sign,Clear,Dark,Dry,Non-Fatal Injury,Rear End,Passenger,55 to 59,Minor,,,,,,,,,,,,Yes,,,,Yes,,Yes,,,O'Connor-Parkview
2118,Local,Toronto and East York,Intersection,Stop Sign,Clear,Dark,Dry,Non-Fatal Injury,Rear End,Driver,30 to 34,Minimal,East,Stopped,Driving Properly,,,,,,,,,Yes,,,,Yes,,Yes,,,O'Connor-Parkview
2240,Major Arterial,North York,Mid-Block,No Control,Clear,"Dark, artificial",Dry,Non-Fatal Injury,Pedestrian Collisions,Driver,50 to 54,,West,Going Ahead,Driving Properly,,,,,,,Yes,,Yes,,,,,,,,,Briar Hill-Belgravia
2240,Major Arterial,North York,Mid-Block,No Control,Clear,"Dark, artificial",Dry,Non-Fatal Injury,Pedestrian Collisions,Vehicle Owner,unknown,,,,,,,,,,,Yes,,Yes,,,,,,,,,Briar Hill-Belgravia
2240,Major Arterial,North York,Mid-Block,No Control,Clear,"Dark, artificial",Dry,Non-Fatal Injury,Pedestrian Collisions,Driver,15 to 19,,East,Going Ahead,Driving Properly,,,,,,,Yes,,Yes,,,,,,,,,Briar Hill-Belgravia
2240,Major Arterial,North York,Mid-Block,No Control,Clear,"Dark, artificial",Dry,Non-Fatal Injury,Pedestrian Collisions,Pedestrian,25 to 29,Major,South,,,Pedestrian hit at mid-block,"Crossing, no Traffic Control",Inattentive,,,,Yes,,Yes,,,,,,,,,Briar Hill-Belgravia
1040,Major Arterial,Toronto and East York,Intersection,Traffic Signal,Clear,Daylight,Dry,Non-Fatal Injury,Cyclist Collisions,Driver,35 to 39,,East,Turning Right,Improper Turn,,,,,,,,Yes,Yes,,,,,,,,,Harbourfront-CityPlace
1040,Major Arterial,Toronto and East York,Intersection,Traffic Signal,Clear,Daylight,Dry,Non-Fatal Injury,Cyclist Collisions,Cyclist,50 to 54,Major,East,Going Ahead,,,,,"Cyclist without ROW rides into path of motorist at inter, lnwy, dwy-Cyclist not turn.",Disobeyed Traffic Control,Inattentive,,Yes,Yes,,,,,,,,,Harbourfront-CityPlace
1405,Major Arterial,Toronto and East York,Intersection,No Control,Clear,Daylight,Dry,Non-Fatal Injury,SMV Other,Motorcycle Driver,25 to 29,Major,North,Turning Right,Lost control,,,,,,,,,,Yes,,,,Yes,Yes,,,University
1540,Major Arterial,Toronto and East York,Intersection,Traffic Signal,Clear,Daylight,Dry,Non-Fatal Injury,Turning Movement,Driver,20 to 24,,South,Going Ahead,Exceeding Speed Limit,,,,,,,,,Yes,,,,Yes,Yes,Yes,,,Dovercourt Village
1540,Major Arterial,Toronto and East York,Intersection,Traffic Signal,Clear,Daylight,Dry,Non-Fatal Injury,Turning Movement,Passenger,45 to 49,Major,,,,,,,,,,,,Yes,,,,Yes,Yes,Yes,,,Dovercourt Village
1540,Major Arterial,Toronto and East York,Intersection,Traffic Signal,Clear,Daylight,Dry,Non-Fatal Injury,Turning Movement,Vehicle Owner,unknown,,,,,,,,,,,,,Yes,,,,Yes,Yes,Yes,,,Dovercourt Village
1540,Major Arterial,Toronto and East York,Intersection,Traffic Signal,Clear,Daylight,Dry,Non-Fatal Injury,Turning Movement,Driver,35 to 39,,North,Turning Left,Driving Properly,,,,,,,,,Yes,,,,Yes,Yes,Yes,,,Dovercourt Village
1815,Major Arterial,Etobicoke York,Intersection,Traffic Signal,Clear,Daylight,Dry,Non-Fatal Injury,Pedestrian Collisions,Driver,60 to 64,,East,Turning Right,Failed to Yield Right of Way,,,,,,,Yes,,Yes,,,,,,Yes,,,Maple Leaf
1815,Major Arterial,Etobicoke York,Intersection,Traffic Signal,Clear,Daylight,Dry,Non-Fatal Injury,Pedestrian Collisions,Pedestrian,70 to 74,Major,North,,,Vehicle turns right while ped crosses with ROW at inter.,Crossing with right of way,Normal,,,,Yes,,Yes,,,,,,Yes,,,Maple Leaf
1850,Minor Arterial,Toronto and East York,Mid-Block,No Control,Clear,Daylight,Dry,Non-Fatal Injury,Cyclist Collisions,Driver,50 to 54,,East,Parked,Failed to Yield Right of Way,,,,,,,,Yes,Yes,,,,,,Yes,,,North Riverdale
1850,Minor Arterial,Toronto and East York,Mid-Block,No Control,Clear,Daylight,Dry,Non-Fatal Injury,Cyclist Collisions,Cyclist,35 to 39,Major,East,Going Ahead,,,,,Cyclist struck opened vehicle door,Driving Properly,Normal,,Yes,Yes,,,,,,Yes,,,North Riverdale
1022,Collector,Scarborough,Intersection,No Control,Clear,Daylight,Dry,Non-Fatal Injury,Pedestrian Collisions,Driver,25 to 29,,East,Reversing,Other,,,,,,,Yes,,Yes,,,,,,,,,East L'Amoreaux
1022,Collector,Scarborough,Intersection,No Control,Clear,Daylight,Dry,Non-Fatal Injury,Pedestrian Collisions,Pedestrian,80 to 84,Major,West,,,Vehicle is reversing and hits pedestrian,Other,Normal,,,,Yes,,Yes,,,,,,,,,East L'Amoreaux
2350,Major Arterial,Etobicoke York,,No Control,Clear,Dark,Dry,Non-Fatal Injury,SMV Other,Passenger,unknown,Major,,,,,,,,,,,,Yes,,,,Yes,,,,,Humber Summit
2350,Major Arterial,Etobicoke York,,No Control,Clear,Dark,Dry,Non-Fatal Injury,SMV Other,Passenger,unknown,Major,,,,,,,,,,,,Yes,,,,Yes,,,,,Humber Summit
2350,Major Arterial,Etobicoke York,,No Control,Clear,Dark,Dry,Non-Fatal Injury,SMV Other,Passenger,unknown,Minor,,,,,,,,,,,,Yes,,,,Yes,,,,,Humber Summit
2350,Major Arterial,Etobicoke York,,No Control,Clear,Dark,Dry,Non-Fatal Injury,SMV Other,Driver,25 to 29,Minor,East,Going Ahead,,,,,,,,,,Yes,,,,Yes,,,,,Humber Summit
2350,Major Arterial,Etobicoke York,,No Control,Clear,Dark,Dry,Non-Fatal Injury,SMV Other,Other Property Owner,unknown,,,,,,,,,,,,,Yes,,,,Yes,,,,,Humber Summit
1905,Local,Toronto and East York,Mid-Block,No Control,Clear,"Daylight, artificial",Dry,Non-Fatal Injury,Pedestrian Collisions,Vehicle Owner,unknown,,,,,,,,,,,Yes,,Yes,,,,,,,,,Yonge-Bay Corridor
1905,Local,Toronto and East York,Mid-Block,No Control,Clear,"Daylight, artificial",Dry,Non-Fatal Injury,Pedestrian Collisions,Driver,25 to 29,,South,Reversing,Other,,,,,,,Yes,,Yes,,,,,,,,,Yonge-Bay Corridor
1905,Local,Toronto and East York,Mid-Block,No Control,Clear,"Daylight, artificial",Dry,Non-Fatal Injury,Pedestrian Collisions,Pedestrian,30 to 34,Major,Unknown,,,Vehicle is reversing and hits pedestrian,Other,Had Been Drinking,,,,Yes,,Yes,,,,,,,,,Yonge-Bay Corridor
1755,Minor Arterial,Etobicoke York,Intersection,Stop Sign,Rain,Daylight,Wet,Non-Fatal Injury,Turning Movement,Vehicle Owner,unknown,,,,,,,,,,,,,Yes,,,,,,,,,Rockcliffe-Smythe
1755,Minor Arterial,Etobicoke York,Intersection,Stop Sign,Rain,Daylight,Wet,Non-Fatal Injury,Turning Movement,Driver,65 to 69,,West,Turning Left,Improper Turn,,,,,,,,,Yes,,,,,,,,,Rockcliffe-Smythe
1755,Minor Arterial,Etobicoke York,Intersection,Stop Sign,Rain,Daylight,Wet,Non-Fatal Injury,Turning Movement,Driver,40 to 44,Major,North,Going Ahead,Driving Properly,,,,,,,,,Yes,,,,,,,,,Rockcliffe-Smythe
2230,Major Arterial,Etobicoke York,Intersection,Traffic Signal,Clear,"Dark, artificial",Dry,Non-Fatal Injury,Turning Movement,Motorcycle Driver,15 to 19,Major,West,Going Ahead,Driving Properly,,,,,,,,,Yes,Yes,,,,,,,,Long Branch
2230,Major Arterial,Etobicoke York,Intersection,Traffic Signal,Clear,"Dark, artificial",Dry,Non-Fatal Injury,Turning Movement,Driver,55 to 59,,West,Turning Left,Improper Turn,,,,,,,,,Yes,Yes,,,,,,,,Long Branch
1800,Major Arterial,Toronto and East York,Intersection,No Control,Clear,Daylight,Dry,Non-Fatal Injury,Pedestrian Collisions,Driver,85 to 89,,West,Making U Turn,Improper Turn,,,,,,,Yes,,Yes,,,,,,,,,Playter Estates-Danforth
1800,Major Arterial,Toronto and East York,Intersection,No Control,Clear,Daylight,Dry,Non-Fatal Injury,Pedestrian Collisions,Pedestrian,75 to 79,Major,North,,,Pedestrian hit at mid-block,"Crossing, no Traffic Control",Normal,,,,Yes,,Yes,,,,,,,,,Playter Estates-Danforth
1017,Major Arterial,North York,Intersection,Traffic Signal,Clear,Daylight,Dry,Non-Fatal Injury,Pedestrian Collisions,Driver,90 to 94,,South,Turning Left,Improper Turn,,,,,,,Yes,,Yes,,,,,,,,,Don Valley Village
1017,Major Arterial,North York,Intersection,Traffic Signal,Clear,Daylight,Dry,Non-Fatal Injury,Pedestrian Collisions,Pedestrian,75 to 79,Major,North,,,Vehicle turns left while ped crosses with ROW at inter.,Crossing with right of way,Normal,,,,Yes,,Yes,,,,,,,,,Don Valley Village
242,Major Arterial,Toronto and East York,Intersection,No Control,Clear,"Dark, artificial",Dry,Non-Fatal Injury,Pedestrian Collisions,Driver,30 to 34,,South,Going Ahead,Other,,,,,,,Yes,,Yes,,,,,,,,,University
242,Major Arterial,Toronto and East York,Intersection,No Control,Clear,"Dark, artificial",Dry,Non-Fatal Injury,Pedestrian Collisions,Pedestrian,30 to 34,Major,Unknown,,,Pedestrian hit at mid-block,Running onto Roadway,Had Been Drinking,,,,Yes,,Yes,,,,,,,,,University
847,Minor Arterial,Etobicoke York,Intersection,No Control,Clear,Daylight,Dry,Non-Fatal Injury,Pedestrian Collisions,Vehicle Owner,unknown,,,,,,,,,,,Yes,,Yes,,,,,,,,,Stonegate-Queensway
847,Minor Arterial,Etobicoke York,Intersection,No Control,Clear,Daylight,Dry,Non-Fatal Injury,Pedestrian Collisions,Driver,55 to 59,,North,Going Ahead,Driving Properly,,,,,,,Yes,,Yes,,,,,,,,,Stonegate-Queensway
847,Minor Arterial,Etobicoke York,Intersection,No Control,Clear,Daylight,Dry,Non-Fatal Injury,Pedestrian Collisions,Pedestrian,80 to 84,Major,West,,,Vehicle is going straight thru inter.while ped cross without ROW,"Crossing, no Traffic Control",Normal,,,,Yes,,Yes,,,,,,,,,Stonegate-Queensway
535,Major Arterial,Toronto and East York,Intersection,Traffic Signal,Rain,"Dawn, artificial",Wet,Non-Fatal Injury,Cyclist Collisions,Vehicle Owner,unknown,,,,,,,,,,,,Yes,Yes,,,,,,Yes,,,Kensington-Chinatown
535,Major Arterial,Toronto and East York,Intersection,Traffic Signal,Rain,"Dawn, artificial",Wet,Non-Fatal Injury,Cyclist Collisions,Driver,25 to 29,,North,Turning Left,Failed to Yield Right of Way,,,,,,,,Yes,Yes,,,,,,Yes,,,Kensington-Chinatown
535,Major Arterial,Toronto and East York,Intersection,Traffic Signal,Rain,"Dawn, artificial",Wet,Non-Fatal Injury,Cyclist Collisions,Cyclist,35 to 39,Major,South,Going Ahead,,,,,Motorist turned left across cyclists path.,Driving Properly,Normal,,Yes,Yes,,,,,,Yes,,,Kensington-Chinatown
900,Minor Arterial,Toronto and East York,Intersection,No Control,Clear,Daylight,Dry,Non-Fatal Injury,Pedestrian Collisions,Driver,45 to 49,,North,Going Ahead,Driving Properly,,,,,,,Yes,,Yes,,,,,,,,,Birchcliffe-Cliffside
900,Minor Arterial,Toronto and East York,Intersection,No Control,Clear,Daylight,Dry,Non-Fatal Injury,Pedestrian Collisions,Pedestrian,15 to 19,Major,Unknown,,,Vehicle is going straight thru inter.while ped cross without ROW,"Crossing, no Traffic Control",Normal,,,,Yes,,Yes,,,,,,,,,Birchcliffe-Cliffside
1309,Major Arterial,North York,Intersection,No Control,Clear,Daylight,Dry,Non-Fatal Injury,Cyclist Collisions,Vehicle Owner,unknown,,,,,,,,,,,,Yes,,,,Yes,,,,,,Oakwood Village
1309,Major Arterial,North York,Intersection,No Control,Clear,Daylight,Dry,Non-Fatal Injury,Cyclist Collisions,Driver,50 to 54,,East,Going Ahead,Driving Properly,,,,,,,,Yes,,,,Yes,,,,,,Oakwood Village
1309,Major Arterial,North York,Intersection,No Control,Clear,Daylight,Dry,Non-Fatal Injury,Cyclist Collisions,Cyclist,45 to 49,Major,West,Overtaking,,,,,Insufficient information (to determine cyclist crash type).,Improper Passing,Normal,,Yes,,,,Yes,,,,,,Oakwood Village
1120,Major Arterial,Etobicoke York,Mid-Block,No Control,Clear,Daylight,Dry,Non-Fatal Injury,Cyclist Collisions,Vehicle Owner,unknown,,,,,,,,,,,,Yes,Yes,,,,,,,,,Etobicoke City Centre
1120,Major Arterial,Etobicoke York,Mid-Block,No Control,Clear,Daylight,Dry,Non-Fatal Injury,Cyclist Collisions,Driver,25 to 29,,East,Going Ahead,Driving Properly,,,,,,,,Yes,Yes,,,,,,,,,Etobicoke City Centre
1120,Major Arterial,Etobicoke York,Mid-Block,No Control,Clear,Daylight,Dry,Non-Fatal Injury,Cyclist Collisions,Cyclist,65 to 69,Major,East,Changing Lanes,,,,,Cyclist and Driver travelling in same direction. One vehicle sideswipes the other.,Improper Lane Change,Normal,,Yes,Yes,,,,,,,,,Etobicoke City Centre
2104,Major Arterial,Toronto and East York,Intersection,Traffic Signal,Clear,"Dark, artificial",Dry,Non-Fatal Injury,Cyclist Collisions,Vehicle Owner,unknown,,,,,,,,,,,,Yes,Yes,,,,,,,,,Yonge-Bay Corridor
2104,Major Arterial,Toronto and East York,Intersection,Traffic Signal,Clear,"Dark, artificial",Dry,Non-Fatal Injury,Cyclist Collisions,Driver,40 to 44,,South,Making U Turn,Improper Turn,,,,,,,,Yes,Yes,,,,,,,,,Yonge-Bay Corridor
2104,Major Arterial,Toronto and East York,Intersection,Traffic Signal,Clear,"Dark, artificial",Dry,Non-Fatal Injury,Cyclist Collisions,Cyclist,30 to 34,Major,South,Going Ahead,,,,,Motorist makes u-turn in-front of cyclist.,Driving Properly,Normal,,Yes,Yes,,,,,,,,,Yonge-Bay Corridor
2005,Minor Arterial,Etobicoke York,Mid-Block,No Control,Clear,Dusk,Dry,Non-Fatal Injury,Pedestrian Collisions,Driver,20 to 24,,South,Going Ahead,Driving Properly,,,,,,,Yes,,Yes,,,,,,,,,Weston
2005,Minor Arterial,Etobicoke York,Mid-Block,No Control,Clear,Dusk,Dry,Non-Fatal Injury,Pedestrian Collisions,Pedestrian,50 to 54,Major,East,,,Pedestrian hit at mid-block,Running onto Roadway,"Ability Impaired, Drugs",,,,Yes,,Yes,,,,,,,,,Weston
2035,Major Arterial,North York,Intersection,Traffic Signal,Clear,Daylight,Dry,Non-Fatal Injury,Turning Movement,Vehicle Owner,unknown,,,,,,,,,,,,,Yes,Yes,,,,,Yes,Yes,,Bathurst Manor
1725,Major Arterial,Toronto and East York,Intersection,No Control,Clear,Daylight,Dry,Non-Fatal Injury,Pedestrian Collisions,Cyclist,30 to 34,,East,Going Ahead,,,,,Cyclist strikes pedestrian.,Driving Properly,Normal,Yes,Yes,,,,,,,,,,Wellington Place
700,Minor Arterial,Toronto and East York,Intersection,Traffic Signal,Clear,Dark,Dry,Non-Fatal Injury,Pedestrian Collisions,Pedestrian,45 to 49,Major,Unknown,,,Vehicle turns left while ped crosses with ROW at inter.,Crossing with right of way,Unknown,,,,Yes,,,,Yes,,,,,,,Cabbagetown-South St.James Town
340,Major Arterial,Toronto and East York,Intersection,No Control,Clear,"Dark, artificial",Dry,Non-Fatal Injury,Pedestrian Collisions,Pedestrian,20 to 24,Major,Unknown,,,Pedestrian hit at mid-block,Other,Unknown,,,,Yes,,Yes,,,,,,,,,Wellington Place
1340,Major Arterial,Etobicoke York,Intersection,Traffic Signal,Clear,Daylight,Dry,Non-Fatal Injury,Pedestrian Collisions,Pedestrian,55 to 59,Major,West,,,Vehicle is going straight thru inter.while ped cross without ROW,Crossing marked crosswalk without ROW,Unknown,,,,Yes,,Yes,,,,,,,,,Stonegate-Queensway
1107,Local,Scarborough,Intersection,Stop Sign,Clear,Daylight,Dry,Non-Fatal Injury,Cyclist Collisions,Cyclist,55 to 59,Major,South,Going Ahead,,,,,Motorist turned left across cyclists path.,Driving Properly,Normal,,Yes,Yes,,,,,,,,,Milliken
1725,Major Arterial,Toronto and East York,Intersection,No Control,Clear,Daylight,Dry,Non-Fatal Injury,Pedestrian Collisions,Pedestrian,25 to 29,Major,South,,,Vehicle is going straight thru inter.while ped cross without ROW,"Crossing, no Traffic Control",Unknown,,,,Yes,Yes,,,,,,,,,,Wellington Place
951,Minor Arterial,Etobicoke York,Intersection,Stop Sign,Clear,Daylight,Dry,Non-Fatal Injury,Angle,Passenger,15 to 19,Minimal,,,,,,,,,,,,Yes,,,Yes,Yes,,,,,Mimico-Queensway
1053,Major Arterial,Toronto and East York,Intersection,Traffic Signal,Clear,Daylight,Dry,Non-Fatal Injury,Rear End,Driver,20 to 24,,South,Going Ahead,Driving Properly,,,,,,,,,Yes,,,,,,,,,Junction Area
1529,Major Arterial,Scarborough,Intersection,No Control,Clear,Daylight,Dry,Non-Fatal Injury,Approaching,Passenger,75 to 79,Major,,,,,,,,,,,,Yes,,,,Yes,,Yes,,,Clairlea-Birchmount
1845,Minor Arterial,Toronto and East York,Intersection,Traffic Signal,Clear,Daylight,Dry,Non-Fatal Injury,Cyclist Collisions,Driver,35 to 39,,West,Turning Left,Failed to Yield Right of Way,,,,,,,,Yes,Yes,,,,,,Yes,,,Harbourfront-CityPlace
340,Major Arterial,Toronto and East York,Intersection,No Control,Clear,"Dark, artificial",Dry,Non-Fatal Injury,Pedestrian Collisions,Driver,unknown,,East,Going Ahead,Other,,,,,,,Yes,,Yes,,,,,,,,,Wellington Place
951,Minor Arterial,Etobicoke York,Intersection,Stop Sign,Clear,Daylight,Dry,Non-Fatal Injury,Angle,Vehicle Owner,unknown,,,,,,,,,,,,,Yes,,,Yes,Yes,,,,,Mimico-Queensway
2126,Minor Arterial,Toronto and East York,Intersection,No Control,Clear,"Dusk, artificial",Dry,Non-Fatal Injury,Cyclist Collisions,Driver,30 to 34,,East,Stopped,Other,,,,,,,,Yes,Yes,,,,,,,,,Wychwood
951,Minor Arterial,Etobicoke York,Intersection,Stop Sign,Clear,Daylight,Dry,Non-Fatal Injury,Angle,Driver,45 to 49,,South,Stopped,Driving Properly,,,,,,,,,Yes,,,Yes,Yes,,,,,Mimico-Queensway
701,Minor Arterial,Toronto and East York,Intersection,,Other,Dark,Other,Non-Fatal Injury,Pedestrian Collisions,Driver,35 to 39,,,Turning Left,,,,,,,,Yes,,Yes,,,,,,,,,Cabbagetown-South St.James Town
2027,Major Arterial,North York,Mid-Block,No Control,Clear,Dark,Dry,Non-Fatal Injury,Pedestrian Collisions,Driver,25 to 29,,East,Going Ahead,Driving Properly,,,,,,,Yes,,Yes,,,,,,,,,Thorncliffe Park
1529,Major Arterial,Scarborough,Intersection,No Control,Clear,Daylight,Dry,Non-Fatal Injury,Approaching,Driver,80 to 84,Minor,South,Going Ahead,Driving Properly,,,,,,,,,Yes,,,,Yes,,Yes,,,Clairlea-Birchmount
1845,Minor Arterial,Toronto and East York,Intersection,Traffic Signal,Clear,Daylight,Dry,Non-Fatal Injury,Cyclist Collisions,Cyclist,25 to 29,Major,East,Going Ahead,,,,,Motorist turned left across cyclists path.,Driving Properly,Unknown,,Yes,Yes,,,,,,Yes,,,Harbourfront-CityPlace
2122,Major Arterial,North York,Intersection,Traffic Signal,Clear,"Dark, artificial",Dry,Non-Fatal Injury,Turning Movement,Motorcycle Driver,20 to 24,Major,North,Going Ahead,Driving Properly,,,,,,,,,Yes,Yes,,,Yes,,Yes,,,Downsview
701,Minor Arterial,Toronto and East York,Intersection,,Other,Dark,Other,Non-Fatal Injury,Pedestrian Collisions,Pedestrian,55 to 59,Major,,Other,,,,,,,,Yes,,Yes,,,,,,,,,Cabbagetown-South St.James Town
820,Local,Etobicoke York,Intersection,Stop Sign,Clear,Daylight,Dry,Non-Fatal Injury,Cyclist Collisions,Driver,50 to 54,,West,Going Ahead,Driving Properly,,,,,,,,Yes,Yes,,,,,,,,,Stonegate-Queensway
951,Minor Arterial,Etobicoke York,Intersection,Stop Sign,Clear,Daylight,Dry,Non-Fatal Injury,Angle,Driver,50 to 54,Major,West,Going Ahead,Lost control,,,,,,,,,Yes,,,Yes,Yes,,,,,Mimico-Queensway
820,Local,Etobicoke York,Intersection,Stop Sign,Clear,Daylight,Dry,Non-Fatal Injury,Cyclist Collisions,Cyclist,15 to 19,Major,South,Going Ahead,,,,,"Cyclist without ROW rides into path of motorist at inter, lnwy, dwy-Cyclist not turn.",Failed to Yield Right of Way,Inattentive,,Yes,Yes,,,,,,,,,Stonegate-Queensway
2126,Minor Arterial,Toronto and East York,Intersection,No Control,Clear,"Dusk, artificial",Dry,Non-Fatal Injury,Cyclist Collisions,Cyclist,25 to 29,Major,East,Going Ahead,,,,,Cyclist struck opened vehicle door,Driving Properly,Normal,,Yes,Yes,,,,,,,,,Wychwood
2027,Major Arterial,North York,Mid-Block,No Control,Clear,Dark,Dry,Non-Fatal Injury,Pedestrian Collisions,Pedestrian,70 to 74,Major,South,,,Pedestrian hit at mid-block,"Crossing, no Traffic Control",Normal,,,,Yes,,Yes,,,,,,,,,Thorncliffe Park
1529,Major Arterial,Scarborough,Intersection,No Control,Clear,Daylight,Dry,Non-Fatal Injury,Approaching,Vehicle Owner,unknown,,,,,,,,,,,,,Yes,,,,Yes,,Yes,,,Clairlea-Birchmount
2122,Major Arterial,North York,Intersection,Traffic Signal,Clear,"Dark, artificial",Dry,Non-Fatal Injury,Turning Movement,Passenger,15 to 19,Minimal,,,,,,,,,,,,Yes,Yes,,,Yes,,Yes,,,Downsview
701,Minor Arterial,Toronto and East York,Intersection,,Other,Dark,Other,Non-Fatal Injury,Pedestrian Collisions,Pedestrian,45 to 49,Major,,Other,,,,,,,,Yes,,Yes,,,,,,,,,Cabbagetown-South St.James Town
2122,Major Arterial,North York,Intersection,Traffic Signal,Clear,"Dark, artificial",Dry,Non-Fatal Injury,Turning Movement,Driver,20 to 24,,South,Turning Left,Failed to Yield Right of Way,,,,,,,,,Yes,Yes,,,Yes,,Yes,,,Downsview
1529,Major Arterial,Scarborough,Intersection,No Control,Clear,Daylight,Dry,Non-Fatal Injury,Approaching,Driver,15 to 19,Minimal,North,Changing Lanes,Lost control,,,,,,,,,Yes,,,,Yes,,Yes,,,Clairlea-Birchmount
205,Minor Arterial,Toronto and East York,Intersection,Traffic Signal,Clear,"Dark, artificial",Dry,Non-Fatal Injury,Cyclist Collisions,Driver,unknown,,West,Going Ahead,Disobeyed Traffic Control,,,,,,,,Yes,Yes,,,,,,Yes,Yes,,Wychwood
210,Major Arterial,Etobicoke York,Intersection,Traffic Signal,Rain,"Dark, artificial",Wet,Non-Fatal Injury,Angle,Driver,55 to 59,Minimal,West,Going Ahead,Failed to Yield Right of Way,,,,,,,,,Yes,,,,,,Yes,,,York University Heights
1346,Major Arterial,Etobicoke York,Intersection,Traffic Signal,Clear,Daylight,Dry,Fatal,Pedestrian Collisions,Pedestrian,25 to 29,Fatal,South,,,Pedestrian involved in a collision with transit vehicle anywhere along roadway,Crossing with right of way,Unknown,,,,Yes,,Yes,,,,,,Yes,,,West Humber-Clairville
936,Major Arterial,Etobicoke York,Mid-Block,No Control,Clear,Daylight,Dry,Non-Fatal Injury,Rear End,Driver,35 to 39,Minor,North,Stopped,Driving Properly,,,,,,,,,Yes,,,,,,,,,Beechborough-Greenbrook
210,Major Arterial,Etobicoke York,Intersection,Traffic Signal,Rain,"Dark, artificial",Wet,Non-Fatal Injury,Angle,Driver,25 to 29,Major,North,Going Ahead,Driving Properly,,,,,,,,,Yes,,,,,,Yes,,,York University Heights
800,Local,Etobicoke York,Mid-Block,No Control,Clear,Daylight,Dry,Non-Fatal Injury,Angle,Vehicle Owner,unknown,,,,,,,,,,,,,Yes,,Yes,,,,,,,Etobicoke City Centre
836,Major Arterial,Scarborough,Intersection,Traffic Signal,Clear,Daylight,Dry,Non-Fatal Injury,Cyclist Collisions,Driver,35 to 39,,East,Going Ahead,Disobeyed Traffic Control,,,,,,,,Yes,Yes,,,,,,Yes,Yes,,Milliken
2041,Major Arterial,North York,Intersection,Traffic Signal,Clear,"Dark, artificial",Wet,Non-Fatal Injury,Pedestrian Collisions,Driver,55 to 59,Minimal,East,Turning Right,Failed to Yield Right of Way,,,,,,,Yes,,Yes,,,,,,Yes,,,Downsview
205,Minor Arterial,Toronto and East York,Intersection,Traffic Signal,Clear,"Dark, artificial",Dry,Non-Fatal Injury,Cyclist Collisions,Cyclist,50 to 54,Major,North,Going Ahead,,,,,"Motorist without ROW drives into path of cyclist at inter, lnwy, dwy-Driver not turn.",Driving Properly,Normal,,Yes,Yes,,,,,,Yes,Yes,,Wychwood
836,Major Arterial,Scarborough,Intersection,Traffic Signal,Clear,Daylight,Dry,Non-Fatal Injury,Cyclist Collisions,Cyclist,60 to 64,Major,West,Turning Left,,,,,"Motorist without ROW drives into path of cyclist at inter, lnwy, dwy-Driver not turn.",Driving Properly,Normal,,Yes,Yes,,,,,,Yes,Yes,,Milliken
800,Local,Etobicoke York,Mid-Block,No Control,Clear,Daylight,Dry,Non-Fatal Injury,Angle,Truck Driver,25 to 29,,South,Reversing,Other,,,,,,,,,Yes,,Yes,,,,,,,Etobicoke City Centre