TIME,ROAD_CLASS,DISTRICT,LOCCOORD,TRAFFCTL,VISIBILITY,LIGHT,RDSFCOND,ACCLASS,IMPACTYPE,INVTYPE,INVAGE,INJURY,INITDIR,MANOEUVER,DRIVACT,PEDTYPE,PEDACT,PEDCOND,CYCLISTYPE,CYCACT,CYCCOND,PEDESTRIAN,CYCLIST,AUTOMOBILE,MOTORCYCLE,TRUCK,TRSN_CITY_VEH,PASSENGER,SPEEDING,AG_DRIV,REDLIGHT,ALCOHOL,NEIGHBOURHOOD_158
1140,Minor Arterial,Scarborough,Intersection,Traffic Signal,Clear,Daylight,Dry,Non-Fatal Injury,Pedestrian Collisions,Driver,75 to 79,,South,Turning Left,Failed to Yield Right of Way,,,,,,,Yes,,Yes,,,,,,Yes,,,West Hill
1840,Minor Arterial,Toronto and East York,Intersection,No Control,Clear,Daylight,Dry,Non-Fatal Injury,Cyclist Collisions,Driver,25 to 29,,West,Going Ahead,Driving Properly,,,,,,,,Yes,Yes,,,,,,,,,Greenwood-Coxwell
1745,Major Arterial,Scarborough,Intersection,Traffic Signal,"Fog, Mist, Smoke, Dust","Dark, artificial",Wet,Non-Fatal Injury,Pedestrian Collisions,Pedestrian,75 to 79,Major,West,,,Vehicle turns right while ped crosses with ROW at inter.,Crossing with right of way,Normal,,,,Yes,,Yes,,,,,,Yes,,,Agincourt South-Malvern West
25,Major Arterial,North York,Intersection,No Control,Clear,Dark,Dry,Non-Fatal Injury,SMV Other,Motorcycle Driver,20 to 24,Major,North,Going Ahead,Lost control,,,,,,,,,,Yes,,,,,Yes,,Yes,Fenside-Parkwoods
2015,Major Arterial,Scarborough,Intersection,No Control,Rain,"Dark, artificial",Wet,Fatal,Pedestrian Collisions,Passenger,30 to 34,,,,,,,,,,,Yes,,Yes,,,,Yes,,,,,Ionview
1545,Collector,Scarborough,Intersection,Stop Sign,Clear,Daylight,Wet,Fatal,Pedestrian Collisions,Pedestrian,5 to 9,Minor,West,,,Vehicle turns left while ped crosses with ROW at inter.,Crossing with right of way,Normal,,,,Yes,,,,Yes,,,,Yes,,,Birchcliffe-Cliffside
1707,Minor Arterial,Scarborough,Mid-Block,No Control,Clear,Daylight,Wet,Non-Fatal Injury,Approaching,Passenger,65 to 69,Major,,,,,,,,,,,,Yes,,,,Yes,,,,,Malvern West
1140,Minor Arterial,Scarborough,Intersection,Traffic Signal,Clear,Daylight,Dry,Non-Fatal Injury,Pedestrian Collisions,Pedestrian,80 to 84,Major,North,,,Vehicle turns left while ped crosses with ROW at inter.,Crossing with right of way,Normal,,,,Yes,,Yes,,,,,,Yes,,,West Hill
1336,Local,Toronto and East York,Mid-Block,No Control,Clear,Daylight,Dry,Non-Fatal Injury,Pedestrian Collisions,Driver,45 to 49,,South,Going Ahead,Driving Properly,,,,,,,Yes,,Yes,,,,,,,,,Trinity-Bellwoods
650,Major Arterial,North York,Intersection,Traffic Signal,Clear,"Dawn, artificial",Dry,Non-Fatal Injury,Pedestrian Collisions,Driver,40 to 44,,North,Turning Left,Improper Turn,,,,,,,Yes,,Yes,,,,,,,,,Wexford/Maryvale
1612,Major Arterial,Toronto and East York,Intersection,Traffic Signal,Clear,Daylight,Dry,Non-Fatal Injury,Cyclist Collisions,Driver,65 to 69,Minor,East,Going Ahead,Lost control,,,,,,,,Yes,Yes,,,,,,,,,Trinity-Bellwoods
1336,Local,Toronto and East York,Mid-Block,No Control,Clear,Daylight,Dry,Non-Fatal Injury,Pedestrian Collisions,Pedestrian,0 to 4,Major,West,,,Vehicle hits the pedestrian walking or running out from between parked vehicles at mid-block,Coming From Behind Parked Vehicle,Normal,,,,Yes,,Yes,,,,,,,,,Trinity-Bellwoods
1319,Major Arterial,Toronto and East York,Intersection,Traffic Signal,Clear,Daylight,Dry,Fatal,Pedestrian Collisions,Vehicle Owner,unknown,,,,,,,,,,,Yes,,Yes,,,,Yes,,Yes,,,St Lawrence-East Bayfront-The Islands
1840,Minor Arterial,Toronto and East York,Intersection,No Control,Clear,Daylight,Dry,Non-Fatal Injury,Cyclist Collisions,Vehicle Owner,unknown,,,,,,,,,,,,Yes,Yes,,,,,,,,,Greenwood-Coxwell
1545,Collector,Scarborough,Intersection,Stop Sign,Clear,Daylight,Wet,Fatal,Pedestrian Collisions,Pedestrian,5 to 9,Fatal,West,,,Vehicle turns left while ped crosses with ROW at inter.,Crossing with right of way,Normal,,,,Yes,,,,Yes,,,,Yes,,,Birchcliffe-Cliffside
2015,Major Arterial,Scarborough,Intersection,No Control,Rain,"Dark, artificial",Wet,Fatal,Pedestrian Collisions,Passenger,25 to 29,,,,,,,,,,,Yes,,Yes,,,,Yes,,,,,Ionview
1707,Minor Arterial,Scarborough,Mid-Block,No Control,Clear,Daylight,Wet,Non-Fatal Injury,Approaching,Vehicle Owner,unknown,,,,,,,,,,,,,Yes,,,,Yes,,,,,Malvern West
2015,Major Arterial,Scarborough,Intersection,No Control,Rain,"Dark, artificial",Wet,Fatal,Pedestrian Collisions,Driver,45 to 49,,South,Changing Lanes,Other,,,,,,,Yes,,Yes,,,,Yes,,,,,Ionview
650,Major Arterial,North York,Intersection,Traffic Signal,Clear,"Dawn, artificial",Dry,Non-Fatal Injury,Pedestrian Collisions,Driver,20 to 24,Minor,South,Going Ahead,Driving Properly,,,,,,,Yes,,Yes,,,,,,,,,Wexford/Maryvale
1840,Minor Arterial,Toronto and East York,Intersection,No Control,Clear,Daylight,Dry,Non-Fatal Injury,Cyclist Collisions,Driver,35 to 39,,West,Parked,Other,,,,,,,,Yes,Yes,,,,,,,,,Greenwood-Coxwell
1612,Major Arterial,Toronto and East York,Intersection,Traffic Signal,Clear,Daylight,Dry,Non-Fatal Injury,Cyclist Collisions,Vehicle Owner,unknown,,,,,,,,,,,,Yes,Yes,,,,,,,,,Trinity-Bellwoods
650,Major Arterial,North York,Intersection,Traffic Signal,Clear,"Dawn, artificial",Dry,Non-Fatal Injury,Pedestrian Collisions,Pedestrian,15 to 19,Major,South,,,Pedestrian hit on sidewalk or shoulder,On Sidewalk or Shoulder,Normal,,,,Yes,,Yes,,,,,,,,,Wexford/Maryvale
1840,Minor Arterial,Toronto and East York,Intersection,No Control,Clear,Daylight,Dry,Non-Fatal Injury,Cyclist Collisions,Cyclist,40 to 44,Major,West,Going Ahead,,,,,Cyclist struck opened vehicle door,Driving Properly,Normal,,Yes,Yes,,,,,,,,,Greenwood-Coxwell
1924,Major Arterial,Scarborough,Intersection,Traffic Signal,Clear,Daylight,Dry,Non-Fatal Injury,Pedestrian Collisions,Driver,80 to 84,,North,Turning Left,Failed to Yield Right of Way,,,,,,,Yes,,Yes,,,,,,Yes,,,Cliffcrest
1815,Minor Arterial,Toronto and East York,Intersection,Stop Sign,Clear,Dusk,Dry,Non-Fatal Injury,Cyclist Collisions,Vehicle Owner,unknown,,,,,,,,,,,,Yes,Yes,,,,,,,,,Greenwood-Coxwell
1319,Major Arterial,Toronto and East York,Intersection,Traffic Signal,Clear,Daylight,Dry,Fatal,Pedestrian Collisions,Driver,65 to 69,Major,West,Going Ahead,Driving Properly,,,,,,,Yes,,Yes,,,,Yes,,Yes,,,St Lawrence-East Bayfront-The Islands
1707,Minor Arterial,Scarborough,Mid-Block,No Control,Clear,Daylight,Wet,Non-Fatal Injury,Approaching,Driver,70 to 74,Minor,North,Going Ahead,Other,,,,,,,,,Yes,,,,Yes,,,,,Malvern West
2015,Major Arterial,Scarborough,Intersection,No Control,Rain,"Dark, artificial",Wet,Fatal,Pedestrian Collisions,Pedestrian,15 to 19,Fatal,Unknown,Unknown,,Pedestrian hit at mid-block,"Crossing, no Traffic Control",Unknown,,,,Yes,,Yes,,,,Yes,,,,,Ionview
1612,Major Arterial,Toronto and East York,Intersection,Traffic Signal,Clear,Daylight,Dry,Non-Fatal Injury,Cyclist Collisions,Cyclist,50 to 54,Major,East,Stopped,,,,,Cyclist and Driver travelling in same direction. One vehicle rear-ended the other.,Driving Properly,Normal,,Yes,Yes,,,,,,,,,Trinity-Bellwoods
306,Major Arterial,Etobicoke York,Intersection,No Control,Clear,"Dark, artificial",Dry,Non-Fatal Injury,Pedestrian Collisions,Driver,45 to 49,Minimal,West,Going Ahead,Driving Properly,,,,,,,Yes,,Yes,,,,,,,,,Weston
1507,Collector,North York,Intersection,Stop Sign,Clear,Daylight,Dry,Fatal,Pedestrian Collisions,Driver,85 to 89,,South,Going Ahead,Failed to Yield Right of Way,,,,,,,Yes,,Yes,,,,,,Yes,,,Lawrence Park North
1319,Major Arterial,Toronto and East York,Intersection,Traffic Signal,Clear,Daylight,Dry,Fatal,Pedestrian Collisions,Passenger,50 to 54,Minor,,,,,,,,,,Yes,,Yes,,,,Yes,,Yes,,,St Lawrence-East Bayfront-The Islands
1041,Minor Arterial,Scarborough,Mid-Block,No Control,Snow,Daylight,Wet,Fatal,Pedestrian Collisions,Driver,55 to 59,,East,Turning Left,Failed to Yield Right of Way,,,,,,,Yes,,Yes,,,,,,Yes,,,Clairlea-Birchmount
1924,Major Arterial,Scarborough,Intersection,Traffic Signal,Clear,Daylight,Dry,Non-Fatal Injury,Pedestrian Collisions,Pedestrian,45 to 49,Major,South,,,Vehicle turns left while ped crosses with ROW at inter.,Crossing with right of way,Normal,,,,Yes,,Yes,,,,,,Yes,,,Cliffcrest
2158,Major Arterial,Scarborough,Intersection,Traffic Signal,Clear,"Dark, artificial",Dry,Non-Fatal Injury,Pedestrian Collisions,Driver,20 to 24,,South,Turning Left,Failed to Yield Right of Way,,,,,,,Yes,,Yes,,,,,,Yes,,,West Rouge
1815,Minor Arterial,Toronto and East York,Intersection,Stop Sign,Clear,Dusk,Dry,Non-Fatal Injury,Cyclist Collisions,Driver,50 to 54,,North,Going Ahead,Driving Properly,,,,,,,,Yes,Yes,,,,,,,,,Greenwood-Coxwell
2158,Major Arterial,Scarborough,Intersection,Traffic Signal,Clear,"Dark, artificial",Dry,Non-Fatal Injury,Pedestrian Collisions,Pedestrian,50 to 54,Major,North,,,Vehicle turns left while ped crosses with ROW at inter.,Crossing with right of way,Normal,,,,Yes,,Yes,,,,,,Yes,,,West Rouge
1319,Major Arterial,Toronto and East York,Intersection,Traffic Signal,Clear,Daylight,Dry,Fatal,Pedestrian Collisions,Passenger,65 to 69,,,,,,,,,,,Yes,,Yes,,,,Yes,,Yes,,,St Lawrence-East Bayfront-The Islands
1319,Major Arterial,Toronto and East York,Intersection,Traffic Signal,Clear,Daylight,Dry,Fatal,Pedestrian Collisions,Driver,50 to 54,Minor,West,Changing Lanes,Improper Lane Change,,,,,,,Yes,,Yes,,,,Yes,,Yes,,,St Lawrence-East Bayfront-The Islands
1507,Collector,North York,Intersection,Stop Sign,Clear,Daylight,Dry,Fatal,Pedestrian Collisions,Pedestrian,85 to 89,Fatal,East,,,Vehicle is going straight thru inter.while ped cross with ROW,Crossing with right of way,Normal,,,,Yes,,Yes,,,,,,Yes,,,Lawrence Park North
1041,Minor Arterial,Scarborough,Mid-Block,No Control,Snow,Daylight,Wet,Fatal,Pedestrian Collisions,Pedestrian,65 to 69,Fatal,South,,,Pedestrian hit at private driveway,Crossing with right of way,Normal,,,,Yes,,Yes,,,,,,Yes,,,Clairlea-Birchmount
2201,Minor Arterial,North York,Intersection,No Control,Clear,"Dark, artificial",Dry,Fatal,Turning Movement,Vehicle Owner,unknown,,,,,,,,,,,,,Yes,Yes,,,,Yes,Yes,,,East Willowdale
616,Local,Toronto and East York,Mid-Block,No Control,Rain,Daylight,Wet,Fatal,SMV Other,Driver,40 to 44,Fatal,East,Going Ahead,Other,,,,,,,,,Yes,,,,,,,,,South Parkdale
1815,Minor Arterial,Toronto and East York,Intersection,Stop Sign,Clear,Dusk,Dry,Non-Fatal Injury,Cyclist Collisions,Cyclist,30 to 34,Major,West,Going Ahead,,,,,"Cyclist without ROW rides into path of motorist at inter, lnwy, dwy-Cyclist not turn.",Wrong Way on One Way Road,Normal,,Yes,Yes,,,,,,,,,Greenwood-Coxwell
306,Major Arterial,Etobicoke York,Intersection,No Control,Clear,"Dark, artificial",Dry,Non-Fatal Injury,Pedestrian Collisions,Pedestrian,20 to 24,Major,North,,,Pedestrian hit at mid-block,"Crossing, no Traffic Control",Had Been Drinking,,,,Yes,,Yes,,,,,,,,,Weston
1111,Major Arterial,Toronto and East York,Mid-Block,No Control,Clear,Daylight,Dry,Non-Fatal Injury,Pedestrian Collisions,Vehicle Owner,unknown,,,,,,,,,,,Yes,,Yes,,,,,,,,,Greenwood-Coxwell
2010,Major Arterial,Scarborough,Mid-Block,No Control,Clear,"Dark, artificial",Dry,Non-Fatal Injury,Pedestrian Collisions,Driver,55 to 59,,North,Going Ahead,Driving Properly,,,,,,,Yes,,Yes,,,,,,,,,Eglinton East
2050,Major Arterial,Etobicoke York,Mid-Block,No Control,Clear,"Dark, artificial",Dry,Non-Fatal Injury,Pedestrian Collisions,Vehicle Owner,unknown,,,,,,,,,,,Yes,,Yes,,,,,,Yes,,,Maple Leaf
1810,Minor Arterial,Etobicoke York,Intersection,No Control,Clear,"Dark, artificial",Wet,Non-Fatal Injury,Pedestrian Collisions,Driver,45 to 49,,South,Going Ahead,Driving Properly,,,,,,,Yes,,Yes,,,,,,,,,Etobicoke City Centre
1516,Major Arterial,Scarborough,Intersection,Traffic Signal,Clear,Daylight,Dry,Non-Fatal Injury,Pedestrian Collisions,Driver,30 to 34,,North,Going Ahead,Driving Properly,,,,,,,Yes,,Yes,,,,,,,,,Tam O'Shanter-Sullivan
2201,Minor Arterial,North York,Intersection,No Control,Clear,"Dark, artificial",Dry,Fatal,Turning Movement,Driver,65 to 69,,South,Turning Left,Driving Properly,,,,,,,,,Yes,Yes,,,,Yes,Yes,,,East Willowdale
10,Major Arterial,Etobicoke York,Mid-Block,No Control,Clear,"Dark, artificial",Dry,Non-Fatal Injury,Pedestrian Collisions,Driver,70 to 74,,East,Going Ahead,Driving Properly,,,,,,,Yes,,Yes,,,,,,,,,Glenfield-Jane Heights
1111,Major Arterial,Toronto and East York,Mid-Block,No Control,Clear,Daylight,Dry,Non-Fatal Injury,Pedestrian Collisions,Driver,60 to 64,,North,Turning Left,Improper Turn,,,,,,,Yes,,Yes,,,,,,,,,Greenwood-Coxwell
1319,Major Arterial,Toronto and East York,Intersection,Traffic Signal,Clear,Daylight,Dry,Fatal,Pedestrian Collisions,Pedestrian,5 to 9,Minor,North,,,Pedestrian hit on sidewalk or shoulder,On Sidewalk or Shoulder,Unknown,,,,Yes,,Yes,,,,Yes,,Yes,,,St Lawrence-East Bayfront-The Islands
2010,Major Arterial,Scarborough,Mid-Block,No Control,Clear,"Dark, artificial",Dry,Non-Fatal Injury,Pedestrian Collisions,Pedestrian,45 to 49,Major,East,,,Pedestrian hit at mid-block,"Crossing, no Traffic Control",Had Been Drinking,,,,Yes,,Yes,,,,,,,,,Eglinton East
2050,Major Arterial,Etobicoke York,Mid-Block,No Control,Clear,"Dark, artificial",Dry,Non-Fatal Injury,Pedestrian Collisions,Driver,55 to 59,,East,Disabled,Driving Properly,,,,,,,Yes,,Yes,,,,,,Yes,,,Maple Leaf
1810,Minor Arterial,Etobicoke York,Intersection,No Control,Clear,"Dark, artificial",Wet,Non-Fatal Injury,Pedestrian Collisions,Pedestrian,55 to 59,Major,West,,,Vehicle is going straight thru inter.while ped cross without ROW,"Crossing, no Traffic Control",Unknown,,,,Yes,,Yes,,,,,,,,,Etobicoke City Centre
1516,Major Arterial,Scarborough,Intersection,Traffic Signal,Clear,Daylight,Dry,Non-Fatal Injury,Pedestrian Collisions,Pedestrian,55 to 59,Major,East,,,Vehicle is going straight thru inter.while ped cross without ROW,Crossing without right of way,Normal,,,,Yes,,Yes,,,,,,,,,Tam O'Shanter-Sullivan
2201,Minor Arterial,North York,Intersection,No Control,Clear,"Dark, artificial",Dry,Fatal,Turning Movement,Vehicle Owner,unknown,,,,,,,,,,,,,Yes,Yes,,,,Yes,Yes,,,East Willowdale
2050,Major Arterial,Etobicoke York,Mid-Block,No Control,Clear,"Dark, artificial",Dry,Non-Fatal Injury,Pedestrian Collisions,Driver,30 to 34,,East,Changing Lanes,Driving Properly,,,,,,,Yes,,Yes,,,,,,Yes,,,Maple Leaf
10,Major Arterial,Etobicoke York,Mid-Block,No Control,Clear,"Dark, artificial",Dry,Non-Fatal Injury,Pedestrian Collisions,Pedestrian,30 to 34,Major,North,,,Pedestrian hit at mid-block,"Crossing, no Traffic Control",Unknown,,,,Yes,,Yes,,,,,,,,,Glenfield-Jane Heights
2050,Major Arterial,Etobicoke York,Mid-Block,No Control,Clear,"Dark, artificial",Dry,Non-Fatal Injury,Pedestrian Collisions,Driver,50 to 54,,East,Going Ahead,Other,,,,,,,Yes,,Yes,,,,,,Yes,,,Maple Leaf
1319,Major Arterial,Toronto and East York,Intersection,Traffic Signal,Clear,Daylight,Dry,Fatal,Pedestrian Collisions,Pedestrian,15 to 19,Minor,North,,,Pedestrian hit on sidewalk or shoulder,On Sidewalk or Shoulder,Unknown,,,,Yes,,Yes,,,,Yes,,Yes,,,St Lawrence-East Bayfront-The Islands
2053,Major Arterial,Toronto and East York,Intersection,No Control,Clear,"Dark, artificial",Dry,Non-Fatal Injury,SMV Other,Passenger,30 to 34,Minor,,,,,,,,,,,,Yes,,,,Yes,,,,,Wychwood
1111,Major Arterial,Toronto and East York,Mid-Block,No Control,Clear,Daylight,Dry,Non-Fatal Injury,Pedestrian Collisions,Pedestrian,70 to 74,Major,South,,,Pedestrian hit at mid-block,"Crossing, no Traffic Control",Unknown,,,,Yes,,Yes,,,,,,,,,Greenwood-Coxwell
50,Major Arterial,Toronto and East York,Intersection,No Control,Clear,Dark,Dry,Non-Fatal Injury,Pedestrian Collisions,Driver,25 to 29,,West,Going Ahead,Driving Properly,,,,,,,Yes,,Yes,,,,,,,,,Trinity-Bellwoods
1525,Major Arterial,Etobicoke York,Mid-Block,No Control,Clear,Daylight,Dry,Non-Fatal Injury,Pedestrian Collisions,Driver,35 to 39,,North,Going Ahead,Driving Properly,,,,,,,Yes,,Yes,,,,,,,,,Kingsview Village-The Westway
2201,Minor Arterial,North York,Intersection,No Control,Clear,"Dark, artificial",Dry,Fatal,Turning Movement,Motorcycle Driver,20 to 24,Fatal,North,Going Ahead,Exceeding Speed Limit,,,,,,,,,Yes,Yes,,,,Yes,Yes,,,East Willowdale
50,Major Arterial,Toronto and East York,Intersection,No Control,Clear,Dark,Dry,Non-Fatal Injury,Pedestrian Collisions,Pedestrian,35 to 39,Major,South,,,Pedestrian hit at mid-block,"Crossing, no Traffic Control",Had Been Drinking,,,,Yes,,Yes,,,,,,,,,Trinity-Bellwoods
1340,Major Arterial,Toronto and East York,Intersection,No Control,Clear,Daylight,Dry,Non-Fatal Injury,Pedestrian Collisions,Driver,45 to 49,Minimal,East,Going Ahead,Driving Properly,,,,,,,Yes,,Yes,,,,,,,,,South Parkdale
2050,Major Arterial,Etobicoke York,Mid-Block,No Control,Clear,"Dark, artificial",Dry,Non-Fatal Injury,Pedestrian Collisions,Pedestrian,20 to 24,Major,Unknown,,,Other / Undefined,Pushing/Working on Vehicle,Normal,,,,Yes,,Yes,,,,,,Yes,,,Maple Leaf
2053,Major Arterial,Toronto and East York,Intersection,No Control,Clear,"Dark, artificial",Dry,Non-Fatal Injury,SMV Other,Vehicle Owner,unknown,,,,,,,,,,,,,Yes,,,,Yes,,,,,Wychwood
1604,Local,Etobicoke York,Intersection,No Control,Clear,Daylight,Dry,Fatal,Pedestrian Collisions,Driver,70 to 74,,West,Reversing,Other,,,,,,,Yes,,Yes,,,,,,,,,Rockcliffe-Smythe
400,Major Arterial,Toronto and East York,Intersection,Stop Sign,Clear,"Dark, artificial",Dry,Non-Fatal Injury,Cyclist Collisions,Passenger,20 to 24,Minimal,,,,,,,,,,,Yes,Yes,,,,Yes,,,,,Dufferin Grove
1525,Major Arterial,Etobicoke York,Mid-Block,No Control,Clear,Daylight,Dry,Non-Fatal Injury,Pedestrian Collisions,In-Line Skater,50 to 54,Major,South,,,Pedestrian hit at mid-block,Other,Normal,,,,Yes,,Yes,,,,,,,,,Kingsview Village-The Westway
1319,Major Arterial,Toronto and East York,Intersection,Traffic Signal,Clear,Daylight,Dry,Fatal,Pedestrian Collisions,Pedestrian,40 to 44,Minor,North,,,Pedestrian hit on sidewalk or shoulder,On Sidewalk or Shoulder,Unknown,,,,Yes,,Yes,,,,Yes,,Yes,,,St Lawrence-East Bayfront-The Islands
1510,Major Arterial,Scarborough,Mid-Block,No Control,Rain,Daylight,Wet,Non-Fatal Injury,Rear End,Passenger,50 to 54,Major,,,,,,,,,,,,Yes,,,,Yes,Yes,Yes,,,Woburn North
1340,Major Arterial,Toronto and East York,Intersection,No Control,Clear,Daylight,Dry,Non-Fatal Injury,Pedestrian Collisions,Pedestrian,15 to 19,Major,South,,,Vehicle is going straight thru inter.while ped cross without ROW,"Crossing, no Traffic Control",Inattentive,,,,Yes,,Yes,,,,,,,,,South Parkdale
2050,Major Arterial,Etobicoke York,Mid-Block,No Control,Clear,"Dark, artificial",Dry,Non-Fatal Injury,Pedestrian Collisions,Pedestrian,20 to 24,Major,Unknown,,,Other / Undefined,Pushing/Working on Vehicle,Normal,,,,Yes,,Yes,,,,,,Yes,,,Maple Leaf
2053,Major Arterial,Toronto and East York,Intersection,No Control,Clear,"Dark, artificial",Dry,Non-Fatal Injury,SMV Other,Driver,30 to 34,Major,East,Unknown,Lost control,,,,,,,,,Yes,,,,Yes,,,,,Wychwood
1923,Major Arterial,Etobicoke York,Intersection,Traffic Signal,Clear,Daylight,Dry,Non-Fatal Injury,Pedestrian Collisions,Driver,50 to 54,,South,Going Ahead,Driving Properly,,,,,,,Yes,,Yes,,,Yes,Yes,,,,,Keelesdale-Eglinton West
1319,Major Arterial,Toronto and East York,Intersection,Traffic Signal,Clear,Daylight,Dry,Fatal,Pedestrian Collisions,Pedestrian,55 to 59,Major,North,,,Pedestrian hit on sidewalk or shoulder,On Sidewalk or Shoulder,Unknown,,,,Yes,,Yes,,,,Yes,,Yes,,,St Lawrence-East Bayfront-The Islands
400,Major Arterial,Toronto and East York,Intersection,Stop Sign,Clear,"Dark, artificial",Dry,Non-Fatal Injury,Cyclist Collisions,Driver,30 to 34,,West,Going Ahead,Driving Properly,,,,,,,,Yes,Yes,,,,Yes,,,,,Dufferin Grove
1825,Major Arterial,Scarborough,Mid-Block,No Control,Clear,"Dark, artificial",Slush,Non-Fatal Injury,Pedestrian Collisions,Vehicle Owner,unknown,,,,,,,,,,,Yes,,Yes,,,,,,,,,West Hill
1604,Local,Etobicoke York,Intersection,No Control,Clear,Daylight,Dry,Fatal,Pedestrian Collisions,Pedestrian,65 to 69,Fatal,Unknown,,,Vehicle is reversing and hits pedestrian,Other,Normal,,,,Yes,,Yes,,,,,,,,,Rockcliffe-Smythe
1510,Major Arterial,Scarborough,Mid-Block,No Control,Rain,Daylight,Wet,Non-Fatal Injury,Rear End,Passenger,50 to 54,Minor,,,,,,,,,,,,Yes,,,,Yes,Yes,Yes,,,Woburn North
1453,Minor Arterial,Scarborough,Intersection,No Control,Clear,Daylight,Dry,Non-Fatal Injury,Turning Movement,Motorcycle Driver,45 to 49,Major,North,Going Ahead,Driving Properly,,,,,,,,,Yes,Yes,,,,,Yes,,,Clairlea-Birchmount
1850,Minor Arterial,Toronto and East York,Mid-Block,No Control,Clear,"Dark, artificial",Dry,Non-Fatal Injury,Pedestrian Collisions,Driver,70 to 74,,North,Going Ahead,Driving Properly,,,,,,,Yes,,Yes,,,,,,,,,Forest Hill South
1453,Minor Arterial,Scarborough,Intersection,No Control,Clear,Daylight,Dry,Non-Fatal Injury,Turning Movement,Driver,35 to 39,,South,Going Ahead,Driving Properly,,,,,,,,,Yes,Yes,,,,,Yes,,,Clairlea-Birchmount
1923,Major Arterial,Etobicoke York,Intersection,Traffic Signal,Clear,Daylight,Dry,Non-Fatal Injury,Pedestrian Collisions,Passenger,0 to 4,Minor,,,,,,,,,,Yes,,Yes,,,Yes,Yes,,,,,Keelesdale-Eglinton West
1825,Major Arterial,Scarborough,Mid-Block,No Control,Clear,"Dark, artificial",Slush,Non-Fatal Injury,Pedestrian Collisions,Driver,55 to 59,,West,Going Ahead,Driving Properly,,,,,,,Yes,,Yes,,,,,,,,,West Hill
1943,Major Arterial,Etobicoke York,Intersection,Traffic Signal,Clear,Dusk,Dry,Non-Fatal Injury,Cyclist Collisions,Driver,55 to 59,,North,Turning Left,Failed to Yield Right of Way,,,,,,,,Yes,Yes,,,,,,Yes,,,Humber Summit
1319,Major Arterial,Toronto and East York,Intersection,Traffic Signal,Clear,Daylight,Dry,Fatal,Pedestrian Collisions,Pedestrian,70 to 74,Fatal,North,,,Pedestrian hit on sidewalk or shoulder,On Sidewalk or Shoulder,Unknown,,,,Yes,,Yes,,,,Yes,,Yes,,,St Lawrence-East Bayfront-The Islands
400,Major Arterial,Toronto and East York,Intersection,Stop Sign,Clear,"Dark, artificial",Dry,Non-Fatal Injury,Cyclist Collisions,Cyclist,20 to 24,Major,North,Turning Right,,,,,Cyclist turns right across motorists path,Improper Turn,Other,,Yes,Yes,,,,Yes,,,,,Dufferin Grove
1510,Major Arterial,Scarborough,Mid-Block,No Control,Rain,Daylight,Wet,Non-Fatal Injury,Rear End,Vehicle Owner,unknown,,,,,,,,,,,,,Yes,,,,Yes,Yes,Yes,,,Woburn North
1850,Minor Arterial,Toronto and East York,Mid-Block,No Control,Clear,"Dark, artificial",Dry,Non-Fatal Injury,Pedestrian Collisions,Pedestrian,65 to 69,Major,West,,,Pedestrian hit at mid-block,"Crossing, no Traffic Control",Inattentive,,,,Yes,,Yes,,,,,,,,,Forest Hill South
1453,Minor Arterial,Scarborough,Intersection,No Control,Clear,Daylight,Dry,Non-Fatal Injury,Turning Movement,Driver,unknown,,South,Turning Left,Failed to Yield Right of Way,,,,,,,,,Yes,Yes,,,,,Yes,,,Clairlea-Birchmount
1825,Major Arterial,Scarborough,Mid-Block,No Control,Clear,"Dark, artificial",Slush,Non-Fatal Injury,Pedestrian Collisions,Pedestrian,70 to 74,Major,South,,,Pedestrian hit at mid-block,"Crossing, no Traffic Control",Medical or Physical Disability,,,,Yes,,Yes,,,,,,,,,West Hill
1943,Major Arterial,Etobicoke York,Intersection,Traffic Signal,Clear,Dusk,Dry,Non-Fatal Injury,Cyclist Collisions,Cyclist,50 to 54,Major,South,Going Ahead,,,,,Motorist turned left across cyclists path.,Other,Normal,,Yes,Yes,,,,,,Yes,,,Humber Summit
1510,Major Arterial,Scarborough,Mid-Block,No Control,Rain,Daylight,Wet,Non-Fatal Injury,Rear End,Driver,45 to 49,,East,Going Ahead,Speed too Fast For Condition,,,,,,,,,Yes,,,,Yes,Yes,Yes,,,Woburn North
2207,,North York,Mid-Block,No Control,Clear,"Dark, artificial",Dry,Non-Fatal Injury,SMV Other,Driver,40 to 44,,South,Going Ahead,Driving Properly,,,,,,,,,Yes,,,,,,,,,Flemingdon Park
1756,Major Arterial,Toronto and East York,Mid-Block,No Control,Clear,Daylight,Dry,Non-Fatal Injury,Pedestrian Collisions,Driver,65 to 69,,West,Going Ahead,Driving Properly,,,,,,,Yes,,Yes,,,,,,,,,Woodbine Corridor
1923,Major Arterial,Etobicoke York,Intersection,Traffic Signal,Clear,Daylight,Dry,Non-Fatal Injury,Pedestrian Collisions,Passenger,5 to 9,Minor,,,,,,,,,,Yes,,Yes,,,Yes,Yes,,,,,Keelesdale-Eglinton West
2023,Major Arterial,Scarborough,Intersection,Traffic Signal,Rain,"Dark, artificial",Wet,Non-Fatal Injury,Pedestrian Collisions,Driver,65 to 69,,East,Turning Left,Failed to Yield Right of Way,,,,,,,Yes,,Yes,,,,,,Yes,,,Dorset Park