TIME,ROAD_CLASS,DISTRICT,LOCCOORD,TRAFFCTL,VISIBILITY,LIGHT,RDSFCOND,ACCLASS,IMPACTYPE,INVTYPE,INVAGE,INJURY,INITDIR,MANOEUVER,DRIVACT,PEDTYPE,PEDACT,PEDCOND,CYCLISTYPE,CYCACT,CYCCOND,PEDESTRIAN,CYCLIST,AUTOMOBILE,MOTORCYCLE,TRUCK,TRSN_CITY_VEH,PASSENGER,SPEEDING,AG_DRIV,REDLIGHT,ALCOHOL,NEIGHBOURHOOD_158
2105,Major Arterial,Scarborough,Intersection,No Control,Clear,"Dark, artificial",Dry,Non-Fatal Injury,Pedestrian Collisions,Driver,40 to 44,,North,Turning Left,Failed to Yield Right of Way,,,,,,,Yes,,Yes,,,,,,Yes,,,Milliken
2105,Major Arterial,Scarborough,Intersection,No Control,Clear,"Dark, artificial",Dry,Non-Fatal Injury,Pedestrian Collisions,Pedestrian,40 to 44,Major,South,,,Vehicle turns left while ped crosses with ROW at inter.,Crossing with right of way,Unknown,,,,Yes,,Yes,,,,,,Yes,,,Milliken
2120,Major Arterial,Toronto and East York,Intersection,Stop Sign,Clear,"Dark, artificial",Dry,Non-Fatal Injury,Cyclist Collisions,Driver,25 to 29,,East,Turning Right,Improper Turn,,,,,,,,Yes,Yes,,,,,,,,,Little Portugal
2120,Major Arterial,Toronto and East York,Intersection,Stop Sign,Clear,"Dark, artificial",Dry,Non-Fatal Injury,Cyclist Collisions,Cyclist,40 to 44,Major,North,Going Ahead,,,,,"Motorist turns right at non-signal Inter.(stop, yield, no cont.,and dwy) and strikes cyclist.",Driving Properly,Normal,,Yes,Yes,,,,,,,,,Little Portugal
1639,Major Arterial,North York,Intersection,Traffic Signal,Clear,Daylight,Dry,Fatal,Pedestrian Collisions,Pedestrian,75 to 79,Major,East,,,Vehicle turns left while ped crosses with ROW at inter.,Crossing with right of way,Unknown,,,,Yes,,Yes,,,,,,Yes,,,Clairlea-Birchmount
1639,Major Arterial,North York,Intersection,Traffic Signal,Clear,Daylight,Dry,Fatal,Pedestrian Collisions,Driver,55 to 59,,West,Turning Left,Failed to Yield Right of Way,,,,,,,Yes,,Yes,,,,,,Yes,,,Clairlea-Birchmount
1639,Major Arterial,North York,Intersection,Traffic Signal,Clear,Daylight,Dry,Fatal,Pedestrian Collisions,Pedestrian,75 to 79,Fatal,East,,,Vehicle turns left while ped crosses with ROW at inter.,Crossing with right of way,Normal,,,,Yes,,Yes,,,,,,Yes,,,Clairlea-Birchmount
122,Major Arterial,Toronto and East York,Intersection,Traffic Signal,Clear,Dark,Dry,Non-Fatal Injury,Cyclist Collisions,Cyclist,25 to 29,Major,East,Going Ahead,,,,,Motorist turned left across cyclists path.,Driving Properly,Normal,,Yes,Yes,,,,,,Yes,,,Cabbagetown-South St.James Town
122,Major Arterial,Toronto and East York,Intersection,Traffic Signal,Clear,Dark,Dry,Non-Fatal Injury,Cyclist Collisions,Driver,40 to 44,,West,Turning Left,Failed to Yield Right of Way,,,,,,,,Yes,Yes,,,,,,Yes,,,Cabbagetown-South St.James Town
1805,Minor Arterial,Etobicoke York,Intersection,No Control,Clear,Daylight,Dry,Non-Fatal Injury,Cyclist Collisions,Driver,30 to 34,,South,Turning Right,Failed to Yield Right of Way,,,,,,,,Yes,Yes,,,,,,Yes,,,Edenbridge-Humber Valley
1805,Minor Arterial,Etobicoke York,Intersection,No Control,Clear,Daylight,Dry,Non-Fatal Injury,Cyclist Collisions,Cyclist,30 to 34,Major,South,Going Ahead,,,,,"Motorist turns right at non-signal Inter.(stop, yield, no cont.,and dwy) and strikes cyclist.",Driving Properly,Normal,,Yes,Yes,,,,,,Yes,,,Edenbridge-Humber Valley
1720,Minor Arterial,Etobicoke York,Intersection,Traffic Signal,Clear,Daylight,Dry,Non-Fatal Injury,Cyclist Collisions,Driver,30 to 34,,West,Turning Right,Improper Turn,,,,,,,,Yes,Yes,,,,,,,,,Keelesdale-Eglinton West
1720,Minor Arterial,Etobicoke York,Intersection,Traffic Signal,Clear,Daylight,Dry,Non-Fatal Injury,Cyclist Collisions,Cyclist,30 to 34,Major,West,Turning Right,,,,,Motorist turning right on green or amber at signalized intersection strikes cyclist.,Driving Properly,Normal,,Yes,Yes,,,,,,,,,Keelesdale-Eglinton West
1205,Major Arterial,North York,Intersection,Traffic Signal,Clear,Daylight,Dry,Non-Fatal Injury,Other,Driver,50 to 54,,East,Slowing or Stopping,Other,,,,,,,,,,,,Yes,Yes,,,,,Lansing-Westgate
1205,Major Arterial,North York,Intersection,Traffic Signal,Clear,Daylight,Dry,Non-Fatal Injury,Other,Passenger,60 to 64,Major,,,,,,,,,,,,,,,Yes,Yes,,,,,Lansing-Westgate
1719,Major Arterial,North York,Intersection,No Control,Clear,Daylight,Dry,Non-Fatal Injury,Rear End,Driver,20 to 24,,South,Going Ahead,Following too Close,,,,,,,,,Yes,,,,,,Yes,,,Newtonbrook East
1719,Major Arterial,North York,Intersection,No Control,Clear,Daylight,Dry,Non-Fatal Injury,Rear End,Driver,35 to 39,Major,South,Slowing or Stopping,Driving Properly,,,,,,,,,Yes,,,,,,Yes,,,Newtonbrook East
1719,Major Arterial,North York,Intersection,No Control,Clear,Daylight,Dry,Non-Fatal Injury,Rear End,Driver,45 to 49,Minimal,South,Going Ahead,Driving Properly,,,,,,,,,Yes,,,,,,Yes,,,Newtonbrook East
610,Major Arterial,Toronto and East York,Intersection,Traffic Signal,Clear,Dawn,Dry,Non-Fatal Injury,Turning Movement,Driver,50 to 54,,East,Turning Left,Improper Turn,,,,,,,,,Yes,Yes,,,,,,,,The Beaches
610,Major Arterial,Toronto and East York,Intersection,Traffic Signal,Clear,Dawn,Dry,Non-Fatal Injury,Turning Movement,Motorcycle Driver,60 to 64,Major,West,Going Ahead,Driving Properly,,,,,,,,,Yes,Yes,,,,,,,,The Beaches
1200,Minor Arterial,Toronto and East York,Intersection,No Control,Clear,Daylight,Dry,Non-Fatal Injury,Cyclist Collisions,Driver,unknown,,North,Going Ahead,Failed to Yield Right of Way,,,,,,,,Yes,Yes,,,,,,Yes,,,Cabbagetown-South St.James Town
1200,Minor Arterial,Toronto and East York,Intersection,No Control,Clear,Daylight,Dry,Non-Fatal Injury,Cyclist Collisions,Cyclist,50 to 54,Major,West,Going Ahead,,,,,"Motorist without ROW drives into path of cyclist at inter, lnwy, dwy-Driver not turn.",Driving Properly,Normal,,Yes,Yes,,,,,,Yes,,,Cabbagetown-South St.James Town
1322,Major Arterial,North York,Intersection,Traffic Signal,Clear,Daylight,Dry,Non-Fatal Injury,Turning Movement,Driver,70 to 74,,South,Turning Left,Failed to Yield Right of Way,,,,,,,,,Yes,,,,,,Yes,,,Bayview Woods-Steeles
1322,Major Arterial,North York,Intersection,Traffic Signal,Clear,Daylight,Dry,Non-Fatal Injury,Turning Movement,Driver,20 to 24,Major,North,Going Ahead,Driving Properly,,,,,,,,,Yes,,,,,,Yes,,,Bayview Woods-Steeles
108,Major Arterial,Toronto and East York,Mid-Block,No Control,Clear,"Dark, artificial",Dry,Non-Fatal Injury,Pedestrian Collisions,Driver,20 to 24,,South,Going Ahead,Driving Properly,,,,,,,Yes,,Yes,,,,Yes,,,,,Casa Loma
108,Major Arterial,Toronto and East York,Mid-Block,No Control,Clear,"Dark, artificial",Dry,Non-Fatal Injury,Pedestrian Collisions,Passenger,60 to 64,,,,,,,,,,,Yes,,Yes,,,,Yes,,,,,Casa Loma
108,Major Arterial,Toronto and East York,Mid-Block,No Control,Clear,"Dark, artificial",Dry,Non-Fatal Injury,Pedestrian Collisions,Passenger,60 to 64,,,,,,,,,,,Yes,,Yes,,,,Yes,,,,,Casa Loma
108,Major Arterial,Toronto and East York,Mid-Block,No Control,Clear,"Dark, artificial",Dry,Non-Fatal Injury,Pedestrian Collisions,Pedestrian,15 to 19,Major,West,,,Pedestrian hit at mid-block,Running onto Roadway,Unknown,,,,Yes,,Yes,,,,Yes,,,,,Casa Loma
115,Major Arterial,Toronto and East York,Mid-Block,No Control,Clear,"Dark, artificial",Dry,Non-Fatal Injury,Cyclist Collisions,Cyclist,25 to 29,Major,East,Going Ahead,,,,,Insufficient information (to determine cyclist crash type).,Other,Had Been Drinking,,Yes,,,,Yes,,,,,,Little Portugal
115,Major Arterial,Toronto and East York,Mid-Block,No Control,Clear,"Dark, artificial",Dry,Non-Fatal Injury,Cyclist Collisions,Driver,35 to 39,,West,Going Ahead,Driving Properly,,,,,,,,Yes,,,,Yes,,,,,,Little Portugal
459,Major Arterial,Etobicoke York,Mid-Block,No Control,Clear,"Dark, artificial",Dry,Fatal,Pedestrian Collisions,Driver,unknown,,West,Going Ahead,Other,,,,,,,Yes,,Yes,,,,,,,,,Junction Area
459,Major Arterial,Etobicoke York,Mid-Block,No Control,Clear,"Dark, artificial",Dry,Fatal,Pedestrian Collisions,Pedestrian,30 to 34,Fatal,East,,,Pedestrian hit at mid-block,Walking on Roadway Against Traffic,Other,,,,Yes,,Yes,,,,,,,,,Junction Area
2240,Minor Arterial,Etobicoke York,Mid-Block,No Control,Clear,"Dark, artificial",Dry,Non-Fatal Injury,Pedestrian Collisions,Driver,25 to 29,,North,Turning Right,Improper Turn,,,,,,,Yes,,Yes,Yes,,,,,,,,Junction Area
2240,Minor Arterial,Etobicoke York,Mid-Block,No Control,Clear,"Dark, artificial",Dry,Non-Fatal Injury,Pedestrian Collisions,Motorcycle Driver,20 to 24,Major,North,Going Ahead,Driving Properly,,,,,,,Yes,,Yes,Yes,,,,,,,,Junction Area
2240,Minor Arterial,Etobicoke York,Mid-Block,No Control,Clear,"Dark, artificial",Dry,Non-Fatal Injury,Pedestrian Collisions,Pedestrian,25 to 29,Minimal,Unknown,,,Pedestrian hit on sidewalk or shoulder,On Sidewalk or Shoulder,Normal,,,,Yes,,Yes,Yes,,,,,,,,Junction Area
2240,Minor Arterial,Etobicoke York,Mid-Block,No Control,Clear,"Dark, artificial",Dry,Non-Fatal Injury,Pedestrian Collisions,Pedestrian,25 to 29,Major,Unknown,,,Pedestrian hit on sidewalk or shoulder,On Sidewalk or Shoulder,Normal,,,,Yes,,Yes,Yes,,,,,,,,Junction Area
855,Major Arterial,Toronto and East York,Intersection,Traffic Signal,Clear,Daylight,Dry,Non-Fatal Injury,Pedestrian Collisions,Driver,55 to 59,,East,Turning Left,Failed to Yield Right of Way,,,,,,,Yes,,Yes,,,,,,Yes,,,South Riverdale
855,Major Arterial,Toronto and East York,Intersection,Traffic Signal,Clear,Daylight,Dry,Non-Fatal Injury,Pedestrian Collisions,Pedestrian,65 to 69,Major,Unknown,,,Vehicle turns left while ped crosses with ROW at inter.,Crossing with right of way,Normal,,,,Yes,,Yes,,,,,,Yes,,,South Riverdale
147,Major Arterial,Scarborough,Mid-Block,No Control,Clear,"Dark, artificial",Dry,Fatal,Pedestrian Collisions,Driver,30 to 34,,East,Going Ahead,Driving Properly,,,,,,,Yes,,,,,Yes,,,,,,Scarborough Village
147,Major Arterial,Scarborough,Mid-Block,No Control,Clear,"Dark, artificial",Dry,Fatal,Pedestrian Collisions,Pedestrian,30 to 34,Fatal,,,,,,,,,,Yes,,,,,Yes,,,,,,Scarborough Village
1736,Major Arterial,Etobicoke York,Intersection,No Control,Clear,Daylight,Dry,Non-Fatal Injury,Pedestrian Collisions,Driver,45 to 49,,South,Going Ahead,Driving Properly,,,,,,,Yes,,Yes,,,,,,,,,Rockcliffe-Smythe
1736,Major Arterial,Etobicoke York,Intersection,No Control,Clear,Daylight,Dry,Non-Fatal Injury,Pedestrian Collisions,Pedestrian,50 to 54,Major,East,,,Pedestrian hit at mid-block,Running onto Roadway,"Ability Impaired, Drugs",,,,Yes,,Yes,,,,,,,,,Rockcliffe-Smythe
1729,Major Arterial,Scarborough,Mid-Block,No Control,Clear,Daylight,Dry,Non-Fatal Injury,Turning Movement,Driver,45 to 49,,North,Turning Left,Improper Turn,,,,,,,,,Yes,,,,,,,,,Tam O'Shanter-Sullivan
1729,Major Arterial,Scarborough,Mid-Block,No Control,Clear,Daylight,Dry,Non-Fatal Injury,Turning Movement,Driver,40 to 44,Major,East,Going Ahead,Driving Properly,,,,,,,,,Yes,,,,,,,,,Tam O'Shanter-Sullivan
1610,Local,Toronto and East York,Mid-Block,No Control,Clear,Daylight,Dry,Non-Fatal Injury,Cyclist Collisions,Driver,40 to 44,,West,Slowing or Stopping,Driving Properly,,,,,,,,Yes,Yes,,,,,,,,,Weston-Pelham Park
1610,Local,Toronto and East York,Mid-Block,No Control,Clear,Daylight,Dry,Non-Fatal Injury,Cyclist Collisions,Cyclist,50 to 54,Major,South,Going Ahead,,,,,"Cyclist without ROW rides into path of motorist at inter, lnwy, dwy-Cyclist not turn.",Failed to Yield Right of Way,Had Been Drinking,,Yes,Yes,,,,,,,,,Weston-Pelham Park
1744,Major Arterial,Etobicoke York,Intersection,Stop Sign,Clear,Daylight,Dry,Non-Fatal Injury,Turning Movement,Driver,20 to 24,Minor,West,Going Ahead,Exceeding Speed Limit,,,,,,,,,Yes,,,,Yes,Yes,Yes,,,Islington
1744,Major Arterial,Etobicoke York,Intersection,Stop Sign,Clear,Daylight,Dry,Non-Fatal Injury,Turning Movement,Driver,45 to 49,Major,South,Turning Left,Failed to Yield Right of Way,,,,,,,,,Yes,,,,Yes,Yes,Yes,,,Islington
1744,Major Arterial,Etobicoke York,Intersection,Stop Sign,Clear,Daylight,Dry,Non-Fatal Injury,Turning Movement,Passenger,45 to 49,Major,,,,,,,,,,,,Yes,,,,Yes,Yes,Yes,,,Islington
1744,Major Arterial,Etobicoke York,Intersection,Stop Sign,Clear,Daylight,Dry,Non-Fatal Injury,Turning Movement,Passenger,10 to 14,Minor,,,,,,,,,,,,Yes,,,,Yes,Yes,Yes,,,Islington
227,,Etobicoke York,Mid-Block,No Control,Clear,"Dark, artificial",Dry,Non-Fatal Injury,Approaching,Driver,25 to 29,Major,West,Going Ahead,Wrong Way on One Way Road,,,,,,,,,Yes,,,,Yes,,,,Yes,Alderwood
702,Major Arterial,Scarborough,Intersection,No Control,Rain,"Dawn, artificial",Wet,Non-Fatal Injury,Cyclist Collisions,Driver,unknown,,East,Turning Left,Failed to Yield Right of Way,,,,,,,,Yes,Yes,,,,,,Yes,,,Bendale South
227,,Etobicoke York,Mid-Block,No Control,Clear,"Dark, artificial",Dry,Non-Fatal Injury,Approaching,Driver,30 to 34,,East,Going Ahead,Driving Properly,,,,,,,,,Yes,,,,Yes,,,,Yes,Alderwood
1650,Major Arterial,Toronto and East York,Mid-Block,No Control,Clear,"Dusk, artificial",Dry,Non-Fatal Injury,Pedestrian Collisions,Driver,40 to 44,,North,Slowing or Stopping,Driving Properly,,,,,,,Yes,,Yes,,,,,,,,,St Lawrence-East Bayfront-The Islands
1646,Major Arterial,North York,Intersection,No Control,Clear,Daylight,Dry,Fatal,Turning Movement,Driver,80 to 84,Fatal,East,Going Ahead,Driving Properly,,,,,,,,,Yes,,,,Yes,,Yes,,,Banbury-Don Mills
1702,Major Arterial,Scarborough,Intersection,Traffic Signal,Snow,"Dark, artificial",Ice,Non-Fatal Injury,SMV Other,Driver,50 to 54,Minor,East,Going Ahead,Speed too Fast For Condition,,,,,,,,,Yes,,,,Yes,Yes,Yes,,,Birchcliffe-Cliffside
1030,Major Arterial,Etobicoke York,Intersection,Traffic Signal,Clear,Daylight,Dry,Non-Fatal Injury,Turning Movement,Driver,40 to 44,Major,North,Turning Left,Improper Turn,,,,,,,,,Yes,,,,Yes,,,,,Mount Dennis
2020,Major Arterial,North York,Intersection,Traffic Signal,Clear,"Dark, artificial",Dry,Non-Fatal Injury,Turning Movement,Driver,60 to 64,Major,East,Turning Left,Driving Properly,,,,,,,,,Yes,,,,Yes,,Yes,Yes,Yes,Bayview Village
227,,Etobicoke York,Mid-Block,No Control,Clear,"Dark, artificial",Dry,Non-Fatal Injury,Approaching,Passenger,25 to 29,Minor,,,,,,,,,,,,Yes,,,,Yes,,,,Yes,Alderwood
1030,Major Arterial,Etobicoke York,Intersection,Traffic Signal,Clear,Daylight,Dry,Non-Fatal Injury,Turning Movement,Passenger,20 to 24,Major,,,,,,,,,,,,Yes,,,,Yes,,,,,Mount Dennis
1432,Major Arterial,Toronto and East York,Intersection,No Control,Clear,Daylight,Dry,Non-Fatal Injury,Pedestrian Collisions,Driver,50 to 54,,East,Turning Left,Driving Properly,,,,,,,Yes,,,,,Yes,,,,,,South Eglinton-Davisville
1400,Major Arterial,North York,Mid-Block,No Control,Clear,Daylight,Dry,Non-Fatal Injury,SMV Other,Motorcycle Driver,35 to 39,Major,East,Going Ahead,Lost control,,,,,,,,,,Yes,,,,,,,,Thorncliffe Park
1650,Major Arterial,Toronto and East York,Mid-Block,No Control,Clear,"Dusk, artificial",Dry,Non-Fatal Injury,Pedestrian Collisions,Pedestrian,65 to 69,Major,West,,,Pedestrian hit at mid-block,"Crossing, no Traffic Control",Inattentive,,,,Yes,,Yes,,,,,,,,,St Lawrence-East Bayfront-The Islands
1748,Minor Arterial,Scarborough,Mid-Block,No Control,Clear,Daylight,Dry,Non-Fatal Injury,SMV Other,Driver,20 to 24,Major,South,Going Ahead,Lost control,,,,,,,,,Yes,,,,Yes,,,,,Malvern East
2020,Major Arterial,North York,Intersection,Traffic Signal,Clear,"Dark, artificial",Dry,Non-Fatal Injury,Turning Movement,Passenger,60 to 64,Minor,,,,,,,,,,,,Yes,,,,Yes,,Yes,Yes,Yes,Bayview Village
1702,Major Arterial,Scarborough,Intersection,Traffic Signal,Snow,"Dark, artificial",Ice,Non-Fatal Injury,SMV Other,Passenger,60 to 64,Major,,,,,,,,,,,,Yes,,,,Yes,Yes,Yes,,,Birchcliffe-Cliffside
702,Major Arterial,Scarborough,Intersection,No Control,Rain,"Dawn, artificial",Wet,Non-Fatal Injury,Cyclist Collisions,Cyclist,30 to 34,Major,South,Going Ahead,,,,,Motorist turned left across cyclists path.,Driving Properly,Normal,,Yes,Yes,,,,,,Yes,,,Bendale South
2030,Minor Arterial,Toronto and East York,Intersection,Stop Sign,Clear,"Dark, artificial",Dry,Non-Fatal Injury,Turning Movement,Motorcycle Driver,35 to 39,Major,South,Going Ahead,Exceeding Speed Limit,,,,,,,,,Yes,Yes,,,,Yes,Yes,,,Greenwood-Coxwell
1432,Major Arterial,Toronto and East York,Intersection,No Control,Clear,Daylight,Dry,Non-Fatal Injury,Pedestrian Collisions,Pedestrian,70 to 74,Major,West,,,Pedestrian involved in a collision with transit vehicle anywhere along roadway,"Crossing, no Traffic Control",Inattentive,,,,Yes,,,,,Yes,,,,,,South Eglinton-Davisville
1914,Minor Arterial,Scarborough,Mid-Block,No Control,Rain,Daylight,Wet,Non-Fatal Injury,Cyclist Collisions,Driver,60 to 64,,East,Going Ahead,Following too Close,,,,,,,,Yes,Yes,,,,,,Yes,,,Morningside Heights
1748,Minor Arterial,Scarborough,Mid-Block,No Control,Clear,Daylight,Dry,Non-Fatal Injury,SMV Other,Passenger,15 to 19,Major,,,,,,,,,,,,Yes,,,,Yes,,,,,Malvern East
31,Minor Arterial,Toronto and East York,Intersection,Traffic Signal,Rain,"Dark, artificial",Wet,Non-Fatal Injury,Cyclist Collisions,Cyclist,20 to 24,Major,South,Going Ahead,,,,,"Cyclist without ROW rides into path of motorist at inter, lnwy, dwy-Cyclist not turn.",Disobeyed Traffic Control,Unknown,,Yes,Yes,,,,,,,,,University
2145,Major Arterial,North York,Intersection,Traffic Signal,Clear,"Dark, artificial",Wet,Fatal,Pedestrian Collisions,Driver,15 to 19,,West,Going Ahead,Driving Properly,,,,,,,Yes,,Yes,,,,,,,,,Oakwood Village
1220,Minor Arterial,Toronto and East York,Intersection,Traffic Controller,Clear,Daylight,Dry,Non-Fatal Injury,Cyclist Collisions,Driver,70 to 74,,East,Going Ahead,Driving Properly,,,,,,,,Yes,Yes,,,,,,,,,Palmerston-Little Italy
2011,Major Arterial,Scarborough,Intersection,Traffic Signal,Clear,Dark,Dry,Non-Fatal Injury,Turning Movement,Motorcycle Driver,45 to 49,Major,South,Going Ahead,Driving Properly,,,,,,,,,Yes,Yes,,,,,Yes,,,West Rouge
1845,Local,Etobicoke York,Mid-Block,No Control,Clear,"Dark, artificial",Dry,Non-Fatal Injury,SMV Other,Driver,60 to 64,Major,East,Other,Exceeding Speed Limit,,,,,,,,,Yes,,,,,Yes,Yes,,Yes,Stonegate-Queensway
1914,Minor Arterial,Scarborough,Mid-Block,No Control,Rain,Daylight,Wet,Non-Fatal Injury,Cyclist Collisions,Cyclist,60 to 64,Major,East,Going Ahead,,,,,Cyclist and Driver travelling in same direction. One vehicle rear-ended the other.,Driving Properly,Inattentive,,Yes,Yes,,,,,,Yes,,,Morningside Heights
2011,Major Arterial,Scarborough,Intersection,Traffic Signal,Clear,Dark,Dry,Non-Fatal Injury,Turning Movement,Driver,15 to 19,,North,Turning Left,Failed to Yield Right of Way,,,,,,,,,Yes,Yes,,,,,Yes,,,West Rouge
2049,Major Arterial,North York,Mid-Block,No Control,Clear,"Dark, artificial",Dry,Non-Fatal Injury,Pedestrian Collisions,Pedestrian,55 to 59,Major,Unknown,,,Pedestrian hit at mid-block,Other,Unknown,,,,Yes,,,,,,,,,,,Lawrence Park South
31,Minor Arterial,Toronto and East York,Intersection,Traffic Signal,Rain,"Dark, artificial",Wet,Non-Fatal Injury,Cyclist Collisions,Driver,20 to 24,,East,Going Ahead,Driving Properly,,,,,,,,Yes,Yes,,,,,,,,,University
1220,Minor Arterial,Toronto and East York,Intersection,Traffic Controller,Clear,Daylight,Dry,Non-Fatal Injury,Cyclist Collisions,Cyclist,60 to 64,Major,East,Changing Lanes,,,,,Cyclist and Driver travelling in same direction. One vehicle sideswipes the other.,Improper Lane Change,Inattentive,,Yes,Yes,,,,,,,,,Palmerston-Little Italy
2145,Major Arterial,North York,Intersection,Traffic Signal,Clear,"Dark, artificial",Wet,Fatal,Pedestrian Collisions,Pedestrian,35 to 39,Fatal,South,,,Vehicle is going straight thru inter.while ped cross without ROW,Crossing without right of way,Unknown,,,,Yes,,Yes,,,,,,,,,Oakwood Village
2030,Minor Arterial,Toronto and East York,Intersection,Stop Sign,Clear,"Dark, artificial",Dry,Non-Fatal Injury,Turning Movement,Driver,25 to 29,,East,Turning Left,Driving Properly,,,,,,,,,Yes,Yes,,,,Yes,Yes,,,Greenwood-Coxwell
1748,Minor Arterial,Scarborough,Mid-Block,No Control,Clear,Daylight,Dry,Non-Fatal Injury,SMV Other,Passenger,15 to 19,Major,,,,,,,,,,,,Yes,,,,Yes,,,,,Malvern East
2025,Major Arterial,North York,Intersection,Traffic Signal,Rain,"Dark, artificial",Wet,Non-Fatal Injury,Pedestrian Collisions,Vehicle Owner,unknown,,,,,,,,,,,Yes,,Yes,,,,,,Yes,,,Downsview
1208,Major Arterial,North York,Intersection,Traffic Signal,Clear,Daylight,Wet,Non-Fatal Injury,Turning Movement,Driver,75 to 79,Major,South,Turning Left,Improper Turn,,,,,,,,,Yes,,,,,,,,,Bathurst Manor
1,,Etobicoke York,Mid-Block,No Control,Clear,"Dark, artificial",Dry,Non-Fatal Injury,SMV Other,Driver,25 to 29,Major,South,Going Ahead,Lost control,,,,,,,,,Yes,,,,,,,,Yes,Eringate-Centennial-West Deane
1000,Major Arterial,Scarborough,Mid-Block,No Control,Clear,Daylight,Dry,Non-Fatal Injury,Rear End,Truck Driver,35 to 39,Minor,West,Going Ahead,Following too Close,,,,,,,,,Yes,,Yes,,Yes,,Yes,,,Scarborough Village
2152,Minor Arterial,Etobicoke York,Intersection,Traffic Signal,Clear,Dark,Dry,Non-Fatal Injury,Cyclist Collisions,Driver,unknown,,West,Turning Right,Failed to Yield Right of Way,,,,,,,,Yes,Yes,,,,,,Yes,,,Etobicoke West Mall
2030,Minor Arterial,Toronto and East York,Intersection,Stop Sign,Clear,"Dark, artificial",Dry,Non-Fatal Injury,Turning Movement,Driver,20 to 24,,Unknown,Parked,Driving Properly,,,,,,,,,Yes,Yes,,,,Yes,Yes,,,Greenwood-Coxwell
1748,Minor Arterial,Scarborough,Mid-Block,No Control,Clear,Daylight,Dry,Non-Fatal Injury,SMV Other,Passenger,20 to 24,Major,,,,,,,,,,,,Yes,,,,Yes,,,,,Malvern East
2025,Major Arterial,North York,Intersection,Traffic Signal,Rain,"Dark, artificial",Wet,Non-Fatal Injury,Pedestrian Collisions,Driver,50 to 54,Major,South,Turning Left,Failed to Yield Right of Way,,,,,,,Yes,,Yes,,,,,,Yes,,,Downsview
1748,Minor Arterial,Scarborough,Mid-Block,No Control,Clear,Daylight,Dry,Non-Fatal Injury,SMV Other,Passenger,15 to 19,Major,,,,,,,,,,,,Yes,,,,Yes,,,,,Malvern East
934,Major Arterial,Toronto and East York,Intersection,Traffic Signal,Clear,Daylight,Dry,Non-Fatal Injury,Sideswipe,Driver,50 to 54,Minimal,West,Stopped,Driving Properly,,,,,,,,,Yes,,,,Yes,,,,,High Park-Swansea
319,Collector,Scarborough,Mid-Block,No Control,Clear,"Dark, artificial",Dry,Non-Fatal Injury,SMV Other,Driver,30 to 34,Minor,East,Going Ahead,Lost control,,,,,,,,,Yes,,,,Yes,Yes,Yes,,,Woburn North
1208,Major Arterial,North York,Intersection,Traffic Signal,Clear,Daylight,Wet,Non-Fatal Injury,Turning Movement,Driver,35 to 39,Minimal,North,Going Ahead,Driving Properly,,,,,,,,,Yes,,,,,,,,,Bathurst Manor
319,Collector,Scarborough,Mid-Block,No Control,Clear,"Dark, artificial",Dry,Non-Fatal Injury,SMV Other,Passenger,40 to 44,Major,,,,,,,,,,,,Yes,,,,Yes,Yes,Yes,,,Woburn North
130,Local,North York,Intersection,Stop Sign,Clear,"Dark, artificial",Dry,Non-Fatal Injury,SMV Unattended Vehicle,Driver,25 to 29,Major,West,Turning Left,Lost control,,,,,,,,,Yes,,,,,Yes,Yes,,,Downsview
1000,Major Arterial,Scarborough,Mid-Block,No Control,Clear,Daylight,Dry,Non-Fatal Injury,Rear End,Driver,50 to 54,Major,West,Stopped,Driving Properly,,,,,,,,,Yes,,Yes,,Yes,,Yes,,,Scarborough Village
2152,Minor Arterial,Etobicoke York,Intersection,Traffic Signal,Clear,Dark,Dry,Non-Fatal Injury,Cyclist Collisions,Cyclist,25 to 29,Major,North,Going Ahead,,,,,Motorist turning right on red at signalized intersection strikes cyclist.,Driving Properly,Normal,,Yes,Yes,,,,,,Yes,,,Etobicoke West Mall
2025,Major Arterial,North York,Intersection,Traffic Signal,Rain,"Dark, artificial",Wet,Non-Fatal Injury,Pedestrian Collisions,Pedestrian,20 to 24,Major,North,,,Pedestrian involved in a collision with transit vehicle anywhere along roadway,Crossing with right of way,Normal,,,,Yes,,Yes,,,,,,Yes,,,Downsview
934,Major Arterial,Toronto and East York,Intersection,Traffic Signal,Clear,Daylight,Dry,Non-Fatal Injury,Sideswipe,Driver,35 to 39,,West,Stopped,Driving Properly,,,,,,,,,Yes,,,,Yes,,,,,High Park-Swansea
2125,Minor Arterial,North York,Intersection,No Control,Clear,"Dusk, artificial",Dry,Non-Fatal Injury,Pedestrian Collisions,Driver,60 to 64,,North,Turning Left,Driving Properly,,,,,,,Yes,,Yes,,,,,,,,,East Willowdale