TIME,ROAD_CLASS,DISTRICT,LOCCOORD,TRAFFCTL,VISIBILITY,LIGHT,RDSFCOND,ACCLASS,IMPACTYPE,INVTYPE,INVAGE,INJURY,INITDIR,MANOEUVER,DRIVACT,PEDTYPE,PEDACT,PEDCOND,CYCLISTYPE,CYCACT,CYCCOND,PEDESTRIAN,CYCLIST,AUTOMOBILE,MOTORCYCLE,TRUCK,TRSN_CITY_VEH,PASSENGER,SPEEDING,AG_DRIV,REDLIGHT,ALCOHOL,NEIGHBOURHOOD_158
1320,Major Arterial,Scarborough,Intersection,Traffic Signal,Clear,Daylight,Wet,Non-Fatal Injury,Rear End,Driver,60 to 64,Major,South,Turning Left,Driving Properly,,,,,,,,,Yes,,,,,,,,,Tam O'Shanter-Sullivan
1000,Major Arterial,Scarborough,Mid-Block,No Control,Clear,Daylight,Dry,Non-Fatal Injury,Rear End,Driver,45 to 49,Minor,West,Stopped,Driving Properly,,,,,,,,,Yes,,Yes,,Yes,,Yes,,,Scarborough Village
1954,Major Arterial,Scarborough,Intersection,No Control,Clear,Daylight,Dry,Non-Fatal Injury,Angle,Driver,35 to 39,,East,Reversing,Other,,,,,,,,,Yes,Yes,,,,Yes,Yes,,,Bendale South
934,Major Arterial,Toronto and East York,Intersection,Traffic Signal,Clear,Daylight,Dry,Non-Fatal Injury,Sideswipe,Driver,75 to 79,Major,West,Going Ahead,Lost control,,,,,,,,,Yes,,,,Yes,,,,,High Park-Swansea
1954,Major Arterial,Scarborough,Intersection,No Control,Clear,Daylight,Dry,Non-Fatal Injury,Angle,Motorcycle Driver,20 to 24,Major,South,Going Ahead,Other,,,,,,,,,Yes,Yes,,,,Yes,Yes,,,Bendale South
1000,Major Arterial,Scarborough,Mid-Block,No Control,Clear,Daylight,Dry,Non-Fatal Injury,Rear End,Driver,55 to 59,Minor,West,Stopped,Driving Properly,,,,,,,,,Yes,,Yes,,Yes,,Yes,,,Scarborough Village
1018,Major Arterial,Scarborough,Mid-Block,No Control,Clear,Daylight,Dry,Fatal,Approaching,Driver,40 to 44,,West,Changing Lanes,Speed too Fast For Condition,,,,,,,,,Yes,,,,Yes,Yes,Yes,,,Eglinton East
2125,Minor Arterial,North York,Intersection,No Control,Clear,"Dusk, artificial",Dry,Non-Fatal Injury,Pedestrian Collisions,Other,unknown,,,,,,,,,,,Yes,,Yes,,,,,,,,,East Willowdale
800,Collector,Etobicoke York,Intersection,Stop Sign,Clear,Daylight,Dry,Fatal,Pedestrian Collisions,Vehicle Owner,unknown,,,,,,,,,,,Yes,,,,Yes,,,,Yes,,,York University Heights
1320,Major Arterial,Scarborough,Intersection,Traffic Signal,Clear,Daylight,Wet,Non-Fatal Injury,Rear End,Driver,70 to 74,Major,South,Turning Left,Driving Properly,,,,,,,,,Yes,,,,,,,,,Tam O'Shanter-Sullivan
811,Major Arterial,Toronto and East York,Intersection,Traffic Signal,Clear,Daylight,Dry,Non-Fatal Injury,Cyclist Collisions,Driver,50 to 54,Major,South,Turning Left,Driving Properly,,,,,,,,Yes,Yes,,,,,,,,,Kensington-Chinatown
1320,Major Arterial,Scarborough,Intersection,Traffic Signal,Clear,Daylight,Wet,Non-Fatal Injury,Rear End,Driver,70 to 74,Major,South,Going Ahead,Lost control,,,,,,,,,Yes,,,,,,,,,Tam O'Shanter-Sullivan
1018,Major Arterial,Scarborough,Mid-Block,No Control,Clear,Daylight,Dry,Fatal,Approaching,Driver,45 to 49,Minor,East,Going Ahead,Driving Properly,,,,,,,,,Yes,,,,Yes,Yes,Yes,,,Eglinton East
1000,Major Arterial,Scarborough,Mid-Block,No Control,Clear,Daylight,Dry,Non-Fatal Injury,Rear End,Driver,35 to 39,Minor,West,Stopped,Driving Properly,,,,,,,,,Yes,,Yes,,Yes,,Yes,,,Scarborough Village
1018,Major Arterial,Scarborough,Mid-Block,No Control,Clear,Daylight,Dry,Fatal,Approaching,Passenger,30 to 34,,,,,,,,,,,,,Yes,,,,Yes,Yes,Yes,,,Eglinton East
934,Major Arterial,Toronto and East York,Intersection,Traffic Signal,Clear,Daylight,Dry,Non-Fatal Injury,Sideswipe,Passenger,75 to 79,Minimal,,,,,,,,,,,,Yes,,,,Yes,,,,,High Park-Swansea
2322,Major Arterial,North York,Mid-Block,No Control,Clear,"Dark, artificial",Dry,Non-Fatal Injury,Cyclist Collisions,Cyclist,50 to 54,Major,North,Going Ahead,,,,,Cyclist and Driver travelling in same direction. One vehicle rear-ended the other.,Driving Properly,Normal,,Yes,,,,,,,Yes,,,St.Andrew-Windfields
800,Collector,Etobicoke York,Intersection,Stop Sign,Clear,Daylight,Dry,Fatal,Pedestrian Collisions,Truck Driver,40 to 44,,North,Turning Left,Failed to Yield Right of Way,,,,,,,Yes,,,,Yes,,,,Yes,,,York University Heights
2125,Minor Arterial,North York,Intersection,No Control,Clear,"Dusk, artificial",Dry,Non-Fatal Injury,Pedestrian Collisions,Pedestrian,50 to 54,Major,North,,,Vehicle turns left while ped crosses with ROW at inter.,"Crossing, no Traffic Control",Normal,,,,Yes,,Yes,,,,,,,,,East Willowdale
811,Major Arterial,Toronto and East York,Intersection,Traffic Signal,Clear,Daylight,Dry,Non-Fatal Injury,Cyclist Collisions,Cyclist,45 to 49,Minor,South,Going Ahead,,,,,"Cyclist without ROW rides into path of motorist at inter, lnwy, dwy-Cyclist not turn.",Other,Normal,,Yes,Yes,,,,,,,,,Kensington-Chinatown
1528,Minor Arterial,Etobicoke York,Mid-Block,No Control,Clear,Daylight,Dry,Non-Fatal Injury,Turning Movement,Driver,40 to 44,,West,Making U Turn,Improper Turn,,,,,,,,,Yes,,,,Yes,,Yes,,,Keelesdale-Eglinton West
1704,Major Arterial,Scarborough,Intersection,Traffic Signal,Clear,Daylight,Dry,Non-Fatal Injury,Turning Movement,Driver,25 to 29,,West,Turning Left,Improper Turn,,,,,,,,,Yes,Yes,,,,,,,,Trinity-Bellwoods
2322,Major Arterial,North York,Mid-Block,No Control,Clear,"Dark, artificial",Dry,Non-Fatal Injury,Cyclist Collisions,Driver,unknown,,North,Going Ahead,Following too Close,,,,,,,,Yes,,,,,,,Yes,,,St.Andrew-Windfields
2125,Minor Arterial,North York,Intersection,No Control,Clear,"Dusk, artificial",Dry,Non-Fatal Injury,Pedestrian Collisions,Pedestrian,25 to 29,Major,North,,,Vehicle turns left while ped crosses without ROW at inter.,"Crossing, no Traffic Control",Normal,,,,Yes,,Yes,,,,,,,,,East Willowdale
934,Major Arterial,Toronto and East York,Intersection,Traffic Signal,Clear,Daylight,Dry,Non-Fatal Injury,Sideswipe,Passenger,30 to 34,,,,,,,,,,,,,Yes,,,,Yes,,,,,High Park-Swansea
1000,Major Arterial,Scarborough,Mid-Block,No Control,Clear,Daylight,Dry,Non-Fatal Injury,Rear End,Driver,50 to 54,Minor,West,Stopped,Driving Properly,,,,,,,,,Yes,,Yes,,Yes,,Yes,,,Scarborough Village
800,Collector,Etobicoke York,Intersection,Stop Sign,Clear,Daylight,Dry,Fatal,Pedestrian Collisions,Pedestrian,10 to 14,Fatal,West,,,Vehicle turns left while ped crosses with ROW at inter.,Crossing with right of way,Normal,,,,Yes,,,,Yes,,,,Yes,,,York University Heights
1018,Major Arterial,Scarborough,Mid-Block,No Control,Clear,Daylight,Dry,Fatal,Approaching,Passenger,30 to 34,Fatal,,,,,,,,,,,,Yes,,,,Yes,Yes,Yes,,,Eglinton East
1528,Minor Arterial,Etobicoke York,Mid-Block,No Control,Clear,Daylight,Dry,Non-Fatal Injury,Turning Movement,Driver,25 to 29,Minimal,West,Going Ahead,Driving Properly,,,,,,,,,Yes,,,,Yes,,Yes,,,Keelesdale-Eglinton West
1018,Major Arterial,Scarborough,Mid-Block,No Control,Clear,Daylight,Dry,Fatal,Approaching,Passenger,35 to 39,Minor,,,,,,,,,,,,Yes,,,,Yes,Yes,Yes,,,Eglinton East
1704,Major Arterial,Scarborough,Intersection,Traffic Signal,Clear,Daylight,Dry,Non-Fatal Injury,Turning Movement,Motorcycle Driver,40 to 44,Major,East,Going Ahead,Driving Properly,,,,,,,,,Yes,Yes,,,,,,,,Trinity-Bellwoods
1030,Major Arterial,Etobicoke York,Mid-Block,No Control,Clear,Daylight,Dry,Non-Fatal Injury,Cyclist Collisions,Driver,unknown,,West,Going Ahead,Improper Passing,,,,,,,,Yes,Yes,,,,,,Yes,,,West Humber-Clairville
1704,Major Arterial,Toronto and East York,Intersection,No Control,Clear,Daylight,Dry,Non-Fatal Injury,Turning Movement,Driver,25 to 29,,West,Turning Left,Improper Turn,,,,,,,,,Yes,Yes,,,,,,,,Trinity-Bellwoods
1000,Major Arterial,Scarborough,Mid-Block,No Control,Clear,Daylight,Dry,Non-Fatal Injury,Rear End,Driver,60 to 64,,West,Stopped,Driving Properly,,,,,,,,,Yes,,Yes,,Yes,,Yes,,,Scarborough Village
650,Minor Arterial,Toronto and East York,Intersection,Traffic Signal,Clear,Daylight,Dry,Non-Fatal Injury,SMV Other,Driver,65 to 69,Major,North,Turning Right,Lost control,,,,,,,,,Yes,,,,,Yes,Yes,,,Woodbine Corridor
755,Major Arterial,Etobicoke York,Mid-Block,No Control,Clear,Daylight,Dry,Non-Fatal Injury,Cyclist Collisions,Driver,50 to 54,,East,Changing Lanes,Improper Lane Change,,,,,,,,Yes,Yes,,,,,,,,,Black Creek
1528,Minor Arterial,Etobicoke York,Mid-Block,No Control,Clear,Daylight,Dry,Non-Fatal Injury,Turning Movement,Passenger,20 to 24,Major,,,,,,,,,,,,Yes,,,,Yes,,Yes,,,Keelesdale-Eglinton West
1345,Major Arterial,Etobicoke York,Intersection,Traffic Signal,Clear,Daylight,Dry,Non-Fatal Injury,Turning Movement,Driver,50 to 54,Major,East,Going Ahead,Driving Properly,,,,,,,,,,Yes,,Yes,,,Yes,,,Stonegate-Queensway
1018,Major Arterial,Scarborough,Mid-Block,No Control,Clear,Daylight,Dry,Fatal,Approaching,Passenger,35 to 39,Minor,,,,,,,,,,,,Yes,,,,Yes,Yes,Yes,,,Eglinton East
1704,Major Arterial,Toronto and East York,Intersection,No Control,Clear,Daylight,Dry,Non-Fatal Injury,Turning Movement,Motorcycle Driver,40 to 44,Major,East,Going Ahead,Driving Properly,,,,,,,,,Yes,Yes,,,,,,,,Trinity-Bellwoods
1819,,Toronto and East York,Mid-Block,No Control,Clear,Daylight,Dry,Non-Fatal Injury,SMV Other,Motorcycle Driver,35 to 39,Major,South,Going Ahead,Lost control,,,,,,,,,,Yes,,,,,Yes,,,Broadview North
755,Major Arterial,Etobicoke York,Mid-Block,No Control,Clear,Daylight,Dry,Non-Fatal Injury,Cyclist Collisions,Cyclist,45 to 49,Major,East,Going Ahead,,,,,Cyclist and Driver travelling in same direction. One vehicle sideswipes the other.,Driving Properly,Normal,,Yes,Yes,,,,,,,,,Black Creek
1000,Major Arterial,Scarborough,Mid-Block,No Control,Clear,Daylight,Dry,Non-Fatal Injury,Rear End,Driver,45 to 49,,West,Stopped,Driving Properly,,,,,,,,,Yes,,Yes,,Yes,,Yes,,,Scarborough Village
1800,Major Arterial,Scarborough,Intersection,Traffic Signal,Clear,"Dusk, artificial",Dry,Non-Fatal Injury,Rear End,Driver,30 to 34,Major,East,Stopped,Driving Properly,,,,,,,,,Yes,,,,,,,,,L'Amoreaux West
1345,Major Arterial,Etobicoke York,Intersection,Traffic Signal,Clear,Daylight,Dry,Non-Fatal Injury,Turning Movement,Vehicle Owner,unknown,,,,,,,,,,,,,,Yes,,Yes,,,Yes,,,Stonegate-Queensway
1521,Major Arterial,North York,Intersection,Traffic Signal,Clear,"Dark, artificial",Dry,Fatal,Pedestrian Collisions,Driver,30 to 34,,South,Turning Right,Improper Passing,,,,,,,Yes,,Yes,,,,,,Yes,,,Newtonbrook West
1030,Major Arterial,Etobicoke York,Mid-Block,No Control,Clear,Daylight,Dry,Non-Fatal Injury,Cyclist Collisions,Cyclist,55 to 59,Major,West,Going Ahead,,,,,Cyclist and Driver travelling in same direction. One vehicle sideswipes the other.,Driving Properly,Normal,,Yes,Yes,,,,,,Yes,,,West Humber-Clairville
1032,Major Arterial,Toronto and East York,Mid-Block,No Control,Clear,Daylight,Dry,Non-Fatal Injury,Turning Movement,Vehicle Owner,unknown,,,,,,,,,,,,,Yes,,,,,,,,,East End-Danforth
725,Major Arterial,Scarborough,Intersection,Traffic Signal,Clear,Daylight,Dry,Non-Fatal Injury,Pedestrian Collisions,Driver,70 to 74,,North,Going Ahead,Driving Properly,,,,,,,Yes,,Yes,,,,,,,,,Wexford/Maryvale
1729,Minor Arterial,Scarborough,Intersection,Traffic Signal,Clear,Daylight,Dry,Non-Fatal Injury,Turning Movement,Driver,35 to 39,Minimal,South,Turning Left,Failed to Yield Right of Way,,,,,,,,,Yes,,,,,,Yes,,,NSA
1000,Major Arterial,Scarborough,Mid-Block,No Control,Clear,Daylight,Dry,Non-Fatal Injury,Rear End,Truck Driver,40 to 44,,West,Stopped,Driving Properly,,,,,,,,,Yes,,Yes,,Yes,,Yes,,,Scarborough Village
1345,Major Arterial,Etobicoke York,Intersection,Traffic Signal,Clear,Daylight,Dry,Non-Fatal Injury,Turning Movement,Motorcycle Driver,45 to 49,,West,Turning Left,Failed to Yield Right of Way,,,,,,,,,,Yes,,Yes,,,Yes,,,Stonegate-Queensway
1521,Major Arterial,North York,Intersection,Traffic Signal,Clear,"Dark, artificial",Dry,Fatal,Pedestrian Collisions,Pedestrian,40 to 44,Fatal,South,,,Vehicle turns right while ped crosses with ROW at inter.,Crossing with right of way,Normal,,,,Yes,,Yes,,,,,,Yes,,,Newtonbrook West
1032,Major Arterial,Toronto and East York,Mid-Block,No Control,Clear,Daylight,Dry,Non-Fatal Injury,Turning Movement,Other,unknown,,,Parked,,,,,,,,,,Yes,,,,,,,,,East End-Danforth
1805,Minor Arterial,Scarborough,Intersection,Pedestrian Crossover,Clear,Daylight,Dry,Fatal,Pedestrian Collisions,Pedestrian,85 to 89,Fatal,South,,,Pedestrian hit a PXO/ped. Mid-block signal,"Crossing, Pedestrian Crossover",Unknown,,,,Yes,,,,Yes,,,,Yes,,,Agincourt South-Malvern West
1000,Major Arterial,Scarborough,Mid-Block,No Control,Clear,Daylight,Dry,Non-Fatal Injury,Rear End,Passenger,20 to 24,Minor,,,,,,,,,,,,Yes,,Yes,,Yes,,Yes,,,Scarborough Village
1800,Major Arterial,Scarborough,Intersection,Traffic Signal,Clear,"Dusk, artificial",Dry,Non-Fatal Injury,Rear End,Driver,50 to 54,Major,East,Stopped,Driving Properly,,,,,,,,,Yes,,,,,,,,,L'Amoreaux West
725,Major Arterial,Scarborough,Intersection,Traffic Signal,Clear,Daylight,Dry,Non-Fatal Injury,Pedestrian Collisions,Pedestrian,60 to 64,Major,East,,,Vehicle is going straight thru inter.while ped cross without ROW,Crossing without right of way,Inattentive,,,,Yes,,Yes,,,,,,,,,Wexford/Maryvale
1729,Minor Arterial,Scarborough,Intersection,Traffic Signal,Clear,Daylight,Dry,Non-Fatal Injury,Turning Movement,Driver,40 to 44,Major,North,Going Ahead,Driving Properly,,,,,,,,,Yes,,,,,,Yes,,,NSA
1120,Major Arterial,Toronto and East York,Intersection,Traffic Signal,Clear,Daylight,Dry,Non-Fatal Injury,Pedestrian Collisions,Driver,30 to 34,,South,Turning Left,Failed to Yield Right of Way,,,,,,,Yes,,Yes,,,,,,Yes,,,Downtown Yonge East
1440,Minor Arterial,North York,Intersection,Pedestrian Crossover,Clear,Daylight,Dry,Non-Fatal Injury,SMV Other,Driver,20 to 24,Major,East,Going Ahead,Lost control,,,,,,,,,Yes,,,,,Yes,Yes,,,Newtonbrook East
1032,Major Arterial,Toronto and East York,Mid-Block,No Control,Clear,Daylight,Dry,Non-Fatal Injury,Turning Movement,Driver,40 to 44,Major,North,Turning Left,Driving Properly,,,,,,,,,Yes,,,,,,,,,East End-Danforth
1805,Minor Arterial,Scarborough,Intersection,Pedestrian Crossover,Clear,Daylight,Dry,Fatal,Pedestrian Collisions,Truck Driver,60 to 64,,West,Going Ahead,Failed to Yield Right of Way,,,,,,,Yes,,,,Yes,,,,Yes,,,Agincourt South-Malvern West
1000,Major Arterial,Scarborough,Mid-Block,No Control,Clear,Daylight,Dry,Non-Fatal Injury,Rear End,Passenger,25 to 29,Minor,,,,,,,,,,,,Yes,,Yes,,Yes,,Yes,,,Scarborough Village
1800,Major Arterial,Scarborough,Intersection,Traffic Signal,Clear,"Dusk, artificial",Dry,Non-Fatal Injury,Rear End,Driver,35 to 39,Major,East,Slowing or Stopping,Driving Properly,,,,,,,,,Yes,,,,,,,,,L'Amoreaux West
1024,Minor Arterial,Scarborough,Intersection,Traffic Signal,Clear,Daylight,Dry,Fatal,Angle,Driver,80 to 84,Minor,South,Going Ahead,Driving Properly,,,,,,,,,Yes,,,,Yes,,Yes,Yes,,Steeles
1120,Major Arterial,Toronto and East York,Intersection,Traffic Signal,Clear,Daylight,Dry,Non-Fatal Injury,Pedestrian Collisions,Pedestrian,30 to 34,Major,North,,,Vehicle turns left while ped crosses with ROW at inter.,Crossing with right of way,Normal,,,,Yes,,Yes,,,,,,Yes,,,Downtown Yonge East
718,Major Arterial,North York,Intersection,Traffic Signal,Clear,Daylight,Dry,Non-Fatal Injury,Turning Movement,Driver,50 to 54,Major,North,Turning Left,Driving Properly,,,,,,,,,Yes,,,,,,Yes,Yes,,Westminster-Branson
1032,Major Arterial,Toronto and East York,Mid-Block,No Control,Clear,Daylight,Dry,Non-Fatal Injury,Turning Movement,Driver,60 to 64,,East,Going Ahead,Other,,,,,,,,,Yes,,,,,,,,,East End-Danforth
205,Major Arterial,Toronto and East York,Intersection,No Control,Clear,"Dark, artificial",Dry,Fatal,SMV Other,Motorcycle Driver,35 to 39,Fatal,East,Going Ahead,Speed too Fast For Condition,,,,,,,,,,Yes,,,,Yes,Yes,,,Cabbagetown-South St.James Town
2125,Minor Arterial,Scarborough,Mid-Block,No Control,Clear,"Dark, artificial",Dry,Non-Fatal Injury,Pedestrian Collisions,Driver,50 to 54,,South,Going Ahead,Driving Properly,,,,,,,Yes,,Yes,,,,,,,,,Morningside
1024,Minor Arterial,Scarborough,Intersection,Traffic Signal,Clear,Daylight,Dry,Fatal,Angle,Driver,30 to 34,,West,Going Ahead,Disobeyed Traffic Control,,,,,,,,,Yes,,,,Yes,,Yes,Yes,,Steeles
1800,Major Arterial,Scarborough,Intersection,Traffic Signal,Clear,"Dusk, artificial",Dry,Non-Fatal Injury,Rear End,Driver,30 to 34,Major,East,Going Ahead,Lost control,,,,,,,,,Yes,,,,,,,,,L'Amoreaux West
1222,Major Arterial,North York,Intersection,Traffic Signal,Clear,Daylight,Dry,Non-Fatal Injury,Pedestrian Collisions,Truck Driver,45 to 49,,South,Turning Left,Failed to Yield Right of Way,,,,,,,Yes,,,,Yes,,,,Yes,,,York University Heights
718,Major Arterial,North York,Intersection,Traffic Signal,Clear,Daylight,Dry,Non-Fatal Injury,Turning Movement,Driver,40 to 44,Minimal,East,Going Ahead,Disobeyed Traffic Control,,,,,,,,,Yes,,,,,,Yes,Yes,,Westminster-Branson
1423,Minor Arterial,Etobicoke York,Mid-Block,No Control,Clear,Daylight,Dry,Non-Fatal Injury,SMV Other,Driver,80 to 84,Major,North,Going Ahead,Lost control,,,,,,,,,Yes,,,,,,,,,Markland Wood
1200,Major Arterial,Scarborough,Intersection,Traffic Signal,Clear,Daylight,Dry,Non-Fatal Injury,Rear End,Driver,55 to 59,Major,North,Stopped,Other,,,,,,,,,Yes,,,,,,,,,Morningside
558,Major Arterial,Toronto and East York,Mid-Block,No Control,Clear,"Dawn, artificial",Dry,Fatal,SMV Other,Driver,25 to 29,Fatal,East,Going Ahead,Lost control,,,,,,,,,Yes,,,,,Yes,Yes,,,South Parkdale
205,Major Arterial,Toronto and East York,Intersection,No Control,Clear,"Dark, artificial",Dry,Fatal,SMV Other,Other Property Owner,unknown,,,,,,,,,,,,,,Yes,,,,Yes,Yes,,,Cabbagetown-South St.James Town
2125,Minor Arterial,Scarborough,Mid-Block,No Control,Clear,"Dark, artificial",Dry,Non-Fatal Injury,Pedestrian Collisions,Pedestrian,40 to 44,Major,East,,,Pedestrian hit at mid-block,"Crossing, no Traffic Control",Normal,,,,Yes,,Yes,,,,,,,,,Morningside
1024,Minor Arterial,Scarborough,Intersection,Traffic Signal,Clear,Daylight,Dry,Fatal,Angle,Passenger,90 to 94,Major,,,,,,,,,,,,Yes,,,,Yes,,Yes,Yes,,Steeles
2309,Major Arterial,Scarborough,Mid-Block,No Control,Clear,"Dark, artificial",Wet,Non-Fatal Injury,SMV Other,Driver,35 to 39,,North,Going Ahead,Exceeding Speed Limit,,,,,,,,,Yes,,,,Yes,Yes,Yes,,,Bendale-Glen Andrew
1200,Major Arterial,Scarborough,Intersection,Traffic Signal,Clear,Daylight,Dry,Non-Fatal Injury,Rear End,Driver,unknown,,North,Reversing,Other,,,,,,,,,Yes,,,,,,,,,Morningside
1024,Minor Arterial,Scarborough,Intersection,Traffic Signal,Clear,Daylight,Dry,Fatal,Angle,Passenger,85 to 89,Fatal,,,,,,,,,,,,Yes,,,,Yes,,Yes,Yes,,Steeles
1453,Major Arterial,Etobicoke York,Mid-Block,No Control,Clear,Daylight,Dry,Non-Fatal Injury,Approaching,Driver,15 to 19,,West,Going Ahead,Lost control,,,,,,,,,Yes,,,,Yes,Yes,Yes,,,Mount Olive-Silverstone-Jamestown
1222,Major Arterial,North York,Intersection,Traffic Signal,Clear,Daylight,Dry,Non-Fatal Injury,Pedestrian Collisions,Pedestrian,55 to 59,Major,North,,,Vehicle turns left while ped crosses with ROW at inter.,Crossing with right of way,Unknown,,,,Yes,,,,Yes,,,,Yes,,,York University Heights
1047,Major Arterial,Toronto and East York,Intersection,Stop Sign,Clear,Daylight,Dry,Non-Fatal Injury,Cyclist Collisions,Vehicle Owner,unknown,,,,,,,,,,,,Yes,Yes,,,,,,Yes,,,South Riverdale
2309,Major Arterial,Scarborough,Mid-Block,No Control,Clear,"Dark, artificial",Wet,Non-Fatal Injury,SMV Other,Passenger,20 to 24,Minimal,,,,,,,,,,,,Yes,,,,Yes,Yes,Yes,,,Bendale-Glen Andrew
837,Minor Arterial,Toronto and East York,Intersection,No Control,Clear,Daylight,Dry,Non-Fatal Injury,Cyclist Collisions,Driver,65 to 69,Major,East,Going Ahead,Improper Passing,,,,,,,,Yes,Yes,,,,,,Yes,,,Harbourfront-CityPlace
1902,Minor Arterial,Toronto and East York,Intersection,No Control,Clear,Dusk,Dry,Non-Fatal Injury,Cyclist Collisions,Driver,25 to 29,Minimal,East,Turning Left,Failed to Yield Right of Way,,,,,,,,Yes,Yes,,,,,,Yes,,,Junction-Wallace Emerson
2028,Major Arterial,North York,Intersection,Traffic Signal,Clear,Daylight,Dry,Non-Fatal Injury,Angle,Driver,45 to 49,,South,Going Ahead,Disobeyed Traffic Control,,,,,,,,,Yes,,,,Yes,,Yes,Yes,,Flemingdon Park
1453,Major Arterial,Etobicoke York,Mid-Block,No Control,Clear,Daylight,Dry,Non-Fatal Injury,Approaching,Driver,40 to 44,Major,East,Going Ahead,Driving Properly,,,,,,,,,Yes,,,,Yes,Yes,Yes,,,Mount Olive-Silverstone-Jamestown
1846,Major Arterial,Scarborough,Intersection,Traffic Signal,Clear,Dark,Dry,Non-Fatal Injury,Pedestrian Collisions,Driver,35 to 39,,West,Going Ahead,Driving Properly,,,,,,,Yes,,Yes,,,,,,,,,West Hill
1545,Minor Arterial,North York,Intersection,No Control,Clear,Daylight,Dry,Non-Fatal Injury,Pedestrian Collisions,Driver,unknown,,South,Going Ahead,Driving Properly,,,,,,,Yes,,Yes,,,,,,,,,Newtonbrook East
1047,Major Arterial,Toronto and East York,Intersection,Stop Sign,Clear,Daylight,Dry,Non-Fatal Injury,Cyclist Collisions,Driver,45 to 49,,South,Turning Right,Failed to Yield Right of Way,,,,,,,,Yes,Yes,,,,,,Yes,,,South Riverdale
2309,Major Arterial,Scarborough,Mid-Block,No Control,Clear,"Dark, artificial",Wet,Non-Fatal Injury,SMV Other,Passenger,20 to 24,Major,,,,,,,,,,,,Yes,,,,Yes,Yes,Yes,,,Bendale-Glen Andrew
1902,Minor Arterial,Toronto and East York,Intersection,No Control,Clear,Dusk,Dry,Non-Fatal Injury,Cyclist Collisions,Cyclist,30 to 34,Major,West,Going Ahead,,,,,Motorist turned left across cyclists path.,Driving Properly,Normal,,Yes,Yes,,,,,,Yes,,,Junction-Wallace Emerson
837,Minor Arterial,Toronto and East York,Intersection,No Control,Clear,Daylight,Dry,Non-Fatal Injury,Cyclist Collisions,Cyclist,50 to 54,Major,East,Going Ahead,,,,,Cyclist and Driver travelling in same direction. One vehicle rear-ended the other.,Driving Properly,Normal,,Yes,Yes,,,,,,Yes,,,Harbourfront-CityPlace
2028,Major Arterial,North York,Intersection,Traffic Signal,Clear,Daylight,Dry,Non-Fatal Injury,Angle,Driver,80 to 84,Minimal,East,Going Ahead,Driving Properly,,,,,,,,,Yes,,,,Yes,,Yes,Yes,,Flemingdon Park
1846,Major Arterial,Scarborough,Intersection,Traffic Signal,Clear,Dark,Dry,Non-Fatal Injury,Pedestrian Collisions,Pedestrian,30 to 34,Major,North,,,Vehicle is going straight thru inter.while ped cross without ROW,Crossing without right of way,Normal,,,,Yes,,Yes,,,,,,,,,West Hill
1545,Minor Arterial,North York,Intersection,No Control,Clear,Daylight,Dry,Non-Fatal Injury,Pedestrian Collisions,Pedestrian,10 to 14,Major,West,,,Vehicle is going straight thru inter.while ped cross without ROW,"Crossing, no Traffic Control",Unknown,,,,Yes,,Yes,,,,,,,,,Newtonbrook East
1310,Major Arterial,North York,Intersection,Traffic Signal,Snow,Daylight,Loose Snow,Fatal,Rear End,Driver,50 to 54,Minimal,East,Stopped,Driving Properly,,,,,,,,,Yes,,,,Yes,,,,,Henry Farm
735,Collector,Etobicoke York,Intersection,No Control,Snow,Daylight,Slush,Fatal,SMV Other,Driver,50 to 54,Fatal,South,Pulling Onto Shoulder or towardCurb,Lost control,,,,,,,,,Yes,,,,,,,,,Kingsway South
1047,Major Arterial,Toronto and East York,Intersection,Stop Sign,Clear,Daylight,Dry,Non-Fatal Injury,Cyclist Collisions,Cyclist,65 to 69,Major,West,Going Ahead,,,,,"Motorist turns right at non-signal Inter.(stop, yield, no cont.,and dwy) and strikes cyclist.",Driving Properly,Normal,,Yes,Yes,,,,,,Yes,,,South Riverdale
814,,Etobicoke York,Mid-Block,No Control,Clear,Daylight,Dry,Non-Fatal Injury,Rear End,Driver,45 to 49,Major,East,Slowing or Stopping,Speed too Fast For Condition,,,,,,,,,Yes,,Yes,,,Yes,Yes,,,Mimico-Queensway
2028,Major Arterial,North York,Intersection,Traffic Signal,Clear,Daylight,Dry,Non-Fatal Injury,Angle,Passenger,75 to 79,Minimal,,,,,,,,,,,,Yes,,,,Yes,,Yes,Yes,,Flemingdon Park
1130,Major Arterial,Etobicoke York,Mid-Block,No Control,Clear,Daylight,Dry,Non-Fatal Injury,SMV Other,Passenger,65 to 69,,,,,,,,,,,,,Yes,,,,Yes,,,,,Kingsway South
509,Major Arterial,Toronto and East York,Intersection,No Control,Clear,Dark,Dry,Non-Fatal Injury,SMV Other,Driver,45 to 49,Major,South,Going Ahead,Lost control,,,,,,,,,Yes,,,,,Yes,Yes,,Yes,Annex
1453,Major Arterial,Etobicoke York,Mid-Block,No Control,Clear,Daylight,Dry,Non-Fatal Injury,Approaching,Passenger,15 to 19,Minor,,,,,,,,,,,,Yes,,,,Yes,Yes,Yes,,,Mount Olive-Silverstone-Jamestown