TIME,ROAD_CLASS,DISTRICT,LOCCOORD,TRAFFCTL,VISIBILITY,LIGHT,RDSFCOND,ACCLASS,IMPACTYPE,INVTYPE,INVAGE,INJURY,INITDIR,MANOEUVER,DRIVACT,PEDTYPE,PEDACT,PEDCOND,CYCLISTYPE,CYCACT,CYCCOND,PEDESTRIAN,CYCLIST,AUTOMOBILE,MOTORCYCLE,TRUCK,TRSN_CITY_VEH,PASSENGER,SPEEDING,AG_DRIV,REDLIGHT,ALCOHOL,NEIGHBOURHOOD_158
1310,Major Arterial,North York,Intersection,Traffic Signal,Snow,Daylight,Loose Snow,Fatal,Rear End,Passenger,50 to 54,Minimal,,,,,,,,,,,,Yes,,,,Yes,,,,,Henry Farm
1730,Major Arterial,Toronto and East York,Intersection,Traffic Signal,Clear,Daylight,Dry,Non-Fatal Injury,Pedestrian Collisions,Driver,25 to 29,,West,Going Ahead,Disobeyed Traffic Control,,,,,,,Yes,,Yes,,,,,,Yes,Yes,,High Park-Swansea
1250,Major Arterial,Toronto and East York,Intersection,No Control,Clear,Daylight,Dry,Non-Fatal Injury,Sideswipe,Motorcycle Driver,25 to 29,Major,East,Going Ahead,Driving Properly,,,,,,,,,,Yes,,,Yes,,,,,South Parkdale
814,,Etobicoke York,Mid-Block,No Control,Clear,Daylight,Dry,Non-Fatal Injury,Rear End,Truck Driver,65 to 69,,East,Stopped,Driving Properly,,,,,,,,,Yes,,Yes,,,Yes,Yes,,,Mimico-Queensway
2028,Major Arterial,North York,Intersection,Traffic Signal,Clear,Daylight,Dry,Non-Fatal Injury,Angle,Passenger,75 to 79,Major,,,,,,,,,,,,Yes,,,,Yes,,Yes,Yes,,Flemingdon Park
1556,Major Arterial,Etobicoke York,Intersection,Traffic Signal,Other,Daylight,Other,Fatal,Turning Movement,Driver,35 to 39,,West,Turning Left,Improper Turn,,,,,,,,,Yes,,,,,,,,,Markland Wood
1453,Major Arterial,Etobicoke York,Mid-Block,No Control,Clear,Daylight,Dry,Non-Fatal Injury,Approaching,Passenger,15 to 19,Minor,,,,,,,,,,,,Yes,,,,Yes,Yes,Yes,,,Mount Olive-Silverstone-Jamestown
1310,Major Arterial,North York,Intersection,Traffic Signal,Snow,Daylight,Loose Snow,Fatal,Rear End,Passenger,15 to 19,Minimal,,,,,,,,,,,,Yes,,,,Yes,,,,,Henry Farm
1730,Major Arterial,Toronto and East York,Intersection,Traffic Signal,Clear,Daylight,Dry,Non-Fatal Injury,Pedestrian Collisions,Pedestrian,60 to 64,Major,South,,,Vehicle is going straight thru inter.while ped cross with ROW,Crossing with right of way,Normal,,,,Yes,,Yes,,,,,,Yes,Yes,,High Park-Swansea
1450,Major Arterial,Toronto and East York,Mid-Block,No Control,Clear,Daylight,Dry,Non-Fatal Injury,Pedestrian Collisions,Driver,35 to 39,,West,Turning Left,Failed to Yield Right of Way,,,,,,,Yes,,Yes,,,,,,Yes,,,St Lawrence-East Bayfront-The Islands
759,Major Arterial,North York,Mid-Block,No Control,Clear,Daylight,Dry,Non-Fatal Injury,Rear End,Driver,35 to 39,Minor,South,Going Ahead,Failed to Yield Right of Way,,,,,,,,,Yes,,,,,,Yes,,,Banbury-Don Mills
1130,Major Arterial,Etobicoke York,Mid-Block,No Control,Clear,Daylight,Dry,Non-Fatal Injury,SMV Other,Driver,80 to 84,Major,West,Going Ahead,Lost control,,,,,,,,,Yes,,,,Yes,,,,,Kingsway South
1250,Major Arterial,Toronto and East York,Intersection,No Control,Clear,Daylight,Dry,Non-Fatal Injury,Sideswipe,Motorcycle Passenger,25 to 29,Minor,,,,,,,,,,,,,Yes,,,Yes,,,,,South Parkdale
1453,Major Arterial,Etobicoke York,Mid-Block,No Control,Clear,Daylight,Dry,Non-Fatal Injury,Approaching,Passenger,15 to 19,,,,,,,,,,,,,Yes,,,,Yes,Yes,Yes,,,Mount Olive-Silverstone-Jamestown
1556,Major Arterial,Etobicoke York,Intersection,Traffic Signal,Other,Daylight,Other,Fatal,Turning Movement,Driver,30 to 34,Fatal,West,Going Ahead,Driving Properly,,,,,,,,,Yes,,,,,,,,,Markland Wood
1310,Major Arterial,North York,Intersection,Traffic Signal,Snow,Daylight,Loose Snow,Fatal,Rear End,Driver,70 to 74,Fatal,East,Going Ahead,Other,,,,,,,,,Yes,,,,Yes,,,,,Henry Farm
1450,Major Arterial,Toronto and East York,Mid-Block,No Control,Clear,Daylight,Dry,Non-Fatal Injury,Pedestrian Collisions,Pedestrian,25 to 29,Major,Unknown,,,Pedestrian hit at mid-block,"Crossing, no Traffic Control",Inattentive,,,,Yes,,Yes,,,,,,Yes,,,St Lawrence-East Bayfront-The Islands
759,Major Arterial,North York,Mid-Block,No Control,Clear,Daylight,Dry,Non-Fatal Injury,Rear End,Driver,25 to 29,Major,South,Slowing or Stopping,Driving Properly,,,,,,,,,Yes,,,,,,Yes,,,Banbury-Don Mills
1525,Major Arterial,Toronto and East York,Mid-Block,No Control,Clear,Daylight,Dry,Non-Fatal Injury,Approaching,Passenger,30 to 34,Major,,,,,,,,,,,,Yes,,,,Yes,,,,,Old East York
1250,Major Arterial,Toronto and East York,Intersection,No Control,Clear,Daylight,Dry,Non-Fatal Injury,Sideswipe,Motorcycle Driver,30 to 34,Minor,East,Going Ahead,Lost control,,,,,,,,,,Yes,,,Yes,,,,,South Parkdale
1453,Major Arterial,Etobicoke York,Mid-Block,No Control,Clear,Daylight,Dry,Non-Fatal Injury,Approaching,Passenger,15 to 19,,,,,,,,,,,,,Yes,,,,Yes,Yes,Yes,,,Mount Olive-Silverstone-Jamestown
20,Major Arterial,Etobicoke York,Intersection,Traffic Signal,Clear,"Dark, artificial",Dry,Non-Fatal Injury,Pedestrian Collisions,Driver,40 to 44,,West,Turning Right,Failed to Yield Right of Way,,,,,,,Yes,,Yes,,,,Yes,,Yes,,,Beechborough-Greenbrook
1510,Major Arterial,Toronto and East York,Intersection,Stop Sign,Snow,Daylight,Slush,Non-Fatal Injury,Angle,Driver,55 to 59,,South,Going Ahead,Failed to Yield Right of Way,,,,,,,,,Yes,,,,Yes,,Yes,,,South Riverdale
20,Major Arterial,Etobicoke York,Intersection,Traffic Signal,Clear,"Dark, artificial",Dry,Non-Fatal Injury,Pedestrian Collisions,Passenger,35 to 39,,,,,,,,,,,Yes,,Yes,,,,Yes,,Yes,,,Beechborough-Greenbrook
650,,North York,Mid-Block,No Control,Clear,Daylight,Dry,Non-Fatal Injury,Rear End,Driver,60 to 64,Major,South,Stopped,Driving Properly,,,,,,,,,Yes,,,,,,Yes,,,Banbury-Don Mills
1525,Major Arterial,Toronto and East York,Mid-Block,No Control,Clear,Daylight,Dry,Non-Fatal Injury,Approaching,Driver,55 to 59,Major,South,Going Ahead,Driving Properly,,,,,,,,,Yes,,,,Yes,,,,,Old East York
16,Minor Arterial,Scarborough,Mid-Block,No Control,Clear,Dark,Dry,Non-Fatal Injury,Sideswipe,Motorcycle Driver,25 to 29,Major,West,Changing Lanes,Lost control,,,,,,,,,,Yes,,,,,,,,Morningside Heights
1235,Major Arterial,Etobicoke York,Intersection,Traffic Signal,Clear,Daylight,Dry,Non-Fatal Injury,SMV Other,Driver,60 to 64,Major,South,Going Ahead,Lost control,,,,,,,,,Yes,,,,,,,,,West Humber-Clairville
1453,Major Arterial,Etobicoke York,Mid-Block,No Control,Clear,Daylight,Dry,Non-Fatal Injury,Approaching,Passenger,45 to 49,Minor,,,,,,,,,,,,Yes,,,,Yes,Yes,Yes,,,Mount Olive-Silverstone-Jamestown
1510,Major Arterial,Toronto and East York,Intersection,Stop Sign,Snow,Daylight,Slush,Non-Fatal Injury,Angle,Driver,40 to 44,,East,Going Ahead,Driving Properly,,,,,,,,,Yes,,,,Yes,,Yes,,,South Riverdale
2205,Major Arterial,Etobicoke York,Intersection,Traffic Signal,Clear,"Dark, artificial",Dry,Non-Fatal Injury,Rear End,Driver,20 to 24,,East,Going Ahead,Following too Close,,,,,,,,,Yes,Yes,,,,,Yes,,Yes,New Toronto
20,Major Arterial,Etobicoke York,Intersection,Traffic Signal,Clear,"Dark, artificial",Dry,Non-Fatal Injury,Pedestrian Collisions,Pedestrian,10 to 14,Major,East,,,Vehicle turns right while ped crosses with ROW at inter.,Crossing with right of way,Normal,,,,Yes,,Yes,,,,Yes,,Yes,,,Beechborough-Greenbrook
1525,Major Arterial,Toronto and East York,Mid-Block,No Control,Clear,Daylight,Dry,Non-Fatal Injury,Approaching,Driver,35 to 39,Major,North,Going Ahead,Lost control,,,,,,,,,Yes,,,,Yes,,,,,Old East York
16,Minor Arterial,Scarborough,Mid-Block,No Control,Clear,Dark,Dry,Non-Fatal Injury,Sideswipe,Motorcycle Driver,20 to 24,Minor,West,Going Ahead,Driving Properly,,,,,,,,,,Yes,,,,,,,,Morningside Heights
45,Major Arterial,Toronto and East York,Intersection,No Control,Rain,"Dark, artificial",Wet,Non-Fatal Injury,Pedestrian Collisions,Other,unknown,,,,,,,,,,,Yes,,,,,Yes,,,,,,Corso Italia-Davenport
2205,Major Arterial,Etobicoke York,Intersection,Traffic Signal,Clear,"Dark, artificial",Dry,Non-Fatal Injury,Rear End,Motorcycle Driver,35 to 39,Major,East,Stopped,Driving Properly,,,,,,,,,Yes,Yes,,,,,Yes,,Yes,New Toronto
700,Major Arterial,Etobicoke York,Intersection,Traffic Signal,Clear,Daylight,Dry,Non-Fatal Injury,Pedestrian Collisions,Driver,50 to 54,,North,Going Ahead,Driving Properly,,,,,,,Yes,,Yes,,,,,,,,,Humber Heights-Westmount
2030,Major Arterial,Toronto and East York,Mid-Block,No Control,Clear,"Dark, artificial",Dry,Non-Fatal Injury,Sideswipe,Driver,35 to 39,Major,East,Overtaking,Exceeding Speed Limit,,,,,,,,,Yes,,,,Yes,Yes,Yes,,,High Park-Swansea
650,,North York,Mid-Block,No Control,Clear,Daylight,Dry,Non-Fatal Injury,Rear End,Driver,25 to 29,Major,South,Slowing or Stopping,Following too Close,,,,,,,,,Yes,,,,,,Yes,,,Banbury-Don Mills
1510,Major Arterial,Toronto and East York,Intersection,Stop Sign,Snow,Daylight,Slush,Non-Fatal Injury,Angle,Passenger,unknown,Major,,,,,,,,,,,,Yes,,,,Yes,,Yes,,,South Riverdale
722,Major Arterial,North York,Intersection,Traffic Signal,Clear,Daylight,Dry,Non-Fatal Injury,Angle,Driver,55 to 59,Major,East,Going Ahead,Driving Properly,,,,,,,,,Yes,,,,,,Yes,Yes,,Forest Hill North
1909,Minor Arterial,Toronto and East York,Mid-Block,No Control,Clear,Daylight,Dry,Fatal,Pedestrian Collisions,Driver,50 to 54,,North,Reversing,Other,,,,,,,Yes,,Yes,,,,,,,,,High Park North
45,Major Arterial,Toronto and East York,Intersection,No Control,Rain,"Dark, artificial",Wet,Non-Fatal Injury,Pedestrian Collisions,Driver,45 to 49,,North,Going Ahead,Driving Properly,,,,,,,Yes,,,,,Yes,,,,,,Corso Italia-Davenport
2217,Major Arterial,Toronto and East York,Mid-Block,No Control,Clear,"Dark, artificial",Dry,Non-Fatal Injury,Sideswipe,Driver,45 to 49,,West,Changing Lanes,Improper Lane Change,,,,,,,,,Yes,,,,Yes,,,,,Harbourfront-CityPlace
700,Major Arterial,Etobicoke York,Intersection,Traffic Signal,Clear,Daylight,Dry,Non-Fatal Injury,Pedestrian Collisions,Pedestrian,10 to 14,Major,West,,,Vehicle is going straight thru inter.while ped cross without ROW,Crossing without right of way,Inattentive,,,,Yes,,Yes,,,,,,,,,Humber Heights-Westmount
2030,Major Arterial,Toronto and East York,Mid-Block,No Control,Clear,"Dark, artificial",Dry,Non-Fatal Injury,Sideswipe,Driver,60 to 64,,East,Going Ahead,Driving Properly,,,,,,,,,Yes,,,,Yes,Yes,Yes,,,High Park-Swansea
825,Major Arterial,Scarborough,Intersection,Traffic Signal,Clear,Daylight,Dry,Non-Fatal Injury,Pedestrian Collisions,Driver,25 to 29,Minimal,East,Going Ahead,Driving Properly,,,,,,,Yes,,Yes,,,,,,Yes,,,Steeles
722,Major Arterial,North York,Intersection,Traffic Signal,Clear,Daylight,Dry,Non-Fatal Injury,Angle,Driver,50 to 54,,West,Stopped,Driving Properly,,,,,,,,,Yes,,,,,,Yes,Yes,,Forest Hill North
1909,Minor Arterial,Toronto and East York,Mid-Block,No Control,Clear,Daylight,Dry,Fatal,Pedestrian Collisions,Pedestrian,65 to 69,Fatal,East,,,Vehicle is reversing and hits pedestrian,Other,Unknown,,,,Yes,,Yes,,,,,,,,,High Park North
2217,Major Arterial,Toronto and East York,Mid-Block,No Control,Clear,"Dark, artificial",Dry,Non-Fatal Injury,Sideswipe,Driver,15 to 19,Major,West,Going Ahead,Driving Properly,,,,,,,,,Yes,,,,Yes,,,,,Harbourfront-CityPlace
45,Major Arterial,Toronto and East York,Intersection,No Control,Rain,"Dark, artificial",Wet,Non-Fatal Injury,Pedestrian Collisions,Pedestrian,75 to 79,Major,East,,,Pedestrian involved in a collision with transit vehicle anywhere along roadway,Running onto Roadway,Had Been Drinking,,,,Yes,,,,,Yes,,,,,,Corso Italia-Davenport
1740,Major Arterial,Scarborough,Mid-Block,No Control,Clear,"Dark, artificial",Dry,Non-Fatal Injury,Approaching,Driver,65 to 69,,North,Going Ahead,Lost control,,,,,,,,,Yes,,,,Yes,,Yes,,,Agincourt South-Malvern West
2030,Major Arterial,Toronto and East York,Mid-Block,No Control,Clear,"Dark, artificial",Dry,Non-Fatal Injury,Sideswipe,Passenger,40 to 44,,,,,,,,,,,,,Yes,,,,Yes,Yes,Yes,,,High Park-Swansea
700,Major Arterial,Etobicoke York,Intersection,Traffic Signal,Clear,Daylight,Dry,Non-Fatal Injury,Pedestrian Collisions,Driver,50 to 54,,North,Going Ahead,Driving Properly,,,,,,,Yes,,Yes,,,,,,,,,Humber Heights-Westmount
825,Major Arterial,Scarborough,Intersection,Traffic Signal,Clear,Daylight,Dry,Non-Fatal Injury,Pedestrian Collisions,Driver,60 to 64,,North,Stopped,Driving Properly,,,,,,,Yes,,Yes,,,,,,Yes,,,Steeles
1918,Major Arterial,Toronto and East York,Intersection,No Control,Clear,Daylight,Dry,Non-Fatal Injury,Cyclist Collisions,Driver,50 to 54,,South,Going Ahead,Driving Properly,,,,,,,,Yes,Yes,,,,,,,,,Clairlea-Birchmount
722,Major Arterial,North York,Intersection,Traffic Signal,Clear,Daylight,Dry,Non-Fatal Injury,Angle,Driver,75 to 79,Minor,North,Going Ahead,Disobeyed Traffic Control,,,,,,,,,Yes,,,,,,Yes,Yes,,Forest Hill North
2217,Major Arterial,Toronto and East York,Mid-Block,No Control,Clear,"Dark, artificial",Dry,Non-Fatal Injury,Sideswipe,Passenger,15 to 19,,,,,,,,,,,,,Yes,,,,Yes,,,,,Harbourfront-CityPlace
0,Local,Etobicoke York,Mid-Block,No Control,Clear,Daylight,Dry,Non-Fatal Injury,SMV Unattended Vehicle,Driver,20 to 24,Major,East,Going Ahead,Exceeding Speed Limit,,,,,,,,,Yes,,,,,Yes,Yes,,,Black Creek
1022,Major Arterial,North York,Intersection,Stop Sign,Clear,Daylight,Dry,Fatal,Pedestrian Collisions,,unknown,,,,,,,,,,,Yes,,Yes,,,,,,Yes,,,Humewood-Cedarvale
232,Minor Arterial,Toronto and East York,Intersection,Traffic Signal,Clear,"Dark, artificial",Dry,Non-Fatal Injury,SMV Other,Driver,40 to 44,Major,South,Going Ahead,Speed too Fast For Condition,,,,,,,,,Yes,,,,,Yes,Yes,,Yes,Taylor-Massey
1740,Major Arterial,Scarborough,Mid-Block,No Control,Clear,"Dark, artificial",Dry,Non-Fatal Injury,Approaching,Driver,40 to 44,Minimal,South,Going Ahead,Driving Properly,,,,,,,,,Yes,,,,Yes,,Yes,,,Agincourt South-Malvern West
700,Major Arterial,Etobicoke York,Intersection,Traffic Signal,Clear,Daylight,Dry,Non-Fatal Injury,Pedestrian Collisions,Pedestrian,10 to 14,Major,,,,,,Inattentive,,,,Yes,,Yes,,,,,,,,,Humber Heights-Westmount
1918,Major Arterial,Toronto and East York,Intersection,No Control,Clear,Daylight,Dry,Non-Fatal Injury,Cyclist Collisions,Cyclist,60 to 64,Major,South,Turning Left,,,,,Cyclist turned left across motorists path.,Improper Turn,Inattentive,,Yes,Yes,,,,,,,,,Clairlea-Birchmount
1022,Major Arterial,North York,Intersection,Stop Sign,Clear,Daylight,Dry,Fatal,Pedestrian Collisions,Driver,55 to 59,,South,Going Ahead,Failed to Yield Right of Way,,,,,,,Yes,,Yes,,,,,,Yes,,,Humewood-Cedarvale
825,Major Arterial,Scarborough,Intersection,Traffic Signal,Clear,Daylight,Dry,Non-Fatal Injury,Pedestrian Collisions,Driver,50 to 54,Minimal,West,Turning Left,Failed to Yield Right of Way,,,,,,,Yes,,Yes,,,,,,Yes,,,Steeles
2217,Major Arterial,Toronto and East York,Mid-Block,No Control,Clear,"Dark, artificial",Dry,Non-Fatal Injury,Sideswipe,Passenger,45 to 49,,,,,,,,,,,,,Yes,,,,Yes,,,,,Harbourfront-CityPlace
1815,Major Arterial,Scarborough,Intersection,Traffic Signal,Clear,"Dark, artificial",Dry,Non-Fatal Injury,Pedestrian Collisions,Driver,70 to 74,,South,Turning Left,Failed to Yield Right of Way,,,,,,,Yes,,Yes,,,,,Yes,Yes,,,Clairlea-Birchmount
1740,Major Arterial,Scarborough,Mid-Block,No Control,Clear,"Dark, artificial",Dry,Non-Fatal Injury,Approaching,Passenger,60 to 64,Major,,,,,,,,,,,,Yes,,,,Yes,,Yes,,,Agincourt South-Malvern West
1433,Minor Arterial,Scarborough,Intersection,No Control,Clear,Daylight,Dry,Non-Fatal Injury,Cyclist Collisions,Driver,30 to 34,,North,Turning Left,Improper Turn,,,,,,,,Yes,Yes,,,,,,,,,West Hill
1409,Major Arterial,Scarborough,Intersection,Traffic Signal,Clear,Daylight,Dry,Non-Fatal Injury,Pedestrian Collisions,Driver,50 to 54,,North,Going Ahead,Disobeyed Traffic Control,,,,,,,Yes,,Yes,,,,,,Yes,Yes,,Wexford/Maryvale
1022,Major Arterial,North York,Intersection,Stop Sign,Clear,Daylight,Dry,Fatal,Pedestrian Collisions,Pedestrian,Over 95,Fatal,West,,,Vehicle is going straight thru inter.while ped cross with ROW,Crossing with right of way,Unknown,,,,Yes,,Yes,,,,,,Yes,,,Humewood-Cedarvale
0,Local,Etobicoke York,Mid-Block,No Control,Clear,Daylight,Dry,Non-Fatal Injury,SMV Unattended Vehicle,Other,70 to 74,,East,Parked,,,,,,,,,,Yes,,,,,Yes,Yes,,,Black Creek
825,Major Arterial,Scarborough,Intersection,Traffic Signal,Clear,Daylight,Dry,Non-Fatal Injury,Pedestrian Collisions,Pedestrian,30 to 34,Major,Unknown,,,Pedestrian hit on sidewalk or shoulder,On Sidewalk or Shoulder,Normal,,,,Yes,,Yes,,,,,,Yes,,,Steeles
1400,Major Arterial,North York,Intersection,Traffic Signal,Clear,Daylight,Dry,Non-Fatal Injury,Turning Movement,Passenger,25 to 29,Minor,,,,,,,,,,,,Yes,Yes,,,Yes,,,,,Flemingdon Park
2217,Major Arterial,Toronto and East York,Mid-Block,No Control,Clear,"Dark, artificial",Dry,Non-Fatal Injury,Sideswipe,Passenger,45 to 49,,,,,,,,,,,,,Yes,,,,Yes,,,,,Harbourfront-CityPlace
2053,Major Arterial,Toronto and East York,Intersection,Traffic Signal,Clear,"Dark, artificial",Dry,Non-Fatal Injury,Pedestrian Collisions,Pedestrian,30 to 34,Major,North,,,Vehicle is going straight thru inter.while ped cross with ROW,Other,Unknown,,,,Yes,,,,,,,,Yes,,,St Lawrence-East Bayfront-The Islands
1400,Major Arterial,North York,Intersection,Traffic Signal,Clear,Daylight,Dry,Non-Fatal Injury,Turning Movement,Motorcycle Driver,40 to 44,Major,North,Going Ahead,Driving Properly,,,,,,,,,Yes,Yes,,,Yes,,,,,Flemingdon Park
1815,Major Arterial,Scarborough,Intersection,Traffic Signal,Clear,"Dark, artificial",Dry,Non-Fatal Injury,Pedestrian Collisions,Pedestrian,50 to 54,Major,North,,,Vehicle turns left while ped crosses with ROW at inter.,Crossing with right of way,Unknown,,,,Yes,,Yes,,,,,Yes,Yes,,,Clairlea-Birchmount
1740,Major Arterial,Scarborough,Mid-Block,No Control,Clear,"Dark, artificial",Dry,Non-Fatal Injury,Approaching,Passenger,5 to 9,,,,,,,,,,,,,Yes,,,,Yes,,Yes,,,Agincourt South-Malvern West
1433,Minor Arterial,Scarborough,Intersection,No Control,Clear,Daylight,Dry,Non-Fatal Injury,Cyclist Collisions,Cyclist,55 to 59,Major,South,Going Ahead,,,,,Motorist turned left across cyclists path.,Driving Properly,Normal,,Yes,Yes,,,,,,,,,West Hill
1409,Major Arterial,Scarborough,Intersection,Traffic Signal,Clear,Daylight,Dry,Non-Fatal Injury,Pedestrian Collisions,Pedestrian,25 to 29,Major,Unknown,,,Vehicle is going straight thru inter.while ped cross with ROW,Crossing with right of way,Normal,,,,Yes,,Yes,,,,,,Yes,Yes,,Wexford/Maryvale
2045,Major Arterial,Toronto and East York,Intersection,No Control,Rain,"Dark, artificial",Wet,Non-Fatal Injury,Pedestrian Collisions,Driver,30 to 34,,East,Going Ahead,Driving Properly,,,,,,,Yes,,Yes,,,,,,,,,East End-Danforth
1740,Major Arterial,Scarborough,Mid-Block,No Control,Clear,"Dark, artificial",Dry,Non-Fatal Injury,Approaching,Passenger,5 to 9,,,,,,,,,,,,,Yes,,,,Yes,,Yes,,,Agincourt South-Malvern West
2053,Major Arterial,Toronto and East York,Intersection,Traffic Signal,Clear,"Dark, artificial",Dry,Non-Fatal Injury,Pedestrian Collisions,Driver,unknown,,North,Going Ahead,Failed to Yield Right of Way,,,,,,,Yes,,,,,,,,Yes,,,St Lawrence-East Bayfront-The Islands
640,Major Arterial,Scarborough,Mid-Block,No Control,Clear,Daylight,Dry,Non-Fatal Injury,Approaching,Driver,25 to 29,Major,East,Going Ahead,Lost control,,,,,,,,,Yes,,,,Yes,,,,,Woburn North
2045,Major Arterial,Toronto and East York,Intersection,No Control,Rain,"Dark, artificial",Wet,Non-Fatal Injury,Pedestrian Collisions,Vehicle Owner,unknown,,,,,,,,,,,Yes,,Yes,,,,,,,,,East End-Danforth
450,Major Arterial,Etobicoke York,Intersection,Traffic Signal,Clear,"Dark, artificial",Dry,Non-Fatal Injury,SMV Other,Driver,20 to 24,Major,East,Going Ahead,Lost control,,,,,,,,,Yes,,,,,,,,,Willowridge-Martingrove-Richview
1400,Major Arterial,North York,Intersection,Traffic Signal,Clear,Daylight,Dry,Non-Fatal Injury,Turning Movement,Driver,40 to 44,,South,Turning Left,Improper Turn,,,,,,,,,Yes,Yes,,,Yes,,,,,Flemingdon Park
2201,Major Arterial,North York,Intersection,Traffic Signal,Clear,"Dark, artificial",Dry,Non-Fatal Injury,Pedestrian Collisions,Driver,40 to 44,,West,Turning Left,Failed to Yield Right of Way,,,,,,,Yes,,Yes,,,,Yes,,Yes,,,Victoria Village
2100,Major Arterial,Etobicoke York,Intersection,Traffic Signal,Clear,"Dark, artificial",Dry,Fatal,Pedestrian Collisions,Pedestrian,85 to 89,Fatal,East,,,Vehicle turns left while ped crosses with ROW at inter.,Crossing with right of way,Normal,,,,Yes,,Yes,,,,,,Yes,,,Markland Wood
2217,Major Arterial,Toronto and East York,Mid-Block,No Control,Clear,"Dark, artificial",Dry,Non-Fatal Injury,Sideswipe,Passenger,45 to 49,,,,,,,,,,,,,Yes,,,,Yes,,,,,Harbourfront-CityPlace
2100,Major Arterial,Etobicoke York,Intersection,Traffic Signal,Clear,"Dark, artificial",Dry,Fatal,Pedestrian Collisions,Pedestrian,80 to 84,Minor,East,,,Vehicle turns left while ped crosses with ROW at inter.,Crossing with right of way,Unknown,,,,Yes,,Yes,,,,,,Yes,,,Markland Wood
2217,Major Arterial,Toronto and East York,Mid-Block,No Control,Clear,"Dark, artificial",Dry,Non-Fatal Injury,Sideswipe,Passenger,15 to 19,,,,,,,,,,,,,Yes,,,,Yes,,,,,Harbourfront-CityPlace
30,Major Arterial,Toronto and East York,Intersection,Traffic Signal,Clear,"Dark, artificial",Dry,Non-Fatal Injury,Pedestrian Collisions,Driver,unknown,,South,Turning Right,Other,,,,,,,Yes,,,,,,,,,,,Wellington Place
2045,Major Arterial,Toronto and East York,Intersection,No Control,Rain,"Dark, artificial",Wet,Non-Fatal Injury,Pedestrian Collisions,Pedestrian,5 to 9,Major,South,,,Vehicle is going straight thru inter.while ped cross without ROW,Running onto Roadway,Inattentive,,,,Yes,,Yes,,,,,,,,,East End-Danforth
1649,Major Arterial,Toronto and East York,Mid-Block,No Control,Clear,Daylight,Dry,Non-Fatal Injury,Pedestrian Collisions,Vehicle Owner,unknown,,,,,,,,,,,Yes,,,,,Yes,,,,,,Kensington-Chinatown
1453,Major Arterial,North York,Intersection,Traffic Signal,Clear,Daylight,Dry,Non-Fatal Injury,Rear End,Driver,20 to 24,Major,North,Going Ahead,Following too Close,,,,,,,,,Yes,,,,,,Yes,,,Downsview
2201,Major Arterial,North York,Intersection,Traffic Signal,Clear,"Dark, artificial",Dry,Non-Fatal Injury,Pedestrian Collisions,Passenger,15 to 19,,,,,,,,,,,Yes,,Yes,,,,Yes,,Yes,,,Victoria Village
2201,Major Arterial,North York,Intersection,Traffic Signal,Clear,"Dark, artificial",Dry,Non-Fatal Injury,Pedestrian Collisions,Pedestrian,55 to 59,Major,West,,,Vehicle turns left while ped crosses with ROW at inter.,Crossing with right of way,Normal,,,,Yes,,Yes,,,,Yes,,Yes,,,Victoria Village
640,Major Arterial,Scarborough,Mid-Block,No Control,Clear,Daylight,Dry,Non-Fatal Injury,Approaching,Driver,45 to 49,Major,West,Going Ahead,Driving Properly,,,,,,,,,Yes,,,,Yes,,,,,Woburn North
30,Major Arterial,Toronto and East York,Intersection,Traffic Signal,Clear,"Dark, artificial",Dry,Non-Fatal Injury,Pedestrian Collisions,Pedestrian,25 to 29,Major,South,,,Vehicle turns right while ped crosses with ROW at inter.,Crossing with right of way,Normal,,,,Yes,,,,,,,,,,,Wellington Place
500,Major Arterial,Toronto and East York,Intersection,Traffic Signal,Rain,Dark,Wet,Non-Fatal Injury,Cyclist Collisions,Cyclist,30 to 34,Major,South,Going Ahead,,,,,Cyclist and Driver travelling in same direction. One vehicle rear-ended the other.,Disobeyed Traffic Control,Inattentive,,Yes,Yes,,,,,,,,,Harbourfront-CityPlace
1453,Major Arterial,North York,Intersection,Traffic Signal,Clear,Daylight,Dry,Non-Fatal Injury,Rear End,Driver,60 to 64,,North,Stopped,Driving Properly,,,,,,,,,Yes,,,,,,Yes,,,Downsview
1649,Major Arterial,Toronto and East York,Mid-Block,No Control,Clear,Daylight,Dry,Non-Fatal Injury,Pedestrian Collisions,Driver,40 to 44,,North,Going Ahead,Driving Properly,,,,,,,Yes,,,,,Yes,,,,,,Kensington-Chinatown
1700,Local,Toronto and East York,Mid-Block,No Control,Clear,Daylight,Dry,Non-Fatal Injury,Pedestrian Collisions,Driver,25 to 29,,South,Reversing,Other,,,,,,,Yes,,Yes,,,,,,,,,St Lawrence-East Bayfront-The Islands
2100,Major Arterial,Etobicoke York,Intersection,Traffic Signal,Clear,"Dark, artificial",Dry,Fatal,Pedestrian Collisions,Driver,45 to 49,,West,Turning Left,Failed to Yield Right of Way,,,,,,,Yes,,Yes,,,,,,Yes,,,Markland Wood
640,Major Arterial,Scarborough,Mid-Block,No Control,Clear,Daylight,Dry,Non-Fatal Injury,Approaching,Passenger,15 to 19,Major,,,,,,,,,,,,Yes,,,,Yes,,,,,Woburn North