TIME,ROAD_CLASS,DISTRICT,LOCCOORD,TRAFFCTL,VISIBILITY,LIGHT,RDSFCOND,ACCLASS,IMPACTYPE,INVTYPE,INVAGE,INJURY,INITDIR,MANOEUVER,DRIVACT,PEDTYPE,PEDACT,PEDCOND,CYCLISTYPE,CYCACT,CYCCOND,PEDESTRIAN,CYCLIST,AUTOMOBILE,MOTORCYCLE,TRUCK,TRSN_CITY_VEH,PASSENGER,SPEEDING,AG_DRIV,REDLIGHT,ALCOHOL,NEIGHBOURHOOD_158
130,Major Arterial,North York,Mid-Block,No Control,Rain,"Dark, artificial",Wet,Fatal,Pedestrian Collisions,Pedestrian,20 to 24,Fatal,North,,,Pedestrian hit at mid-block,Running onto Roadway,Unknown,,,,Yes,,Yes,,,,,,,,,Newtonbrook West
615,Minor Arterial,Toronto and East York,Mid-Block,No Control,Clear,Dark,Dry,Non-Fatal Injury,Pedestrian Collisions,Pedestrian,35 to 39,Major,Unknown,,,Pedestrian hit at mid-block,Other,Unknown,,,,Yes,,Yes,,,,,,,,,South Riverdale
1616,Minor Arterial,Scarborough,Intersection,Stop Sign,Clear,Daylight,Dry,Non-Fatal Injury,Angle,Driver,45 to 49,Major,North,Going Ahead,Driving Properly,,,,,,,,,Yes,,,,,,Yes,,,Woburn North
806,Major Arterial,Etobicoke York,Intersection,No Control,Clear,Daylight,Wet,Non-Fatal Injury,Angle,Passenger,20 to 24,,,,,,,,,,,,,Yes,,,,Yes,Yes,Yes,,,Humber Bay Shores
1625,Collector,Toronto and East York,Intersection,No Control,Clear,Daylight,Dry,Fatal,Pedestrian Collisions,Pedestrian,85 to 89,Fatal,West,,,Vehicle is reversing and hits pedestrian,Other,Normal,,,,Yes,,Yes,,,,,,,,,O'Connor-Parkview
304,Local,Etobicoke York,Mid-Block,No Control,Clear,"Dark, artificial",Dry,Non-Fatal Injury,Pedestrian Collisions,Driver,unknown,,West,Other,Failed to Yield Right of Way,,,,,,,Yes,,Yes,,,,,,Yes,,,York University Heights
1527,Major Arterial,Scarborough,Intersection,Traffic Signal,Clear,Daylight,Dry,Non-Fatal Injury,Turning Movement,Driver,75 to 79,Minor,East,Going Ahead,Driving Properly,,,,,,,,,Yes,,,,Yes,,,,,Cliffcrest
615,Minor Arterial,Toronto and East York,Mid-Block,No Control,Clear,Dark,Dry,Non-Fatal Injury,Pedestrian Collisions,Driver,60 to 64,,South,Going Ahead,Driving Properly,,,,,,,Yes,,Yes,,,,,,,,,South Riverdale
1555,Major Arterial,Etobicoke York,Intersection,Traffic Signal,Clear,Daylight,Dry,Non-Fatal Injury,Turning Movement,Driver,50 to 54,Major,East,Going Ahead,Driving Properly,,,,,,,,,Yes,,,,,,Yes,,,Markland Wood
1135,Collector,Toronto and East York,Mid-Block,No Control,Clear,Daylight,Dry,Non-Fatal Injury,Pedestrian Collisions,Pedestrian,70 to 74,Major,South,,,Vehicle is reversing and hits pedestrian,Other,Unknown,,,,Yes,,Yes,,,,,,,,,Annex
241,Major Arterial,Toronto and East York,Mid-Block,No Control,Clear,"Dark, artificial",Slush,Non-Fatal Injury,Pedestrian Collisions,Driver,20 to 24,,West,Going Ahead,Exceeding Speed Limit,,,,,,,Yes,,Yes,,,,Yes,Yes,Yes,,,West Queen West
1204,Minor Arterial,Toronto and East York,Intersection,Traffic Signal,Clear,Daylight,Dry,Non-Fatal Injury,Pedestrian Collisions,Truck Driver,65 to 69,,West,Turning Right,Failed to Yield Right of Way,,,,,,,Yes,,,,Yes,,,,Yes,,,South Riverdale
1435,Local,Toronto and East York,Intersection,No Control,Clear,Daylight,Dry,Non-Fatal Injury,Turning Movement,Driver,50 to 54,Major,East,Going Ahead,Driving Properly,,,,,,,,,Yes,,,,,,,,,Junction Area
304,Local,Etobicoke York,Mid-Block,No Control,Clear,"Dark, artificial",Dry,Non-Fatal Injury,Pedestrian Collisions,Pedestrian,20 to 24,Major,West,,,Pedestrian hit at mid-block,"Crossing, no Traffic Control",Had Been Drinking,,,,Yes,,Yes,,,,,,Yes,,,York University Heights
1120,Minor Arterial,Scarborough,Intersection,No Control,Clear,Daylight,Dry,Non-Fatal Injury,Turning Movement,Driver,20 to 24,,West,Turning Left,Improper Turn,,,,,,,,,Yes,Yes,,,,,,,,Guildwood
1435,Local,Toronto and East York,Intersection,No Control,Clear,Daylight,Dry,Non-Fatal Injury,Turning Movement,Driver,50 to 54,Minor,North,Turning Left,Improper Turn,,,,,,,,,Yes,,,,,,,,,Junction Area
615,Minor Arterial,Toronto and East York,Mid-Block,No Control,Clear,Dark,Dry,Non-Fatal Injury,Pedestrian Collisions,Pedestrian,35 to 39,Major,Unknown,,,Pedestrian hit at mid-block,Other,Unknown,,,,Yes,,Yes,,,,,,,,,South Riverdale
1527,Major Arterial,Scarborough,Intersection,Traffic Signal,Clear,Daylight,Dry,Non-Fatal Injury,Turning Movement,Passenger,60 to 64,Major,,,,,,,,,,,,Yes,,,,Yes,,,,,Cliffcrest
1204,Minor Arterial,Toronto and East York,Intersection,Traffic Signal,Clear,Daylight,Dry,Non-Fatal Injury,Pedestrian Collisions,Pedestrian,70 to 74,Major,West,,,Vehicle turns right while ped crosses with ROW at inter.,Crossing with right of way,Normal,,,,Yes,,,,Yes,,,,Yes,,,South Riverdale
241,Major Arterial,Toronto and East York,Mid-Block,No Control,Clear,"Dark, artificial",Slush,Non-Fatal Injury,Pedestrian Collisions,Driver,25 to 29,,West,Overtaking,Failed to Yield Right of Way,,,,,,,Yes,,Yes,,,,Yes,Yes,Yes,,,West Queen West
135,Major Arterial,Toronto and East York,Intersection,Traffic Signal,Clear,"Dark, artificial",Dry,Non-Fatal Injury,Pedestrian Collisions,Driver,40 to 44,,North,Going Ahead,Driving Properly,,,,,,,Yes,,Yes,,,,,,,,,Yonge-Bay Corridor
1822,Major Arterial,North York,Intersection,Traffic Signal,Rain,Daylight,Wet,Non-Fatal Injury,Other,Driver,35 to 39,,West,Pulling Away from Shoulder or Curb,Driving Properly,,,,,,,,,,,,Yes,Yes,,,,,Newtonbrook West
1120,Minor Arterial,Scarborough,Intersection,No Control,Clear,Daylight,Dry,Non-Fatal Injury,Turning Movement,Motorcycle Driver,25 to 29,Major,East,Going Ahead,Driving Properly,,,,,,,,,Yes,Yes,,,,,,,,Guildwood
2009,Major Arterial,Toronto and East York,Mid-Block,No Control,Clear,"Dawn, artificial",Dry,Non-Fatal Injury,Rear End,Passenger,65 to 69,Major,,,,,,,,,,,,Yes,,,,Yes,,Yes,,,South Eglinton-Davisville
126,Minor Arterial,Scarborough,Mid-Block,No Control,Clear,"Dark, artificial",Loose Sand or Gravel,Non-Fatal Injury,SMV Other,Driver,30 to 34,Major,North,Going Ahead,Lost control,,,,,,,,,Yes,,,,,,,,,Golfdale-Cedarbrae-Woburn
1822,Major Arterial,North York,Intersection,Traffic Signal,Rain,Daylight,Wet,Non-Fatal Injury,Other,Passenger,85 to 89,Major,,,,,,,,,,,,,,,Yes,Yes,,,,,Newtonbrook West
241,Major Arterial,Toronto and East York,Mid-Block,No Control,Clear,"Dark, artificial",Slush,Non-Fatal Injury,Pedestrian Collisions,Passenger,unknown,,,,,,,,,,,Yes,,Yes,,,,Yes,Yes,Yes,,,West Queen West
553,Major Arterial,Etobicoke York,Intersection,Traffic Signal,Rain,"Dawn, artificial",Wet,Fatal,Pedestrian Collisions,Driver,60 to 64,,South,Turning Left,Driving Properly,,,,,,,Yes,,,,,Yes,,,,,,West Humber-Clairville
241,Major Arterial,Toronto and East York,Mid-Block,No Control,Clear,"Dark, artificial",Slush,Non-Fatal Injury,Pedestrian Collisions,Passenger,unknown,Minimal,,,,,,,,,,Yes,,Yes,,,,Yes,Yes,Yes,,,West Queen West
135,Major Arterial,Toronto and East York,Intersection,Traffic Signal,Clear,"Dark, artificial",Dry,Non-Fatal Injury,Pedestrian Collisions,Pedestrian,unknown,Major,East,,,Vehicle is going straight thru inter.while ped cross without ROW,Crossing without right of way,Had Been Drinking,,,,Yes,,Yes,,,,,,,,,Yonge-Bay Corridor
1527,Major Arterial,Scarborough,Intersection,Traffic Signal,Clear,Daylight,Dry,Non-Fatal Injury,Turning Movement,Driver,85 to 89,Minor,West,Turning Left,Improper Turn,,,,,,,,,Yes,,,,Yes,,,,,Cliffcrest
1250,Local,North York,Mid-Block,No Control,Clear,Daylight,Dry,Fatal,Pedestrian Collisions,Driver,75 to 79,,North,Reversing,Other,,,,,,,Yes,,Yes,,,,,,,,,Avondale
2009,Major Arterial,Toronto and East York,Mid-Block,No Control,Clear,"Dawn, artificial",Dry,Non-Fatal Injury,Rear End,Passenger,75 to 79,Major,,,,,,,,,,,,Yes,,,,Yes,,Yes,,,South Eglinton-Davisville
1520,Major Arterial,Scarborough,Intersection,Traffic Signal,Clear,Daylight,Dry,Non-Fatal Injury,Other,Driver,60 to 64,,West,Pulling Away from Shoulder or Curb,Driving Properly,,,,,,,,,,,,Yes,Yes,,,,,Wexford/Maryvale
1527,Major Arterial,Scarborough,Intersection,Traffic Signal,Clear,Daylight,Dry,Non-Fatal Injury,Turning Movement,Driver,65 to 69,,North,Stopped,Driving Properly,,,,,,,,,Yes,,,,Yes,,,,,Cliffcrest
1250,Local,North York,Mid-Block,No Control,Clear,Daylight,Dry,Fatal,Pedestrian Collisions,Pedestrian,85 to 89,Fatal,West,,,Vehicle is reversing and hits pedestrian,Other,Normal,,,,Yes,,Yes,,,,,,,,,Avondale
241,Major Arterial,Toronto and East York,Mid-Block,No Control,Clear,"Dark, artificial",Slush,Non-Fatal Injury,Pedestrian Collisions,Pedestrian,30 to 34,Major,Unknown,,,Pedestrian hit at mid-block,Person Getting on/off Vehicle,Normal,,,,Yes,,Yes,,,,Yes,Yes,Yes,,,West Queen West
2009,Major Arterial,Toronto and East York,Mid-Block,No Control,Clear,"Dawn, artificial",Dry,Non-Fatal Injury,Rear End,Driver,30 to 34,,South,Going Ahead,Driving Properly,,,,,,,,,Yes,,,,Yes,,Yes,,,South Eglinton-Davisville
1153,Minor Arterial,Scarborough,Mid-Block,No Control,Clear,Daylight,Dry,Non-Fatal Injury,Sideswipe,Driver,15 to 19,Major,West,Changing Lanes,Other,,,,,,,,,Yes,,,,Yes,Yes,Yes,,,Birchcliffe-Cliffside
553,Major Arterial,Etobicoke York,Intersection,Traffic Signal,Rain,"Dawn, artificial",Wet,Fatal,Pedestrian Collisions,Pedestrian,30 to 34,Fatal,North,,,Pedestrian involved in a collision with transit vehicle anywhere along roadway,Crossing without right of way,Unknown,,,,Yes,,,,,Yes,,,,,,West Humber-Clairville
1520,Major Arterial,Scarborough,Intersection,Traffic Signal,Clear,Daylight,Dry,Non-Fatal Injury,Other,Passenger,80 to 84,Major,,,,,,,,,,,,,,,Yes,Yes,,,,,Wexford/Maryvale
1750,Minor Arterial,Toronto and East York,Intersection,Stop Sign,Clear,Daylight,Dry,Non-Fatal Injury,Pedestrian Collisions,Driver,40 to 44,,West,Other,Failed to Yield Right of Way,,,,,,,Yes,,Yes,,,,,,Yes,,,Junction-Wallace Emerson
1200,Major Arterial,North York,Intersection,Stop Sign,Clear,Daylight,Dry,Fatal,Turning Movement,Passenger,60 to 64,Minimal,,,,,,,,,,,,Yes,,,,Yes,,Yes,,,East Willowdale
837,Major Arterial,Scarborough,Intersection,Traffic Signal,Clear,Daylight,Dry,Non-Fatal Injury,Pedestrian Collisions,Driver,55 to 59,,South,Turning Left,Improper Turn,,,,,,,Yes,,Yes,,,,,,,,,Agincourt North
2244,Major Arterial,Etobicoke York,Intersection,No Control,Clear,"Dark, artificial",Dry,Non-Fatal Injury,Rear End,Driver,20 to 24,Minor,South,Going Ahead,Exceeding Speed Limit,,,,,,,,,Yes,,,,Yes,Yes,Yes,,Yes,Pelmo Park-Humberlea
2009,Major Arterial,Toronto and East York,Mid-Block,No Control,Clear,"Dawn, artificial",Dry,Non-Fatal Injury,Rear End,Driver,30 to 34,,South,Going Ahead,Following too Close,,,,,,,,,Yes,,,,Yes,,Yes,,,South Eglinton-Davisville
1750,Minor Arterial,Toronto and East York,Intersection,Stop Sign,Clear,Daylight,Dry,Non-Fatal Injury,Pedestrian Collisions,Pedestrian,85 to 89,Major,South,,,Vehicle is reversing and hits pedestrian,Crossing with right of way,Normal,,,,Yes,,Yes,,,,,,Yes,,,Junction-Wallace Emerson
2244,Major Arterial,Etobicoke York,Intersection,No Control,Clear,"Dark, artificial",Dry,Non-Fatal Injury,Rear End,Driver,30 to 34,Minor,South,Going Ahead,Driving Properly,,,,,,,,,Yes,,,,Yes,Yes,Yes,,Yes,Pelmo Park-Humberlea
1153,Minor Arterial,Scarborough,Mid-Block,No Control,Clear,Daylight,Dry,Non-Fatal Injury,Sideswipe,Passenger,15 to 19,,,,,,,,,,,,,Yes,,,,Yes,Yes,Yes,,,Birchcliffe-Cliffside
1200,Major Arterial,North York,Intersection,Stop Sign,Clear,Daylight,Dry,Fatal,Turning Movement,Driver,65 to 69,Minimal,East,Going Ahead,Driving Properly,,,,,,,,,Yes,,,,Yes,,Yes,,,East Willowdale
837,Major Arterial,Scarborough,Intersection,Traffic Signal,Clear,Daylight,Dry,Non-Fatal Injury,Pedestrian Collisions,Pedestrian,70 to 74,Major,North,,,Vehicle turns left while ped crosses with ROW at inter.,Crossing with right of way,Normal,,,,Yes,,Yes,,,,,,,,,Agincourt North
241,Major Arterial,Toronto and East York,Mid-Block,No Control,Clear,"Dark, artificial",Slush,Non-Fatal Injury,Pedestrian Collisions,Other,unknown,,,Parked,,,,,,,,Yes,,Yes,,,,Yes,Yes,Yes,,,West Queen West
2220,Collector,Scarborough,Mid-Block,No Control,Clear,Dark,Dry,Non-Fatal Injury,Sideswipe,Motorcycle Driver,45 to 49,Major,North,Slowing or Stopping,Improper Passing,,,,,,,,,Yes,Yes,,,Yes,,Yes,,,Birchcliffe-Cliffside
1153,Minor Arterial,Scarborough,Mid-Block,No Control,Clear,Daylight,Dry,Non-Fatal Injury,Sideswipe,Passenger,15 to 19,Major,,,,,,,,,,,,Yes,,,,Yes,Yes,Yes,,,Birchcliffe-Cliffside
1634,Major Arterial,Etobicoke York,Intersection,No Control,Clear,Daylight,Dry,Fatal,Cyclist Collisions,Passenger,unknown,,,,,,,,,,,,Yes,Yes,,,,Yes,,,,,New Toronto
1200,Major Arterial,North York,Intersection,Stop Sign,Clear,Daylight,Dry,Fatal,Turning Movement,Passenger,70 to 74,Minimal,,,,,,,,,,,,Yes,,,,Yes,,Yes,,,East Willowdale
900,Major Arterial,Toronto and East York,Mid-Block,No Control,Clear,Daylight,Dry,Non-Fatal Injury,Pedestrian Collisions,Driver,50 to 54,,North,Making U Turn,Improper Turn,,,,,,,Yes,,Yes,,,,,,,,,Yonge-Bay Corridor
1059,Major Arterial,North York,Intersection,No Control,Clear,Daylight,Dry,Non-Fatal Injury,Turning Movement,Driver,35 to 39,Minimal,North,Turning Left,Failed to Yield Right of Way,,,,,,,,,Yes,,,,Yes,,Yes,,,Bedford Park-Nortown
2220,Collector,Scarborough,Mid-Block,No Control,Clear,Dark,Dry,Non-Fatal Injury,Sideswipe,Driver,15 to 19,,North,Overtaking,Driving Properly,,,,,,,,,Yes,Yes,,,Yes,,Yes,,,Birchcliffe-Cliffside
1309,Minor Arterial,Toronto and East York,Mid-Block,No Control,Clear,Daylight,Wet,Non-Fatal Injury,Pedestrian Collisions,Driver,55 to 59,,North,Going Ahead,Driving Properly,,,,,,,Yes,,Yes,,,,Yes,,,,,North Riverdale
1153,Minor Arterial,Scarborough,Mid-Block,No Control,Clear,Daylight,Dry,Non-Fatal Injury,Sideswipe,Passenger,15 to 19,Major,,,,,,,,,,,,Yes,,,,Yes,Yes,Yes,,,Birchcliffe-Cliffside
2244,Major Arterial,Etobicoke York,Intersection,No Control,Clear,"Dark, artificial",Dry,Non-Fatal Injury,Rear End,Passenger,30 to 34,Major,,,,,,,,,,,,Yes,,,,Yes,Yes,Yes,,Yes,Pelmo Park-Humberlea
1634,Major Arterial,Etobicoke York,Intersection,No Control,Clear,Daylight,Dry,Fatal,Cyclist Collisions,Driver,60 to 64,,East,Going Ahead,Driving Properly,,,,,,,,Yes,Yes,,,,Yes,,,,,New Toronto
1200,Major Arterial,North York,Intersection,Stop Sign,Clear,Daylight,Dry,Fatal,Turning Movement,Driver,90 to 94,Fatal,North,Turning Left,Disobeyed Traffic Control,,,,,,,,,Yes,,,,Yes,,Yes,,,East Willowdale
900,Major Arterial,Toronto and East York,Mid-Block,No Control,Clear,Daylight,Dry,Non-Fatal Injury,Pedestrian Collisions,Pedestrian,55 to 59,Major,East,,,Pedestrian hit at mid-block,"Crossing, no Traffic Control",Normal,,,,Yes,,Yes,,,,,,,,,Yonge-Bay Corridor
1059,Major Arterial,North York,Intersection,No Control,Clear,Daylight,Dry,Non-Fatal Injury,Turning Movement,Driver,55 to 59,Major,South,Going Ahead,Driving Properly,,,,,,,,,Yes,,,,Yes,,Yes,,,Bedford Park-Nortown
2220,Collector,Scarborough,Mid-Block,No Control,Clear,Dark,Dry,Non-Fatal Injury,Sideswipe,Passenger,15 to 19,,,,,,,,,,,,,Yes,Yes,,,Yes,,Yes,,,Birchcliffe-Cliffside
1309,Minor Arterial,Toronto and East York,Mid-Block,No Control,Clear,Daylight,Wet,Non-Fatal Injury,Pedestrian Collisions,Passenger,50 to 54,,,,,,,,,,,Yes,,Yes,,,,Yes,,,,,North Riverdale
2244,Major Arterial,Etobicoke York,Intersection,No Control,Clear,"Dark, artificial",Dry,Non-Fatal Injury,Rear End,Passenger,30 to 34,Minor,,,,,,,,,,,,Yes,,,,Yes,Yes,Yes,,Yes,Pelmo Park-Humberlea
1501,Major Arterial,North York,Intersection,No Control,Clear,Daylight,Dry,Non-Fatal Injury,Pedestrian Collisions,Pedestrian,60 to 64,Major,West,,,Vehicle is going straight thru inter.while ped cross without ROW,Crossing without right of way,Normal,,,,Yes,,Yes,,,,,,,,,Lansing-Westgate
1059,Major Arterial,North York,Intersection,No Control,Clear,Daylight,Dry,Non-Fatal Injury,Turning Movement,Driver,50 to 54,,East,Stopped,Driving Properly,,,,,,,,,Yes,,,,Yes,,Yes,,,Bedford Park-Nortown
1309,Minor Arterial,Toronto and East York,Mid-Block,No Control,Clear,Daylight,Wet,Non-Fatal Injury,Pedestrian Collisions,Pedestrian,60 to 64,Major,West,Going Ahead,,Pedestrian hit at mid-block,Running onto Roadway,Normal,,,,Yes,,Yes,,,,Yes,,,,,North Riverdale
1634,Major Arterial,Etobicoke York,Intersection,No Control,Clear,Daylight,Dry,Fatal,Cyclist Collisions,Cyclist,50 to 54,Fatal,West,Unknown,,,,,"Cyclist without ROW rides into path of motorist at inter, lnwy, dwy-Cyclist not turn.",Lost control,Unknown,,Yes,Yes,,,,Yes,,,,,New Toronto
555,,Etobicoke York,Mid-Block,No Control,Clear,Daylight,Dry,Non-Fatal Injury,SMV Other,Motorcycle Driver,20 to 24,Major,East,Going Ahead,Speed too Fast For Condition,,,,,,,,,,Yes,,,,Yes,Yes,,,Mimico-Queensway
2244,Major Arterial,Etobicoke York,Intersection,No Control,Clear,"Dark, artificial",Dry,Non-Fatal Injury,Rear End,Passenger,25 to 29,Minor,,,,,,,,,,,,Yes,,,,Yes,Yes,Yes,,Yes,Pelmo Park-Humberlea
1605,Major Arterial,North York,Intersection,No Control,Clear,Dusk,Dry,Non-Fatal Injury,Pedestrian Collisions,Pedestrian,15 to 19,Major,South,,,Vehicle is going straight thru inter.while ped cross without ROW,Running onto Roadway,Inattentive,,,,Yes,,Yes,,,,Yes,,,,,Lansing-Westgate
1501,Major Arterial,North York,Intersection,No Control,Clear,Daylight,Dry,Non-Fatal Injury,Pedestrian Collisions,Driver,60 to 64,,North,Going Ahead,Driving Properly,,,,,,,Yes,,Yes,,,,,,,,,Lansing-Westgate
1059,Major Arterial,North York,Intersection,No Control,Clear,Daylight,Dry,Non-Fatal Injury,Turning Movement,Passenger,20 to 24,,,,,,,,,,,,,Yes,,,,Yes,,Yes,,,Bedford Park-Nortown
2245,Major Arterial,Etobicoke York,Mid-Block,No Control,Clear,"Dark, artificial",Wet,Non-Fatal Injury,Sideswipe,Driver,20 to 24,Major,North,Changing Lanes,Improper Lane Change,,,,,,,,,Yes,,Yes,,,,,,,Princess-Rosethorn
110,Major Arterial,Toronto and East York,Intersection,No Control,Clear,"Dark, artificial",Dry,Non-Fatal Injury,Rear End,Driver,25 to 29,,North,Slowing or Stopping,Following too Close,,,,,,,,,Yes,,,,Yes,,Yes,,,Forest Hill South
2244,Major Arterial,Etobicoke York,Intersection,No Control,Clear,"Dark, artificial",Dry,Non-Fatal Injury,Rear End,Passenger,55 to 59,Minor,,,,,,,,,,,,Yes,,,,Yes,Yes,Yes,,Yes,Pelmo Park-Humberlea
1605,Major Arterial,North York,Intersection,No Control,Clear,Dusk,Dry,Non-Fatal Injury,Pedestrian Collisions,Passenger,85 to 89,,,,,,,,,,,Yes,,Yes,,,,Yes,,,,,Lansing-Westgate
1630,Major Arterial,Toronto and East York,Intersection,Traffic Signal,Clear,Daylight,Dry,Non-Fatal Injury,Cyclist Collisions,Driver,50 to 54,,East,Going Ahead,Improper Passing,,,,,,,,Yes,Yes,,,,,,Yes,,,South Riverdale
1059,Major Arterial,North York,Intersection,No Control,Clear,Daylight,Dry,Non-Fatal Injury,Turning Movement,Passenger,30 to 34,,,,,,,,,,,,,Yes,,,,Yes,,Yes,,,Bedford Park-Nortown
2245,Major Arterial,Etobicoke York,Mid-Block,No Control,Clear,"Dark, artificial",Wet,Non-Fatal Injury,Sideswipe,Truck Driver,35 to 39,,North,Going Ahead,Driving Properly,,,,,,,,,Yes,,Yes,,,,,,,Princess-Rosethorn
926,Major Arterial,Scarborough,Intersection,,Other,Daylight,Other,Non-Fatal Injury,Other,Driver,70 to 74,Major,,Unknown,,,,,,,,,,Yes,,,,,,,,,Milliken
1630,Major Arterial,Toronto and East York,Intersection,Traffic Signal,Clear,Daylight,Dry,Non-Fatal Injury,Cyclist Collisions,Cyclist,40 to 44,Major,East,Going Ahead,,,,,Cyclist and Driver travelling in same direction. One vehicle sideswipes the other.,Driving Properly,Normal,,Yes,Yes,,,,,,Yes,,,South Riverdale
1605,Major Arterial,North York,Intersection,No Control,Clear,Dusk,Dry,Non-Fatal Injury,Pedestrian Collisions,Driver,35 to 39,,East,Going Ahead,Driving Properly,,,,,,,Yes,,Yes,,,,Yes,,,,,Lansing-Westgate
110,Major Arterial,Toronto and East York,Intersection,No Control,Clear,"Dark, artificial",Dry,Non-Fatal Injury,Rear End,Driver,50 to 54,,North,Stopped,Driving Properly,,,,,,,,,Yes,,,,Yes,,Yes,,,Forest Hill South
644,Major Arterial,Toronto and East York,Intersection,Stop Sign,Clear,Daylight,Dry,Non-Fatal Injury,Cyclist Collisions,Driver,25 to 29,,East,Turning Left,Failed to Yield Right of Way,,,,,,,,Yes,Yes,,,,Yes,,Yes,,,Woodbine Corridor
955,Minor Arterial,Toronto and East York,Intersection,Stop Sign,Clear,Daylight,Dry,Non-Fatal Injury,Pedestrian Collisions,Driver,25 to 29,,South,Turning Left,Improper Turn,,,,,,,Yes,,Yes,,,,,,,,,St Lawrence-East Bayfront-The Islands
926,Major Arterial,Scarborough,Intersection,,Other,Daylight,Other,Non-Fatal Injury,Other,Driver,30 to 34,,,Unknown,,,,,,,,,,Yes,,,,,,,,,Milliken
2134,Major Arterial,Scarborough,Mid-Block,No Control,Clear,"Dark, artificial",Slush,Non-Fatal Injury,Approaching,Driver,20 to 24,Major,East,Changing Lanes,Lost control,,,,,,,,,Yes,,,Yes,,,Yes,,,Woburn North
955,Minor Arterial,Toronto and East York,Intersection,Stop Sign,Clear,Daylight,Dry,Non-Fatal Injury,Pedestrian Collisions,Pedestrian,30 to 34,Major,North,,,Vehicle turns left while ped crosses with ROW at inter.,"Crossing, no Traffic Control",Normal,,,,Yes,,Yes,,,,,,,,,St Lawrence-East Bayfront-The Islands
2312,Major Arterial,North York,Intersection,Traffic Signal,Clear,"Dark, artificial",Dry,Non-Fatal Injury,Cyclist Collisions,Driver,25 to 29,,East,Going Ahead,Driving Properly,,,,,,,,Yes,Yes,,,,,,,,,Mount Pleasant East
1621,Major Arterial,Etobicoke York,Intersection,Traffic Signal,Rain,Daylight,Wet,Non-Fatal Injury,Rear End,Driver,70 to 74,Major,West,Going Ahead,Lost control,,,,,,,,,Yes,,,,,,,,,Mimico-Queensway
1705,Collector,North York,Mid-Block,No Control,Clear,"Dark, artificial",Dry,Non-Fatal Injury,Pedestrian Collisions,Pedestrian,35 to 39,Major,East,,,Pedestrian hit at private driveway,"Crossing, no Traffic Control",Normal,,,,Yes,,Yes,,,,,,Yes,,,Flemingdon Park
110,Major Arterial,Toronto and East York,Intersection,No Control,Clear,"Dark, artificial",Dry,Non-Fatal Injury,Rear End,Driver,35 to 39,Minimal,North,Stopped,Driving Properly,,,,,,,,,Yes,,,,Yes,,Yes,,,Forest Hill South
644,Major Arterial,Toronto and East York,Intersection,Stop Sign,Clear,Daylight,Dry,Non-Fatal Injury,Cyclist Collisions,Passenger,25 to 29,,,,,,,,,,,,Yes,Yes,,,,Yes,,Yes,,,Woodbine Corridor
1141,Major Arterial,Toronto and East York,Intersection,Traffic Signal,Clear,Daylight,Dry,Fatal,Pedestrian Collisions,Driver,35 to 39,,West,Going Ahead,Failed to Yield Right of Way,,,,,,,Yes,,,,,Yes,,,Yes,,,University
2303,Major Arterial,North York,Mid-Block,No Control,Clear,"Dark, artificial",Dry,Non-Fatal Injury,SMV Other,Driver,70 to 74,Major,West,Going Ahead,Lost control,,,,,,,,,Yes,,,,,,,,,Bayview Village
110,Major Arterial,Toronto and East York,Intersection,No Control,Clear,"Dark, artificial",Dry,Non-Fatal Injury,Rear End,Passenger,45 to 49,Major,,,,,,,,,,,,Yes,,,,Yes,,Yes,,,Forest Hill South
1621,Major Arterial,Etobicoke York,Intersection,Traffic Signal,Rain,Daylight,Wet,Non-Fatal Injury,Rear End,Driver,50 to 54,,West,Turning Right,Driving Properly,,,,,,,,,Yes,,,,,,,,,Mimico-Queensway
2312,Major Arterial,North York,Intersection,Traffic Signal,Clear,"Dark, artificial",Dry,Non-Fatal Injury,Cyclist Collisions,Cyclist,55 to 59,Major,South,Going Ahead,,,,,"Cyclist without ROW rides into path of motorist at inter, lnwy, dwy-Cyclist not turn.",Disobeyed Traffic Control,Normal,,Yes,Yes,,,,,,,,,Mount Pleasant East
1252,Local,Etobicoke York,Intersection,Stop Sign,Clear,Daylight,Dry,Non-Fatal Injury,Angle,Driver,35 to 39,,West,Going Ahead,Failed to Yield Right of Way,,,,,,,,,Yes,,,,Yes,,Yes,,,Long Branch
2140,Major Arterial,Toronto and East York,Intersection,Traffic Signal,Clear,"Dark, artificial",Dry,Non-Fatal Injury,Cyclist Collisions,Driver,15 to 19,,East,Changing Lanes,Improper Lane Change,,,,,,,,Yes,Yes,,,,,,,,,Wellington Place
2134,Major Arterial,Scarborough,Mid-Block,No Control,Clear,"Dark, artificial",Slush,Non-Fatal Injury,Approaching,Driver,40 to 44,,West,Going Ahead,Driving Properly,,,,,,,,,Yes,,,Yes,,,Yes,,,Woburn North
644,Major Arterial,Toronto and East York,Intersection,Stop Sign,Clear,Daylight,Dry,Non-Fatal Injury,Cyclist Collisions,Passenger,unknown,,,,,,,,,,,,Yes,Yes,,,,Yes,,Yes,,,Woodbine Corridor
1705,Collector,North York,Mid-Block,No Control,Clear,"Dark, artificial",Dry,Non-Fatal Injury,Pedestrian Collisions,Driver,45 to 49,,West,Turning Left,Failed to Yield Right of Way,,,,,,,Yes,,Yes,,,,,,Yes,,,Flemingdon Park