TIME,ROAD_CLASS,DISTRICT,LOCCOORD,TRAFFCTL,VISIBILITY,LIGHT,RDSFCOND,ACCLASS,IMPACTYPE,INVTYPE,INVAGE,INJURY,INITDIR,MANOEUVER,DRIVACT,PEDTYPE,PEDACT,PEDCOND,CYCLISTYPE,CYCACT,CYCCOND,PEDESTRIAN,CYCLIST,AUTOMOBILE,MOTORCYCLE,TRUCK,TRSN_CITY_VEH,PASSENGER,SPEEDING,AG_DRIV,REDLIGHT,ALCOHOL,NEIGHBOURHOOD_158
1410,Major Arterial,Toronto and East York,Intersection,Stop Sign,Rain,Daylight,Wet,Non-Fatal Injury,Turning Movement,Driver,80 to 84,Major,West,Turning Left,Failed to Yield Right of Way,,,,,,,,,Yes,,,,,,Yes,,,Clairlea-Birchmount
2330,Collector,Scarborough,Intersection,No Control,Rain,Dark,Wet,Non-Fatal Injury,Pedestrian Collisions,Pedestrian,40 to 44,Major,East,,,Vehicle turns left while ped crosses with ROW at inter.,Crossing with right of way,Normal,,,,Yes,,,,,,,,,,,Morningside
827,Minor Arterial,Toronto and East York,Mid-Block,No Control,Rain,Daylight,Wet,Fatal,SMV Other,Motorcycle Driver,45 to 49,Fatal,North,Going Ahead,Driving Properly,,,,,,,,,,Yes,,,,,,,,North Riverdale
1050,Major Arterial,Toronto and East York,Intersection,Traffic Signal,Clear,Daylight,Dry,Fatal,Pedestrian Collisions,Pedestrian,90 to 94,Fatal,North,,,Vehicle turns left while ped crosses with ROW at inter.,Crossing with right of way,Normal,,,,Yes,,Yes,,,,,,Yes,,,South Riverdale
1618,Major Arterial,North York,Intersection,Traffic Signal,Clear,Daylight,Dry,Fatal,Pedestrian Collisions,Passenger,20 to 24,Major,,,,,,,,,,Yes,,Yes,,,,Yes,,Yes,Yes,,Newtonbrook East
2035,Major Arterial,North York,Intersection,No Control,Clear,"Dark, artificial",Dry,Non-Fatal Injury,SMV Other,Passenger,30 to 34,Major,,,,,,,,,,,,Yes,,,,Yes,,,,Yes,Bedford Park-Nortown
1005,Major Arterial,North York,Intersection,Traffic Signal,Clear,Daylight,Dry,Non-Fatal Injury,Turning Movement,Passenger,15 to 19,Minor,,,,,,,,,,,,Yes,,,,Yes,Yes,Yes,,,Westminster-Branson
1908,Major Arterial,Toronto and East York,Intersection,Traffic Signal,Rain,Dusk,Wet,Non-Fatal Injury,Pedestrian Collisions,Driver,30 to 34,,North,Turning Left,Failed to Yield Right of Way,,,,,,,Yes,,Yes,,,,,,Yes,,,Roncesvalles
1908,Major Arterial,Toronto and East York,Intersection,Traffic Signal,Rain,Dusk,Wet,Non-Fatal Injury,Pedestrian Collisions,Pedestrian,40 to 44,Major,South,,,Vehicle turns left while ped crosses with ROW at inter.,Crossing with right of way,Unknown,,,,Yes,,Yes,,,,,,Yes,,,Roncesvalles
710,Collector,Etobicoke York,Mid-Block,No Control,Clear,"Dawn, artificial",Dry,Non-Fatal Injury,SMV Other,Driver,30 to 34,Major,West,Going Ahead,Speed too Fast For Condition,,,,,,,,,Yes,,,,,Yes,Yes,,,Mimico-Queensway
1410,Major Arterial,Toronto and East York,Intersection,Stop Sign,Rain,Daylight,Wet,Non-Fatal Injury,Turning Movement,Driver,60 to 64,Minor,North,Going Ahead,Driving Properly,,,,,,,,,Yes,,,,,,Yes,,,Clairlea-Birchmount
1618,Major Arterial,North York,Intersection,Traffic Signal,Clear,Daylight,Dry,Fatal,Pedestrian Collisions,Driver,20 to 24,,North,Turning Left,Driving Properly,,,,,,,Yes,,Yes,,,,Yes,,Yes,Yes,,Newtonbrook East
1327,Major Arterial,Toronto and East York,Intersection,Traffic Signal,Clear,Daylight,Dry,Non-Fatal Injury,Rear End,Driver,45 to 49,,West,Going Ahead,Following too Close,,,,,,,,,Yes,,,,Yes,,Yes,,,North St.James Town
1800,Major Arterial,Etobicoke York,Intersection,No Control,Clear,Daylight,Dry,Non-Fatal Injury,Pedestrian Collisions,Driver,30 to 34,,West,Going Ahead,Driving Properly,,,,,,,Yes,,Yes,,,,,,,,,Weston
1005,Major Arterial,North York,Intersection,Traffic Signal,Clear,Daylight,Dry,Non-Fatal Injury,Turning Movement,Passenger,15 to 19,Minor,,,,,,,,,,,,Yes,,,,Yes,Yes,Yes,,,Westminster-Branson
1327,Major Arterial,Toronto and East York,Intersection,Traffic Signal,Clear,Daylight,Dry,Non-Fatal Injury,Rear End,Driver,65 to 69,,West,Going Ahead,Driving Properly,,,,,,,,,Yes,,,,Yes,,Yes,,,North St.James Town
1800,Major Arterial,Etobicoke York,Intersection,No Control,Clear,Daylight,Dry,Non-Fatal Injury,Pedestrian Collisions,Pedestrian,80 to 84,Major,South,,,Pedestrian hit at mid-block,Coming From Behind Parked Vehicle,Normal,,,,Yes,,Yes,,,,,,,,,Weston
1836,Minor Arterial,North York,Intersection,Traffic Signal,Clear,"Dark, artificial",Dry,Non-Fatal Injury,Pedestrian Collisions,Driver,unknown,,South,Turning Right,Failed to Yield Right of Way,,,,,,,Yes,,Yes,,,,,,Yes,,,Flemingdon Park
1618,Major Arterial,North York,Intersection,Traffic Signal,Clear,Daylight,Dry,Fatal,Pedestrian Collisions,Passenger,20 to 24,,,,,,,,,,,Yes,,Yes,,,,Yes,,Yes,Yes,,Newtonbrook East
1518,Local,Etobicoke York,Mid-Block,No Control,Clear,Daylight,Ice,Non-Fatal Injury,Pedestrian Collisions,Truck Driver,35 to 39,,East,Going Ahead,Other,,,,,,,Yes,,,,Yes,,,,,,,Edenbridge-Humber Valley
311,Major Arterial,Toronto and East York,Mid-Block,Pedestrian Crossover,Clear,"Dark, artificial",Dry,Non-Fatal Injury,Sideswipe,Motorcycle Driver,25 to 29,Major,East,Other,Improper Lane Change,,,,,,,,,,Yes,,,,,,,,Wellington Place
737,Major Arterial,North York,Intersection,Traffic Signal,Clear,Daylight,Dry,Non-Fatal Injury,Turning Movement,Driver,60 to 64,,West,Turning Left,Failed to Yield Right of Way,,,,,,,,,Yes,,,,Yes,,Yes,,,Bathurst Manor
1005,Major Arterial,North York,Intersection,Traffic Signal,Clear,Daylight,Dry,Non-Fatal Injury,Turning Movement,Passenger,15 to 19,Minor,,,,,,,,,,,,Yes,,,,Yes,Yes,Yes,,,Westminster-Branson
311,Major Arterial,Toronto and East York,Mid-Block,Pedestrian Crossover,Clear,"Dark, artificial",Dry,Non-Fatal Injury,Sideswipe,Motorcycle Driver,30 to 34,Major,East,Going Ahead,Driving Properly,,,,,,,,,,Yes,,,,,,,,Wellington Place
1327,Major Arterial,Toronto and East York,Intersection,Traffic Signal,Clear,Daylight,Dry,Non-Fatal Injury,Rear End,Driver,35 to 39,,West,Going Ahead,Driving Properly,,,,,,,,,Yes,,,,Yes,,Yes,,,North St.James Town
1830,Major Arterial,Toronto and East York,Intersection,Stop Sign,Clear,Daylight,Dry,Non-Fatal Injury,Cyclist Collisions,Vehicle Owner,unknown,,,,,,,,,,,,Yes,Yes,,,,,,Yes,,,Trinity-Bellwoods
1836,Minor Arterial,North York,Intersection,Traffic Signal,Clear,"Dark, artificial",Dry,Non-Fatal Injury,Pedestrian Collisions,Pedestrian,60 to 64,Major,South,,,Vehicle turns right while ped crosses with ROW at inter.,Crossing with right of way,Normal,,,,Yes,,Yes,,,,,,Yes,,,Flemingdon Park
1618,Major Arterial,North York,Intersection,Traffic Signal,Clear,Daylight,Dry,Fatal,Pedestrian Collisions,Pedestrian,40 to 44,Fatal,South,,,Pedestrian hit on sidewalk or shoulder,On Sidewalk or Shoulder,Unknown,,,,Yes,,Yes,,,,Yes,,Yes,Yes,,Newtonbrook East
1518,Local,Etobicoke York,Mid-Block,No Control,Clear,Daylight,Ice,Non-Fatal Injury,Pedestrian Collisions,Pedestrian,20 to 24,Major,East,,,Pedestrian hit at mid-block,Walking on Roadway with Traffic,Normal,,,,Yes,,,,Yes,,,,,,,Edenbridge-Humber Valley
1005,Major Arterial,North York,Intersection,Traffic Signal,Clear,Daylight,Dry,Non-Fatal Injury,Turning Movement,Passenger,15 to 19,Minor,,,,,,,,,,,,Yes,,,,Yes,Yes,Yes,,,Westminster-Branson
2020,Major Arterial,Scarborough,Intersection,No Control,Rain,"Dark, artificial",Wet,Non-Fatal Injury,Pedestrian Collisions,Driver,unknown,,West,Going Ahead,Driving Properly,,,,,,,Yes,,Yes,,,,,,,,,Kennedy Park
1327,Major Arterial,Toronto and East York,Intersection,Traffic Signal,Clear,Daylight,Dry,Non-Fatal Injury,Rear End,Passenger,40 to 44,Major,,,,,,,,,,,,Yes,,,,Yes,,Yes,,,North St.James Town
1050,Minor Arterial,Scarborough,Mid-Block,No Control,Clear,Daylight,Dry,Non-Fatal Injury,Cyclist Collisions,Driver,70 to 74,,South,Going Ahead,Failed to Yield Right of Way,,,,,,,,Yes,Yes,,,,,,Yes,,,Centennial Scarborough
2022,Major Arterial,Toronto and East York,Intersection,Traffic Signal,Clear,Dark,Dry,Non-Fatal Injury,Sideswipe,Driver,25 to 29,Minimal,West,Changing Lanes,Improper Lane Change,,,,,,,,,Yes,,,,Yes,,,,,St Lawrence-East Bayfront-The Islands
1830,Major Arterial,Toronto and East York,Intersection,Stop Sign,Clear,Daylight,Dry,Non-Fatal Injury,Cyclist Collisions,Driver,25 to 29,,South,Turning Left,Failed to Yield Right of Way,,,,,,,,Yes,Yes,,,,,,Yes,,,Trinity-Bellwoods
1929,Major Arterial,Scarborough,Intersection,Traffic Signal,Clear,"Dark, artificial",Dry,Non-Fatal Injury,Turning Movement,Driver,20 to 24,Major,South,Turning Left,Failed to Yield Right of Way,,,,,,,,,Yes,,,,,,Yes,,,Tam O'Shanter-Sullivan
737,Major Arterial,North York,Intersection,Traffic Signal,Clear,Daylight,Dry,Non-Fatal Injury,Turning Movement,Driver,20 to 24,Minimal,West,Stopped,Driving Properly,,,,,,,,,Yes,,,,Yes,,Yes,,,Bathurst Manor
2020,Major Arterial,Scarborough,Intersection,No Control,Rain,"Dark, artificial",Wet,Non-Fatal Injury,Pedestrian Collisions,Pedestrian,50 to 54,Major,West,,,Pedestrian hit at mid-block,"Crossing, no Traffic Control",Had Been Drinking,,,,Yes,,Yes,,,,,,,,,Kennedy Park
737,Major Arterial,North York,Intersection,Traffic Signal,Clear,Daylight,Dry,Non-Fatal Injury,Turning Movement,Driver,60 to 64,,West,Stopped,Driving Properly,,,,,,,,,Yes,,,,Yes,,Yes,,,Bathurst Manor
1327,Major Arterial,Toronto and East York,Intersection,Traffic Signal,Clear,Daylight,Dry,Non-Fatal Injury,Rear End,Passenger,60 to 64,Minor,,,,,,,,,,,,Yes,,,,Yes,,Yes,,,North St.James Town
1050,Minor Arterial,Scarborough,Mid-Block,No Control,Clear,Daylight,Dry,Non-Fatal Injury,Cyclist Collisions,Cyclist,15 to 19,Major,East,Going Ahead,,,,,"Motorist without ROW drives into path of cyclist at inter, lnwy, dwy-Driver not turn.",Driving Properly,Normal,,Yes,Yes,,,,,,Yes,,,Centennial Scarborough
2022,Major Arterial,Toronto and East York,Intersection,Traffic Signal,Clear,Dark,Dry,Non-Fatal Injury,Sideswipe,Driver,45 to 49,Minimal,West,Going Ahead,Driving Properly,,,,,,,,,Yes,,,,Yes,,,,,St Lawrence-East Bayfront-The Islands
1830,Major Arterial,Toronto and East York,Intersection,Stop Sign,Clear,Daylight,Dry,Non-Fatal Injury,Cyclist Collisions,Cyclist,40 to 44,Major,West,Going Ahead,,,,,Motorist turned left across cyclists path.,Driving Properly,Normal,,Yes,Yes,,,,,,Yes,,,Trinity-Bellwoods
1929,Major Arterial,Scarborough,Intersection,Traffic Signal,Clear,"Dark, artificial",Dry,Non-Fatal Injury,Turning Movement,Driver,15 to 19,,North,Going Ahead,Driving Properly,,,,,,,,,Yes,,,,,,Yes,,,Tam O'Shanter-Sullivan
1600,Major Arterial,North York,Intersection,Traffic Signal,Clear,Daylight,Dry,Non-Fatal Injury,Cyclist Collisions,Driver,40 to 44,,East,Turning Right,Failed to Yield Right of Way,,,,,,,,Yes,Yes,,,,,,Yes,,,York University Heights
1820,Major Arterial,North York,Intersection,Traffic Signal,Clear,"Dark, artificial",Dry,Non-Fatal Injury,Pedestrian Collisions,Driver,60 to 64,,East,Turning Left,Failed to Yield Right of Way,,,,,,,Yes,,Yes,,,,,,Yes,,,Clairlea-Birchmount
422,,Toronto and East York,,Yield Sign,Clear,Dark,Dry,Non-Fatal Injury,SMV Other,Passenger,unknown,Minor,,,,,,,,,,,,Yes,,,,Yes,,,,Yes,Broadview North
2022,Major Arterial,Toronto and East York,Intersection,Traffic Signal,Clear,Dark,Dry,Non-Fatal Injury,Sideswipe,Passenger,60 to 64,Minimal,,,,,,,,,,,,Yes,,,,Yes,,,,,St Lawrence-East Bayfront-The Islands
1528,Major Arterial,Etobicoke York,Intersection,Traffic Signal,Clear,Daylight,Dry,Non-Fatal Injury,Pedestrian Collisions,Driver,20 to 24,,South,Turning Left,Driving Properly,,,,,,,Yes,,Yes,,,,Yes,,Yes,Yes,,Rockcliffe-Smythe
1600,Major Arterial,North York,Intersection,Traffic Signal,Clear,Daylight,Dry,Non-Fatal Injury,Cyclist Collisions,Cyclist,55 to 59,Major,North,Going Ahead,,,,,Motorist turning right on red at signalized intersection strikes cyclist.,Driving Properly,Normal,,Yes,Yes,,,,,,Yes,,,York University Heights
737,Major Arterial,North York,Intersection,Traffic Signal,Clear,Daylight,Dry,Non-Fatal Injury,Turning Movement,Passenger,20 to 24,Major,,,,,,,,,,,,Yes,,,,Yes,,Yes,,,Bathurst Manor
935,Major Arterial,Toronto and East York,Intersection,Traffic Signal,Clear,Daylight,Dry,Non-Fatal Injury,Pedestrian Collisions,Driver,55 to 59,,South,Turning Left,Failed to Yield Right of Way,,,,,,,Yes,,Yes,,,,,,Yes,,,Annex
2022,Major Arterial,Toronto and East York,Intersection,Traffic Signal,Clear,Dark,Dry,Non-Fatal Injury,Sideswipe,Passenger,30 to 34,,,,,,,,,,,,,Yes,,,,Yes,,,,,St Lawrence-East Bayfront-The Islands
1528,Major Arterial,Etobicoke York,Intersection,Traffic Signal,Clear,Daylight,Dry,Non-Fatal Injury,Pedestrian Collisions,Driver,65 to 69,,North,Going Ahead,Disobeyed Traffic Control,,,,,,,Yes,,Yes,,,,Yes,,Yes,Yes,,Rockcliffe-Smythe
1930,Minor Arterial,Toronto and East York,Intersection,No Control,Clear,Daylight,Dry,Non-Fatal Injury,Cyclist Collisions,Passenger,25 to 29,,,,,,,,,,,,Yes,Yes,,,,Yes,,Yes,,,Trinity-Bellwoods
737,Major Arterial,North York,Intersection,Traffic Signal,Clear,Daylight,Dry,Non-Fatal Injury,Turning Movement,Passenger,40 to 44,,,,,,,,,,,,,Yes,,,,Yes,,Yes,,,Bathurst Manor
935,Major Arterial,Toronto and East York,Intersection,Traffic Signal,Clear,Daylight,Dry,Non-Fatal Injury,Pedestrian Collisions,Pedestrian,60 to 64,Major,North,,,Vehicle turns left while ped crosses with ROW at inter.,Crossing with right of way,Normal,,,,Yes,,Yes,,,,,,Yes,,,Annex
1729,Major Arterial,Toronto and East York,Mid-Block,No Control,Clear,Daylight,Dry,Non-Fatal Injury,Pedestrian Collisions,Driver,20 to 24,,South,Going Ahead,Driving Properly,,,,,,,Yes,,Yes,,,,Yes,,,,,Downtown Yonge East
2022,Major Arterial,Toronto and East York,Intersection,Traffic Signal,Clear,Dark,Dry,Non-Fatal Injury,Sideswipe,Passenger,55 to 59,Major,,,,,,,,,,,,Yes,,,,Yes,,,,,St Lawrence-East Bayfront-The Islands
422,,Toronto and East York,,Yield Sign,Clear,Dark,Dry,Non-Fatal Injury,SMV Other,Driver,30 to 34,Major,North,Merging,,,,,,,,,,Yes,,,,Yes,,,,Yes,Broadview North
2334,Major Arterial,Toronto and East York,Intersection,Traffic Signal,Clear,"Dark, artificial",Dry,Non-Fatal Injury,Other,Driver,40 to 44,,South,Turning Right,Driving Properly,,,,,,,,,,,,Yes,Yes,,,,,Moss Park
1930,Minor Arterial,Toronto and East York,Intersection,No Control,Clear,Daylight,Dry,Non-Fatal Injury,Cyclist Collisions,Driver,20 to 24,,West,Turning Left,Failed to Yield Right of Way,,,,,,,,Yes,Yes,,,,Yes,,Yes,,,Trinity-Bellwoods
1729,Major Arterial,Toronto and East York,Mid-Block,No Control,Clear,Daylight,Dry,Non-Fatal Injury,Pedestrian Collisions,Passenger,60 to 64,,,,,,,,,,,Yes,,Yes,,,,Yes,,,,,Downtown Yonge East
1136,Minor Arterial,Toronto and East York,Intersection,Traffic Signal,Clear,Daylight,Dry,Non-Fatal Injury,Pedestrian Collisions,Driver,75 to 79,,West,Turning Left,Failed to Yield Right of Way,,,,,,,Yes,,Yes,,,,,,Yes,,,St Lawrence-East Bayfront-The Islands
2334,Major Arterial,Toronto and East York,Intersection,Traffic Signal,Clear,"Dark, artificial",Dry,Non-Fatal Injury,Other,Passenger,25 to 29,Major,,,,,,,,,,,,,,,Yes,Yes,,,,,Moss Park
1930,Minor Arterial,Toronto and East York,Intersection,No Control,Clear,Daylight,Dry,Non-Fatal Injury,Cyclist Collisions,Cyclist,25 to 29,Major,East,Going Ahead,,,,,Motorist turned left across cyclists path.,Driving Properly,Normal,,Yes,Yes,,,,Yes,,Yes,,,Trinity-Bellwoods
1327,Minor Arterial,Toronto and East York,Mid-Block,No Control,Clear,Daylight,Dry,Non-Fatal Injury,Pedestrian Collisions,Driver,25 to 29,Minimal,East,Going Ahead,Speed too Fast For Condition,,,,,,,Yes,,Yes,,,,,Yes,Yes,,,The Beaches
1729,Major Arterial,Toronto and East York,Mid-Block,No Control,Clear,Daylight,Dry,Non-Fatal Injury,Pedestrian Collisions,Pedestrian,45 to 49,Major,East,,,Pedestrian hit at mid-block,Running onto Roadway,Normal,,,,Yes,,Yes,,,,Yes,,,,,Downtown Yonge East
2134,Major Arterial,North York,Intersection,No Control,Clear,"Dark, artificial",Dry,Non-Fatal Injury,Other,Driver,30 to 34,,South,Pulling Away from Shoulder or Curb,Driving Properly,,,,,,,,,,,,Yes,Yes,,,,,Bedford Park-Nortown
1136,Minor Arterial,Toronto and East York,Intersection,Traffic Signal,Clear,Daylight,Dry,Non-Fatal Injury,Pedestrian Collisions,Pedestrian,80 to 84,Major,East,,,Vehicle turns left while ped crosses with ROW at inter.,Crossing with right of way,Normal,,,,Yes,,Yes,,,,,,Yes,,,St Lawrence-East Bayfront-The Islands
2134,Major Arterial,North York,Intersection,No Control,Clear,"Dark, artificial",Dry,Non-Fatal Injury,Other,Passenger,85 to 89,Major,,,,,,,,,,,,,,,Yes,Yes,,,,,Bedford Park-Nortown
610,Major Arterial,Etobicoke York,Intersection,Traffic Signal,Clear,Daylight,Dry,Fatal,Rear End,Driver,60 to 64,Minor,South,Going Ahead,Other,,,,,,,,,Yes,,,,,,,,,West Humber-Clairville
1305,Major Arterial,Scarborough,Intersection,Traffic Signal,Clear,Daylight,Dry,Non-Fatal Injury,Turning Movement,Passenger,55 to 59,Major,,,,,,,,,,,,Yes,,,,Yes,,Yes,,,Wexford/Maryvale
1836,Minor Arterial,Etobicoke York,Intersection,Traffic Signal,Clear,Daylight,Dry,Non-Fatal Injury,Turning Movement,Driver,50 to 54,,North,Turning Left,Failed to Yield Right of Way,,,,,,,,,Yes,,,,Yes,,Yes,,,Edenbridge-Humber Valley
1305,Major Arterial,Scarborough,Intersection,Traffic Signal,Clear,Daylight,Dry,Non-Fatal Injury,Turning Movement,Driver,40 to 44,Minor,South,Turning Left,Failed to Yield Right of Way,,,,,,,,,Yes,,,,Yes,,Yes,,,Wexford/Maryvale
1836,Minor Arterial,Etobicoke York,Intersection,Traffic Signal,Clear,Daylight,Dry,Non-Fatal Injury,Turning Movement,Driver,65 to 69,Major,South,Going Ahead,Driving Properly,,,,,,,,,Yes,,,,Yes,,Yes,,,Edenbridge-Humber Valley
610,Major Arterial,Etobicoke York,Intersection,Traffic Signal,Clear,Daylight,Dry,Fatal,Rear End,Driver,35 to 39,Minor,South,Stopped,Driving Properly,,,,,,,,,Yes,,,,,,,,,West Humber-Clairville
1836,Minor Arterial,Etobicoke York,Intersection,Traffic Signal,Clear,Daylight,Dry,Non-Fatal Injury,Turning Movement,Passenger,65 to 69,Minor,,,,,,,,,,,,Yes,,,,Yes,,Yes,,,Edenbridge-Humber Valley
610,Major Arterial,Etobicoke York,Intersection,Traffic Signal,Clear,Daylight,Dry,Fatal,Rear End,Driver,30 to 34,Minor,South,Stopped,Driving Properly,,,,,,,,,Yes,,,,,,,,,West Humber-Clairville
1720,Major Arterial,Toronto and East York,Intersection,Traffic Signal,Clear,Daylight,Dry,Non-Fatal Injury,Cyclist Collisions,Truck Driver,60 to 64,,East,Going Ahead,Following too Close,,,,,,,,Yes,,,Yes,,,,Yes,,,Yonge-Bay Corridor
610,Major Arterial,Etobicoke York,Intersection,Traffic Signal,Clear,Daylight,Dry,Fatal,Rear End,Driver,30 to 34,,South,Stopped,Driving Properly,,,,,,,,,Yes,,,,,,,,,West Humber-Clairville
1720,Major Arterial,Toronto and East York,Intersection,Traffic Signal,Clear,Daylight,Dry,Non-Fatal Injury,Cyclist Collisions,Cyclist,15 to 19,Major,East,Going Ahead,,,,,Cyclist and Driver travelling in same direction. One vehicle rear-ended the other.,Driving Properly,Unknown,,Yes,,,Yes,,,,Yes,,,Yonge-Bay Corridor
610,Major Arterial,Etobicoke York,Intersection,Traffic Signal,Clear,Daylight,Dry,Fatal,Rear End,Driver,50 to 54,,South,Stopped,Driving Properly,,,,,,,,,Yes,,,,,,,,,West Humber-Clairville
100,Major Arterial,Toronto and East York,Intersection,No Control,Rain,Dark,Wet,Non-Fatal Injury,SMV Unattended Vehicle,Driver,45 to 49,Major,West,Going Ahead,Lost control,,,,,,,,,Yes,,,,,,Yes,,,The Beaches
1524,Major Arterial,Etobicoke York,Intersection,Stop Sign,Clear,Daylight,Dry,Non-Fatal Injury,Cyclist Collisions,Driver,50 to 54,,East,Going Ahead,Driving Properly,,,,,,,,Yes,Yes,,,,,,,,,Pelmo Park-Humberlea
1402,Local,Scarborough,Intersection,Stop Sign,Clear,Daylight,Dry,Non-Fatal Injury,SMV Other,Driver,20 to 24,Minimal,South,Turning Left,Lost control,,,,,,,,,Yes,,,,Yes,Yes,Yes,,,East L'Amoreaux
1402,Local,Scarborough,Intersection,Stop Sign,Clear,Daylight,Dry,Non-Fatal Injury,SMV Other,Passenger,15 to 19,Major,,,,,,,,,,,,Yes,,,,Yes,Yes,Yes,,,East L'Amoreaux
2307,Major Arterial,Etobicoke York,Intersection,Traffic Signal,Clear,"Dark, artificial",Dry,Non-Fatal Injury,Pedestrian Collisions,Driver,20 to 24,Minor,East,Going Ahead,Driving Properly,,,,,,,Yes,,Yes,,,,,,Yes,,,Junction Area
1402,Local,Scarborough,Intersection,Stop Sign,Clear,Daylight,Dry,Non-Fatal Injury,SMV Other,Passenger,15 to 19,,,,,,,,,,,,,Yes,,,,Yes,Yes,Yes,,,East L'Amoreaux
2307,Major Arterial,Etobicoke York,Intersection,Traffic Signal,Clear,"Dark, artificial",Dry,Non-Fatal Injury,Pedestrian Collisions,Pedestrian,15 to 19,Major,Unknown,,,Vehicle is going straight thru inter.while ped cross without ROW,Crossing without right of way,Inattentive,,,,Yes,,Yes,,,,,,Yes,,,Junction Area
1402,Local,Scarborough,Intersection,Stop Sign,Clear,Daylight,Dry,Non-Fatal Injury,SMV Other,Passenger,15 to 19,,,,,,,,,,,,,Yes,,,,Yes,Yes,Yes,,,East L'Amoreaux
1047,Minor Arterial,Etobicoke York,Intersection,Traffic Signal,Clear,Daylight,Dry,Non-Fatal Injury,Approaching,Driver,60 to 64,Major,South,Going Ahead,Lost control,,,,,,,,,Yes,,,,Yes,,,,,Keelesdale-Eglinton West
1715,Collector,Etobicoke York,Mid-Block,No Control,Clear,Daylight,Dry,Non-Fatal Injury,Rear End,Driver,40 to 44,,North,Going Ahead,Following too Close,,,,,,,,,Yes,,,,,,Yes,,,Humber Summit
1047,Minor Arterial,Etobicoke York,Intersection,Traffic Signal,Clear,Daylight,Dry,Non-Fatal Injury,Approaching,Driver,30 to 34,,North,Stopped,Driving Properly,,,,,,,,,Yes,,,,Yes,,,,,Keelesdale-Eglinton West
1715,Collector,Etobicoke York,Mid-Block,No Control,Clear,Daylight,Dry,Non-Fatal Injury,Rear End,Driver,55 to 59,Major,North,Slowing or Stopping,Driving Properly,,,,,,,,,Yes,,,,,,Yes,,,Humber Summit
648,Minor Arterial,Scarborough,Intersection,Traffic Signal,Clear,Daylight,Dry,Non-Fatal Injury,Pedestrian Collisions,Driver,60 to 64,,North,Going Ahead,Driving Properly,,,,,,,Yes,,Yes,,,,,,,,,Malvern West
648,Minor Arterial,Scarborough,Intersection,Traffic Signal,Clear,Daylight,Dry,Non-Fatal Injury,Pedestrian Collisions,Pedestrian,65 to 69,Major,West,,,Vehicle is going straight thru inter.while ped cross without ROW,Crossing without right of way,Normal,,,,Yes,,Yes,,,,,,,,,Malvern West
1018,Major Arterial,Toronto and East York,Intersection,Traffic Controller,Clear,Daylight,Dry,Non-Fatal Injury,Pedestrian Collisions,Driver,85 to 89,,South,Going Ahead,Driving Properly,,,,,,,Yes,,Yes,,,,,,,,,Clairlea-Birchmount
1018,Major Arterial,Toronto and East York,Intersection,Traffic Controller,Clear,Daylight,Dry,Non-Fatal Injury,Pedestrian Collisions,Pedestrian,70 to 74,Major,East,,,Vehicle is going straight thru inter.while ped cross without ROW,Crossing without right of way,Normal,,,,Yes,,Yes,,,,,,,,,Clairlea-Birchmount
1256,Minor Arterial,Toronto and East York,Intersection,Stop Sign,Clear,Daylight,Dry,Non-Fatal Injury,Pedestrian Collisions,Driver,60 to 64,,West,Turning Left,Failed to Yield Right of Way,,,,,,,Yes,,Yes,,,,,,Yes,,,North Riverdale
1256,Minor Arterial,Toronto and East York,Intersection,Stop Sign,Clear,Daylight,Dry,Non-Fatal Injury,Pedestrian Collisions,Pedestrian,90 to 94,Major,East,,,Vehicle turns left while ped crosses with ROW at inter.,"Crossing, no Traffic Control",Normal,,,,Yes,,Yes,,,,,,Yes,,,North Riverdale
1804,Collector,Scarborough,Intersection,No Control,Clear,Daylight,Dry,Non-Fatal Injury,SMV Other,Driver,15 to 19,,North,Going Ahead,Lost control,,,,,,,,,Yes,,,,Yes,Yes,Yes,,,Malvern East
1804,Collector,Scarborough,Intersection,No Control,Clear,Daylight,Dry,Non-Fatal Injury,SMV Other,Passenger,15 to 19,Major,,,,,,,,,,,,Yes,,,,Yes,Yes,Yes,,,Malvern East
1810,Collector,North York,Mid-Block,No Control,Clear,Daylight,Dry,Non-Fatal Injury,SMV Other,Driver,25 to 29,Major,South,Going Ahead,Speed too Fast For Condition,,,,,,,,,,,,,,Yes,Yes,,,Parkwoods-O'Connor Hills
0,Major Arterial,Scarborough,Intersection,Traffic Signal,Clear,Dark,Dry,Non-Fatal Injury,Turning Movement,Driver,15 to 19,Minimal,North,Turning Left,Improper Turn,,,,,,,,,Yes,,,,Yes,,,,,Agincourt North
0,Major Arterial,Scarborough,Intersection,Traffic Signal,Clear,Dark,Dry,Non-Fatal Injury,Turning Movement,Driver,25 to 29,Minimal,South,Going Ahead,Driving Properly,,,,,,,,,Yes,,,,Yes,,,,,Agincourt North