TIME,ROAD_CLASS,DISTRICT,LOCCOORD,TRAFFCTL,VISIBILITY,LIGHT,RDSFCOND,ACCLASS,IMPACTYPE,INVTYPE,INVAGE,INJURY,INITDIR,MANOEUVER,DRIVACT,PEDTYPE,PEDACT,PEDCOND,CYCLISTYPE,CYCACT,CYCCOND,PEDESTRIAN,CYCLIST,AUTOMOBILE,MOTORCYCLE,TRUCK,TRSN_CITY_VEH,PASSENGER,SPEEDING,AG_DRIV,REDLIGHT,ALCOHOL,NEIGHBOURHOOD_158
0,Major Arterial,Scarborough,Intersection,Traffic Signal,Clear,Dark,Dry,Non-Fatal Injury,Turning Movement,Passenger,20 to 24,Minimal,,,,,,,,,,,,Yes,,,,Yes,,,,,Agincourt North
0,Major Arterial,Scarborough,Intersection,Traffic Signal,Clear,Dark,Dry,Non-Fatal Injury,Turning Movement,Passenger,15 to 19,Major,,,,,,,,,,,,Yes,,,,Yes,,,,,Agincourt North
40,Major Arterial,Etobicoke York,Intersection,Traffic Signal,Clear,"Dark, artificial",Dry,Non-Fatal Injury,Pedestrian Collisions,Driver,55 to 59,,South,Turning Left,Failed to Yield Right of Way,,,,,,,Yes,,Yes,,,,,,Yes,,,West Humber-Clairville
40,Major Arterial,Etobicoke York,Intersection,Traffic Signal,Clear,"Dark, artificial",Dry,Non-Fatal Injury,Pedestrian Collisions,Pedestrian,25 to 29,Major,North,,,Vehicle turns left while ped crosses with ROW at inter.,Crossing with right of way,Normal,,,,Yes,,Yes,,,,,,Yes,,,West Humber-Clairville
1637,Major Arterial,Scarborough,Mid-Block,No Control,Clear,Daylight,Dry,Non-Fatal Injury,Approaching,Driver,40 to 44,Minimal,North,Going Ahead,Lost control,,,,,,,,,Yes,,,,Yes,,,,,Agincourt North
1637,Major Arterial,Scarborough,Mid-Block,No Control,Clear,Daylight,Dry,Non-Fatal Injury,Approaching,Driver,55 to 59,Minor,South,Going Ahead,Driving Properly,,,,,,,,,Yes,,,,Yes,,,,,Agincourt North
1637,Major Arterial,Scarborough,Mid-Block,No Control,Clear,Daylight,Dry,Non-Fatal Injury,Approaching,Passenger,55 to 59,Major,,,,,,,,,,,,Yes,,,,Yes,,,,,Agincourt North
1341,Minor Arterial,Scarborough,Mid-Block,No Control,Clear,Daylight,Dry,Non-Fatal Injury,Turning Movement,Driver,40 to 44,,North,Turning Left,Failed to Yield Right of Way,,,,,,,,,Yes,,,,Yes,,Yes,,,Morningside Heights
1341,Minor Arterial,Scarborough,Mid-Block,No Control,Clear,Daylight,Dry,Non-Fatal Injury,Turning Movement,Driver,70 to 74,Minimal,West,Going Ahead,Driving Properly,,,,,,,,,Yes,,,,Yes,,Yes,,,Morningside Heights
1341,Minor Arterial,Scarborough,Mid-Block,No Control,Clear,Daylight,Dry,Non-Fatal Injury,Turning Movement,Passenger,15 to 19,,,,,,,,,,,,,Yes,,,,Yes,,Yes,,,Morningside Heights
1341,Minor Arterial,Scarborough,Mid-Block,No Control,Clear,Daylight,Dry,Non-Fatal Injury,Turning Movement,Passenger,65 to 69,Major,,,,,,,,,,,,Yes,,,,Yes,,Yes,,,Morningside Heights
1649,Major Arterial,North York,Intersection,Traffic Signal,Clear,Daylight,Dry,Non-Fatal Injury,Turning Movement,Motorcycle Driver,45 to 49,Major,East,Turning Left,Improper Turn,,,,,,,,,Yes,Yes,,,,,Yes,Yes,,Englemount-Lawrence
1649,Major Arterial,North York,Intersection,Traffic Signal,Clear,Daylight,Dry,Non-Fatal Injury,Turning Movement,Driver,20 to 24,Minor,West,Going Ahead,Disobeyed Traffic Control,,,,,,,,,Yes,Yes,,,,,Yes,Yes,,Englemount-Lawrence
100,Minor Arterial,Toronto and East York,Mid-Block,No Control,Clear,"Dark, artificial",Dry,Fatal,SMV Other,Motorcycle Passenger,20 to 24,Major,,,,,,,,,,,,,Yes,,,Yes,Yes,Yes,,,Cabbagetown-South St.James Town
100,Minor Arterial,Toronto and East York,Mid-Block,No Control,Clear,"Dark, artificial",Dry,Fatal,SMV Other,Motorcycle Driver,25 to 29,Fatal,West,Going Ahead,Lost control,,,,,,,,,,Yes,,,Yes,Yes,Yes,,,Cabbagetown-South St.James Town
115,Minor Arterial,Toronto and East York,Mid-Block,No Control,Clear,"Dark, artificial",Dry,Non-Fatal Injury,SMV Other,Motorcycle Passenger,20 to 24,Major,,,,,,,,,,,,,Yes,,,Yes,Yes,Yes,,,Cabbagetown-South St.James Town
115,Minor Arterial,Toronto and East York,Mid-Block,No Control,Clear,"Dark, artificial",Dry,Non-Fatal Injury,SMV Other,Motorcycle Driver,25 to 29,Major,West,Going Ahead,Exceeding Speed Limit,,,,,,,,,,Yes,,,Yes,Yes,Yes,,,Cabbagetown-South St.James Town
1631,Major Arterial,Scarborough,Intersection,Traffic Signal,Clear,Daylight,Dry,Non-Fatal Injury,Pedestrian Collisions,Driver,25 to 29,,North,Going Ahead,Driving Properly,,,,,,,Yes,,Yes,,,,,,,,,Golfdale-Cedarbrae-Woburn
1631,Major Arterial,Scarborough,Intersection,Traffic Signal,Clear,Daylight,Dry,Non-Fatal Injury,Pedestrian Collisions,Pedestrian,15 to 19,Major,East,,,Vehicle is going straight thru inter.while ped cross without ROW,Crossing without right of way,Inattentive,,,,Yes,,Yes,,,,,,,,,Golfdale-Cedarbrae-Woburn
1631,Major Arterial,Scarborough,Intersection,Traffic Signal,Clear,Daylight,Dry,Non-Fatal Injury,Pedestrian Collisions,Pedestrian,15 to 19,Major,East,,,Vehicle is going straight thru inter.while ped cross without ROW,Crossing without right of way,Inattentive,,,,Yes,,Yes,,,,,,,,,Golfdale-Cedarbrae-Woburn
1058,,Toronto and East York,Mid-Block,No Control,Clear,Daylight,Dry,Non-Fatal Injury,Pedestrian Collisions,Driver,50 to 54,,South,Going Ahead,Driving Properly,,,,,,,Yes,,Yes,,,,,,Yes,,,Old East York
1058,,Toronto and East York,Mid-Block,No Control,Clear,Daylight,Dry,Non-Fatal Injury,Pedestrian Collisions,Pedestrian,30 to 34,Major,Unknown,,,Pedestrian hit at mid-block,Other,Unknown,,,,Yes,,Yes,,,,,,Yes,,,Old East York
1830,Major Arterial,North York,Mid-Block,No Control,Clear,Daylight,Dry,Non-Fatal Injury,Cyclist Collisions,Cyclist,60 to 64,Major,East,Changing Lanes,,,,,Cyclist and Driver travelling in same direction. One vehicle sideswipes the other.,Improper Lane Change,Had Been Drinking,,Yes,,,Yes,,,,,,,Downtown Yonge East
1830,Major Arterial,North York,Mid-Block,No Control,Clear,Daylight,Dry,Non-Fatal Injury,Cyclist Collisions,Truck Driver,45 to 49,,West,Going Ahead,Driving Properly,,,,,,,,Yes,,,Yes,,,,,,,Downtown Yonge East
735,Collector,Etobicoke York,Mid-Block,No Control,Clear,Daylight,Dry,Non-Fatal Injury,Turning Movement,Driver,55 to 59,Major,West,Turning Left,Improper Turn,,,,,,,,,Yes,,,,,Yes,Yes,,,West Humber-Clairville
735,Collector,Etobicoke York,Mid-Block,No Control,Clear,Daylight,Dry,Non-Fatal Injury,Turning Movement,Driver,20 to 24,Minimal,East,Going Ahead,Exceeding Speed Limit,,,,,,,,,Yes,,,,,Yes,Yes,,,West Humber-Clairville
2208,Major Arterial,Scarborough,Intersection,Traffic Signal,Clear,Dark,Dry,Fatal,Pedestrian Collisions,Driver,80 to 84,,East,Going Ahead,Driving Properly,,,,,,,Yes,,Yes,,,,,,,,,Eglinton East
241,Major Arterial,North York,Intersection,Traffic Signal,Rain,"Dark, artificial",Wet,Non-Fatal Injury,Pedestrian Collisions,Driver,35 to 39,,South,Going Ahead,Driving Properly,,,,,,,Yes,,Yes,,,,,,,,,Avondale
2208,Major Arterial,Scarborough,Intersection,Traffic Signal,Clear,Dark,Dry,Fatal,Pedestrian Collisions,Pedestrian,30 to 34,Fatal,North,,,Vehicle is going straight thru inter.while ped cross without ROW,Crossing without right of way,Unknown,,,,Yes,,Yes,,,,,,,,,Eglinton East
1538,Local,Toronto and East York,Mid-Block,No Control,Clear,Daylight,Dry,Non-Fatal Injury,Cyclist Collisions,Driver,45 to 49,,South,Turning Left,Improper Turn,,,,,,,,Yes,Yes,,,,Yes,,,,,Casa Loma
1538,Local,Toronto and East York,Mid-Block,No Control,Clear,Daylight,Dry,Non-Fatal Injury,Cyclist Collisions,Cyclist,20 to 24,Major,North,Going Ahead,,,,,Motorist turned left across cyclists path.,Driving Properly,Normal,,Yes,Yes,,,,Yes,,,,,Casa Loma
1538,Local,Toronto and East York,Mid-Block,No Control,Clear,Daylight,Dry,Non-Fatal Injury,Cyclist Collisions,Passenger,0 to 4,,,,,,,,,,,,Yes,Yes,,,,Yes,,,,,Casa Loma
1730,Minor Arterial,Toronto and East York,Intersection,Traffic Signal,Clear,Daylight,Dry,Non-Fatal Injury,Turning Movement,Driver,45 to 49,,North,Turning Right,Improper Turn,,,,,,,,,Yes,Yes,,,,,,,,Greenwood-Coxwell
1730,Minor Arterial,Toronto and East York,Intersection,Traffic Signal,Clear,Daylight,Dry,Non-Fatal Injury,Turning Movement,Motorcycle Driver,30 to 34,Major,East,Going Ahead,Driving Properly,,,,,,,,,Yes,Yes,,,,,,,,Greenwood-Coxwell
1535,Minor Arterial,Toronto and East York,Intersection,Stop Sign,Clear,Daylight,Wet,Non-Fatal Injury,Angle,Driver,15 to 19,,North,Going Ahead,Failed to Yield Right of Way,,,,,,,,,Yes,Yes,,,,,Yes,,,Danforth East York
1535,Minor Arterial,Toronto and East York,Intersection,Stop Sign,Clear,Daylight,Wet,Non-Fatal Injury,Angle,Motorcycle Driver,55 to 59,Major,East,Overtaking,Driving Properly,,,,,,,,,Yes,Yes,,,,,Yes,,,Danforth East York
211,Minor Arterial,Toronto and East York,Mid-Block,No Control,Clear,"Dark, artificial",Dry,Non-Fatal Injury,Pedestrian Collisions,Driver,20 to 24,,East,Going Ahead,Other,,,,,,,Yes,,Yes,,,,Yes,,,,,South Riverdale
211,Minor Arterial,Toronto and East York,Mid-Block,No Control,Clear,"Dark, artificial",Dry,Non-Fatal Injury,Pedestrian Collisions,Pedestrian,35 to 39,Major,South,,,Pedestrian hit at mid-block,"Crossing, no Traffic Control",Normal,,,,Yes,,Yes,,,,Yes,,,,,South Riverdale
211,Minor Arterial,Toronto and East York,Mid-Block,No Control,Clear,"Dark, artificial",Dry,Non-Fatal Injury,Pedestrian Collisions,Passenger,20 to 24,,,,,,,,,,,Yes,,Yes,,,,Yes,,,,,South Riverdale
211,Minor Arterial,Toronto and East York,Mid-Block,No Control,Clear,"Dark, artificial",Dry,Non-Fatal Injury,Pedestrian Collisions,Passenger,20 to 24,,,,,,,,,,,Yes,,Yes,,,,Yes,,,,,South Riverdale
211,Minor Arterial,Toronto and East York,Mid-Block,No Control,Clear,"Dark, artificial",Dry,Non-Fatal Injury,Pedestrian Collisions,Passenger,20 to 24,,,,,,,,,,,Yes,,Yes,,,,Yes,,,,,South Riverdale
325,Major Arterial,Toronto and East York,Mid-Block,No Control,Clear,"Dark, artificial",Dry,Fatal,Pedestrian Collisions,Driver,65 to 69,,East,Going Ahead,Driving Properly,,,,,,,Yes,,Yes,,,,Yes,,,,,High Park-Swansea
325,Major Arterial,Toronto and East York,Mid-Block,No Control,Clear,"Dark, artificial",Dry,Fatal,Pedestrian Collisions,Pedestrian,40 to 44,Fatal,North,,,Pedestrian hit at mid-block,"Crossing, no Traffic Control",Had Been Drinking,,,,Yes,,Yes,,,,Yes,,,,,High Park-Swansea
325,Major Arterial,Toronto and East York,Mid-Block,No Control,Clear,"Dark, artificial",Dry,Fatal,Pedestrian Collisions,Passenger,30 to 34,,,,,,,,,,,Yes,,Yes,,,,Yes,,,,,High Park-Swansea
823,Collector,Toronto and East York,Intersection,Stop Sign,Clear,"Daylight, artificial",Dry,Fatal,Cyclist Collisions,Cyclist,75 to 79,Fatal,North,Turning Left,,,,,Cyclist turned left across motorists path.,Improper Turn,Unknown,,Yes,Yes,,,,,,,,,Rosedale-Moore Park
823,Collector,Toronto and East York,Intersection,Stop Sign,Clear,"Daylight, artificial",Dry,Fatal,Cyclist Collisions,Driver,40 to 44,Minimal,East,Going Ahead,Driving Properly,,,,,,,,Yes,Yes,,,,,,,,,Rosedale-Moore Park
600,Major Arterial,Etobicoke York,Intersection,Traffic Signal,Clear,Daylight,Dry,Non-Fatal Injury,SMV Other,Driver,40 to 44,Minor,North,Going Ahead,Lost control,,,,,,,,,Yes,,,,Yes,,,,,Black Creek
600,Major Arterial,Etobicoke York,Intersection,Traffic Signal,Clear,Daylight,Dry,Non-Fatal Injury,SMV Other,Passenger,35 to 39,Major,,,,,,,,,,,,Yes,,,,Yes,,,,,Black Creek
1453,Minor Arterial,Toronto and East York,Intersection,Traffic Signal,Clear,Daylight,Dry,Non-Fatal Injury,Pedestrian Collisions,Driver,35 to 39,,North,Turning Left,Failed to Yield Right of Way,,,,,,,Yes,,Yes,,,,Yes,,Yes,,,Junction Area
1453,Minor Arterial,Toronto and East York,Intersection,Traffic Signal,Clear,Daylight,Dry,Non-Fatal Injury,Pedestrian Collisions,Passenger,50 to 54,,,,,,,,,,,Yes,,Yes,,,,Yes,,Yes,,,Junction Area
1453,Minor Arterial,Toronto and East York,Intersection,Traffic Signal,Clear,Daylight,Dry,Non-Fatal Injury,Pedestrian Collisions,Pedestrian,30 to 34,Major,South,,,Vehicle turns left while ped crosses with ROW at inter.,Crossing with right of way,Normal,,,,Yes,,Yes,,,,Yes,,Yes,,,Junction Area
1514,Collector,Scarborough,Intersection,Stop Sign,Clear,Daylight,Dry,Non-Fatal Injury,Pedestrian Collisions,Driver,45 to 49,,North,Turning Left,Failed to Yield Right of Way,,,,,,,Yes,,Yes,,,,,,Yes,,,Agincourt South-Malvern West
1758,Major Arterial,Toronto and East York,Intersection,Traffic Signal,Clear,Daylight,Dry,Non-Fatal Injury,Pedestrian Collisions,Driver,35 to 39,,South,Turning Left,Failed to Yield Right of Way,,,,,,,Yes,,Yes,,,,,,Yes,,,Woodbine Corridor
1514,Collector,Scarborough,Intersection,Stop Sign,Clear,Daylight,Dry,Non-Fatal Injury,Pedestrian Collisions,Pedestrian,15 to 19,Major,South,,,Vehicle turns left while ped crosses with ROW at inter.,Crossing with right of way,Normal,,,,Yes,,Yes,,,,,,Yes,,,Agincourt South-Malvern West
2255,Major Arterial,Toronto and East York,Intersection,Traffic Signal,Clear,"Dark, artificial",Dry,Non-Fatal Injury,Cyclist Collisions,Cyclist,35 to 39,Major,South,Overtaking,,,,,Cyclist and Driver travelling in same direction. One vehicle sideswipes the other.,Improper Passing,Normal,,Yes,Yes,,,,Yes,,,,,St Lawrence-East Bayfront-The Islands
2255,Major Arterial,Toronto and East York,Intersection,Traffic Signal,Clear,"Dark, artificial",Dry,Non-Fatal Injury,Cyclist Collisions,Driver,60 to 64,,South,Going Ahead,Driving Properly,,,,,,,,Yes,Yes,,,,Yes,,,,,St Lawrence-East Bayfront-The Islands
2255,Major Arterial,Toronto and East York,Intersection,Traffic Signal,Clear,"Dark, artificial",Dry,Non-Fatal Injury,Cyclist Collisions,Passenger,20 to 24,,,,,,,,,,,,Yes,Yes,,,,Yes,,,,,St Lawrence-East Bayfront-The Islands
822,Major Arterial,North York,Intersection,Traffic Signal,Clear,Daylight,Dry,Fatal,Pedestrian Collisions,Driver,25 to 29,,South,Turning Left,Failed to Yield Right of Way,,,,,,,Yes,,Yes,,,,,,Yes,,,Banbury-Don Mills
822,Major Arterial,North York,Intersection,Traffic Signal,Clear,Daylight,Dry,Fatal,Pedestrian Collisions,Driver,45 to 49,Minor,North,Going Ahead,Driving Properly,,,,,,,Yes,,Yes,,,,,,Yes,,,Banbury-Don Mills
822,Major Arterial,North York,Intersection,Traffic Signal,Clear,Daylight,Dry,Fatal,Pedestrian Collisions,Pedestrian,45 to 49,Fatal,Unknown,,,Pedestrian hit on sidewalk or shoulder,On Sidewalk or Shoulder,Normal,,,,Yes,,Yes,,,,,,Yes,,,Banbury-Don Mills
822,Major Arterial,North York,Intersection,Traffic Signal,Clear,Daylight,Dry,Fatal,Pedestrian Collisions,Pedestrian,15 to 19,Minor,Unknown,,,Pedestrian hit on sidewalk or shoulder,On Sidewalk or Shoulder,Normal,,,,Yes,,Yes,,,,,,Yes,,,Banbury-Don Mills
1115,Major Arterial,Toronto and East York,Intersection,No Control,Clear,Daylight,Dry,Non-Fatal Injury,Rear End,Driver,35 to 39,,West,Going Ahead,Following too Close,,,,,,,,,Yes,,,,Yes,,Yes,,,North Riverdale
1115,Major Arterial,Toronto and East York,Intersection,No Control,Clear,Daylight,Dry,Non-Fatal Injury,Rear End,Driver,45 to 49,Major,West,Slowing or Stopping,Other,,,,,,,,,Yes,,,,Yes,,Yes,,,North Riverdale
1115,Major Arterial,Toronto and East York,Intersection,No Control,Clear,Daylight,Dry,Non-Fatal Injury,Rear End,Passenger,0 to 4,,,,,,,,,,,,,Yes,,,,Yes,,Yes,,,North Riverdale
1115,Major Arterial,Toronto and East York,Intersection,No Control,Clear,Daylight,Dry,Non-Fatal Injury,Rear End,Passenger,0 to 4,,,,,,,,,,,,,Yes,,,,Yes,,Yes,,,North Riverdale
1030,Major Arterial,Etobicoke York,Intersection,Traffic Signal,Clear,Daylight,Dry,Non-Fatal Injury,Cyclist Collisions,Driver,50 to 54,,East,Turning Right,Failed to Yield Right of Way,,,,,,,,Yes,Yes,,,,,,Yes,,,Humber Bay Shores
1030,Major Arterial,Etobicoke York,Intersection,Traffic Signal,Clear,Daylight,Dry,Non-Fatal Injury,Cyclist Collisions,Cyclist,45 to 49,Major,East,Going Ahead,,,,,"Motorist turns right at non-signal Inter.(stop, yield, no cont.,and dwy) and strikes cyclist.",Driving Properly,Normal,,Yes,Yes,,,,,,Yes,,,Humber Bay Shores
1413,Major Arterial,Toronto and East York,Intersection,Traffic Signal,Clear,Daylight,Other,Non-Fatal Injury,SMV Other,Motorcycle Driver,25 to 29,Major,South,Going Ahead,Driving Properly,,,,,,,,,,Yes,,,,,,,,University
1828,Major Arterial,Scarborough,Intersection,Traffic Signal,Clear,Daylight,Dry,Non-Fatal Injury,Turning Movement,Driver,55 to 59,,North,Turning Left,Failed to Yield Right of Way,,,,,,,,,Yes,Yes,,,Yes,,Yes,,,Morningside Heights
1828,Major Arterial,Scarborough,Intersection,Traffic Signal,Clear,Daylight,Dry,Non-Fatal Injury,Turning Movement,Motorcycle Driver,20 to 24,Major,South,Going Ahead,Driving Properly,,,,,,,,,Yes,Yes,,,Yes,,Yes,,,Morningside Heights
1828,Major Arterial,Scarborough,Intersection,Traffic Signal,Clear,Daylight,Dry,Non-Fatal Injury,Turning Movement,Motorcycle Passenger,15 to 19,Major,,,,,,,,,,,,Yes,Yes,,,Yes,,Yes,,,Morningside Heights
1855,Major Arterial,Toronto and East York,Intersection,Traffic Signal,Clear,Daylight,Dry,Non-Fatal Injury,Pedestrian Collisions,Driver,60 to 64,Minimal,North,Going Ahead,Disobeyed Traffic Control,,,,,,,Yes,,Yes,,,,Yes,,Yes,Yes,,O'Connor-Parkview
1855,Major Arterial,Toronto and East York,Intersection,Traffic Signal,Clear,Daylight,Dry,Non-Fatal Injury,Pedestrian Collisions,Pedestrian,40 to 44,Major,East,,,Vehicle is going straight thru inter.while ped cross with ROW,Crossing with right of way,Normal,,,,Yes,,Yes,,,,Yes,,Yes,Yes,,O'Connor-Parkview
1855,Major Arterial,Toronto and East York,Intersection,Traffic Signal,Clear,Daylight,Dry,Non-Fatal Injury,Pedestrian Collisions,Passenger,25 to 29,,,,,,,,,,,Yes,,Yes,,,,Yes,,Yes,Yes,,O'Connor-Parkview
2120,Local,Etobicoke York,Intersection,Stop Sign,Clear,"Dark, artificial",Dry,Fatal,SMV Other,Driver,15 to 19,Fatal,South,Going Ahead,Other,,,,,,,,,Yes,,,,,,,,,Willowridge-Martingrove-Richview
1420,Major Arterial,Toronto and East York,Mid-Block,No Control,Clear,Daylight,Dry,Non-Fatal Injury,Cyclist Collisions,Cyclist,45 to 49,Major,North,Going Ahead,,,,,Insufficient information (to determine cyclist crash type).,Other,Had Been Drinking,,Yes,Yes,,,,,,,,,Wellington Place
1420,Major Arterial,Toronto and East York,Mid-Block,No Control,Clear,Daylight,Dry,Non-Fatal Injury,Cyclist Collisions,Driver,50 to 54,,South,Going Ahead,Driving Properly,,,,,,,,Yes,Yes,,,,,,,,,Wellington Place
1109,Collector,North York,Intersection,No Control,Clear,Daylight,Dry,Non-Fatal Injury,Other,Driver,40 to 44,Major,East,Reversing,Other,,,,,,,,,Yes,,,,,,,,,Don Valley Village
1230,Major Arterial,Etobicoke York,Intersection,No Control,Clear,Daylight,Dry,Non-Fatal Injury,Angle,Driver,20 to 24,,North,Going Ahead,Failed to Yield Right of Way,,,,,,,,,Yes,,,,,,Yes,,,Etobicoke City Centre
1230,Major Arterial,Etobicoke York,Intersection,No Control,Clear,Daylight,Dry,Non-Fatal Injury,Angle,Driver,85 to 89,Major,West,Going Ahead,Driving Properly,,,,,,,,,Yes,,,,,,Yes,,,Etobicoke City Centre
1621,Major Arterial,Toronto and East York,Mid-Block,No Control,Clear,Daylight,Dry,Non-Fatal Injury,Rear End,Truck Driver,60 to 64,,West,Changing Lanes,Following too Close,,,,,,,,,Yes,,Yes,,,,Yes,,,South Riverdale
1621,Major Arterial,Toronto and East York,Mid-Block,No Control,Clear,Daylight,Dry,Non-Fatal Injury,Rear End,Driver,40 to 44,Major,West,Going Ahead,Driving Properly,,,,,,,,,Yes,,Yes,,,,Yes,,,South Riverdale
2,Minor Arterial,Toronto and East York,Intersection,No Control,Clear,"Dark, artificial",Dry,Non-Fatal Injury,Cyclist Collisions,Cyclist,50 to 54,Major,West,Going Ahead,,,,,"Cyclist without ROW rides into path of motorist at inter, lnwy, dwy-Cyclist not turn.",Failed to Yield Right of Way,Normal,,Yes,Yes,,,,,,,,,High Park North
2,Minor Arterial,Toronto and East York,Intersection,No Control,Clear,"Dark, artificial",Dry,Non-Fatal Injury,Cyclist Collisions,Driver,40 to 44,,North,Going Ahead,Driving Properly,,,,,,,,Yes,Yes,,,,,,,,,High Park North
1809,Major Arterial,Scarborough,Intersection,No Control,Clear,"Dark, artificial",Dry,Fatal,Pedestrian Collisions,Pedestrian,80 to 84,Fatal,South,,,Pedestrian hit at mid-block,"Crossing, no Traffic Control",Inattentive,,,,Yes,,,,Yes,,Yes,,,,,Tam O'Shanter-Sullivan
1240,Major Arterial,North York,Intersection,No Control,Clear,Daylight,Dry,Non-Fatal Injury,Rear End,Driver,65 to 69,,North,Going Ahead,Following too Close,,,,,,,,,Yes,,,,,,Yes,,,Bayview Village
1625,Local,Scarborough,Mid-Block,No Control,Clear,Dusk,Dry,Non-Fatal Injury,Cyclist Collisions,Driver,55 to 59,,East,Going Ahead,Driving Properly,,,,,,,,Yes,Yes,,,,,,,,,Woburn North
1803,Major Arterial,Toronto and East York,Intersection,Traffic Signal,Rain,Dusk,Wet,Non-Fatal Injury,Cyclist Collisions,Driver,20 to 24,,North,Turning Left,Failed to Yield Right of Way,,,,,,,,Yes,Yes,,,,,,Yes,,,Yonge-Bay Corridor
1340,Major Arterial,North York,Intersection,Traffic Signal,Clear,Daylight,Dry,Non-Fatal Injury,Pedestrian Collisions,Pedestrian,70 to 74,Major,Unknown,,,Vehicle is going straight thru inter.while ped cross with ROW,Other,Normal,,,,Yes,,Yes,,,,,,,,,Pleasant View
1758,Major Arterial,Toronto and East York,Intersection,Traffic Signal,Clear,Daylight,Dry,Non-Fatal Injury,Pedestrian Collisions,Pedestrian,60 to 64,Major,North,,,Vehicle turns left while ped crosses with ROW at inter.,Crossing with right of way,Normal,,,,Yes,,Yes,,,,,,Yes,,,Woodbine Corridor
241,Major Arterial,North York,Intersection,Traffic Signal,Rain,"Dark, artificial",Wet,Non-Fatal Injury,Pedestrian Collisions,Pedestrian,50 to 54,Major,West,,,Vehicle is going straight thru inter.while ped cross without ROW,Crossing without right of way,Unknown,,,,Yes,,Yes,,,,,,,,,Avondale
22,Minor Arterial,Scarborough,Intersection,Traffic Signal,Clear,"Dark, artificial",Dry,Non-Fatal Injury,Pedestrian Collisions,Driver,40 to 44,,North,Turning Left,Failed to Yield Right of Way,,,,,,,Yes,,Yes,,,,,,Yes,,,Centennial Scarborough
1240,Major Arterial,North York,Intersection,No Control,Clear,Daylight,Dry,Non-Fatal Injury,Rear End,Driver,75 to 79,,North,Slowing or Stopping,Driving Properly,,,,,,,,,Yes,,,,,,Yes,,,Bayview Village
2130,Major Arterial,North York,Intersection,Traffic Signal,Clear,"Dark, artificial",Dry,Non-Fatal Injury,Pedestrian Collisions,Driver,25 to 29,,North,Going Ahead,Driving Properly,,,,,,,Yes,,Yes,,,,,,,,,Yonge-Doris
8,Major Arterial,Etobicoke York,Intersection,No Control,Clear,"Dark, artificial",Dry,Fatal,Turning Movement,Driver,50 to 54,Minimal,South,Turning Left,Driving Properly,,,,,,,,,Yes,Yes,,,Yes,Yes,Yes,,,Etobicoke City Centre
1803,Major Arterial,Toronto and East York,Intersection,Traffic Signal,Rain,Dusk,Wet,Non-Fatal Injury,Cyclist Collisions,Vehicle Owner,unknown,,,,,,,,,,,,Yes,Yes,,,,,,Yes,,,Yonge-Bay Corridor
1808,Minor Arterial,Scarborough,Mid-Block,No Control,Clear,"Dark, artificial",Dry,Non-Fatal Injury,Pedestrian Collisions,Driver,80 to 84,,West,Going Ahead,Driving Properly,,,,,,,Yes,,Yes,,,,,,,,,Birchcliffe-Cliffside
110,Major Arterial,Etobicoke York,Mid-Block,No Control,Clear,"Dark, artificial",Dry,Non-Fatal Injury,SMV Other,Driver,30 to 34,Major,West,Going Ahead,Speed too Fast For Condition,,,,,,,,,Yes,,,,,Yes,Yes,,,Mimico-Queensway
8,Major Arterial,Etobicoke York,Intersection,No Control,Clear,"Dark, artificial",Dry,Fatal,Turning Movement,Motorcycle Driver,25 to 29,Fatal,North,Going Ahead,Exceeding Speed Limit,,,,,,,,,Yes,Yes,,,Yes,Yes,Yes,,,Etobicoke City Centre
1047,Minor Arterial,Etobicoke York,Intersection,Traffic Signal,Clear,Daylight,Dry,Non-Fatal Injury,Approaching,Passenger,60 to 64,,,,,,,,,,,,,Yes,,,,Yes,,,,,Keelesdale-Eglinton West
2104,Major Arterial,Toronto and East York,Intersection,No Control,Rain,Dusk,Wet,Fatal,Pedestrian Collisions,Pedestrian,35 to 39,Fatal,South,,,Pedestrian hit at mid-block,"Crossing, no Traffic Control",Normal,,,,Yes,,Yes,,,,,Yes,Yes,,,Dufferin Grove
1808,Minor Arterial,Scarborough,Mid-Block,No Control,Clear,"Dark, artificial",Dry,Non-Fatal Injury,Pedestrian Collisions,Pedestrian,55 to 59,Major,North,,,Pedestrian hit at mid-block,"Crossing, no Traffic Control",Had Been Drinking,,,,Yes,,Yes,,,,,,,,,Birchcliffe-Cliffside
8,Major Arterial,Etobicoke York,Intersection,No Control,Clear,"Dark, artificial",Dry,Fatal,Turning Movement,Passenger,50 to 54,Minor,,,,,,,,,,,,Yes,Yes,,,Yes,Yes,Yes,,,Etobicoke City Centre
1047,Minor Arterial,Etobicoke York,Intersection,Traffic Signal,Clear,Daylight,Dry,Non-Fatal Injury,Approaching,Passenger,30 to 34,,,,,,,,,,,,,Yes,,,,Yes,,,,,Keelesdale-Eglinton West