TIME,ROAD_CLASS,DISTRICT,LOCCOORD,TRAFFCTL,VISIBILITY,LIGHT,RDSFCOND,ACCLASS,IMPACTYPE,INVTYPE,INVAGE,INJURY,INITDIR,MANOEUVER,DRIVACT,PEDTYPE,PEDACT,PEDCOND,CYCLISTYPE,CYCACT,CYCCOND,PEDESTRIAN,CYCLIST,AUTOMOBILE,MOTORCYCLE,TRUCK,TRSN_CITY_VEH,PASSENGER,SPEEDING,AG_DRIV,REDLIGHT,ALCOHOL,NEIGHBOURHOOD_158
1803,Major Arterial,Toronto and East York,Intersection,Traffic Signal,Rain,Dusk,Wet,Non-Fatal Injury,Cyclist Collisions,Cyclist,25 to 29,Major,North,Going Ahead,,,,,Motorist turned left across cyclists path.,Driving Properly,Normal,,Yes,Yes,,,,,,Yes,,,Yonge-Bay Corridor
22,Minor Arterial,Scarborough,Intersection,Traffic Signal,Clear,"Dark, artificial",Dry,Non-Fatal Injury,Pedestrian Collisions,Pedestrian,65 to 69,Major,South,,,Vehicle turns left while ped crosses with ROW at inter.,Crossing with right of way,Had Been Drinking,,,,Yes,,Yes,,,,,,Yes,,,Centennial Scarborough
2130,Major Arterial,North York,Intersection,Traffic Signal,Clear,"Dark, artificial",Dry,Non-Fatal Injury,Pedestrian Collisions,Pedestrian,20 to 24,Major,West,,,Vehicle is going straight thru inter.while ped cross without ROW,Running onto Roadway,Inattentive,,,,Yes,,Yes,,,,,,,,,Yonge-Doris
636,Major Arterial,Toronto and East York,Mid-Block,No Control,Clear,"Dark, artificial",Dry,Fatal,Pedestrian Collisions,Driver,55 to 59,,East,Going Ahead,Driving Properly,,,,,,,Yes,,Yes,,,,,,,,,High Park-Swansea
1240,Major Arterial,North York,Intersection,No Control,Clear,Daylight,Dry,Non-Fatal Injury,Rear End,Driver,35 to 39,,North,Slowing or Stopping,Driving Properly,,,,,,,,,Yes,,,,,,Yes,,,Bayview Village
2104,Major Arterial,Toronto and East York,Intersection,No Control,Rain,Dusk,Wet,Fatal,Pedestrian Collisions,Driver,unknown,,West,Going Ahead,Speed too Fast For Condition,,,,,,,Yes,,Yes,,,,,Yes,Yes,,,Dufferin Grove
624,Major Arterial,Etobicoke York,Intersection,No Control,Clear,"Dawn, artificial",Dry,Non-Fatal Injury,Approaching,Driver,20 to 24,Major,South,Going Ahead,Lost control,,,,,,,,,Yes,,,,Yes,Yes,Yes,,,Brookhaven-Amesbury
2313,Major Arterial,Etobicoke York,Intersection,No Control,Clear,"Dark, artificial",Dry,Non-Fatal Injury,SMV Other,Driver,40 to 44,Major,East,Turning Left,Lost control,,,,,,,,,Yes,,,,Yes,,Yes,,Yes,Pelmo Park-Humberlea
1420,Major Arterial,Toronto and East York,Mid-Block,No Control,Clear,Daylight,Dry,Fatal,SMV Other,Passenger,90 to 94,Fatal,,,,,,,,,,,,Yes,,,,Yes,,,,,Trinity-Bellwoods
636,Major Arterial,Toronto and East York,Mid-Block,No Control,Clear,"Dark, artificial",Dry,Fatal,Pedestrian Collisions,Pedestrian,75 to 79,Fatal,North,,,Pedestrian hit at mid-block,"Crossing, no Traffic Control",Normal,,,,Yes,,Yes,,,,,,,,,High Park-Swansea
2100,Major Arterial,Toronto and East York,Intersection,No Control,Clear,"Dark, artificial",Dry,Non-Fatal Injury,Cyclist Collisions,Driver,70 to 74,,North,Turning Left,Improper Turn,,,,,,,,Yes,Yes,,,,,,,,,Oakwood Village
1233,Major Arterial,Scarborough,Intersection,Traffic Signal,Clear,Daylight,Dry,Fatal,Pedestrian Collisions,Driver,80 to 84,Minor,West,Going Ahead,Driving Properly,,,,,,,Yes,,Yes,,,,,,,,,Bendale South
1240,Major Arterial,North York,Intersection,No Control,Clear,Daylight,Dry,Non-Fatal Injury,Rear End,Driver,20 to 24,Major,North,Slowing or Stopping,Driving Properly,,,,,,,,,Yes,,,,,,Yes,,,Bayview Village
2229,Major Arterial,Toronto and East York,Intersection,Traffic Signal,Rain,"Dark, artificial",Wet,Non-Fatal Injury,Angle,Driver,25 to 29,,North,Going Ahead,Disobeyed Traffic Control,,,,,,,,,Yes,Yes,,,,,Yes,Yes,,Yonge-Bay Corridor
1407,Major Arterial,North York,Intersection,No Control,Clear,Daylight,Dry,Non-Fatal Injury,Rear End,Driver,55 to 59,Major,North,Going Ahead,Lost control,,,,,,,,,Yes,,,,,,,,,Bayview Village
624,Major Arterial,Etobicoke York,Intersection,No Control,Clear,"Dawn, artificial",Dry,Non-Fatal Injury,Approaching,Driver,30 to 34,Minor,North,Going Ahead,Driving Properly,,,,,,,,,Yes,,,,Yes,Yes,Yes,,,Brookhaven-Amesbury
2313,Major Arterial,Etobicoke York,Intersection,No Control,Clear,"Dark, artificial",Dry,Non-Fatal Injury,SMV Other,Other,unknown,,Unknown,Unknown,,,,,,,,,,Yes,,,,Yes,,Yes,,Yes,Pelmo Park-Humberlea
1420,Major Arterial,Toronto and East York,Mid-Block,No Control,Clear,Daylight,Dry,Fatal,SMV Other,Driver,65 to 69,Minimal,North,Going Ahead,Lost control,,,,,,,,,Yes,,,,Yes,,,,,Trinity-Bellwoods
2313,Major Arterial,Etobicoke York,Intersection,No Control,Clear,"Dark, artificial",Dry,Non-Fatal Injury,SMV Other,Passenger,30 to 34,,,,,,,,,,,,,Yes,,,,Yes,,Yes,,Yes,Pelmo Park-Humberlea
1407,Major Arterial,North York,Intersection,No Control,Clear,Daylight,Dry,Non-Fatal Injury,Rear End,Driver,65 to 69,,North,Slowing or Stopping,Driving Properly,,,,,,,,,Yes,,,,,,,,,Bayview Village
1520,Minor Arterial,Toronto and East York,Intersection,Traffic Signal,Clear,Daylight,Dry,Non-Fatal Injury,Cyclist Collisions,Driver,55 to 59,,West,Going Ahead,Improper Passing,,,,,,,,Yes,Yes,,,,,,Yes,,,Yonge-Bay Corridor
2100,Major Arterial,Toronto and East York,Intersection,No Control,Clear,"Dark, artificial",Dry,Non-Fatal Injury,Cyclist Collisions,Cyclist,50 to 54,Major,South,Going Ahead,,,,,Motorist turned left across cyclists path.,Driving Properly,Normal,,Yes,Yes,,,,,,,,,Oakwood Village
1331,,North York,Mid-Block,No Control,Clear,Daylight,Dry,Non-Fatal Injury,Rear End,Motorcycle Driver,45 to 49,Major,South,Slowing or Stopping,Following too Close,,,,,,,,,Yes,Yes,,,,,Yes,,,Parkwoods-O'Connor Hills
2229,Major Arterial,Toronto and East York,Intersection,Traffic Signal,Rain,"Dark, artificial",Wet,Non-Fatal Injury,Angle,Motorcycle Driver,35 to 39,Major,West,Going Ahead,Driving Properly,,,,,,,,,Yes,Yes,,,,,Yes,Yes,,Yonge-Bay Corridor
1233,Major Arterial,Scarborough,Intersection,Traffic Signal,Clear,Daylight,Dry,Fatal,Pedestrian Collisions,Pedestrian,70 to 74,Fatal,North,,,Vehicle is going straight thru inter.while ped cross without ROW,Crossing without right of way,Unknown,,,,Yes,,Yes,,,,,,,,,Bendale South
1420,Major Arterial,Toronto and East York,Mid-Block,No Control,Clear,Daylight,Dry,Fatal,SMV Other,Passenger,65 to 69,Minor,,,,,,,,,,,,Yes,,,,Yes,,,,,Trinity-Bellwoods
624,Major Arterial,Etobicoke York,Intersection,No Control,Clear,"Dawn, artificial",Dry,Non-Fatal Injury,Approaching,Passenger,20 to 24,Minor,,,,,,,,,,,,Yes,,,,Yes,Yes,Yes,,,Brookhaven-Amesbury
1145,Minor Arterial,Toronto and East York,Intersection,No Control,Clear,Daylight,Dry,Non-Fatal Injury,SMV Unattended Vehicle,Driver,60 to 64,Major,North,Unknown,Lost control,,,,,,,,,Yes,,,,,,,,,Weston-Pelham Park
1115,Minor Arterial,Toronto and East York,Intersection,Traffic Signal,Clear,Daylight,Dry,Non-Fatal Injury,Pedestrian Collisions,Driver,55 to 59,,South,Turning Left,Failed to Yield Right of Way,,,,,,,Yes,,Yes,,,,,,Yes,,,Junction Area
949,Major Arterial,Etobicoke York,Intersection,No Control,Clear,Daylight,Dry,Non-Fatal Injury,Turning Movement,Driver,60 to 64,Major,West,Making U Turn,Improper Turn,,,,,,,,,Yes,,Yes,,,,,,,Junction Area
1520,Minor Arterial,Toronto and East York,Intersection,Traffic Signal,Clear,Daylight,Dry,Non-Fatal Injury,Cyclist Collisions,Cyclist,35 to 39,Major,West,Going Ahead,,,,,Cyclist and Driver travelling in same direction. One vehicle sideswipes the other.,Driving Properly,Normal,,Yes,Yes,,,,,,Yes,,,Yonge-Bay Corridor
1407,Major Arterial,North York,Intersection,No Control,Clear,Daylight,Dry,Non-Fatal Injury,Rear End,Driver,60 to 64,,North,Slowing or Stopping,Driving Properly,,,,,,,,,Yes,,,,,,,,,Bayview Village
1909,Major Arterial,Toronto and East York,Intersection,No Control,Rain,"Dark, artificial",Wet,Non-Fatal Injury,Pedestrian Collisions,Driver,35 to 39,,East,Going Ahead,Driving Properly,,,,,,,Yes,,Yes,,,,,,,,,High Park-Swansea
2125,Major Arterial,North York,Intersection,Traffic Signal,Clear,"Dark, artificial",Loose Snow,Non-Fatal Injury,SMV Other,Driver,55 to 59,Major,West,Going Ahead,Lost control,,,,,,,,,Yes,,,,,,,,Yes,Downsview
1331,,North York,Mid-Block,No Control,Clear,Daylight,Dry,Non-Fatal Injury,Rear End,Driver,60 to 64,,South,Going Ahead,Driving Properly,,,,,,,,,Yes,Yes,,,,,Yes,,,Parkwoods-O'Connor Hills
2152,Major Arterial,Toronto and East York,Intersection,No Control,Clear,"Dark, artificial",Dry,Non-Fatal Injury,Approaching,Driver,50 to 54,Major,East,Going Ahead,Failed to Yield Right of Way,,,,,,,,,Yes,,,,,,Yes,,,South Parkdale
1233,Major Arterial,Scarborough,Intersection,Traffic Signal,Clear,Daylight,Dry,Fatal,Pedestrian Collisions,Driver,80 to 84,,West,Going Ahead,Driving Properly,,,,,,,Yes,,Yes,,,,,,,,,Bendale South
1115,Minor Arterial,Toronto and East York,Intersection,Traffic Signal,Clear,Daylight,Dry,Non-Fatal Injury,Pedestrian Collisions,Pedestrian,80 to 84,Major,North,,,Vehicle turns left while ped crosses with ROW at inter.,Crossing with right of way,Normal,,,,Yes,,Yes,,,,,,Yes,,,Junction Area
949,Major Arterial,Etobicoke York,Intersection,No Control,Clear,Daylight,Dry,Non-Fatal Injury,Turning Movement,Truck Driver,30 to 34,,West,Going Ahead,Driving Properly,,,,,,,,,Yes,,Yes,,,,,,,Junction Area
2230,Major Arterial,Scarborough,Intersection,Traffic Signal,Clear,"Dark, artificial",Dry,Non-Fatal Injury,Turning Movement,Driver,60 to 64,Major,South,Turning Left,Failed to Yield Right of Way,,,,,,,,,Yes,,,,,,Yes,,,Golfdale-Cedarbrae-Woburn
2245,Minor Arterial,Toronto and East York,Mid-Block,No Control,Clear,"Dark, artificial",Dry,Non-Fatal Injury,Pedestrian Collisions,Driver,unknown,,West,Going Ahead,Lost control,,,,,,,Yes,,Yes,,,,,,,,,Annex
1515,Major Arterial,Etobicoke York,Mid-Block,No Control,Clear,Daylight,Dry,Non-Fatal Injury,Other,Driver,45 to 49,,West,Going Ahead,Driving Properly,,,,,,,,,,,,Yes,Yes,,,,,Brookhaven-Amesbury
1850,Major Arterial,Etobicoke York,Intersection,Traffic Signal,Clear,Daylight,Dry,Non-Fatal Injury,Turning Movement,Driver,unknown,,West,Turning Left,Failed to Yield Right of Way,,,,,,,,,,Yes,,,,,Yes,,,Edenbridge-Humber Valley
2152,Major Arterial,Toronto and East York,Intersection,No Control,Clear,"Dark, artificial",Dry,Non-Fatal Injury,Approaching,Driver,25 to 29,Minimal,West,Going Ahead,Driving Properly,,,,,,,,,Yes,,,,,,Yes,,,South Parkdale
1854,Collector,Etobicoke York,Intersection,Stop Sign,Clear,Daylight,Dry,Non-Fatal Injury,Pedestrian Collisions,Driver,75 to 79,,East,Turning Left,Failed to Yield Right of Way,,,,,,,Yes,,Yes,,,,,,Yes,,,Glenfield-Jane Heights
1909,Major Arterial,Toronto and East York,Intersection,No Control,Rain,"Dark, artificial",Wet,Non-Fatal Injury,Pedestrian Collisions,Pedestrian,35 to 39,Major,South,,,Vehicle is going straight thru inter.while ped cross without ROW,"Crossing, no Traffic Control",Inattentive,,,,Yes,,Yes,,,,,,,,,High Park-Swansea
620,Laneway,Toronto and East York,Mid-Block,No Control,Clear,"Dark, artificial",Dry,Fatal,Pedestrian Collisions,Truck Driver,30 to 34,,South,Reversing,Other,,,,,,,Yes,,,,Yes,,,,,,,Downtown Yonge East
2152,Major Arterial,Toronto and East York,Intersection,No Control,Clear,"Dark, artificial",Dry,Non-Fatal Injury,Approaching,Driver,25 to 29,Minimal,West,Going Ahead,Driving Properly,,,,,,,,,Yes,,,,,,Yes,,,South Parkdale
2230,Major Arterial,Scarborough,Intersection,Traffic Signal,Clear,"Dark, artificial",Dry,Non-Fatal Injury,Turning Movement,Driver,15 to 19,,North,Going Ahead,Driving Properly,,,,,,,,,Yes,,,,,,Yes,,,Golfdale-Cedarbrae-Woburn
1830,Major Arterial,North York,Intersection,Traffic Signal,Clear,"Dark, artificial",Dry,Non-Fatal Injury,Turning Movement,Driver,40 to 44,,South,Turning Left,Other,,,,,,,,,Yes,,,,Yes,,,,,Bayview Village
2245,Minor Arterial,Toronto and East York,Mid-Block,No Control,Clear,"Dark, artificial",Dry,Non-Fatal Injury,Pedestrian Collisions,Pedestrian,65 to 69,Major,East,,,Pedestrian hit on sidewalk or shoulder,On Sidewalk or Shoulder,Normal,,,,Yes,,Yes,,,,,,,,,Annex
1515,Major Arterial,Etobicoke York,Mid-Block,No Control,Clear,Daylight,Dry,Non-Fatal Injury,Other,Passenger,90 to 94,Major,,,,,,,,,,,,,,,Yes,Yes,,,,,Brookhaven-Amesbury
2015,Major Arterial,North York,Intersection,Stop Sign,Rain,"Dark, artificial",Wet,Non-Fatal Injury,Turning Movement,Driver,60 to 64,Minimal,North,Turning Left,Failed to Yield Right of Way,,,,,,,,,Yes,,,,Yes,,Yes,,,Bedford Park-Nortown
1830,Major Arterial,North York,Intersection,Traffic Signal,Clear,"Dark, artificial",Dry,Non-Fatal Injury,Turning Movement,Driver,45 to 49,Major,North,Going Ahead,Other,,,,,,,,,Yes,,,,Yes,,,,,Bayview Village
42,Major Arterial,Scarborough,Intersection,Traffic Signal,Clear,"Dark, artificial",Dry,Fatal,Angle,Driver,20 to 24,Major,South,Going Ahead,Disobeyed Traffic Control,,,,,,,,,Yes,,,,Yes,,Yes,Yes,Yes,Golfdale-Cedarbrae-Woburn
1943,Major Arterial,Toronto and East York,Intersection,Traffic Signal,Clear,"Dark, artificial",Dry,Non-Fatal Injury,Pedestrian Collisions,Driver,30 to 34,,East,Turning Left,Failed to Yield Right of Way,,,,,,,Yes,,Yes,,,,Yes,,Yes,,,High Park North
1850,Major Arterial,Etobicoke York,Intersection,Traffic Signal,Clear,Daylight,Dry,Non-Fatal Injury,Turning Movement,Motorcycle Driver,55 to 59,Major,East,Going Ahead,Driving Properly,,,,,,,,,,Yes,,,,,Yes,,,Edenbridge-Humber Valley
1854,Collector,Etobicoke York,Intersection,Stop Sign,Clear,Daylight,Dry,Non-Fatal Injury,Pedestrian Collisions,Pedestrian,75 to 79,Major,South,,,Vehicle turns left while ped crosses with ROW at inter.,Crossing with right of way,Normal,,,,Yes,,Yes,,,,,,Yes,,,Glenfield-Jane Heights
1830,Major Arterial,North York,Intersection,Traffic Signal,Clear,"Dark, artificial",Dry,Non-Fatal Injury,Turning Movement,Passenger,5 to 9,,,,,,,,,,,,,Yes,,,,Yes,,,,,Bayview Village
1943,Major Arterial,Toronto and East York,Intersection,Traffic Signal,Clear,"Dark, artificial",Dry,Non-Fatal Injury,Pedestrian Collisions,Pedestrian,80 to 84,Major,West,,,Vehicle turns left while ped crosses with ROW at inter.,Crossing with right of way,Normal,,,,Yes,,Yes,,,,Yes,,Yes,,,High Park North
2245,Minor Arterial,Toronto and East York,Mid-Block,No Control,Clear,"Dark, artificial",Dry,Non-Fatal Injury,Pedestrian Collisions,Pedestrian,65 to 69,Minimal,East,,,Pedestrian hit on sidewalk or shoulder,On Sidewalk or Shoulder,Normal,,,,Yes,,Yes,,,,,,,,,Annex
1930,Major Arterial,Scarborough,Intersection,Traffic Signal,Clear,"Dark, artificial",Dry,Non-Fatal Injury,Pedestrian Collisions,Driver,20 to 24,,North,Turning Left,Failed to Yield Right of Way,,,,,,,Yes,,Yes,,,,,,Yes,,,Kennedy Park
620,Laneway,Toronto and East York,Mid-Block,No Control,Clear,"Dark, artificial",Dry,Fatal,Pedestrian Collisions,Pedestrian,25 to 29,Fatal,Unknown,,,Vehicle is reversing and hits pedestrian,Other,Had Been Drinking,,,,Yes,,,,Yes,,,,,,,Downtown Yonge East
51,Major Arterial,North York,Intersection,Stop Sign,Clear,"Dark, artificial",Dry,Non-Fatal Injury,Turning Movement,Driver,35 to 39,Major,North,Going Ahead,Exceeding Speed Limit,,,,,,,,,Yes,,,Yes,Yes,Yes,Yes,,,Bayview Woods-Steeles
2325,Major Arterial,Etobicoke York,Intersection,Traffic Signal,Clear,Dark,Dry,Non-Fatal Injury,Rear End,Driver,35 to 39,,North,Changing Lanes,Lost control,,,,,,,,,Yes,,,Yes,Yes,Yes,Yes,,Yes,Mount Olive-Silverstone-Jamestown
1306,Major Arterial,Toronto and East York,Mid-Block,No Control,Clear,Daylight,Dry,Non-Fatal Injury,Pedestrian Collisions,Driver,60 to 64,,South,Going Ahead,Driving Properly,,,,,,,Yes,,Yes,,,,,,,,,Old East York
1930,Major Arterial,Scarborough,Intersection,Traffic Signal,Clear,"Dark, artificial",Dry,Non-Fatal Injury,Pedestrian Collisions,Pedestrian,60 to 64,Major,South,,,Vehicle turns left while ped crosses with ROW at inter.,Crossing with right of way,Normal,,,,Yes,,Yes,,,,,,Yes,,,Kennedy Park
2015,Major Arterial,North York,Intersection,Stop Sign,Rain,"Dark, artificial",Wet,Non-Fatal Injury,Turning Movement,Driver,55 to 59,Major,East,Going Ahead,Driving Properly,,,,,,,,,Yes,,,,Yes,,Yes,,,Bedford Park-Nortown
42,Major Arterial,Scarborough,Intersection,Traffic Signal,Clear,"Dark, artificial",Dry,Fatal,Angle,Driver,50 to 54,Minor,East,Going Ahead,Driving Properly,,,,,,,,,Yes,,,,Yes,,Yes,Yes,Yes,Golfdale-Cedarbrae-Woburn
1445,Major Arterial,Toronto and East York,Intersection,Traffic Signal,Clear,Daylight,Dry,Non-Fatal Injury,Turning Movement,Driver,50 to 54,,North,Turning Left,Failed to Yield Right of Way,,,,,,,,,Yes,,,,,,Yes,,,High Park-Swansea
2325,Major Arterial,Etobicoke York,Intersection,Traffic Signal,Clear,Dark,Dry,Non-Fatal Injury,Rear End,Driver,50 to 54,,North,Slowing or Stopping,Driving Properly,,,,,,,,,Yes,,,Yes,Yes,Yes,Yes,,Yes,Mount Olive-Silverstone-Jamestown
1306,Major Arterial,Toronto and East York,Mid-Block,No Control,Clear,Daylight,Dry,Non-Fatal Injury,Pedestrian Collisions,Pedestrian,50 to 54,Major,Unknown,,,Pedestrian hit at mid-block,Other,Unknown,,,,Yes,,Yes,,,,,,,,,Old East York
1943,Major Arterial,Toronto and East York,Intersection,Traffic Signal,Clear,"Dark, artificial",Dry,Non-Fatal Injury,Pedestrian Collisions,Passenger,65 to 69,,,,,,,,,,,Yes,,Yes,,,,Yes,,Yes,,,High Park North
1830,Major Arterial,North York,Intersection,Traffic Signal,Clear,"Dark, artificial",Dry,Non-Fatal Injury,Turning Movement,Passenger,20 to 24,Minimal,,,,,,,,,,,,Yes,,,,Yes,,,,,Bayview Village
2015,Major Arterial,North York,Intersection,Stop Sign,Rain,"Dark, artificial",Wet,Non-Fatal Injury,Turning Movement,Passenger,50 to 54,Minimal,,,,,,,,,,,,Yes,,,,Yes,,Yes,,,Bedford Park-Nortown
42,Major Arterial,Scarborough,Intersection,Traffic Signal,Clear,"Dark, artificial",Dry,Fatal,Angle,Driver,45 to 49,Minimal,East,Going Ahead,Driving Properly,,,,,,,,,Yes,,,,Yes,,Yes,Yes,Yes,Golfdale-Cedarbrae-Woburn
2325,Major Arterial,Etobicoke York,Intersection,Traffic Signal,Clear,Dark,Dry,Non-Fatal Injury,Rear End,Passenger,50 to 54,Major,,,,,,,,,,,,Yes,,,Yes,Yes,Yes,Yes,,Yes,Mount Olive-Silverstone-Jamestown
1445,Major Arterial,Toronto and East York,Intersection,Traffic Signal,Clear,Daylight,Dry,Non-Fatal Injury,Turning Movement,Driver,50 to 54,Major,South,Going Ahead,Driving Properly,,,,,,,,,Yes,,,,,,Yes,,,High Park-Swansea
1345,Major Arterial,Etobicoke York,Mid-Block,No Control,Clear,Daylight,Wet,Non-Fatal Injury,Approaching,Driver,80 to 84,Major,South,Going Ahead,Lost control,,,,,,,,,Yes,,,,Yes,,,,,Humber Heights-Westmount
51,Major Arterial,North York,Intersection,Stop Sign,Clear,"Dark, artificial",Dry,Non-Fatal Injury,Turning Movement,Driver,55 to 59,,West,Turning Left,Other,,,,,,,,,Yes,,,Yes,Yes,Yes,Yes,,,Bayview Woods-Steeles
1030,Major Arterial,Scarborough,Intersection,No Control,Clear,Daylight,Dry,Non-Fatal Injury,SMV Other,Driver - Not Hit,unknown,,,,,,,,,,,,,Yes,Yes,,,,,Yes,,,Clairlea-Birchmount
2058,Major Arterial,North York,Intersection,No Control,Clear,"Dark, artificial",Dry,Non-Fatal Injury,SMV Other,Driver,50 to 54,Major,North,Going Ahead,Lost control,,,,,,,,,Yes,,,,,,,,Yes,Mount Pleasant East
51,Major Arterial,North York,Intersection,Stop Sign,Clear,"Dark, artificial",Dry,Non-Fatal Injury,Turning Movement,Passenger,30 to 34,Major,,,,,,,,,,,,Yes,,,Yes,Yes,Yes,Yes,,,Bayview Woods-Steeles
1345,Major Arterial,Etobicoke York,Mid-Block,No Control,Clear,Daylight,Wet,Non-Fatal Injury,Approaching,Driver,75 to 79,Major,North,Going Ahead,Driving Properly,,,,,,,,,Yes,,,,Yes,,,,,Humber Heights-Westmount
1145,,North York,Mid-Block,No Control,Clear,Daylight,Dry,Non-Fatal Injury,Rear End,Motorcycle Driver,15 to 19,Major,South,Going Ahead,Speed too Fast For Condition,,,,,,,,,Yes,Yes,,,,Yes,Yes,,,Banbury-Don Mills
1830,Major Arterial,North York,Intersection,Traffic Signal,Clear,"Dark, artificial",Dry,Non-Fatal Injury,Turning Movement,Passenger,20 to 24,Minimal,,,,,,,,,,,,Yes,,,,Yes,,,,,Bayview Village
1145,,North York,Mid-Block,No Control,Clear,Daylight,Dry,Non-Fatal Injury,Rear End,Driver,55 to 59,,South,Stopped,Driving Properly,,,,,,,,,Yes,Yes,,,,Yes,Yes,,,Banbury-Don Mills
42,Major Arterial,Scarborough,Intersection,Traffic Signal,Clear,"Dark, artificial",Dry,Fatal,Angle,Passenger,25 to 29,Fatal,,,,,,,,,,,,Yes,,,,Yes,,Yes,Yes,Yes,Golfdale-Cedarbrae-Woburn
1445,Major Arterial,Toronto and East York,Intersection,Traffic Signal,Clear,Daylight,Dry,Non-Fatal Injury,Turning Movement,Driver,45 to 49,,Unknown,Turning Right,Driving Properly,,,,,,,,,Yes,,,,,,Yes,,,High Park-Swansea
2354,Major Arterial,Toronto and East York,Intersection,Traffic Signal,Clear,"Dark, artificial",Dry,Non-Fatal Injury,SMV Other,Truck Driver,20 to 24,,North,Turning Left,Driving Properly,,,,,,,,,,,Yes,,Yes,,,,,Fort York-Liberty Village
1,Major Arterial,Etobicoke York,Intersection,Traffic Signal,Clear,"Dark, artificial",Dry,Fatal,Turning Movement,Driver,30 to 34,Fatal,East,Going Ahead,Disobeyed Traffic Control,,,,,,,,,Yes,,,,,Yes,Yes,Yes,Yes,Islington
1030,Major Arterial,Scarborough,Intersection,No Control,Clear,Daylight,Dry,Non-Fatal Injury,SMV Other,Motorcycle Driver,20 to 24,Major,West,Going Ahead,Driving Properly,,,,,,,,,Yes,Yes,,,,,Yes,,,Clairlea-Birchmount
2001,Major Arterial,Scarborough,Intersection,Traffic Signal,Clear,"Dawn, artificial",Dry,Non-Fatal Injury,Pedestrian Collisions,Driver,55 to 59,,North,Turning Left,Failed to Yield Right of Way,,,,,,,Yes,,Yes,,,,,,Yes,,,Kennedy Park
1345,Major Arterial,Etobicoke York,Mid-Block,No Control,Clear,Daylight,Wet,Non-Fatal Injury,Approaching,Passenger,65 to 69,Major,,,,,,,,,,,,Yes,,,,Yes,,,,,Humber Heights-Westmount
42,Major Arterial,Scarborough,Intersection,Traffic Signal,Clear,"Dark, artificial",Dry,Fatal,Angle,Passenger,20 to 24,Minimal,,,,,,,,,,,,Yes,,,,Yes,,Yes,Yes,Yes,Golfdale-Cedarbrae-Woburn
2001,Major Arterial,Scarborough,Intersection,Traffic Signal,Clear,"Dawn, artificial",Dry,Non-Fatal Injury,Pedestrian Collisions,Pedestrian,25 to 29,Major,South,,,Vehicle turns left while ped crosses with ROW at inter.,Crossing with right of way,Normal,,,,Yes,,Yes,,,,,,Yes,,,Kennedy Park
2354,Major Arterial,Toronto and East York,Intersection,Traffic Signal,Clear,"Dark, artificial",Dry,Non-Fatal Injury,SMV Other,Passenger,20 to 24,Major,,,,,,,,,,,,,,Yes,,Yes,,,,,Fort York-Liberty Village
1702,Collector,North York,Mid-Block,No Control,Rain,"Dark, artificial",Wet,Non-Fatal Injury,Cyclist Collisions,Driver,30 to 34,,East,Reversing,Other,,,,,,,,Yes,Yes,,,,,,,,,Clanton Park
2012,Major Arterial,Scarborough,Intersection,Traffic Signal,Rain,"Dark, artificial",Wet,Non-Fatal Injury,Pedestrian Collisions,Driver,55 to 59,,West,Turning Left,Failed to Yield Right of Way,,,,,,,Yes,,Yes,,,,,,Yes,,,Wexford/Maryvale
2137,Local,North York,Intersection,Stop Sign,Other,"Dark, artificial",Other,Fatal,Pedestrian Collisions,Driver,45 to 49,,West,Turning Left,Failed to Yield Right of Way,,,,,,,Yes,,Yes,,,,,,Yes,,,Lawrence Park South
1702,Collector,North York,Mid-Block,No Control,Rain,"Dark, artificial",Wet,Non-Fatal Injury,Cyclist Collisions,Cyclist,35 to 39,Major,North,Going Ahead,,,,,Motorist reversing struck cyclist.,Driving Properly,Other,,Yes,Yes,,,,,,,,,Clanton Park
1,Major Arterial,Etobicoke York,Intersection,Traffic Signal,Clear,"Dark, artificial",Dry,Fatal,Turning Movement,Driver,20 to 24,Major,North,Turning Left,Driving Properly,,,,,,,,,Yes,,,,,Yes,Yes,Yes,Yes,Islington
1803,Major Arterial,Scarborough,Intersection,Traffic Signal,Clear,Dusk,Dry,Non-Fatal Injury,Pedestrian Collisions,Truck Driver,65 to 69,,South,Turning Left,Driving Properly,,,,,,,Yes,,Yes,,Yes,,,,Yes,Yes,,Woburn North
1737,Major Arterial,North York,Mid-Block,No Control,Clear,Daylight,Dry,Non-Fatal Injury,Approaching,Driver,35 to 39,Major,South,Going Ahead,Lost control,,,,,,,,,Yes,,,,Yes,,,,,Newtonbrook West
1830,Major Arterial,North York,Intersection,Traffic Signal,Clear,"Dark, artificial",Dry,Non-Fatal Injury,Turning Movement,Passenger,40 to 44,,,,,,,,,,,,,Yes,,,,Yes,,,,,Bayview Village
1210,Major Arterial,North York,Intersection,Traffic Signal,Clear,Daylight,Dry,Fatal,Turning Movement,Driver,85 to 89,Fatal,South,Going Ahead,Disobeyed Traffic Control,,,,,,,,,Yes,,,,,,Yes,Yes,,Bridle Path-Sunnybrook-York Mills
242,Major Arterial,Scarborough,Intersection,Traffic Signal,Clear,"Dark, artificial",Dry,Non-Fatal Injury,Rear End,Driver,35 to 39,Major,South,Going Ahead,Lost control,,,,,,,,,Yes,,Yes,,,,,,,Golfdale-Cedarbrae-Woburn