TIME,ROAD_CLASS,DISTRICT,LOCCOORD,TRAFFCTL,VISIBILITY,LIGHT,RDSFCOND,ACCLASS,IMPACTYPE,INVTYPE,INVAGE,INJURY,INITDIR,MANOEUVER,DRIVACT,PEDTYPE,PEDACT,PEDCOND,CYCLISTYPE,CYCACT,CYCCOND,PEDESTRIAN,CYCLIST,AUTOMOBILE,MOTORCYCLE,TRUCK,TRSN_CITY_VEH,PASSENGER,SPEEDING,AG_DRIV,REDLIGHT,ALCOHOL,NEIGHBOURHOOD_158
2012,Major Arterial,Scarborough,Intersection,Traffic Signal,Rain,"Dark, artificial",Wet,Non-Fatal Injury,Pedestrian Collisions,Pedestrian,45 to 49,Major,West,,,Vehicle turns left while ped crosses with ROW at inter.,Crossing with right of way,Normal,,,,Yes,,Yes,,,,,,Yes,,,Wexford/Maryvale
1904,Major Arterial,Toronto and East York,Mid-Block,Pedestrian Crossover,Snow,"Dark, artificial",Wet,Non-Fatal Injury,Pedestrian Collisions,Driver,70 to 74,,North,Going Ahead,Failed to Yield Right of Way,,,,,,,Yes,,Yes,,,,,,Yes,,,University
1737,Major Arterial,North York,Mid-Block,No Control,Clear,Daylight,Dry,Non-Fatal Injury,Approaching,Driver,45 to 49,,North,Going Ahead,Driving Properly,,,,,,,,,Yes,,,,Yes,,,,,Newtonbrook West
1210,Major Arterial,North York,Intersection,Traffic Signal,Clear,Daylight,Dry,Fatal,Turning Movement,Driver,20 to 24,,East,Turning Left,Driving Properly,,,,,,,,,Yes,,,,,,Yes,Yes,,Bridle Path-Sunnybrook-York Mills
1716,Major Arterial,Scarborough,Mid-Block,No Control,Clear,"Dark, artificial",Dry,Non-Fatal Injury,Approaching,Driver,45 to 49,Major,South,Going Ahead,Driving Properly,,,,,,,,,Yes,,,,,,,,,Wexford/Maryvale
1718,Major Arterial,Scarborough,Intersection,No Control,Clear,Daylight,Dry,Non-Fatal Injury,Turning Movement,Driver,50 to 54,Minimal,East,Turning Left,Improper Turn,,,,,,,,,Yes,Yes,,,Yes,,Yes,,,Oakridge
1737,Major Arterial,North York,Mid-Block,No Control,Clear,Daylight,Dry,Non-Fatal Injury,Approaching,Passenger,0 to 4,Minimal,,,,,,,,,,,,Yes,,,,Yes,,,,,Newtonbrook West
2137,Local,North York,Intersection,Stop Sign,Other,"Dark, artificial",Other,Fatal,Pedestrian Collisions,Pedestrian,70 to 74,Fatal,North,,,Vehicle turns left while ped crosses with ROW at inter.,Crossing with right of way,Normal,,,,Yes,,Yes,,,,,,Yes,,,Lawrence Park South
242,Major Arterial,Scarborough,Intersection,Traffic Signal,Clear,"Dark, artificial",Dry,Non-Fatal Injury,Rear End,Truck Driver,30 to 34,,South,Stopped,Driving Properly,,,,,,,,,Yes,,Yes,,,,,,,Golfdale-Cedarbrae-Woburn
1803,Major Arterial,Scarborough,Intersection,Traffic Signal,Clear,Dusk,Dry,Non-Fatal Injury,Pedestrian Collisions,Driver,25 to 29,,West,Going Ahead,Disobeyed Traffic Control,,,,,,,Yes,,Yes,,Yes,,,,Yes,Yes,,Woburn North
625,Major Arterial,North York,Intersection,Traffic Signal,Clear,"Dark, artificial",Wet,Non-Fatal Injury,Turning Movement,Driver,60 to 64,,East,Turning Left,Improper Turn,,,,,,,,,Yes,Yes,,,,,,,,Westminster-Branson
1904,Major Arterial,Toronto and East York,Mid-Block,Pedestrian Crossover,Snow,"Dark, artificial",Wet,Non-Fatal Injury,Pedestrian Collisions,Pedestrian,25 to 29,Major,West,,,Pedestrian hit a PXO/ped. Mid-block signal,"Crossing, Pedestrian Crossover",Normal,,,,Yes,,Yes,,,,,,Yes,,,University
625,Major Arterial,North York,Intersection,Traffic Signal,Clear,"Dark, artificial",Wet,Non-Fatal Injury,Turning Movement,Motorcycle Driver,40 to 44,Major,West,Going Ahead,Other,,,,,,,,,Yes,Yes,,,,,,,,Westminster-Branson
947,Major Arterial,Etobicoke York,Intersection,No Control,Clear,Daylight,Dry,Non-Fatal Injury,Turning Movement,Truck Driver,25 to 29,,East,Turning Left,Failed to Yield Right of Way,,,,,,,,,Yes,,Yes,,,,Yes,,,West Humber-Clairville
747,Major Arterial,North York,Intersection,Traffic Signal,Clear,Daylight,Dry,Non-Fatal Injury,Turning Movement,Driver,45 to 49,Major,North,Turning Left,Improper Turn,,,,,,,,,Yes,,,,,,Yes,Yes,,Bathurst Manor
1718,Major Arterial,Scarborough,Intersection,No Control,Clear,Daylight,Dry,Non-Fatal Injury,Turning Movement,Motorcycle Driver,30 to 34,Major,West,Changing Lanes,Improper Lane Change,,,,,,,,,Yes,Yes,,,Yes,,Yes,,,Oakridge
1803,Major Arterial,Scarborough,Intersection,Traffic Signal,Clear,Dusk,Dry,Non-Fatal Injury,Pedestrian Collisions,Pedestrian,25 to 29,Major,South,,,Vehicle turns left while ped crosses with ROW at inter.,Crossing with right of way,Normal,,,,Yes,,Yes,,Yes,,,,Yes,Yes,,Woburn North
429,Major Arterial,North York,Mid-Block,No Control,Clear,Dark,Dry,Non-Fatal Injury,Pedestrian Collisions,Driver,35 to 39,,South,Going Ahead,Other,,,,,,,Yes,,Yes,,,,,Yes,Yes,,,Oakwood Village
1255,Collector,Toronto and East York,Mid-Block,No Control,Clear,Daylight,Dry,Non-Fatal Injury,SMV Other,Driver,45 to 49,Major,East,Changing Lanes,Exceeding Speed Limit,,,,,,,,,Yes,,,,,Yes,Yes,,,South Riverdale
1737,Major Arterial,North York,Mid-Block,No Control,Clear,Daylight,Dry,Non-Fatal Injury,Approaching,Passenger,15 to 19,,,,,,,,,,,,,Yes,,,,Yes,,,,,Newtonbrook West
947,Major Arterial,Etobicoke York,Intersection,No Control,Clear,Daylight,Dry,Non-Fatal Injury,Turning Movement,Driver,25 to 29,Major,East,Going Ahead,Driving Properly,,,,,,,,,Yes,,Yes,,,,Yes,,,West Humber-Clairville
1716,Major Arterial,Scarborough,Mid-Block,No Control,Clear,"Dark, artificial",Dry,Non-Fatal Injury,Approaching,Driver,35 to 39,Minimal,North,Going Ahead,Lost control,,,,,,,,,Yes,,,,,,,,,Wexford/Maryvale
643,Major Arterial,Etobicoke York,Intersection,Traffic Signal,Clear,Daylight,Dry,Non-Fatal Injury,Turning Movement,Driver,60 to 64,Minor,North,Turning Left,Disobeyed Traffic Control,,,,,,,,,Yes,,,,,,Yes,Yes,,Pelmo Park-Humberlea
2135,Major Arterial,Etobicoke York,Intersection,Traffic Signal,Clear,"Dark, artificial",Dry,Non-Fatal Injury,Pedestrian Collisions,Driver,75 to 79,,East,Going Ahead,Driving Properly,,,,,,,Yes,,Yes,,,,,,,,,Kingsway South
643,Major Arterial,Etobicoke York,Intersection,Traffic Signal,Clear,Daylight,Dry,Non-Fatal Injury,Turning Movement,Driver,65 to 69,Major,East,Going Ahead,Driving Properly,,,,,,,,,Yes,,,,,,Yes,Yes,,Pelmo Park-Humberlea
2135,Major Arterial,Etobicoke York,Intersection,Traffic Signal,Clear,"Dark, artificial",Dry,Non-Fatal Injury,Pedestrian Collisions,Pedestrian,45 to 49,Major,South,,,Vehicle is going straight thru inter.while ped cross without ROW,Crossing without right of way,Inattentive,,,,Yes,,Yes,,,,,,,,,Kingsway South
1229,Major Arterial,Etobicoke York,Intersection,Traffic Signal,Clear,Daylight,Dry,Non-Fatal Injury,Sideswipe,Truck Driver,30 to 34,,North,Going Ahead,Driving Properly,,,,,,,,,,,Yes,,Yes,,,,,Black Creek
429,Major Arterial,North York,Mid-Block,No Control,Clear,Dark,Dry,Non-Fatal Injury,Pedestrian Collisions,Pedestrian,30 to 34,Major,Unknown,,,Pedestrian hit at private driveway,Other,Unknown,,,,Yes,,Yes,,,,,Yes,Yes,,,Oakwood Village
1318,Major Arterial,Toronto and East York,Intersection,Traffic Signal,Rain,Daylight,Wet,Non-Fatal Injury,Cyclist Collisions,Cyclist,20 to 24,Major,East,Going Ahead,,,,,"Cyclist without ROW rides into path of motorist at inter, lnwy, dwy-Cyclist not turn.",Disobeyed Traffic Control,Normal,,Yes,Yes,,,,Yes,,,,,High Park-Swansea
1811,Major Arterial,North York,Intersection,Traffic Signal,Clear,"Dark, artificial",Dry,Non-Fatal Injury,Approaching,Driver,25 to 29,Major,East,Going Ahead,Disobeyed Traffic Control,,,,,,,,,Yes,,,,,,Yes,Yes,,Leaside-Bennington
747,Major Arterial,North York,Intersection,Traffic Signal,Clear,Daylight,Dry,Non-Fatal Injury,Turning Movement,Driver,45 to 49,Minor,South,Going Ahead,Disobeyed Traffic Control,,,,,,,,,Yes,,,,,,Yes,Yes,,Bathurst Manor
1718,Major Arterial,Scarborough,Intersection,No Control,Clear,Daylight,Dry,Non-Fatal Injury,Turning Movement,Passenger,50 to 54,Minor,,,,,,,,,,,,Yes,Yes,,,Yes,,Yes,,,Oakridge
1050,Major Arterial,Etobicoke York,Mid-Block,No Control,Clear,Daylight,Dry,Non-Fatal Injury,Pedestrian Collisions,Driver,65 to 69,,West,Going Ahead,Driving Properly,,,,,,,Yes,,Yes,,,,,,,,,Brookhaven-Amesbury
1655,Collector,Etobicoke York,Intersection,No Control,Rain,Daylight,Wet,Non-Fatal Injury,Approaching,Driver,25 to 29,Major,West,Overtaking,Speed too Fast For Condition,,,,,,,,,Yes,,,,,Yes,Yes,,,West Humber-Clairville
1229,Major Arterial,Etobicoke York,Intersection,Traffic Signal,Clear,Daylight,Dry,Non-Fatal Injury,Sideswipe,Passenger,40 to 44,Major,,,,,,,,,,,,,,Yes,,Yes,,,,,Black Creek
747,Major Arterial,North York,Intersection,Traffic Signal,Clear,Daylight,Dry,Non-Fatal Injury,Turning Movement,Driver,45 to 49,,South,Stopped,Driving Properly,,,,,,,,,Yes,,,,,,Yes,Yes,,Bathurst Manor
1318,Major Arterial,Toronto and East York,Intersection,Traffic Signal,Rain,Daylight,Wet,Non-Fatal Injury,Cyclist Collisions,Driver,65 to 69,,West,Turning Left,Driving Properly,,,,,,,,Yes,Yes,,,,Yes,,,,,High Park-Swansea
1811,Major Arterial,North York,Intersection,Traffic Signal,Clear,"Dark, artificial",Dry,Non-Fatal Injury,Approaching,Driver,30 to 34,,West,Going Ahead,Driving Properly,,,,,,,,,Yes,,,,,,Yes,Yes,,Leaside-Bennington
1830,Major Arterial,North York,Intersection,Traffic Signal,Clear,Daylight,Dry,Non-Fatal Injury,Cyclist Collisions,Cyclist,50 to 54,Major,North,Going Ahead,,,,,Cyclist and Driver travelling in same direction. One vehicle sideswipes the other.,Lost control,Normal,,Yes,,,,Yes,,,,,,Lawrence Park South
54,Major Arterial,Toronto and East York,Intersection,Traffic Signal,Clear,"Dark, artificial",Dry,Non-Fatal Injury,Cyclist Collisions,Cyclist,25 to 29,Major,South,Going Ahead,,,,,"Cyclist without ROW rides into path of motorist at inter, lnwy, dwy-Cyclist not turn.",Disobeyed Traffic Control,Normal,,Yes,,,,Yes,,,,,,Junction Area
1050,Major Arterial,Etobicoke York,Mid-Block,No Control,Clear,Daylight,Dry,Non-Fatal Injury,Pedestrian Collisions,Pedestrian,75 to 79,Major,North,,,Pedestrian hit at mid-block,"Crossing, no Traffic Control",Inattentive,,,,Yes,,Yes,,,,,,,,,Brookhaven-Amesbury
1335,Collector,Scarborough,Intersection,Stop Sign,Clear,Daylight,Dry,Non-Fatal Injury,Pedestrian Collisions,Driver,55 to 59,,East,Turning Left,Lost control,,,,,,,Yes,,,,,,Yes,,,,,Clairlea-Birchmount
1830,Major Arterial,North York,Intersection,Traffic Signal,Clear,Daylight,Dry,Non-Fatal Injury,Cyclist Collisions,Driver,45 to 49,,North,Going Ahead,Driving Properly,,,,,,,,Yes,,,,Yes,,,,,,Lawrence Park South
2030,Major Arterial,Scarborough,Intersection,Stop Sign,Clear,Daylight,Dry,Non-Fatal Injury,Turning Movement,Driver,60 to 64,,North,Turning Left,Improper Turn,,,,,,,,,Yes,Yes,,,Yes,,,,,Oakridge
1655,Collector,Etobicoke York,Intersection,No Control,Rain,Daylight,Wet,Non-Fatal Injury,Approaching,Driver,30 to 34,Minor,East,Going Ahead,Driving Properly,,,,,,,,,Yes,,,,,Yes,Yes,,,West Humber-Clairville
1727,Collector,Etobicoke York,Mid-Block,No Control,Clear,Dusk,Dry,Non-Fatal Injury,Pedestrian Collisions,Driver,65 to 69,,West,Going Ahead,Driving Properly,,,,,,,Yes,,Yes,,,,,,,,,Rockcliffe-Smythe
2148,Major Arterial,Toronto and East York,Intersection,Traffic Signal,Clear,"Dark, artificial",Wet,Non-Fatal Injury,Cyclist Collisions,Cyclist,35 to 39,Major,South,Turning Left,,,,,Cyclist turned left across motorists path.,Improper Turn,Had Been Drinking,,Yes,,,,Yes,,,,,,Kensington-Chinatown
1318,Major Arterial,Toronto and East York,Intersection,Traffic Signal,Rain,Daylight,Wet,Non-Fatal Injury,Cyclist Collisions,Passenger,55 to 59,,,,,,,,,,,,Yes,Yes,,,,Yes,,,,,High Park-Swansea
54,Major Arterial,Toronto and East York,Intersection,Traffic Signal,Clear,"Dark, artificial",Dry,Non-Fatal Injury,Cyclist Collisions,Driver,35 to 39,,South,Turning Right,Driving Properly,,,,,,,,Yes,,,,Yes,,,,,,Junction Area
730,Major Arterial,Etobicoke York,Intersection,Traffic Signal,Clear,Daylight,Dry,Non-Fatal Injury,Pedestrian Collisions,Driver,40 to 44,,South,Turning Left,Failed to Yield Right of Way,,,,,,,Yes,,,,,Yes,,,Yes,,,Etobicoke City Centre
2030,Major Arterial,Scarborough,Intersection,Stop Sign,Clear,Daylight,Dry,Non-Fatal Injury,Turning Movement,Motorcycle Driver,50 to 54,Major,West,Going Ahead,Driving Properly,,,,,,,,,Yes,Yes,,,Yes,,,,,Oakridge
1727,Collector,Etobicoke York,Mid-Block,No Control,Clear,Dusk,Dry,Non-Fatal Injury,Pedestrian Collisions,Pedestrian,80 to 84,Major,Unknown,,,Pedestrian hit at mid-block,"Crossing, no Traffic Control",Inattentive,,,,Yes,,Yes,,,,,,,,,Rockcliffe-Smythe
1335,Collector,Scarborough,Intersection,Stop Sign,Clear,Daylight,Dry,Non-Fatal Injury,Pedestrian Collisions,Passenger,20 to 24,,,,,,,,,,,Yes,,,,,,Yes,,,,,Clairlea-Birchmount
2010,Major Arterial,Scarborough,Intersection,Traffic Signal,Rain,"Dark, artificial",Wet,Non-Fatal Injury,Angle,Driver,20 to 24,,South,Going Ahead,Disobeyed Traffic Control,,,,,,,,,Yes,,,,Yes,,Yes,Yes,,Clairlea-Birchmount
2148,Major Arterial,Toronto and East York,Intersection,Traffic Signal,Clear,"Dark, artificial",Wet,Non-Fatal Injury,Cyclist Collisions,Driver,35 to 39,,South,Going Ahead,Driving Properly,,,,,,,,Yes,,,,Yes,,,,,,Kensington-Chinatown
1645,Major Arterial,North York,Mid-Block,No Control,Clear,Daylight,Dry,Fatal,Pedestrian Collisions,Driver,unknown,,East,Going Ahead,Failed to Yield Right of Way,,,,,,,Yes,,Yes,,,,,,Yes,,,Newtonbrook East
1850,Major Arterial,North York,Mid-Block,No Control,Clear,Daylight,Dry,Non-Fatal Injury,SMV Other,Driver,20 to 24,Major,South,Going Ahead,Lost control,,,,,,,,,Yes,,,,,,,,,Newtonbrook East
338,Major Arterial,Scarborough,Intersection,Traffic Signal,Clear,"Dark, artificial",Dry,Non-Fatal Injury,Cyclist Collisions,Cyclist,25 to 29,Major,East,Other,,,,,Cyclist and Driver travelling in same direction. One vehicle sideswipes the other.,Disobeyed Traffic Control,Unknown,,Yes,Yes,,,,,,,,,Birchcliffe-Cliffside
338,Major Arterial,Scarborough,Intersection,Traffic Signal,Clear,"Dark, artificial",Dry,Non-Fatal Injury,Cyclist Collisions,Driver,40 to 44,,East,Going Ahead,Driving Properly,,,,,,,,Yes,Yes,,,,,,,,,Birchcliffe-Cliffside
1220,Minor Arterial,Toronto and East York,Intersection,Traffic Signal,Clear,Daylight,Dry,Non-Fatal Injury,Cyclist Collisions,Driver,40 to 44,,South,Turning Right,Failed to Yield Right of Way,,,,,,,,Yes,Yes,,,,,,Yes,,,Cabbagetown-South St.James Town
1335,Collector,Scarborough,Intersection,Stop Sign,Clear,Daylight,Dry,Non-Fatal Injury,Pedestrian Collisions,Pedestrian,45 to 49,Major,East,,,Vehicle turns left while ped crosses with ROW at inter.,Crossing with right of way,Normal,,,,Yes,,,,,,Yes,,,,,Clairlea-Birchmount
730,Major Arterial,Etobicoke York,Intersection,Traffic Signal,Clear,Daylight,Dry,Non-Fatal Injury,Pedestrian Collisions,Pedestrian,75 to 79,Major,North,,,Vehicle turns left while ped crosses with ROW at inter.,Crossing with right of way,Normal,,,,Yes,,,,,Yes,,,Yes,,,Etobicoke City Centre
2010,Major Arterial,Scarborough,Intersection,Traffic Signal,Rain,"Dark, artificial",Wet,Non-Fatal Injury,Angle,Driver,40 to 44,Minimal,East,Going Ahead,Driving Properly,,,,,,,,,Yes,,,,Yes,,Yes,Yes,,Clairlea-Birchmount
1645,Major Arterial,North York,Mid-Block,No Control,Clear,Daylight,Dry,Fatal,Pedestrian Collisions,Pedestrian,75 to 79,Minor,North,,,Pedestrian hit at private driveway,On Sidewalk or Shoulder,Unknown,,,,Yes,,Yes,,,,,,Yes,,,Newtonbrook East
2030,Major Arterial,Scarborough,Intersection,Stop Sign,Clear,Daylight,Dry,Non-Fatal Injury,Turning Movement,Passenger,45 to 49,,,,,,,,,,,,,Yes,Yes,,,Yes,,,,,Oakridge
2316,Collector,Toronto and East York,Mid-Block,No Control,Clear,"Dark, artificial",Dry,Non-Fatal Injury,Cyclist Collisions,Cyclist,25 to 29,Major,North,Going Ahead,,,,,Cyclist strikes a parked vehicle.,Lost control,"Ability Impaired, Alcohol",,Yes,,,,,,,,,,Trinity-Bellwoods
1450,Major Arterial,Etobicoke York,Mid-Block,No Control,Rain,Daylight,Wet,Non-Fatal Injury,Turning Movement,Truck Driver,25 to 29,Major,North,Turning Right,Lost control,,,,,,,,,,,Yes,,,,,,,West Humber-Clairville
2315,Major Arterial,North York,Intersection,No Control,Clear,"Dark, artificial",Dry,Non-Fatal Injury,Sideswipe,Driver,25 to 29,Minimal,South,Changing Lanes,Improper Lane Change,,,,,,,,,Yes,,,Yes,Yes,,,,,Yonge-Doris
1220,Minor Arterial,Toronto and East York,Intersection,Traffic Signal,Clear,Daylight,Dry,Non-Fatal Injury,Cyclist Collisions,Cyclist,25 to 29,Major,East,Going Ahead,,,,,Motorist turning right on red at signalized intersection strikes cyclist.,Driving Properly,Normal,,Yes,Yes,,,,,,Yes,,,Cabbagetown-South St.James Town
353,Minor Arterial,Toronto and East York,Mid-Block,No Control,Clear,"Dark, artificial",Dry,Fatal,SMV Other,Driver,20 to 24,Fatal,South,Going Ahead,Lost control,,,,,,,,,Yes,,,,,Yes,Yes,,,North Riverdale
2030,Major Arterial,Scarborough,Intersection,Stop Sign,Clear,Daylight,Dry,Non-Fatal Injury,Turning Movement,Passenger,10 to 14,,,,,,,,,,,,,Yes,Yes,,,Yes,,,,,Oakridge
2010,Major Arterial,Scarborough,Intersection,Traffic Signal,Rain,"Dark, artificial",Wet,Non-Fatal Injury,Angle,Driver,45 to 49,Minimal,East,Going Ahead,Driving Properly,,,,,,,,,Yes,,,,Yes,,Yes,Yes,,Clairlea-Birchmount
1211,Major Arterial,North York,Mid-Block,No Control,Clear,Daylight,Dry,Non-Fatal Injury,SMV Other,Motorcycle Driver,55 to 59,Major,South,Changing Lanes,Lost control,,,,,,,,,,Yes,,,,,Yes,,,Clairlea-Birchmount
1253,Collector,Toronto and East York,Mid-Block,No Control,Clear,Daylight,Dry,Non-Fatal Injury,Pedestrian Collisions,Driver,25 to 29,,North,Going Ahead,Driving Properly,,,,,,,Yes,,Yes,,,,Yes,,,,,Taylor-Massey
1645,Major Arterial,North York,Mid-Block,No Control,Clear,Daylight,Dry,Fatal,Pedestrian Collisions,Pedestrian,80 to 84,Fatal,North,,,Pedestrian hit at private driveway,On Sidewalk or Shoulder,Normal,,,,Yes,,Yes,,,,,,Yes,,,Newtonbrook East
1450,Major Arterial,Etobicoke York,Mid-Block,No Control,Rain,Daylight,Wet,Non-Fatal Injury,Turning Movement,Truck Driver,40 to 44,,South,Going Ahead,Driving Properly,,,,,,,,,,,Yes,,,,,,,West Humber-Clairville
2315,Major Arterial,North York,Intersection,No Control,Clear,"Dark, artificial",Dry,Non-Fatal Injury,Sideswipe,Driver,20 to 24,Minimal,South,Going Ahead,Driving Properly,,,,,,,,,Yes,,,Yes,Yes,,,,,Yonge-Doris
1915,Minor Arterial,Toronto and East York,Intersection,Stop Sign,Other,Daylight,Other,Non-Fatal Injury,Angle,Driver,40 to 44,,East,Going Ahead,Failed to Yield Right of Way,,,,,,,,Yes,Yes,,,,,,Yes,,,Junction-Wallace Emerson
2136,Minor Arterial,Scarborough,Mid-Block,No Control,Clear,"Dark, artificial",Dry,Non-Fatal Injury,Cyclist Collisions,Driver,65 to 69,,South,Going Ahead,Following too Close,,,,,,,,Yes,Yes,,,,,,Yes,,,Birchcliffe-Cliffside
1130,Major Arterial,North York,Mid-Block,No Control,Clear,Daylight,Wet,Non-Fatal Injury,Pedestrian Collisions,Driver,30 to 34,,East,Pulling Away from Shoulder or Curb,Driving Properly,,,,,,,Yes,,Yes,,,,,,,,,Mount Pleasant East
58,Local,Toronto and East York,Mid-Block,No Control,Clear,Dark,Dry,Fatal,Pedestrian Collisions,Pedestrian,85 to 89,Fatal,North,,,Pedestrian hit on sidewalk or shoulder,On Sidewalk or Shoulder,Unknown,,,,Yes,,Yes,,,,,,,,,Old East York
1516,Major Arterial,Scarborough,Mid-Block,No Control,Clear,Daylight,Dry,Non-Fatal Injury,Turning Movement,Driver,20 to 24,,North,Turning Left,Failed to Yield Right of Way,,,,,,,,,Yes,Yes,,,,,Yes,,,Kennedy Park
2010,Major Arterial,Scarborough,Intersection,Traffic Signal,Rain,"Dark, artificial",Wet,Non-Fatal Injury,Angle,Passenger,15 to 19,,,,,,,,,,,,,Yes,,,,Yes,,Yes,Yes,,Clairlea-Birchmount
2136,Minor Arterial,Scarborough,Mid-Block,No Control,Clear,"Dark, artificial",Dry,Non-Fatal Injury,Cyclist Collisions,Cyclist,35 to 39,Major,South,Stopped,,,,,Cyclist and Driver travelling in same direction. One vehicle rear-ended the other.,Driving Properly,Normal,,Yes,Yes,,,,,,Yes,,,Birchcliffe-Cliffside
1915,Minor Arterial,Toronto and East York,Intersection,Stop Sign,Other,Daylight,Other,Non-Fatal Injury,Angle,Moped Driver,50 to 54,Major,North,Going Ahead,Driving Properly,,,,,,,,Yes,Yes,,,,,,Yes,,,Junction-Wallace Emerson
1130,Major Arterial,North York,Mid-Block,No Control,Clear,Daylight,Wet,Non-Fatal Injury,Pedestrian Collisions,Pedestrian,30 to 34,Major,Unknown,,,Vehicle is going straight thru inter.while ped cross without ROW,Other,Normal,,,,Yes,,Yes,,,,,,,,,Mount Pleasant East
2153,Major Arterial,Etobicoke York,Mid-Block,No Control,Clear,"Dark, artificial",Dry,Non-Fatal Injury,Approaching,Driver,20 to 24,Minor,West,Going Ahead,Lost control,,,,,,,,,Yes,,,,,,,,,Thistletown-Beaumond Heights
58,Local,Toronto and East York,Mid-Block,No Control,Clear,Dark,Dry,Fatal,Pedestrian Collisions,Driver,25 to 29,,South,Reversing,Other,,,,,,,Yes,,Yes,,,,,,,,,Old East York
2315,Major Arterial,North York,Intersection,No Control,Clear,"Dark, artificial",Dry,Non-Fatal Injury,Sideswipe,Driver,35 to 39,,North,Going Ahead,Driving Properly,,,,,,,,,Yes,,,Yes,Yes,,,,,Yonge-Doris
2010,Major Arterial,Scarborough,Intersection,Traffic Signal,Rain,"Dark, artificial",Wet,Non-Fatal Injury,Angle,Passenger,40 to 44,Major,,,,,,,,,,,,Yes,,,,Yes,,Yes,Yes,,Clairlea-Birchmount
1253,Collector,Toronto and East York,Mid-Block,No Control,Clear,Daylight,Dry,Non-Fatal Injury,Pedestrian Collisions,Pedestrian,15 to 19,Major,West,,,Vehicle hits the pedestrian walking or running out from between parked vehicles at mid-block,Coming From Behind Parked Vehicle,Inattentive,,,,Yes,,Yes,,,,Yes,,,,,Taylor-Massey
2010,Major Arterial,Scarborough,Intersection,Traffic Signal,Rain,"Dark, artificial",Wet,Non-Fatal Injury,Angle,Passenger,15 to 19,Minimal,,,,,,,,,,,,Yes,,,,Yes,,Yes,Yes,,Clairlea-Birchmount
2315,Major Arterial,North York,Intersection,No Control,Clear,"Dark, artificial",Dry,Non-Fatal Injury,Sideswipe,Passenger,20 to 24,Minor,,,,,,,,,,,,Yes,,,Yes,Yes,,,,,Yonge-Doris
1516,Major Arterial,Scarborough,Mid-Block,No Control,Clear,Daylight,Dry,Non-Fatal Injury,Turning Movement,Motorcycle Driver,30 to 34,Major,South,Going Ahead,Driving Properly,,,,,,,,,Yes,Yes,,,,,Yes,,,Kennedy Park
1755,Minor Arterial,Toronto and East York,Mid-Block,No Control,Clear,Daylight,Dry,Non-Fatal Injury,Pedestrian Collisions,Driver,40 to 44,,South,Going Ahead,Driving Properly,,,,,,,Yes,,Yes,,,,,,,,,Palmerston-Little Italy
25,Major Arterial,Toronto and East York,Mid-Block,No Control,Clear,"Dark, artificial",Dry,Non-Fatal Injury,Turning Movement,Driver,40 to 44,Major,North,Turning Left,Improper Turn,,,,,,,,,Yes,,,,Yes,Yes,Yes,,Yes,Rosedale-Moore Park
352,Major Arterial,Etobicoke York,Intersection,Traffic Signal,Clear,"Dark, artificial",Dry,Non-Fatal Injury,Turning Movement,Driver,20 to 24,,South,Turning Left,Disobeyed Traffic Control,,,,,,,,,Yes,,,,Yes,,Yes,Yes,,Brookhaven-Amesbury
2153,Major Arterial,Etobicoke York,Mid-Block,No Control,Clear,"Dark, artificial",Dry,Non-Fatal Injury,Approaching,Driver,35 to 39,Major,East,Going Ahead,Driving Properly,,,,,,,,,Yes,,,,,,,,,Thistletown-Beaumond Heights
2010,Major Arterial,Scarborough,Intersection,Traffic Signal,Rain,"Dark, artificial",Wet,Non-Fatal Injury,Angle,Passenger,15 to 19,Minimal,,,,,,,,,,,,Yes,,,,Yes,,Yes,Yes,,Clairlea-Birchmount
2315,Major Arterial,North York,Intersection,No Control,Clear,"Dark, artificial",Dry,Non-Fatal Injury,Sideswipe,Passenger,20 to 24,Minor,,,,,,,,,,,,Yes,,,Yes,Yes,,,,,Yonge-Doris
43,Major Arterial,Etobicoke York,Intersection,Traffic Signal,Clear,Dark,Dry,Non-Fatal Injury,SMV Other,Driver - Not Hit,unknown,,West,Changing Lanes,Improper Lane Change,,,,,,,,,Yes,Yes,,,,,,,,Brookhaven-Amesbury
1755,Minor Arterial,Toronto and East York,Mid-Block,No Control,Clear,Daylight,Dry,Non-Fatal Injury,Pedestrian Collisions,Pedestrian,5 to 9,Major,East,,,Pedestrian hit at mid-block,Running onto Roadway,Inattentive,,,,Yes,,Yes,,,,,,,,,Palmerston-Little Italy
1906,Major Arterial,Scarborough,Mid-Block,No Control,Clear,"Dark, artificial",Dry,Non-Fatal Injury,SMV Other,Driver,55 to 59,Major,South,Going Ahead,Lost control,,,,,,,,,Yes,,,,Yes,,,,,Agincourt North
25,Major Arterial,Toronto and East York,Mid-Block,No Control,Clear,"Dark, artificial",Dry,Non-Fatal Injury,Turning Movement,Driver,30 to 34,,South,Going Ahead,Speed too Fast For Condition,,,,,,,,,Yes,,,,Yes,Yes,Yes,,Yes,Rosedale-Moore Park