TIME,ROAD_CLASS,DISTRICT,LOCCOORD,TRAFFCTL,VISIBILITY,LIGHT,RDSFCOND,ACCLASS,IMPACTYPE,INVTYPE,INVAGE,INJURY,INITDIR,MANOEUVER,DRIVACT,PEDTYPE,PEDACT,PEDCOND,CYCLISTYPE,CYCACT,CYCCOND,PEDESTRIAN,CYCLIST,AUTOMOBILE,MOTORCYCLE,TRUCK,TRSN_CITY_VEH,PASSENGER,SPEEDING,AG_DRIV,REDLIGHT,ALCOHOL,NEIGHBOURHOOD_158
736,Major Arterial,Etobicoke York,Mid-Block,No Control,Clear,Daylight,Dry,Fatal,Pedestrian Collisions,Pedestrian,70 to 74,Fatal,West,,,Pedestrian hit at mid-block,"Crossing, no Traffic Control",Normal,,,,Yes,,,,Yes,,,,,,,Humber Bay Shores
1015,Major Arterial,Toronto and East York,Mid-Block,No Control,Clear,Daylight,Dry,Non-Fatal Injury,Pedestrian Collisions,Pedestrian,55 to 59,Major,Unknown,,,Vehicle is reversing and hits pedestrian,Other,Normal,,,,Yes,,,,Yes,,,,,,,High Park-Swansea
1100,Major Arterial,North York,Mid-Block,No Control,Snow,Daylight,Packed Snow,Non-Fatal Injury,Sideswipe,Driver,unknown,,West,Going Ahead,Driving Properly,,,,,,,,,Yes,,,,,,,,,Henry Farm
1450,Major Arterial,Scarborough,Intersection,Traffic Signal,Clear,Daylight,Dry,Non-Fatal Injury,Pedestrian Collisions,Driver,35 to 39,,West,Turning Left,Failed to Yield Right of Way,,,,,,,Yes,,Yes,,,,,,Yes,,,Agincourt North
1322,Major Arterial,North York,Intersection,Traffic Signal,Clear,Daylight,Dry,Fatal,Pedestrian Collisions,Pedestrian,55 to 59,Minor,,,,Pedestrian hit on sidewalk or shoulder,On Sidewalk or Shoulder,Unknown,,,,Yes,,Yes,,,,,,,,,Yonge-Doris
1515,Major Arterial,North York,Intersection,Traffic Signal,Other,Daylight,Dry,Fatal,Cyclist Collisions,Cyclist,70 to 74,Fatal,South,Going Ahead,,,,,Motorist turning right on green or amber at signalized intersection strikes cyclist.,Other,Other,,Yes,Yes,,,,,,,,,Clairlea-Birchmount
1130,Collector,North York,Intersection,No Control,Clear,Daylight,Dry,Non-Fatal Injury,SMV Other,Driver,65 to 69,Major,South,Going Ahead,Lost control,,,,,,,,,Yes,,,,,Yes,Yes,,,Banbury-Don Mills
1702,Collector,Toronto and East York,Intersection,Stop Sign,Clear,Daylight,Dry,Non-Fatal Injury,Pedestrian Collisions,Pedestrian,75 to 79,Major,North,,,Vehicle turns left while ped crosses with ROW at inter.,Crossing with right of way,Normal,,,,Yes,,Yes,,,,,,Yes,,,Runnymede-Bloor West Village
1151,Minor Arterial,Etobicoke York,Mid-Block,No Control,Clear,Daylight,Dry,Non-Fatal Injury,SMV Other,Driver,75 to 79,Major,North,Going Ahead,Lost control,,,,,,,,,Yes,,,,,Yes,Yes,,,Etobicoke West Mall
736,Major Arterial,Etobicoke York,Mid-Block,No Control,Clear,Daylight,Dry,Fatal,Pedestrian Collisions,Truck Driver,25 to 29,,South,Going Ahead,Driving Properly,,,,,,,Yes,,,,Yes,,,,,,,Humber Bay Shores
954,Minor Arterial,Scarborough,Mid-Block,No Control,Clear,Daylight,Dry,Non-Fatal Injury,Turning Movement,Driver,45 to 49,,West,Turning Left,Speed too Slow,,,,,,,,,Yes,Yes,,,,,,,,West Hill
1450,Major Arterial,Scarborough,Intersection,Traffic Signal,Clear,Daylight,Dry,Non-Fatal Injury,Pedestrian Collisions,Pedestrian,40 to 44,Major,East,,,Vehicle turns left while ped crosses with ROW at inter.,Crossing with right of way,Unknown,,,,Yes,,Yes,,,,,,Yes,,,Agincourt North
954,Minor Arterial,Scarborough,Mid-Block,No Control,Clear,Daylight,Dry,Non-Fatal Injury,Turning Movement,Motorcycle Driver,65 to 69,Major,East,Going Ahead,Driving Properly,,,,,,,,,Yes,Yes,,,,,,,,West Hill
720,Major Arterial,North York,Intersection,Traffic Signal,Clear,Daylight,Wet,Non-Fatal Injury,Pedestrian Collisions,Driver,60 to 64,,East,Going Ahead,Failed to Yield Right of Way,,,,,,,Yes,,,,Yes,,,,Yes,,,Hillcrest Village
530,Major Arterial,Toronto and East York,Intersection,Traffic Signal,Clear,"Dark, artificial",Dry,Non-Fatal Injury,Other,Driver,40 to 44,,West,Going Ahead,Other,,,,,,,,,Yes,,,,Yes,,,,,East End-Danforth
351,Major Arterial,Etobicoke York,Intersection,No Control,Clear,Dark,Dry,Fatal,SMV Other,Driver,35 to 39,Major,West,Going Ahead,Speed too Fast For Condition,,,,,,,,,Yes,,,,Yes,Yes,Yes,,,Islington
940,Major Arterial,Toronto and East York,Intersection,Traffic Signal,Clear,Daylight,Dry,Non-Fatal Injury,Pedestrian Collisions,Driver,15 to 19,,South,Turning Left,Failed to Yield Right of Way,,,,,,,Yes,,Yes,,,,,,Yes,,,St Lawrence-East Bayfront-The Islands
120,Minor Arterial,Scarborough,Intersection,No Control,Clear,"Dark, artificial",Dry,Non-Fatal Injury,SMV Other,Driver,20 to 24,,East,Going Ahead,Lost control,,,,,,,,,Yes,,,,Yes,Yes,Yes,,,Malvern East
2111,Major Arterial,Etobicoke York,Mid-Block,No Control,Clear,"Dark, artificial",Wet,Non-Fatal Injury,Turning Movement,Motorcycle Driver,25 to 29,Major,East,Going Ahead,Driving Properly,,,,,,,,,,Yes,,,,,Yes,,,Etobicoke City Centre
351,Major Arterial,Etobicoke York,Intersection,No Control,Clear,Dark,Dry,Fatal,SMV Other,Passenger,40 to 44,Fatal,,,,,,,,,,,,Yes,,,,Yes,Yes,Yes,,,Islington
1920,,North York,Mid-Block,No Control,Clear,"Dark, artificial",Dry,Non-Fatal Injury,Rear End,Driver,30 to 34,Minimal,South,Going Ahead,Following too Close,,,,,,,,,Yes,,,,Yes,,Yes,,,Banbury-Don Mills
2135,Major Arterial,Toronto and East York,Intersection,Traffic Signal,Clear,"Dark, artificial",Dry,Non-Fatal Injury,Angle,Motorcycle Driver,20 to 24,Major,South,Going Ahead,Disobeyed Traffic Control,,,,,,,,,Yes,Yes,,,Yes,,Yes,Yes,,Downtown Yonge East
530,Major Arterial,Toronto and East York,Intersection,Traffic Signal,Clear,"Dark, artificial",Dry,Non-Fatal Injury,Other,Passenger,25 to 29,Major,,,,,,,,,,,,Yes,,,,Yes,,,,,East End-Danforth
940,Major Arterial,Toronto and East York,Intersection,Traffic Signal,Clear,Daylight,Dry,Non-Fatal Injury,Pedestrian Collisions,Pedestrian,20 to 24,Major,South,,,Vehicle turns left while ped crosses with ROW at inter.,Crossing with right of way,Unknown,,,,Yes,,Yes,,,,,,Yes,,,St Lawrence-East Bayfront-The Islands
720,Major Arterial,North York,Intersection,Traffic Signal,Clear,Daylight,Wet,Non-Fatal Injury,Pedestrian Collisions,Pedestrian,30 to 34,Major,North,,,Vehicle is going straight thru inter.while ped cross with ROW,Crossing with right of way,Unknown,,,,Yes,,,,Yes,,,,Yes,,,Hillcrest Village
2111,Major Arterial,Etobicoke York,Mid-Block,No Control,Clear,"Dark, artificial",Wet,Non-Fatal Injury,Turning Movement,Driver,unknown,,North,Turning Right,Failed to Yield Right of Way,,,,,,,,,,Yes,,,,,Yes,,,Etobicoke City Centre
120,Minor Arterial,Scarborough,Intersection,No Control,Clear,"Dark, artificial",Dry,Non-Fatal Injury,SMV Other,Passenger,20 to 24,Minor,,,,,,,,,,,,Yes,,,,Yes,Yes,Yes,,,Malvern East
910,Collector,Etobicoke York,Intersection,Stop Sign,Clear,Daylight,Dry,Non-Fatal Injury,Cyclist Collisions,Cyclist,45 to 49,Major,East,Going Ahead,,,,,"Cyclist without ROW rides into path of motorist at inter, lnwy, dwy-Cyclist not turn.",Disobeyed Traffic Control,Inattentive,,Yes,Yes,,,,,,,,,Edenbridge-Humber Valley
1920,,North York,Mid-Block,No Control,Clear,"Dark, artificial",Dry,Non-Fatal Injury,Rear End,Driver,unknown,,South,Going Ahead,Driving Properly,,,,,,,,,Yes,,,,Yes,,Yes,,,Banbury-Don Mills
756,Major Arterial,Etobicoke York,Intersection,Stop Sign,Clear,Daylight,Dry,Non-Fatal Injury,Turning Movement,Driver,25 to 29,Major,South,Turning Left,Failed to Yield Right of Way,,,,,,,,,Yes,,,,,,Yes,,,Oakdale-Beverley Heights
918,Collector,North York,Intersection,Stop Sign,Clear,Daylight,Dry,Non-Fatal Injury,Pedestrian Collisions,Driver,55 to 59,,South,Turning Left,Failed to Yield Right of Way,,,,,,,Yes,,,,,,,,Yes,,,North Toronto
756,Major Arterial,Etobicoke York,Intersection,Stop Sign,Clear,Daylight,Dry,Non-Fatal Injury,Turning Movement,Driver,45 to 49,Minor,West,Going Ahead,Driving Properly,,,,,,,,,Yes,,,,,,Yes,,,Oakdale-Beverley Heights
918,Collector,North York,Intersection,Stop Sign,Clear,Daylight,Dry,Non-Fatal Injury,Pedestrian Collisions,Pedestrian,25 to 29,Major,North,,,Vehicle turns left while ped crosses with ROW at inter.,Crossing with right of way,Normal,,,,Yes,,,,,,,,Yes,,,North Toronto
300,,Etobicoke York,Mid-Block,No Control,Rain,Dark,Wet,Fatal,SMV Other,Driver,20 to 24,Fatal,West,Going Ahead,Exceeding Speed Limit,,,,,,,,,Yes,,,,,Yes,Yes,,,Stonegate-Queensway
1845,Major Arterial,Etobicoke York,Intersection,Traffic Signal,Rain,"Dark, artificial",Wet,Non-Fatal Injury,Cyclist Collisions,Driver,25 to 29,,East,Going Ahead,Driving Properly,,,,,,,,Yes,Yes,,,,Yes,,,,,West Humber-Clairville
120,Minor Arterial,Scarborough,Intersection,No Control,Clear,"Dark, artificial",Dry,Non-Fatal Injury,SMV Other,Passenger,15 to 19,Major,,,,,,,,,,,,Yes,,,,Yes,Yes,Yes,,,Malvern East
1153,Major Arterial,North York,Intersection,Traffic Signal,Clear,Daylight,Dry,Non-Fatal Injury,Cyclist Collisions,Driver,50 to 54,,North,Turning Right,Driving Properly,,,,,,,,Yes,Yes,,,,,,,,,Clanton Park
1920,,North York,Mid-Block,No Control,Clear,"Dark, artificial",Dry,Non-Fatal Injury,Rear End,Driver,65 to 69,Minimal,South,Slowing or Stopping,Driving Properly,,,,,,,,,Yes,,,,Yes,,Yes,,,Banbury-Don Mills
1320,Major Arterial,North York,Intersection,Traffic Signal,Clear,Daylight,Wet,Fatal,Turning Movement,Passenger,50 to 54,Fatal,,,,,,,,,,,,Yes,,,,Yes,,Yes,Yes,,Henry Farm
910,Collector,Etobicoke York,Intersection,Stop Sign,Clear,Daylight,Dry,Non-Fatal Injury,Cyclist Collisions,Driver,30 to 34,,North,Going Ahead,Driving Properly,,,,,,,,Yes,Yes,,,,,,,,,Edenbridge-Humber Valley
1320,Major Arterial,North York,Intersection,Traffic Signal,Clear,Daylight,Wet,Fatal,Turning Movement,Driver,20 to 24,Minimal,West,Going Ahead,Disobeyed Traffic Control,,,,,,,,,Yes,,,,Yes,,Yes,Yes,,Henry Farm
2135,Major Arterial,Toronto and East York,Intersection,Traffic Signal,Clear,"Dark, artificial",Dry,Non-Fatal Injury,Angle,Driver,30 to 34,,West,Going Ahead,Driving Properly,,,,,,,,,Yes,Yes,,,Yes,,Yes,Yes,,Downtown Yonge East
1423,Major Arterial,North York,Intersection,Stop Sign,Clear,Daylight,Dry,Non-Fatal Injury,Cyclist Collisions,Driver,85 to 89,,North,Turning Right,Failed to Yield Right of Way,,,,,,,,Yes,Yes,,,,Yes,,Yes,,,Bayview Village
1845,Major Arterial,Etobicoke York,Intersection,Traffic Signal,Rain,"Dark, artificial",Wet,Non-Fatal Injury,Cyclist Collisions,Passenger,30 to 34,,,,,,,,,,,,Yes,Yes,,,,Yes,,,,,West Humber-Clairville
1652,Local,North York,Intersection,No Control,Clear,Daylight,Dry,Fatal,SMV Other,Driver,85 to 89,Major,South,Going Ahead,Lost control,,,,,,,,,Yes,,,,Yes,,,,,Bathurst Manor
1153,Major Arterial,North York,Intersection,Traffic Signal,Clear,Daylight,Dry,Non-Fatal Injury,Cyclist Collisions,Cyclist,20 to 24,Major,East,Going Ahead,,,,,"Cyclist without ROW rides into path of motorist at inter, lnwy, dwy-Cyclist not turn.",Failed to Yield Right of Way,Normal,,Yes,Yes,,,,,,,,,Clanton Park
1920,,North York,Mid-Block,No Control,Clear,"Dark, artificial",Dry,Non-Fatal Injury,Rear End,Driver,30 to 34,Minimal,South,Slowing or Stopping,Driving Properly,,,,,,,,,Yes,,,,Yes,,Yes,,,Banbury-Don Mills
1453,Major Arterial,Toronto and East York,Intersection,Stop Sign,Clear,"Dark, artificial",Dry,Non-Fatal Injury,Cyclist Collisions,Driver,30 to 34,,East,Going Ahead,Improper Passing,,,,,,,,Yes,Yes,,,,,Yes,Yes,,,Trinity-Bellwoods
2135,Major Arterial,Toronto and East York,Intersection,Traffic Signal,Clear,"Dark, artificial",Dry,Non-Fatal Injury,Angle,Passenger,30 to 34,,,,,,,,,,,,,Yes,Yes,,,Yes,,Yes,Yes,,Downtown Yonge East
1845,Major Arterial,Etobicoke York,Intersection,Traffic Signal,Rain,"Dark, artificial",Wet,Non-Fatal Injury,Cyclist Collisions,Passenger,10 to 14,,,,,,,,,,,,Yes,Yes,,,,Yes,,,,,West Humber-Clairville
1423,Major Arterial,North York,Intersection,Stop Sign,Clear,Daylight,Dry,Non-Fatal Injury,Cyclist Collisions,Cyclist,45 to 49,Major,East,Going Ahead,,,,,"Motorist turns right at non-signal Inter.(stop, yield, no cont.,and dwy) and strikes cyclist.",Driving Properly,Normal,,Yes,Yes,,,,Yes,,Yes,,,Bayview Village
1652,Local,North York,Intersection,No Control,Clear,Daylight,Dry,Fatal,SMV Other,Passenger,90 to 94,Fatal,,,,,,,,,,,,Yes,,,,Yes,,,,,Bathurst Manor
1820,,North York,Mid-Block,No Control,Clear,Daylight,Dry,Non-Fatal Injury,SMV Other,Motorcycle Driver,45 to 49,Major,North,Unknown,Lost control,,,,,,,,,,Yes,,,,,,,,Englemount-Lawrence
1920,,North York,Mid-Block,No Control,Clear,"Dark, artificial",Dry,Non-Fatal Injury,Rear End,Passenger,30 to 34,Major,,,,,,,,,,,,Yes,,,,Yes,,Yes,,,Banbury-Don Mills
1320,Major Arterial,North York,Intersection,Traffic Signal,Clear,Daylight,Wet,Fatal,Turning Movement,Driver,40 to 44,Minor,East,Turning Left,Driving Properly,,,,,,,,,Yes,,,,Yes,,Yes,Yes,,Henry Farm
1453,Major Arterial,Toronto and East York,Intersection,Stop Sign,Clear,"Dark, artificial",Dry,Non-Fatal Injury,Cyclist Collisions,Cyclist,50 to 54,Major,East,Going Ahead,,,,,Cyclist and Driver travelling in same direction. One vehicle rear-ended the other.,Driving Properly,Normal,,Yes,Yes,,,,,Yes,Yes,,,Trinity-Bellwoods
1034,Major Arterial,Toronto and East York,Mid-Block,No Control,Clear,Daylight,Dry,Fatal,SMV Other,Motorcycle Driver,55 to 59,Fatal,East,Going Ahead,Lost control,,,,,,,,,,Yes,,,,,,,,South Parkdale
2135,Major Arterial,Toronto and East York,Intersection,Traffic Signal,Clear,"Dark, artificial",Dry,Non-Fatal Injury,Angle,Passenger,35 to 39,,,,,,,,,,,,,Yes,Yes,,,Yes,,Yes,Yes,,Downtown Yonge East
621,Major Arterial,Scarborough,Mid-Block,No Control,Clear,"Dawn, artificial",Dry,Fatal,Rear End,Driver,50 to 54,Fatal,South,Going Ahead,Lost control,,,,,,,,,Yes,,,Yes,,,,,,Malvern East
513,Major Arterial,Etobicoke York,Intersection,Traffic Signal,Clear,Dark,Dry,Non-Fatal Injury,Angle,Driver,unknown,,South,Going Ahead,Disobeyed Traffic Control,,,,,,,,,Yes,,,,Yes,,Yes,Yes,,Willowridge-Martingrove-Richview
1845,Major Arterial,Etobicoke York,Intersection,Traffic Signal,Rain,"Dark, artificial",Wet,Non-Fatal Injury,Cyclist Collisions,Passenger,10 to 14,,,,,,,,,,,,Yes,Yes,,,,Yes,,,,,West Humber-Clairville
1423,Major Arterial,North York,Intersection,Stop Sign,Clear,Daylight,Dry,Non-Fatal Injury,Cyclist Collisions,Passenger,80 to 84,,,,,,,,,,,,Yes,Yes,,,,Yes,,Yes,,,Bayview Village
1325,Major Arterial,Toronto and East York,Intersection,Pedestrian Crossover,Clear,Daylight,Dry,Non-Fatal Injury,Cyclist Collisions,Driver,35 to 39,,South,Going Ahead,Failed to Yield Right of Way,,,,,,,,Yes,Yes,,,,Yes,,Yes,,,Trinity-Bellwoods
1920,,North York,Mid-Block,No Control,Clear,"Dark, artificial",Dry,Non-Fatal Injury,Rear End,Passenger,5 to 9,,,,,,,,,,,,,Yes,,,,Yes,,Yes,,,Banbury-Don Mills
1840,Minor Arterial,Toronto and East York,Intersection,Traffic Signal,Clear,"Dusk, artificial",Dry,Fatal,Pedestrian Collisions,Pedestrian,40 to 44,Fatal,North,,,Vehicle turns left while ped crosses with ROW at inter.,Crossing with right of way,Normal,,,,Yes,,Yes,,,,,,,,,Danforth East York
2135,Major Arterial,Toronto and East York,Intersection,Traffic Signal,Clear,"Dark, artificial",Dry,Non-Fatal Injury,Angle,Passenger,35 to 39,,,,,,,,,,,,,Yes,Yes,,,Yes,,Yes,Yes,,Downtown Yonge East
2135,Major Arterial,Toronto and East York,Intersection,Traffic Signal,Clear,"Dark, artificial",Dry,Non-Fatal Injury,Angle,Passenger,30 to 34,,,,,,,,,,,,,Yes,Yes,,,Yes,,Yes,Yes,,Downtown Yonge East
513,Major Arterial,Etobicoke York,Intersection,Traffic Signal,Clear,Dark,Dry,Non-Fatal Injury,Angle,Driver,unknown,,East,Going Ahead,Driving Properly,,,,,,,,,Yes,,,,Yes,,Yes,Yes,,Willowridge-Martingrove-Richview
621,Major Arterial,Scarborough,Mid-Block,No Control,Clear,"Dawn, artificial",Dry,Fatal,Rear End,Driver,30 to 34,Minimal,South,Stopped,Driving Properly,,,,,,,,,Yes,,,Yes,,,,,,Malvern East
2320,Major Arterial,Toronto and East York,Intersection,Traffic Signal,Clear,"Dark, artificial",Dry,Fatal,Cyclist Collisions,Cyclist,25 to 29,Fatal,South,Turning Left,,,,,Cyclist turned left across motorists path.,Failed to Yield Right of Way,Normal,,Yes,Yes,,,,,,,,,Annex
1845,Major Arterial,Etobicoke York,Intersection,Traffic Signal,Rain,"Dark, artificial",Wet,Non-Fatal Injury,Cyclist Collisions,Passenger,5 to 9,,,,,,,,,,,,Yes,Yes,,,,Yes,,,,,West Humber-Clairville
1840,Minor Arterial,Toronto and East York,Intersection,Traffic Signal,Clear,"Dusk, artificial",Dry,Fatal,Pedestrian Collisions,Driver,75 to 79,,North,Turning Left,Improper Turn,,,,,,,Yes,,Yes,,,,,,,,,Danforth East York
1920,,North York,Mid-Block,No Control,Clear,"Dark, artificial",Dry,Non-Fatal Injury,Rear End,Passenger,65 to 69,Minimal,,,,,,,,,,,,Yes,,,,Yes,,Yes,,,Banbury-Don Mills
1325,Major Arterial,Toronto and East York,Intersection,Pedestrian Crossover,Clear,Daylight,Dry,Non-Fatal Injury,Cyclist Collisions,Cyclist,25 to 29,Major,East,Going Ahead,,,,,"Motorist without ROW drives into path of cyclist at inter, lnwy, dwy-Driver not turn.",Failed to Yield Right of Way,Fatigue,,Yes,Yes,,,,Yes,,Yes,,,Trinity-Bellwoods
2135,Major Arterial,Toronto and East York,Intersection,Traffic Signal,Clear,"Dark, artificial",Dry,Non-Fatal Injury,Angle,Passenger,40 to 44,,,,,,,,,,,,,Yes,Yes,,,Yes,,Yes,Yes,,Downtown Yonge East
1845,Major Arterial,Etobicoke York,Intersection,Traffic Signal,Rain,"Dark, artificial",Wet,Non-Fatal Injury,Cyclist Collisions,Cyclist,75 to 79,Major,East,Unknown,,,,,Cyclist and Driver travelling in same direction. One vehicle sideswipes the other.,Other,Normal,,Yes,Yes,,,,Yes,,,,,West Humber-Clairville
513,Major Arterial,Etobicoke York,Intersection,Traffic Signal,Clear,Dark,Dry,Non-Fatal Injury,Angle,Passenger,20 to 24,Major,,,,,,,,,,,,Yes,,,,Yes,,Yes,Yes,,Willowridge-Martingrove-Richview
753,Minor Arterial,Toronto and East York,Mid-Block,No Control,Clear,Daylight,Dry,Non-Fatal Injury,Pedestrian Collisions,Driver,25 to 29,,East,Overtaking,Improper Passing,,,,,,,Yes,,Yes,,,,,,Yes,,,South Eglinton-Davisville
2320,Major Arterial,Toronto and East York,Intersection,Traffic Signal,Clear,"Dark, artificial",Dry,Fatal,Cyclist Collisions,Driver,15 to 19,,North,Going Ahead,Other,,,,,,,,Yes,Yes,,,,,,,,,Annex
1838,Local,Toronto and East York,Mid-Block,No Control,Snow,"Dark, artificial",Packed Snow,Non-Fatal Injury,SMV Other,Driver,30 to 34,Major,South,Other,Lost control,,,,,,,,,Yes,,,,,,,,,Trinity-Bellwoods
324,Major Arterial,Toronto and East York,Intersection,No Control,Clear,"Dark, artificial",Dry,Non-Fatal Injury,Pedestrian Collisions,Driver,20 to 24,,South,Going Ahead,Driving Properly,,,,,,,Yes,,Yes,,,,,,,,,Trinity-Bellwoods
1325,Major Arterial,Toronto and East York,Intersection,Pedestrian Crossover,Clear,Daylight,Dry,Non-Fatal Injury,Cyclist Collisions,Passenger,20 to 24,Minimal,,,,,,,,,,,Yes,Yes,,,,Yes,,Yes,,,Trinity-Bellwoods
2011,Minor Arterial,Scarborough,Intersection,No Control,Clear,Daylight,Dry,Non-Fatal Injury,Turning Movement,Driver,45 to 49,,West,Turning Left,Failed to Yield Right of Way,,,,,,,,,Yes,Yes,,,Yes,Yes,Yes,,,Tam O'Shanter-Sullivan
1015,Collector,North York,Intersection,Stop Sign,Clear,"Dark, artificial",Dry,Non-Fatal Injury,Pedestrian Collisions,Driver,65 to 69,,East,Turning Right,Failed to Yield Right of Way,,,,,,,Yes,,Yes,,,,,,Yes,,,Yorkdale-Glen Park
1500,Major Arterial,Toronto and East York,Mid-Block,No Control,Clear,Daylight,Dry,Non-Fatal Injury,Pedestrian Collisions,Driver,35 to 39,,South,Going Ahead,Driving Properly,,,,,,,Yes,,Yes,,,,,,,,,St Lawrence-East Bayfront-The Islands
753,Minor Arterial,Toronto and East York,Mid-Block,No Control,Clear,Daylight,Dry,Non-Fatal Injury,Pedestrian Collisions,Pedestrian,45 to 49,Major,North,,,Pedestrian hit at mid-block,Running onto Roadway,Normal,,,,Yes,,Yes,,,,,,Yes,,,South Eglinton-Davisville
1701,Major Arterial,Scarborough,Mid-Block,No Control,Clear,"Daylight, artificial",Wet,Fatal,Pedestrian Collisions,Driver,40 to 44,,West,Going Ahead,Driving Properly,,,,,,,Yes,,Yes,,,,,,Yes,,,Kennedy Park
324,Major Arterial,Toronto and East York,Intersection,No Control,Clear,"Dark, artificial",Dry,Non-Fatal Injury,Pedestrian Collisions,Pedestrian,25 to 29,Major,Unknown,,,Other / Undefined,Other,"Ability Impaired, Alcohol Over .80",,,,Yes,,Yes,,,,,,,,,Trinity-Bellwoods
1538,Major Arterial,Toronto and East York,Intersection,No Control,Clear,Daylight,Dry,Non-Fatal Injury,Pedestrian Collisions,Motorcycle Driver,35 to 39,Minor,West,Going Ahead,Driving Properly,,,,,,,Yes,,,Yes,,,,,,,,Downtown Yonge East
2011,Minor Arterial,Scarborough,Intersection,No Control,Clear,Daylight,Dry,Non-Fatal Injury,Turning Movement,Motorcycle Driver,20 to 24,Major,East,Going Ahead,Driving Properly,,,,,,,,,Yes,Yes,,,Yes,Yes,Yes,,,Tam O'Shanter-Sullivan
1500,Major Arterial,Toronto and East York,Mid-Block,No Control,Clear,Daylight,Dry,Non-Fatal Injury,Pedestrian Collisions,Pedestrian,65 to 69,Major,Unknown,,,Pedestrian hit at mid-block,"Crossing, no Traffic Control",Inattentive,,,,Yes,,Yes,,,,,,,,,St Lawrence-East Bayfront-The Islands
1409,Minor Arterial,Etobicoke York,Intersection,No Control,Rain,Daylight,Wet,Non-Fatal Injury,Approaching,Driver,50 to 54,,West,Going Ahead,Speed too Fast For Condition,,,,,,,,,Yes,,,,Yes,Yes,Yes,,,Beechborough-Greenbrook
810,Minor Arterial,Toronto and East York,Intersection,Pedestrian Crossover,Clear,Daylight,Dry,Non-Fatal Injury,Pedestrian Collisions,Driver,35 to 39,,South,Going Ahead,Failed to Yield Right of Way,,,,,,,Yes,,Yes,,,,,,Yes,,,Woodbine Corridor
1015,Collector,North York,Intersection,Stop Sign,Clear,"Dark, artificial",Dry,Non-Fatal Injury,Pedestrian Collisions,Pedestrian,60 to 64,Major,East,,,Vehicle turns right while ped crosses with ROW at inter.,Crossing with right of way,Normal,,,,Yes,,Yes,,,,,,Yes,,,Yorkdale-Glen Park
725,Collector,Etobicoke York,Intersection,Stop Sign,Clear,"Dark, artificial",Wet,Non-Fatal Injury,Pedestrian Collisions,Driver,65 to 69,,East,Going Ahead,Failed to Yield Right of Way,,,,,,,Yes,,Yes,,,,,,Yes,,,Etobicoke City Centre
1701,Major Arterial,Scarborough,Mid-Block,No Control,Clear,"Daylight, artificial",Wet,Fatal,Pedestrian Collisions,Pedestrian,85 to 89,Fatal,North,,,Pedestrian hit at mid-block,"Crossing, no Traffic Control",Unknown,,,,Yes,,Yes,,,,,,Yes,,,Kennedy Park
1538,Major Arterial,Toronto and East York,Intersection,No Control,Clear,Daylight,Dry,Non-Fatal Injury,Pedestrian Collisions,Pedestrian,45 to 49,Major,South,,,Vehicle is going straight thru inter.while ped cross without ROW,Crossing without right of way,Medical or Physical Disability,,,,Yes,,,Yes,,,,,,,,Downtown Yonge East
2231,Major Arterial,North York,Intersection,Traffic Signal,Clear,"Dark, artificial",Dry,Non-Fatal Injury,Turning Movement,Driver,20 to 24,Major,West,Turning Left,Disobeyed Traffic Control,,,,,,,,,Yes,,,Yes,,Yes,Yes,Yes,,Clanton Park
2011,Minor Arterial,Scarborough,Intersection,No Control,Clear,Daylight,Dry,Non-Fatal Injury,Turning Movement,Passenger,10 to 14,,,,,,,,,,,,,Yes,Yes,,,Yes,Yes,Yes,,,Tam O'Shanter-Sullivan
2130,Major Arterial,Toronto and East York,Intersection,Traffic Signal,Rain,"Dark, artificial",Wet,Non-Fatal Injury,Pedestrian Collisions,Driver,60 to 64,,East,Turning Left,Failed to Yield Right of Way,,,,,,,Yes,,Yes,,,,,,Yes,,,Yonge-Bay Corridor
1409,Minor Arterial,Etobicoke York,Intersection,No Control,Rain,Daylight,Wet,Non-Fatal Injury,Approaching,Driver,25 to 29,Major,East,Going Ahead,Driving Properly,,,,,,,,,Yes,,,,Yes,Yes,Yes,,,Beechborough-Greenbrook
810,Minor Arterial,Toronto and East York,Intersection,Pedestrian Crossover,Clear,Daylight,Dry,Non-Fatal Injury,Pedestrian Collisions,Pedestrian,10 to 14,Major,East,,,Pedestrian hit a PXO/ped. Mid-block signal,"Crossing, Pedestrian Crossover",Normal,,,,Yes,,Yes,,,,,,Yes,,,Woodbine Corridor
725,Collector,Etobicoke York,Intersection,Stop Sign,Clear,"Dark, artificial",Wet,Non-Fatal Injury,Pedestrian Collisions,Pedestrian,80 to 84,Major,Unknown,,,Vehicle is going straight thru inter.while ped cross with ROW,Crossing with right of way,Normal,,,,Yes,,Yes,,,,,,Yes,,,Etobicoke City Centre
1608,Major Arterial,Etobicoke York,Mid-Block,No Control,Clear,Daylight,Dry,Fatal,Pedestrian Collisions,Driver,45 to 49,,East,Slowing or Stopping,Driving Properly,,,,,,,Yes,,,,,Yes,,,,,,Junction Area
1205,Major Arterial,North York,Intersection,Traffic Signal,Clear,Daylight,Dry,Non-Fatal Injury,Pedestrian Collisions,Driver,75 to 79,,South,Turning Left,Failed to Yield Right of Way,,,,,,,Yes,,Yes,,,,,,Yes,,,Forest Hill South