TIME,ROAD_CLASS,DISTRICT,LOCCOORD,TRAFFCTL,VISIBILITY,LIGHT,RDSFCOND,ACCLASS,IMPACTYPE,INVTYPE,INVAGE,INJURY,INITDIR,MANOEUVER,DRIVACT,PEDTYPE,PEDACT,PEDCOND,CYCLISTYPE,CYCACT,CYCCOND,PEDESTRIAN,CYCLIST,AUTOMOBILE,MOTORCYCLE,TRUCK,TRSN_CITY_VEH,PASSENGER,SPEEDING,AG_DRIV,REDLIGHT,ALCOHOL,NEIGHBOURHOOD_158
1040,Major Arterial,Toronto and East York,Intersection,Traffic Signal,Clear,Daylight,Dry,Non-Fatal Injury,Cyclist Collisions,Driver,20 to 24,,South,Going Ahead,Improper Passing,,,,,,,,Yes,Yes,,,,,,Yes,,,Kensington-Chinatown
813,Major Arterial,Toronto and East York,Intersection,Traffic Signal,Clear,Daylight,Dry,Non-Fatal Injury,Cyclist Collisions,Cyclist,20 to 24,Major,East,Changing Lanes,,,,,Cyclist and Driver travelling in same direction. One vehicle sideswipes the other.,Improper Lane Change,Inattentive,,Yes,Yes,,,,,,,,,West Queen West
2130,Major Arterial,Toronto and East York,Intersection,Traffic Signal,Rain,"Dark, artificial",Wet,Non-Fatal Injury,Pedestrian Collisions,Pedestrian,30 to 34,Major,East,,,Vehicle turns left while ped crosses with ROW at inter.,Crossing with right of way,Normal,,,,Yes,,Yes,,,,,,Yes,,,Yonge-Bay Corridor
1409,Minor Arterial,Etobicoke York,Intersection,No Control,Rain,Daylight,Wet,Non-Fatal Injury,Approaching,Passenger,20 to 24,Minor,,,,,,,,,,,,Yes,,,,Yes,Yes,Yes,,,Beechborough-Greenbrook
1800,Major Arterial,Toronto and East York,Intersection,Traffic Signal,Rain,"Dark, artificial",Wet,Non-Fatal Injury,Pedestrian Collisions,Driver,50 to 54,,West,Turning Left,Failed to Yield Right of Way,,,,,,,Yes,,Yes,,,,,,Yes,,,Cabbagetown-South St.James Town
1608,Major Arterial,Etobicoke York,Mid-Block,No Control,Clear,Daylight,Dry,Fatal,Pedestrian Collisions,Pedestrian,70 to 74,Fatal,North,,,Pedestrian involved in a collision with transit vehicle anywhere along roadway,"Crossing, no Traffic Control",Unknown,,,,Yes,,,,,Yes,,,,,,Junction Area
2231,Major Arterial,North York,Intersection,Traffic Signal,Clear,"Dark, artificial",Dry,Non-Fatal Injury,Turning Movement,Driver,35 to 39,,North,Going Ahead,Driving Properly,,,,,,,,,Yes,,,Yes,,Yes,Yes,Yes,,Clanton Park
1205,Major Arterial,North York,Intersection,Traffic Signal,Clear,Daylight,Dry,Non-Fatal Injury,Pedestrian Collisions,Pedestrian,25 to 29,Major,North,,,Vehicle turns left while ped crosses with ROW at inter.,Crossing with right of way,Normal,,,,Yes,,Yes,,,,,,Yes,,,Forest Hill South
813,Major Arterial,Toronto and East York,Intersection,Traffic Signal,Clear,Daylight,Dry,Non-Fatal Injury,Cyclist Collisions,Driver,55 to 59,,East,Going Ahead,Driving Properly,,,,,,,,Yes,Yes,,,,,,,,,West Queen West
2139,Major Arterial,Toronto and East York,Intersection,No Control,Rain,"Dark, artificial",Wet,Non-Fatal Injury,Pedestrian Collisions,Driver,45 to 49,,West,Going Ahead,Driving Properly,,,,,,,Yes,,Yes,,,,Yes,,,,,Annex
715,Major Arterial,North York,Intersection,Stop Sign,Rain,Dawn,Wet,Non-Fatal Injury,Turning Movement,Driver,30 to 34,,North,Going Ahead,Speed too Fast For Condition,,,,,,,,,,Yes,,Yes,,Yes,Yes,,,Leaside-Bennington
1800,Major Arterial,Toronto and East York,Intersection,Traffic Signal,Rain,"Dark, artificial",Wet,Non-Fatal Injury,Pedestrian Collisions,Pedestrian,40 to 44,Major,Unknown,,,Vehicle turns left while ped crosses with ROW at inter.,Crossing with right of way,Normal,,,,Yes,,Yes,,,,,,Yes,,,Cabbagetown-South St.James Town
1620,Local,Etobicoke York,Mid-Block,No Control,Clear,Daylight,Wet,Fatal,SMV Other,Motorcycle Driver,20 to 24,Fatal,East,Going Ahead,Lost control,,,,,,,,,,Yes,,,,Yes,Yes,,,Elms-Old Rexdale
7,Major Arterial,Etobicoke York,Mid-Block,No Control,Clear,"Dark, artificial",Wet,Non-Fatal Injury,Other,Driver,45 to 49,,North,Going Ahead,Driving Properly,,,,,,,,,,,,Yes,Yes,,,,,York University Heights
1205,Major Arterial,North York,Intersection,Traffic Signal,Clear,Daylight,Dry,Non-Fatal Injury,Pedestrian Collisions,Pedestrian,30 to 34,Major,North,,,Vehicle turns left while ped crosses with ROW at inter.,Crossing with right of way,Unknown,,,,Yes,,Yes,,,,,,Yes,,,Forest Hill South
1040,Major Arterial,Toronto and East York,Intersection,Traffic Signal,Clear,Daylight,Dry,Non-Fatal Injury,Cyclist Collisions,Cyclist,65 to 69,Major,South,Going Ahead,,,,,Cyclist and Driver travelling in same direction. One vehicle sideswipes the other.,Driving Properly,Normal,,Yes,Yes,,,,,,Yes,,,Kensington-Chinatown
1107,Minor Arterial,Etobicoke York,Mid-Block,No Control,Clear,Daylight,Dry,Non-Fatal Injury,SMV Other,Driver,60 to 64,Major,South,Changing Lanes,Lost control,,,,,,,,,Yes,,,,,,Yes,,,Humber Heights-Westmount
740,Minor Arterial,Etobicoke York,Mid-Block,No Control,Clear,Daylight,Dry,Non-Fatal Injury,Sideswipe,Driver,30 to 34,,West,Going Ahead,Driving Properly,,,,,,,,,Yes,,,,Yes,,Yes,,,Brookhaven-Amesbury
2139,Major Arterial,Toronto and East York,Intersection,No Control,Rain,"Dark, artificial",Wet,Non-Fatal Injury,Pedestrian Collisions,Passenger,10 to 14,,,,,,,,,,,Yes,,Yes,,,,Yes,,,,,Annex
740,Minor Arterial,Etobicoke York,Mid-Block,No Control,Clear,Daylight,Dry,Non-Fatal Injury,Sideswipe,Driver,30 to 34,,East,Going Ahead,Driving Properly,,,,,,,,,Yes,,,,Yes,,Yes,,,Brookhaven-Amesbury
7,Major Arterial,Etobicoke York,Mid-Block,No Control,Clear,"Dark, artificial",Wet,Non-Fatal Injury,Other,Passenger,60 to 64,Major,,,,,,,,,,,,,,,Yes,Yes,,,,,York University Heights
1850,Major Arterial,Toronto and East York,Intersection,Traffic Signal,Rain,"Dark, artificial",Wet,Non-Fatal Injury,Pedestrian Collisions,Driver,50 to 54,,West,Going Ahead,Driving Properly,,,,,,,Yes,,Yes,,,,,,,,,Corso Italia-Davenport
807,Minor Arterial,Scarborough,Mid-Block,No Control,Clear,Daylight,Dry,Fatal,SMV Other,Driver,25 to 29,Fatal,North,Going Ahead,Lost control,,,,,,,,,Yes,,,,,Yes,Yes,,,Morningside
715,Major Arterial,North York,Intersection,Stop Sign,Rain,Dawn,Wet,Non-Fatal Injury,Turning Movement,Motorcycle Driver,30 to 34,Major,West,Turning Left,Failed to Yield Right of Way,,,,,,,,,,Yes,,Yes,,Yes,Yes,,,Leaside-Bennington
1518,Major Arterial,Etobicoke York,Intersection,Traffic Signal,Clear,Daylight,Dry,Non-Fatal Injury,Angle,Driver,50 to 54,Minor,West,Going Ahead,Disobeyed Traffic Control,,,,,,,,,Yes,,,,Yes,,Yes,Yes,,West Humber-Clairville
2250,Major Arterial,Etobicoke York,Mid-Block,No Control,Clear,"Dark, artificial",Dry,Non-Fatal Injury,SMV Other,Driver,25 to 29,,West,Other,Other,,,,,,,,,Yes,,,,Yes,,,,,Mount Olive-Silverstone-Jamestown
2139,Major Arterial,Toronto and East York,Intersection,No Control,Rain,"Dark, artificial",Wet,Non-Fatal Injury,Pedestrian Collisions,Passenger,10 to 14,,,,,,,,,,,Yes,,Yes,,,,Yes,,,,,Annex
740,Minor Arterial,Etobicoke York,Mid-Block,No Control,Clear,Daylight,Dry,Non-Fatal Injury,Sideswipe,Driver,55 to 59,Major,West,Overtaking,Lost control,,,,,,,,,Yes,,,,Yes,,Yes,,,Brookhaven-Amesbury
1850,Major Arterial,Toronto and East York,Intersection,Traffic Signal,Rain,"Dark, artificial",Wet,Non-Fatal Injury,Pedestrian Collisions,Pedestrian,60 to 64,Major,South,,,Vehicle is going straight thru inter.while ped cross without ROW,Running onto Roadway,Inattentive,,,,Yes,,Yes,,,,,,,,,Corso Italia-Davenport
900,Major Arterial,North York,Intersection,No Control,Clear,Daylight,Dry,Non-Fatal Injury,Pedestrian Collisions,Driver,unknown,,South,Turning Left,Failed to Yield Right of Way,,,,,,,Yes,,Yes,,,,,,Yes,,,Bedford Park-Nortown
1518,Major Arterial,Etobicoke York,Intersection,Traffic Signal,Clear,Daylight,Dry,Non-Fatal Injury,Angle,Driver,75 to 79,Major,North,Going Ahead,Driving Properly,,,,,,,,,Yes,,,,Yes,,Yes,Yes,,West Humber-Clairville
1130,Collector,Etobicoke York,Intersection,Stop Sign,Clear,Daylight,Dry,Non-Fatal Injury,Pedestrian Collisions,Driver,60 to 64,,East,Turning Right,Lost control,,,,,,,Yes,,Yes,,,,,,,,,Keelesdale-Eglinton West
1518,Major Arterial,Etobicoke York,Intersection,Traffic Signal,Clear,Daylight,Dry,Non-Fatal Injury,Angle,Driver,45 to 49,,South,Slowing or Stopping,Driving Properly,,,,,,,,,Yes,,,,Yes,,Yes,Yes,,West Humber-Clairville
617,Minor Arterial,Toronto and East York,Intersection,Pedestrian Crossover,Clear,"Dark, artificial",Wet,Non-Fatal Injury,Pedestrian Collisions,Driver,50 to 54,,North,Going Ahead,Failed to Yield Right of Way,,,,,,,Yes,,Yes,,,,Yes,,Yes,,,Blake-Jones
2250,Major Arterial,Etobicoke York,Mid-Block,No Control,Clear,"Dark, artificial",Dry,Non-Fatal Injury,SMV Other,Driver,20 to 24,Minor,West,Other,Other,,,,,,,,,Yes,,,,Yes,,,,,Mount Olive-Silverstone-Jamestown
2139,Major Arterial,Toronto and East York,Intersection,No Control,Rain,"Dark, artificial",Wet,Non-Fatal Injury,Pedestrian Collisions,Pedestrian,60 to 64,Major,South,,,Pedestrian hit at mid-block,"Crossing, no Traffic Control",Unknown,,,,Yes,,Yes,,,,Yes,,,,,Annex
740,Minor Arterial,Etobicoke York,Mid-Block,No Control,Clear,Daylight,Dry,Non-Fatal Injury,Sideswipe,Passenger,55 to 59,,,,,,,,,,,,,Yes,,,,Yes,,Yes,,,Brookhaven-Amesbury
900,Major Arterial,North York,Intersection,No Control,Clear,Daylight,Dry,Non-Fatal Injury,Pedestrian Collisions,Pedestrian,35 to 39,Major,South,,,Vehicle turns left while ped crosses with ROW at inter.,Crossing with right of way,Normal,,,,Yes,,Yes,,,,,,Yes,,,Bedford Park-Nortown
617,Minor Arterial,Toronto and East York,Intersection,Pedestrian Crossover,Clear,"Dark, artificial",Wet,Non-Fatal Injury,Pedestrian Collisions,Passenger,55 to 59,,,,,,,,,,,Yes,,Yes,,,,Yes,,Yes,,,Blake-Jones
2250,Major Arterial,Etobicoke York,Mid-Block,No Control,Clear,"Dark, artificial",Dry,Non-Fatal Injury,SMV Other,Driver,25 to 29,Minor,East,Going Ahead,Driving Properly,,,,,,,,,Yes,,,,Yes,,,,,Mount Olive-Silverstone-Jamestown
740,Minor Arterial,Etobicoke York,Mid-Block,No Control,Clear,Daylight,Dry,Non-Fatal Injury,Sideswipe,Passenger,15 to 19,,,,,,,,,,,,,Yes,,,,Yes,,Yes,,,Brookhaven-Amesbury
1518,Major Arterial,Etobicoke York,Intersection,Traffic Signal,Clear,Daylight,Dry,Non-Fatal Injury,Angle,Passenger,70 to 74,Major,,,,,,,,,,,,Yes,,,,Yes,,Yes,Yes,,West Humber-Clairville
1930,Major Arterial,Scarborough,Intersection,Traffic Signal,Rain,"Dawn, artificial",Wet,Non-Fatal Injury,Pedestrian Collisions,Driver,20 to 24,,South,Turning Left,Failed to Yield Right of Way,,,,,,,Yes,,Yes,,,,Yes,,Yes,,,Tam O'Shanter-Sullivan
1130,Collector,Etobicoke York,Intersection,Stop Sign,Clear,Daylight,Dry,Non-Fatal Injury,Pedestrian Collisions,Pedestrian,90 to 94,Major,,,,Pedestrian hit on sidewalk or shoulder,On Sidewalk or Shoulder,Normal,,,,Yes,,Yes,,,,,,,,,Keelesdale-Eglinton West
1910,Major Arterial,Etobicoke York,Intersection,Traffic Signal,Rain,Dark,Wet,Non-Fatal Injury,Pedestrian Collisions,Driver,45 to 49,,North,Turning Left,Driving Properly,,,,,,,Yes,,Yes,,,,Yes,,,,,Thistletown-Beaumond Heights
2250,Major Arterial,Etobicoke York,Mid-Block,No Control,Clear,"Dark, artificial",Dry,Non-Fatal Injury,SMV Other,Passenger,25 to 29,Major,,,,,,,,,,,,Yes,,,,Yes,,,,,Mount Olive-Silverstone-Jamestown
1724,Minor Arterial,Etobicoke York,Intersection,No Control,Clear,Daylight,Dry,Non-Fatal Injury,Pedestrian Collisions,Driver,20 to 24,,South,Slowing or Stopping,Driving Properly,,,,,,,Yes,,Yes,,,,Yes,,,,,Mount Olive-Silverstone-Jamestown
740,Minor Arterial,Etobicoke York,Mid-Block,No Control,Clear,Daylight,Dry,Non-Fatal Injury,Sideswipe,Passenger,10 to 14,,,,,,,,,,,,,Yes,,,,Yes,,Yes,,,Brookhaven-Amesbury
740,Minor Arterial,Etobicoke York,Mid-Block,No Control,Clear,Daylight,Dry,Non-Fatal Injury,Sideswipe,Passenger,35 to 39,,,,,,,,,,,,,Yes,,,,Yes,,Yes,,,Brookhaven-Amesbury
2111,Major Arterial,Etobicoke York,Intersection,Traffic Signal,Clear,"Dusk, artificial",Dry,Non-Fatal Injury,Turning Movement,Driver,20 to 24,Minor,East,Turning Left,Improper Turn,,,,,,,,,Yes,,,,Yes,,,,,Kingsview Village-The Westway
1930,Major Arterial,Scarborough,Intersection,Traffic Signal,Rain,"Dawn, artificial",Wet,Non-Fatal Injury,Pedestrian Collisions,Passenger,25 to 29,,,,,,,,,,,Yes,,Yes,,,,Yes,,Yes,,,Tam O'Shanter-Sullivan
1910,Major Arterial,Etobicoke York,Intersection,Traffic Signal,Rain,Dark,Wet,Non-Fatal Injury,Pedestrian Collisions,Passenger,5 to 9,Major,,,,,,,,,,Yes,,Yes,,,,Yes,,,,,Thistletown-Beaumond Heights
2227,Major Arterial,North York,Intersection,No Control,Rain,"Dark, artificial",Wet,Non-Fatal Injury,Pedestrian Collisions,Driver,35 to 39,,West,Going Ahead,Speed too Fast For Condition,,,,,,,Yes,,,,,Yes,,Yes,Yes,,,Humewood-Cedarvale
617,Minor Arterial,Toronto and East York,Intersection,Pedestrian Crossover,Clear,"Dark, artificial",Wet,Non-Fatal Injury,Pedestrian Collisions,Pedestrian,20 to 24,Major,East,,,Pedestrian hit a PXO/ped. Mid-block signal,"Crossing, Pedestrian Crossover",Normal,,,,Yes,,Yes,,,,Yes,,Yes,,,Blake-Jones
1724,Minor Arterial,Etobicoke York,Intersection,No Control,Clear,Daylight,Dry,Non-Fatal Injury,Pedestrian Collisions,Passenger,20 to 24,,,,,,,,,,,Yes,,Yes,,,,Yes,,,,,Mount Olive-Silverstone-Jamestown
1516,Minor Arterial,Etobicoke York,Intersection,No Control,Other,Daylight,Other,Fatal,Other,Driver,45 to 49,,North,Going Ahead,Driving Properly,,,,,,,,,,,,Yes,Yes,,,,,Mimico-Queensway
1730,Minor Arterial,Scarborough,Mid-Block,No Control,Clear,Daylight,Dry,Non-Fatal Injury,Turning Movement,Driver,55 to 59,,North,Turning Left,Failed to Yield Right of Way,,,,,,,,,Yes,Yes,,,Yes,,Yes,,,Wexford/Maryvale
2111,Major Arterial,Etobicoke York,Intersection,Traffic Signal,Clear,"Dusk, artificial",Dry,Non-Fatal Injury,Turning Movement,Driver,55 to 59,Major,West,Going Ahead,Driving Properly,,,,,,,,,Yes,,,,Yes,,,,,Kingsview Village-The Westway
1930,Major Arterial,Scarborough,Intersection,Traffic Signal,Rain,"Dawn, artificial",Wet,Non-Fatal Injury,Pedestrian Collisions,Passenger,20 to 24,,,,,,,,,,,Yes,,Yes,,,,Yes,,Yes,,,Tam O'Shanter-Sullivan
2227,Major Arterial,North York,Intersection,No Control,Rain,"Dark, artificial",Wet,Non-Fatal Injury,Pedestrian Collisions,Pedestrian,85 to 89,Major,Unknown,,,Pedestrian involved in a collision with transit vehicle anywhere along roadway,"Crossing, no Traffic Control",Normal,,,,Yes,,,,,Yes,,Yes,Yes,,,Humewood-Cedarvale
1910,Major Arterial,Etobicoke York,Intersection,Traffic Signal,Rain,Dark,Wet,Non-Fatal Injury,Pedestrian Collisions,Pedestrian,45 to 49,Minor,Unknown,,,Vehicle turns left while ped crosses with ROW at inter.,Crossing with right of way,Normal,,,,Yes,,Yes,,,,Yes,,,,,Thistletown-Beaumond Heights
1724,Minor Arterial,Etobicoke York,Intersection,No Control,Clear,Daylight,Dry,Non-Fatal Injury,Pedestrian Collisions,Pedestrian,30 to 34,Major,Unknown,,,Pedestrian hit at mid-block,"Crossing, no Traffic Control",Inattentive,,,,Yes,,Yes,,,,Yes,,,,,Mount Olive-Silverstone-Jamestown
1254,Major Arterial,Scarborough,Intersection,Traffic Signal,Clear,Daylight,Dry,Fatal,Pedestrian Collisions,Pedestrian,40 to 44,Fatal,Unknown,,,Pedestrian hit on sidewalk or shoulder,On Sidewalk or Shoulder,Normal,,,,Yes,,Yes,,,,,,,,,Eglinton East
2,Minor Arterial,Toronto and East York,Mid-Block,No Control,Clear,"Dark, artificial",Wet,Non-Fatal Injury,Approaching,Driver,40 to 44,Major,East,Going Ahead,Lost control,,,,,,,,,Yes,,,Yes,,,,,,Roncesvalles
2049,,Toronto and East York,Mid-Block,No Control,Clear,Dusk,Dry,Non-Fatal Injury,SMV Other,Motorcycle Driver,35 to 39,Major,West,Going Ahead,Lost control,,,,,,,,,,Yes,,,,,,,,Broadview North
1516,Minor Arterial,Etobicoke York,Intersection,No Control,Other,Daylight,Other,Fatal,Other,Passenger,75 to 79,Fatal,,,,,,,,,,,,,,,Yes,Yes,,,,,Mimico-Queensway
1730,Minor Arterial,Scarborough,Mid-Block,No Control,Clear,Daylight,Dry,Non-Fatal Injury,Turning Movement,Motorcycle Driver,25 to 29,Major,South,Going Ahead,Lost control,,,,,,,,,Yes,Yes,,,Yes,,Yes,,,Wexford/Maryvale
2111,Major Arterial,Etobicoke York,Intersection,Traffic Signal,Clear,"Dusk, artificial",Dry,Non-Fatal Injury,Turning Movement,Passenger,20 to 24,Minor,,,,,,,,,,,,Yes,,,,Yes,,,,,Kingsview Village-The Westway
1930,Major Arterial,Scarborough,Intersection,Traffic Signal,Rain,"Dawn, artificial",Wet,Non-Fatal Injury,Pedestrian Collisions,Pedestrian,15 to 19,Major,Unknown,,,Vehicle turns left while ped crosses with ROW at inter.,Crossing with right of way,Normal,,,,Yes,,Yes,,,,Yes,,Yes,,,Tam O'Shanter-Sullivan
830,Local,North York,Intersection,Stop Sign,Clear,Daylight,Dry,Non-Fatal Injury,Cyclist Collisions,Driver,35 to 39,,West,Turning Right,Other,,,,,,,,Yes,Yes,,,,Yes,,,,,Bayview Village
15,Major Arterial,North York,Intersection,No Control,Rain,"Dark, artificial",Wet,Non-Fatal Injury,Pedestrian Collisions,Driver,20 to 24,Minimal,West,Going Ahead,Exceeding Speed Limit,,,,,,,Yes,,Yes,,,,Yes,Yes,Yes,,,Victoria Village
1254,Major Arterial,Scarborough,Intersection,Traffic Signal,Clear,Daylight,Dry,Fatal,Pedestrian Collisions,Driver,30 to 34,Minor,North,Going Ahead,Lost control,,,,,,,Yes,,Yes,,,,,,,,,Eglinton East
1730,Minor Arterial,Scarborough,Mid-Block,No Control,Clear,Daylight,Dry,Non-Fatal Injury,Turning Movement,Passenger,60 to 64,,,,,,,,,,,,,Yes,Yes,,,Yes,,Yes,,,Wexford/Maryvale
903,Minor Arterial,Scarborough,Mid-Block,No Control,Snow,Daylight,Wet,Non-Fatal Injury,Approaching,Driver,55 to 59,Major,East,Going Ahead,Lost control,,,,,,,,,Yes,,,,,,,,,Milliken
2,Minor Arterial,Toronto and East York,Mid-Block,No Control,Clear,"Dark, artificial",Wet,Non-Fatal Injury,Approaching,Driver,35 to 39,,West,Going Ahead,Driving Properly,,,,,,,,,Yes,,,Yes,,,,,,Roncesvalles
1328,Minor Arterial,Scarborough,Mid-Block,No Control,Clear,Daylight,Dry,Fatal,Turning Movement,Motorcycle Driver,30 to 34,Fatal,East,Going Ahead,Exceeding Speed Limit,,,,,,,,,Yes,Yes,,,Yes,Yes,Yes,,,Centennial Scarborough
830,Local,North York,Intersection,Stop Sign,Clear,Daylight,Dry,Non-Fatal Injury,Cyclist Collisions,Cyclist,60 to 64,Major,South,Going Ahead,,,,,"Cyclist without ROW rides into path of motorist at inter, lnwy, dwy-Cyclist not turn.",Failed to Yield Right of Way,Inattentive,,Yes,Yes,,,,Yes,,,,,Bayview Village
15,Major Arterial,North York,Intersection,No Control,Rain,"Dark, artificial",Wet,Non-Fatal Injury,Pedestrian Collisions,Driver,40 to 44,,South,Turning Right,Failed to Yield Right of Way,,,,,,,Yes,,Yes,,,,Yes,Yes,Yes,,,Victoria Village
1730,Minor Arterial,Scarborough,Mid-Block,No Control,Clear,Daylight,Dry,Non-Fatal Injury,Turning Movement,Passenger,80 to 84,,,,,,,,,,,,,Yes,Yes,,,Yes,,Yes,,,Wexford/Maryvale
903,Minor Arterial,Scarborough,Mid-Block,No Control,Snow,Daylight,Wet,Non-Fatal Injury,Approaching,Driver,55 to 59,Minor,West,Going Ahead,Driving Properly,,,,,,,,,Yes,,,,,,,,,Milliken
843,Major Arterial,North York,Mid-Block,No Control,Clear,Daylight,Dry,Fatal,Pedestrian Collisions,Pedestrian,75 to 79,Fatal,East,,,Pedestrian hit at mid-block,Running onto Roadway,Inattentive,,,,Yes,,Yes,,,,Yes,,,,,Newtonbrook West
1328,Minor Arterial,Scarborough,Mid-Block,No Control,Clear,Daylight,Dry,Fatal,Turning Movement,Driver,65 to 69,,West,Turning Left,Driving Properly,,,,,,,,,Yes,Yes,,,Yes,Yes,Yes,,,Centennial Scarborough
830,Local,North York,Intersection,Stop Sign,Clear,Daylight,Dry,Non-Fatal Injury,Cyclist Collisions,Passenger,0 to 4,,,,,,,,,,,,Yes,Yes,,,,Yes,,,,,Bayview Village
15,Major Arterial,North York,Intersection,No Control,Rain,"Dark, artificial",Wet,Non-Fatal Injury,Pedestrian Collisions,Driver,15 to 19,,West,Going Ahead,Exceeding Speed Limit,,,,,,,Yes,,Yes,,,,Yes,Yes,Yes,,,Victoria Village
1721,Minor Arterial,Toronto and East York,Intersection,Stop Sign,Clear,Daylight,Dry,Non-Fatal Injury,Angle,Driver,40 to 44,,West,Going Ahead,Failed to Yield Right of Way,,,,,,,,,Yes,,,,,,Yes,,,West Queen West
1730,Minor Arterial,Scarborough,Mid-Block,No Control,Clear,Daylight,Dry,Non-Fatal Injury,Turning Movement,Passenger,80 to 84,,,,,,,,,,,,,Yes,Yes,,,Yes,,Yes,,,Wexford/Maryvale
843,Major Arterial,North York,Mid-Block,No Control,Clear,Daylight,Dry,Fatal,Pedestrian Collisions,Driver,25 to 29,,South,Going Ahead,Driving Properly,,,,,,,Yes,,Yes,,,,Yes,,,,,Newtonbrook West
1328,Minor Arterial,Scarborough,Mid-Block,No Control,Clear,Daylight,Dry,Fatal,Turning Movement,Driver,70 to 74,,West,Stopped,Driving Properly,,,,,,,,,Yes,Yes,,,Yes,Yes,Yes,,,Centennial Scarborough
644,Major Arterial,Scarborough,Intersection,Traffic Signal,Clear,Dawn,Dry,Fatal,Pedestrian Collisions,Driver,35 to 39,,North,Going Ahead,Disobeyed Traffic Control,,,,,,,Yes,,Yes,,,,,,Yes,Yes,,Milliken
830,Local,North York,Intersection,Stop Sign,Clear,Daylight,Dry,Non-Fatal Injury,Cyclist Collisions,Passenger,5 to 9,,,,,,,,,,,,Yes,Yes,,,,Yes,,,,,Bayview Village
644,Major Arterial,Scarborough,Intersection,Traffic Signal,Clear,Dawn,Dry,Fatal,Pedestrian Collisions,Pedestrian,65 to 69,Fatal,East,,,Vehicle is going straight thru inter.while ped cross with ROW,Crossing with right of way,Unknown,,,,Yes,,Yes,,,,,,Yes,Yes,,Milliken
155,Minor Arterial,Toronto and East York,Intersection,Stop Sign,Clear,"Dark, artificial",Dry,Non-Fatal Injury,Cyclist Collisions,Cyclist,40 to 44,Major,South,Going Ahead,,,,,"Cyclist without ROW rides into path of motorist at inter, lnwy, dwy-Cyclist not turn.",Disobeyed Traffic Control,Had Been Drinking,,Yes,Yes,,,,,,,,,Moss Park
2300,Major Arterial,Toronto and East York,Mid-Block,No Control,Rain,"Dark, artificial",Wet,Non-Fatal Injury,Pedestrian Collisions,Driver,40 to 44,,North,Going Ahead,Driving Properly,,,,,,,Yes,,,,,Yes,,,,,,Kensington-Chinatown
1721,Minor Arterial,Toronto and East York,Intersection,Stop Sign,Clear,Daylight,Dry,Non-Fatal Injury,Angle,Driver,35 to 39,Major,South,Going Ahead,Driving Properly,,,,,,,,,Yes,,,,,,Yes,,,West Queen West
1730,Minor Arterial,Scarborough,Mid-Block,No Control,Clear,Daylight,Dry,Non-Fatal Injury,Turning Movement,Passenger,50 to 54,,,,,,,,,,,,,Yes,Yes,,,Yes,,Yes,,,Wexford/Maryvale
843,Major Arterial,North York,Mid-Block,No Control,Clear,Daylight,Dry,Fatal,Pedestrian Collisions,Passenger,unknown,,,,,,,,,,,Yes,,Yes,,,,Yes,,,,,Newtonbrook West
1328,Minor Arterial,Scarborough,Mid-Block,No Control,Clear,Daylight,Dry,Fatal,Turning Movement,Passenger,70 to 74,,,,,,,,,,,,,Yes,Yes,,,Yes,Yes,Yes,,,Centennial Scarborough
15,Major Arterial,North York,Intersection,No Control,Rain,"Dark, artificial",Wet,Non-Fatal Injury,Pedestrian Collisions,Passenger,20 to 24,Minimal,,,,,,,,,,Yes,,Yes,,,,Yes,Yes,Yes,,,Victoria Village
1740,Minor Arterial,Scarborough,Intersection,Traffic Signal,Clear,Dark,Dry,Fatal,Pedestrian Collisions,Driver,25 to 29,,North,Turning Right,Failed to Yield Right of Way,,,,,,,Yes,,,,,Yes,,,Yes,,,Malvern West
2300,Major Arterial,Toronto and East York,Mid-Block,No Control,Rain,"Dark, artificial",Wet,Non-Fatal Injury,Pedestrian Collisions,Pedestrian,40 to 44,Major,Unknown,,,Pedestrian involved in a collision with transit vehicle anywhere along roadway,"Crossing, no Traffic Control",Had Been Drinking,,,,Yes,,,,,Yes,,,,,,Kensington-Chinatown
1410,Major Arterial,Etobicoke York,Intersection,No Control,Clear,Daylight,Dry,Non-Fatal Injury,Pedestrian Collisions,Driver,50 to 54,,East,Going Ahead,Driving Properly,,,,,,,Yes,,Yes,,,,Yes,,,,,Keelesdale-Eglinton West
1940,Major Arterial,Scarborough,Intersection,No Control,Clear,"Dark, artificial",Dry,Non-Fatal Injury,Pedestrian Collisions,Driver,20 to 24,,South,Going Ahead,Driving Properly,,,,,,,Yes,,Yes,,,,,,,,,Milliken
155,Minor Arterial,Toronto and East York,Intersection,Stop Sign,Clear,"Dark, artificial",Dry,Non-Fatal Injury,Cyclist Collisions,Driver,40 to 44,,East,Going Ahead,Driving Properly,,,,,,,,Yes,Yes,,,,,,,,,Moss Park
9,Major Arterial,Toronto and East York,Intersection,Traffic Signal,Rain,"Dark, artificial",Wet,Non-Fatal Injury,Pedestrian Collisions,Driver,45 to 49,,South,Going Ahead,Driving Properly,,,,,,,Yes,,Yes,,,,,,,,,Yonge-Bay Corridor
1115,Minor Arterial,Scarborough,Intersection,Traffic Signal,Clear,Daylight,Dry,Non-Fatal Injury,Turning Movement,Driver,70 to 74,Major,North,Making U Turn,Improper Turn,,,,,,,,,Yes,,,,,,,,,L'Amoreaux West