TIME,ROAD_CLASS,DISTRICT,LOCCOORD,TRAFFCTL,VISIBILITY,LIGHT,RDSFCOND,ACCLASS,IMPACTYPE,INVTYPE,INVAGE,INJURY,INITDIR,MANOEUVER,DRIVACT,PEDTYPE,PEDACT,PEDCOND,CYCLISTYPE,CYCACT,CYCCOND,PEDESTRIAN,CYCLIST,AUTOMOBILE,MOTORCYCLE,TRUCK,TRSN_CITY_VEH,PASSENGER,SPEEDING,AG_DRIV,REDLIGHT,ALCOHOL,NEIGHBOURHOOD_158
15,Major Arterial,North York,Intersection,No Control,Rain,"Dark, artificial",Wet,Non-Fatal Injury,Pedestrian Collisions,Passenger,15 to 19,Minor,,,,,,,,,,Yes,,Yes,,,,Yes,Yes,Yes,,,Victoria Village
1740,Minor Arterial,Scarborough,Intersection,Traffic Signal,Clear,Dark,Dry,Fatal,Pedestrian Collisions,Pedestrian,10 to 14,Fatal,West,,,Vehicle turns right while ped crosses with ROW at inter.,Other,Other,,,,Yes,,,,,Yes,,,Yes,,,Malvern West
1247,Major Arterial,North York,Mid-Block,No Control,Clear,Daylight,Dry,Fatal,Pedestrian Collisions,Driver,30 to 34,,North,Going Ahead,Driving Properly,,,,,,,Yes,,Yes,,,,,,,,,Hillcrest Village
1940,Major Arterial,Scarborough,Intersection,No Control,Clear,"Dark, artificial",Dry,Non-Fatal Injury,Pedestrian Collisions,Pedestrian,80 to 84,Major,Unknown,,,Vehicle is going straight thru inter.while ped cross without ROW,"Crossing, no Traffic Control",Normal,,,,Yes,,Yes,,,,,,,,,Milliken
9,Major Arterial,Toronto and East York,Intersection,Traffic Signal,Rain,"Dark, artificial",Wet,Non-Fatal Injury,Pedestrian Collisions,Pedestrian,25 to 29,Major,West,,,Vehicle is going straight thru inter.while ped cross without ROW,Running onto Roadway,Other,,,,Yes,,Yes,,,,,,,,,Yonge-Bay Corridor
1554,Local,Toronto and East York,Mid-Block,No Control,Clear,Daylight,Dry,Non-Fatal Injury,Pedestrian Collisions,Driver,70 to 74,,North,Going Ahead,Lost control,,,,,,,Yes,,Yes,,,,,Yes,Yes,,,Junction-Wallace Emerson
1115,Minor Arterial,Scarborough,Intersection,Traffic Signal,Clear,Daylight,Dry,Non-Fatal Injury,Turning Movement,Driver,30 to 34,,North,Going Ahead,Driving Properly,,,,,,,,,Yes,,,,,,,,,L'Amoreaux West
1247,Major Arterial,North York,Mid-Block,No Control,Clear,Daylight,Dry,Fatal,Pedestrian Collisions,Pedestrian,70 to 74,Fatal,East,,,Pedestrian hit at mid-block,"Crossing, no Traffic Control",Unknown,,,,Yes,,Yes,,,,,,,,,Hillcrest Village
15,Major Arterial,North York,Intersection,No Control,Rain,"Dark, artificial",Wet,Non-Fatal Injury,Pedestrian Collisions,Passenger,15 to 19,Minimal,,,,,,,,,,Yes,,Yes,,,,Yes,Yes,Yes,,,Victoria Village
1410,Major Arterial,Etobicoke York,Intersection,No Control,Clear,Daylight,Dry,Non-Fatal Injury,Pedestrian Collisions,Passenger,50 to 54,,,,,,,,,,,Yes,,Yes,,,,Yes,,,,,Keelesdale-Eglinton West
2228,Major Arterial,Etobicoke York,Mid-Block,No Control,Clear,Dark,Dry,Non-Fatal Injury,Pedestrian Collisions,Driver,45 to 49,,West,Going Ahead,Driving Properly,,,,,,,Yes,,Yes,,,,,,,,,Mount Olive-Silverstone-Jamestown
1940,Major Arterial,Scarborough,Intersection,No Control,Clear,"Dark, artificial",Dry,Non-Fatal Injury,Pedestrian Collisions,Pedestrian,70 to 74,Minimal,Unknown,,,Vehicle is going straight thru inter.while ped cross without ROW,"Crossing, no Traffic Control",Normal,,,,Yes,,Yes,,,,,,,,,Milliken
2348,Major Arterial,Etobicoke York,Mid-Block,No Control,Clear,"Dark, artificial",Wet,Non-Fatal Injury,SMV Other,Driver,50 to 54,Major,North,Going Ahead,Speed too Fast For Condition,,,,,,,,,Yes,,,,,Yes,Yes,,Yes,Humber Summit
1240,Major Arterial,North York,Intersection,Traffic Signal,Clear,Daylight,Dry,Non-Fatal Injury,Pedestrian Collisions,Truck Driver,30 to 34,,West,Turning Left,Failed to Yield Right of Way,,,,,,,Yes,,,,Yes,,,,Yes,,,Parkwoods-O'Connor Hills
2130,Local,North York,Mid-Block,No Control,Clear,"Dark, artificial",Wet,Non-Fatal Injury,Pedestrian Collisions,Driver,45 to 49,,East,Reversing,Other,,,,,,,Yes,,Yes,,,,,,,,,Fenside-Parkwoods
1700,Major Arterial,Scarborough,Intersection,Traffic Signal,Clear,"Daylight, artificial",Dry,Non-Fatal Injury,Pedestrian Collisions,Driver,60 to 64,,East,Turning Right,Improper Turn,,,,,,,Yes,,Yes,,,,,,,,,Woburn North
15,Major Arterial,North York,Intersection,No Control,Rain,"Dark, artificial",Wet,Non-Fatal Injury,Pedestrian Collisions,Pedestrian,50 to 54,Major,Unknown,,,Pedestrian hit on sidewalk or shoulder,On Sidewalk or Shoulder,Unknown,,,,Yes,,Yes,,,,Yes,Yes,Yes,,,Victoria Village
1410,Major Arterial,Etobicoke York,Intersection,No Control,Clear,Daylight,Dry,Non-Fatal Injury,Pedestrian Collisions,Passenger,25 to 29,,,,,,,,,,,Yes,,Yes,,,,Yes,,,,,Keelesdale-Eglinton West
2228,Major Arterial,Etobicoke York,Mid-Block,No Control,Clear,Dark,Dry,Non-Fatal Injury,Pedestrian Collisions,Pedestrian,25 to 29,Major,North,,,Pedestrian hit at mid-block,Running onto Roadway,Inattentive,,,,Yes,,Yes,,,,,,,,,Mount Olive-Silverstone-Jamestown
2200,Collector,Etobicoke York,Intersection,No Control,Clear,"Dark, artificial",Dry,Non-Fatal Injury,Cyclist Collisions,Cyclist,50 to 54,Major,West,Changing Lanes,,,,,Cyclist and Driver travelling in same direction. One vehicle sideswipes the other.,Improper Lane Change,Inattentive,,Yes,Yes,,,,,,,,,New Toronto
1554,Local,Toronto and East York,Mid-Block,No Control,Clear,Daylight,Dry,Non-Fatal Injury,Pedestrian Collisions,Pedestrian,45 to 49,Major,Unknown,,,Pedestrian hit at private driveway,Other,Unknown,,,,Yes,,Yes,,,,,Yes,Yes,,,Junction-Wallace Emerson
1240,Major Arterial,North York,Intersection,Traffic Signal,Clear,Daylight,Dry,Non-Fatal Injury,Pedestrian Collisions,Pedestrian,50 to 54,Major,East,,,Vehicle turns left while ped crosses with ROW at inter.,Crossing with right of way,Normal,,,,Yes,,,,Yes,,,,Yes,,,Parkwoods-O'Connor Hills
1700,Major Arterial,Scarborough,Intersection,Traffic Signal,Clear,"Daylight, artificial",Dry,Non-Fatal Injury,Pedestrian Collisions,Pedestrian,65 to 69,Major,North,,,Vehicle turns right while ped crosses with ROW at inter.,Crossing with right of way,Normal,,,,Yes,,Yes,,,,,,,,,Woburn North
2130,Local,North York,Mid-Block,No Control,Clear,"Dark, artificial",Wet,Non-Fatal Injury,Pedestrian Collisions,Pedestrian,70 to 74,Major,Unknown,,,Pedestrian hit at private driveway,Other,Normal,,,,Yes,,Yes,,,,,,,,,Fenside-Parkwoods
1919,Major Arterial,Etobicoke York,Intersection,No Control,Clear,Dark,Dry,Fatal,Pedestrian Collisions,Driver,20 to 24,,North,Going Ahead,Exceeding Speed Limit,,,,,,,Yes,,Yes,,,,,Yes,Yes,,,Willowridge-Martingrove-Richview
2200,Collector,Etobicoke York,Intersection,No Control,Clear,"Dark, artificial",Dry,Non-Fatal Injury,Cyclist Collisions,Driver,50 to 54,,West,Going Ahead,Driving Properly,,,,,,,,Yes,Yes,,,,,,,,,New Toronto
1410,Major Arterial,Toronto and East York,Intersection,No Control,Clear,Daylight,Dry,Non-Fatal Injury,Cyclist Collisions,Driver,55 to 59,,South,Overtaking,Improper Passing,,,,,,,,Yes,Yes,,,,Yes,,Yes,,,Palmerston-Little Italy
1410,Major Arterial,Etobicoke York,Intersection,No Control,Clear,Daylight,Dry,Non-Fatal Injury,Pedestrian Collisions,Passenger,20 to 24,,,,,,,,,,,Yes,,Yes,,,,Yes,,,,,Keelesdale-Eglinton West
1410,Major Arterial,Scarborough,Intersection,Traffic Signal,Clear,Daylight,Dry,Fatal,Cyclist Collisions,Driver,45 to 49,,North,Going Ahead,Disobeyed Traffic Control,,,,,,,,Yes,Yes,,,,,,Yes,Yes,,Wexford/Maryvale
1325,Minor Arterial,Toronto and East York,Intersection,No Control,Clear,Daylight,Dry,Non-Fatal Injury,Cyclist Collisions,Cyclist,25 to 29,Major,South,Going Ahead,,,,,Cyclist falls off bike - no contact with motorist.,Driving Properly,Normal,,Yes,,,,,,,,,,Woodbine Corridor
559,Major Arterial,Etobicoke York,Intersection,Traffic Signal,Clear,"Dark, artificial",Dry,Fatal,Angle,Driver,20 to 24,Major,North,Going Ahead,Disobeyed Traffic Control,,,,,,,,,Yes,,,Yes,Yes,,Yes,Yes,,Rexdale-Kipling
559,Major Arterial,Etobicoke York,Intersection,Traffic Signal,Clear,"Dark, artificial",Dry,Fatal,Angle,Driver,45 to 49,Minor,East,Going Ahead,Driving Properly,,,,,,,,,Yes,,,Yes,Yes,,Yes,Yes,,Rexdale-Kipling
31,Major Arterial,Scarborough,Mid-Block,No Control,Clear,Dark,Dry,Non-Fatal Injury,Rear End,Driver,40 to 44,,North,Going Ahead,Following too Close,,,,,,,,,Yes,Yes,,,Yes,,Yes,,,Dorset Park
1410,Major Arterial,Etobicoke York,Intersection,No Control,Clear,Daylight,Dry,Non-Fatal Injury,Pedestrian Collisions,Passenger,25 to 29,,,,,,,,,,,Yes,,Yes,,,,Yes,,,,,Keelesdale-Eglinton West
2210,Minor Arterial,Scarborough,Intersection,No Control,Clear,"Dark, artificial",Dry,Non-Fatal Injury,Pedestrian Collisions,Driver,unknown,,North,Changing Lanes,Improper Lane Change,,,,,,,Yes,,Yes,,,,,,,,,Malvern West
1410,Major Arterial,Scarborough,Intersection,Traffic Signal,Clear,Daylight,Dry,Fatal,Cyclist Collisions,Cyclist,60 to 64,Fatal,East,Going Ahead,,,,,"Motorist without ROW drives into path of cyclist at inter, lnwy, dwy-Driver not turn.",Driving Properly,Normal,,Yes,Yes,,,,,,Yes,Yes,,Wexford/Maryvale
1410,Major Arterial,Toronto and East York,Intersection,No Control,Clear,Daylight,Dry,Non-Fatal Injury,Cyclist Collisions,Cyclist,25 to 29,Major,South,Going Ahead,,,,,Cyclist and Driver travelling in same direction. One vehicle sideswipes the other.,Driving Properly,Normal,,Yes,Yes,,,,Yes,,Yes,,,Palmerston-Little Italy
405,Major Arterial,Toronto and East York,Mid-Block,No Control,Clear,"Dark, artificial",Dry,Non-Fatal Injury,Pedestrian Collisions,Truck Driver,30 to 34,,East,Going Ahead,Driving Properly,,,,,,,Yes,,,,Yes,,,,,,,University
1410,Major Arterial,Toronto and East York,Intersection,No Control,Clear,Daylight,Dry,Non-Fatal Injury,Cyclist Collisions,Passenger,55 to 59,,,,,,,,,,,,Yes,Yes,,,,Yes,,Yes,,,Palmerston-Little Italy
1919,Major Arterial,Etobicoke York,Intersection,No Control,Clear,Dark,Dry,Fatal,Pedestrian Collisions,Driver,55 to 59,,South,Going Ahead,Driving Properly,,,,,,,Yes,,Yes,,,,,Yes,Yes,,,Willowridge-Martingrove-Richview
1410,Major Arterial,Etobicoke York,Intersection,No Control,Clear,Daylight,Dry,Non-Fatal Injury,Pedestrian Collisions,Pedestrian,40 to 44,Major,North,,,Pedestrian hit at mid-block,Running onto Roadway,Inattentive,,,,Yes,,Yes,,,,Yes,,,,,Keelesdale-Eglinton West
31,Major Arterial,Scarborough,Mid-Block,No Control,Clear,Dark,Dry,Non-Fatal Injury,Rear End,Motorcycle Driver,35 to 39,Major,North,Going Ahead,Driving Properly,,,,,,,,,Yes,Yes,,,Yes,,Yes,,,Dorset Park
1745,Major Arterial,Toronto and East York,Mid-Block,No Control,Clear,Dusk,Dry,Fatal,Pedestrian Collisions,Truck Driver,40 to 44,,East,Going Ahead,Driving Properly,,,,,,,Yes,,,,Yes,,,,,,,South Parkdale
2210,Minor Arterial,Scarborough,Intersection,No Control,Clear,"Dark, artificial",Dry,Non-Fatal Injury,Pedestrian Collisions,Pedestrian,40 to 44,Major,East,,,Pedestrian hit at mid-block,"Crossing, no Traffic Control",Inattentive,,,,Yes,,Yes,,,,,,,,,Malvern West
405,Major Arterial,Toronto and East York,Mid-Block,No Control,Clear,"Dark, artificial",Dry,Non-Fatal Injury,Pedestrian Collisions,Pedestrian,60 to 64,Major,Unknown,,,Pedestrian hit at private driveway,On Sidewalk or Shoulder,Other,,,,Yes,,,,Yes,,,,,,,University
559,Major Arterial,Etobicoke York,Intersection,Traffic Signal,Clear,"Dark, artificial",Dry,Fatal,Angle,Passenger,20 to 24,Major,,,,,,,,,,,,Yes,,,Yes,Yes,,Yes,Yes,,Rexdale-Kipling
2308,Major Arterial,Scarborough,Intersection,Traffic Signal,Clear,"Dark, artificial",Dry,Non-Fatal Injury,Pedestrian Collisions,Driver,25 to 29,Minimal,North,Going Ahead,Driving Properly,,,,,,,Yes,,Yes,,,,Yes,,,,,Bendale-Glen Andrew
104,Minor Arterial,Toronto and East York,Mid-Block,No Control,Clear,"Dark, artificial",Wet,Fatal,Pedestrian Collisions,Driver,30 to 34,,South,Going Ahead,Exceeding Speed Limit,,,,,,,Yes,,Yes,,,,,Yes,Yes,,,Moss Park
31,Major Arterial,Scarborough,Mid-Block,No Control,Clear,Dark,Dry,Non-Fatal Injury,Rear End,Motorcycle Passenger,35 to 39,Major,,,,,,,,,,,,Yes,Yes,,,Yes,,Yes,,,Dorset Park
104,Minor Arterial,Toronto and East York,Mid-Block,No Control,Clear,"Dark, artificial",Wet,Fatal,Pedestrian Collisions,Pedestrian,55 to 59,Fatal,Unknown,,,Pedestrian hit at mid-block,"Crossing, no Traffic Control",Other,,,,Yes,,Yes,,,,,Yes,Yes,,,Moss Park
1745,Major Arterial,Toronto and East York,Mid-Block,No Control,Clear,Dusk,Dry,Fatal,Pedestrian Collisions,Pedestrian,80 to 84,Fatal,North,,,Pedestrian hit at mid-block,"Crossing, no Traffic Control",Inattentive,,,,Yes,,,,Yes,,,,,,,South Parkdale
610,Minor Arterial,Toronto and East York,Intersection,No Control,Clear,Dark,Dry,Fatal,Approaching,Motorcycle Driver,35 to 39,Fatal,East,Going Ahead,Lost control,,,,,,,,,,Yes,,Yes,,,,,,Greenwood-Coxwell
2308,Major Arterial,Scarborough,Intersection,Traffic Signal,Clear,"Dark, artificial",Dry,Non-Fatal Injury,Pedestrian Collisions,Passenger,20 to 24,,,,,,,,,,,Yes,,Yes,,,,Yes,,,,,Bendale-Glen Andrew
559,Major Arterial,Etobicoke York,Intersection,Traffic Signal,Clear,"Dark, artificial",Dry,Fatal,Angle,Passenger,20 to 24,Fatal,,,,,,,,,,,,Yes,,,Yes,Yes,,Yes,Yes,,Rexdale-Kipling
1652,Major Arterial,North York,Intersection,Traffic Signal,Clear,Daylight,Dry,Non-Fatal Injury,Turning Movement,Motorcycle Driver,60 to 64,Major,West,Turning Left,Improper Turn,,,,,,,,,Yes,Yes,,,Yes,,,,,Henry Farm
1919,Major Arterial,Etobicoke York,Intersection,No Control,Clear,Dark,Dry,Fatal,Pedestrian Collisions,Pedestrian,20 to 24,Fatal,Unknown,,,Vehicle is going straight thru inter.while ped cross without ROW,"Crossing, no Traffic Control",Inattentive,,,,Yes,,Yes,,,,,Yes,Yes,,,Willowridge-Martingrove-Richview
1136,Major Arterial,Etobicoke York,Mid-Block,No Control,Clear,Daylight,Dry,Fatal,Sideswipe,Driver,85 to 89,Fatal,North,Going Ahead,Lost control,,,,,,,,,Yes,,Yes,,Yes,,,,,Maple Leaf
610,Minor Arterial,Toronto and East York,Intersection,No Control,Clear,Dark,Dry,Fatal,Approaching,Driver,30 to 34,,West,Going Ahead,Driving Properly,,,,,,,,,,Yes,,Yes,,,,,,Greenwood-Coxwell
1610,Major Arterial,Toronto and East York,Intersection,Traffic Signal,Clear,Daylight,Dry,Non-Fatal Injury,Pedestrian Collisions,Driver,35 to 39,,West,Turning Left,Improper Turn,,,,,,,Yes,,Yes,,,,,,,,,Wellington Place
1138,,Toronto and East York,Mid-Block,No Control,Clear,Daylight,Dry,Non-Fatal Injury,Pedestrian Collisions,Pedestrian,35 to 39,Major,Unknown,,,Pedestrian hit at mid-block,Other,Other,,,,Yes,,Yes,,,,,,,,,South Parkdale
2000,Major Arterial,Scarborough,Intersection,Traffic Signal,Clear,"Dark, artificial",Dry,Fatal,Turning Movement,Driver,65 to 69,Major,East,Turning Left,Improper Turn,,,,,,,,,Yes,,,,Yes,,,,,Bendale-Glen Andrew
2308,Major Arterial,Scarborough,Intersection,Traffic Signal,Clear,"Dark, artificial",Dry,Non-Fatal Injury,Pedestrian Collisions,Passenger,20 to 24,,,,,,,,,,,Yes,,Yes,,,,Yes,,,,,Bendale-Glen Andrew
559,Major Arterial,Etobicoke York,Intersection,Traffic Signal,Clear,"Dark, artificial",Dry,Fatal,Angle,Passenger,35 to 39,Minor,,,,,,,,,,,,Yes,,,Yes,Yes,,Yes,Yes,,Rexdale-Kipling
1652,Major Arterial,North York,Intersection,Traffic Signal,Clear,Daylight,Dry,Non-Fatal Injury,Turning Movement,Driver,25 to 29,,East,Going Ahead,Driving Properly,,,,,,,,,Yes,Yes,,,Yes,,,,,Henry Farm
1445,Major Arterial,North York,Intersection,No Control,Clear,Daylight,Dry,Non-Fatal Injury,Turning Movement,Driver,60 to 64,Major,South,Making U Turn,Improper Turn,,,,,,,,,Yes,,,,Yes,,,,,Bedford Park-Nortown
1136,Major Arterial,Etobicoke York,Mid-Block,No Control,Clear,Daylight,Dry,Fatal,Sideswipe,Truck Driver,35 to 39,,North,Stopped,Driving Properly,,,,,,,,,Yes,,Yes,,Yes,,,,,Maple Leaf
2308,Major Arterial,Scarborough,Intersection,Traffic Signal,Clear,"Dark, artificial",Dry,Non-Fatal Injury,Pedestrian Collisions,Pedestrian,20 to 24,Major,West,,,Vehicle is going straight thru inter.while ped cross without ROW,Crossing without right of way,Had Been Drinking,,,,Yes,,Yes,,,,Yes,,,,,Bendale-Glen Andrew
1132,Major Arterial,Scarborough,Mid-Block,No Control,Clear,Daylight,Dry,Non-Fatal Injury,SMV Other,Driver,60 to 64,Major,South,Other,Lost control,,,,,,,,,Yes,,,,Yes,,,,,Golfdale-Cedarbrae-Woburn
1138,,Toronto and East York,Mid-Block,No Control,Clear,Daylight,Dry,Non-Fatal Injury,Pedestrian Collisions,Driver,35 to 39,,West,Going Ahead,Driving Properly,,,,,,,Yes,,Yes,,,,,,,,,South Parkdale
1610,Major Arterial,Toronto and East York,Intersection,Traffic Signal,Clear,Daylight,Dry,Non-Fatal Injury,Pedestrian Collisions,Pedestrian,65 to 69,Major,East,,,Vehicle turns left while ped crosses with ROW at inter.,Crossing with right of way,Normal,,,,Yes,,Yes,,,,,,,,,Wellington Place
2000,Major Arterial,Scarborough,Intersection,Traffic Signal,Clear,"Dark, artificial",Dry,Fatal,Turning Movement,Driver,15 to 19,Minor,West,Going Ahead,Driving Properly,,,,,,,,,Yes,,,,Yes,,,,,Bendale-Glen Andrew
1652,Major Arterial,North York,Intersection,Traffic Signal,Clear,Daylight,Dry,Non-Fatal Injury,Turning Movement,Passenger,25 to 29,,,,,,,,,,,,,Yes,Yes,,,Yes,,,,,Henry Farm
559,Major Arterial,Etobicoke York,Intersection,Traffic Signal,Clear,"Dark, artificial",Dry,Fatal,Angle,Passenger,20 to 24,Minor,,,,,,,,,,,,Yes,,,Yes,Yes,,Yes,Yes,,Rexdale-Kipling
1136,Major Arterial,Etobicoke York,Mid-Block,No Control,Clear,Daylight,Dry,Fatal,Sideswipe,Passenger,80 to 84,Minor,,,,,,,,,,,,Yes,,Yes,,Yes,,,,,Maple Leaf
559,Major Arterial,Etobicoke York,Intersection,Traffic Signal,Clear,"Dark, artificial",Dry,Fatal,Angle,Passenger,50 to 54,Minor,,,,,,,,,,,,Yes,,,Yes,Yes,,Yes,Yes,,Rexdale-Kipling
1445,Major Arterial,North York,Intersection,No Control,Clear,Daylight,Dry,Non-Fatal Injury,Turning Movement,Driver,30 to 34,Minor,South,Going Ahead,Driving Properly,,,,,,,,,Yes,,,,Yes,,,,,Bedford Park-Nortown
1610,Major Arterial,Toronto and East York,Intersection,Traffic Signal,Clear,Daylight,Dry,Non-Fatal Injury,Pedestrian Collisions,Pedestrian,50 to 54,,East,,,Vehicle turns left while ped crosses with ROW at inter.,Crossing with right of way,Normal,,,,Yes,,Yes,,,,,,,,,Wellington Place
1132,Major Arterial,Scarborough,Mid-Block,No Control,Clear,Daylight,Dry,Non-Fatal Injury,SMV Other,Passenger,55 to 59,Minor,,,,,,,,,,,,Yes,,,,Yes,,,,,Golfdale-Cedarbrae-Woburn
1024,Major Arterial,North York,Intersection,Traffic Signal,Clear,Daylight,Dry,Fatal,Pedestrian Collisions,Driver,30 to 34,,North,Turning Left,Improper Turn,,,,,,,Yes,,,,,Yes,,,,,,Englemount-Lawrence
2000,Major Arterial,Scarborough,Intersection,Traffic Signal,Clear,"Dark, artificial",Dry,Fatal,Turning Movement,Driver,20 to 24,,West,Going Ahead,Driving Properly,,,,,,,,,Yes,,,,Yes,,,,,Bendale-Glen Andrew
2150,Major Arterial,Toronto and East York,Mid-Block,No Control,Clear,"Dark, artificial",Dry,Fatal,Pedestrian Collisions,Pedestrian,80 to 84,Fatal,West,,,Pedestrian hit at mid-block,"Crossing, no Traffic Control",Normal,,,,Yes,,Yes,,,,,,,,,Caledonia-Fairbank
1715,Major Arterial,North York,Intersection,Traffic Signal,Clear,Daylight,Dry,Non-Fatal Injury,Pedestrian Collisions,Driver,unknown,,West,Going Ahead,Driving Properly,,,,,,,Yes,,Yes,,,,,,,,,Downsview
559,Major Arterial,Etobicoke York,Intersection,Traffic Signal,Clear,"Dark, artificial",Dry,Fatal,Angle,Passenger,25 to 29,Minor,,,,,,,,,,,,Yes,,,Yes,Yes,,Yes,Yes,,Rexdale-Kipling
45,Major Arterial,Scarborough,Intersection,Traffic Signal,Clear,"Dark, artificial",Dry,Non-Fatal Injury,Pedestrian Collisions,Driver,45 to 49,,South,Going Ahead,Driving Properly,,,,,,,Yes,,Yes,,,,,,,,,Woburn North
1437,Major Arterial,Toronto and East York,Intersection,No Control,Clear,Daylight,Dry,Non-Fatal Injury,Pedestrian Collisions,Driver,45 to 49,Minimal,West,Making U Turn,Improper Turn,,,,,,,Yes,,Yes,,,,Yes,,,,,Palmerston-Little Italy
1024,Major Arterial,North York,Intersection,Traffic Signal,Clear,Daylight,Dry,Fatal,Pedestrian Collisions,Pedestrian,65 to 69,Fatal,South,,,Pedestrian involved in a collision with transit vehicle anywhere along roadway,Crossing with right of way,Normal,,,,Yes,,,,,Yes,,,,,,Englemount-Lawrence
2000,Major Arterial,Scarborough,Intersection,Traffic Signal,Clear,"Dark, artificial",Dry,Fatal,Turning Movement,Driver,20 to 24,Minimal,East,Stopped,Driving Properly,,,,,,,,,Yes,,,,Yes,,,,,Bendale-Glen Andrew
2150,Major Arterial,Toronto and East York,Mid-Block,No Control,Clear,"Dark, artificial",Dry,Fatal,Pedestrian Collisions,Driver,60 to 64,,South,Going Ahead,Driving Properly,,,,,,,Yes,,Yes,,,,,,,,,Caledonia-Fairbank
1715,Major Arterial,North York,Intersection,Traffic Signal,Clear,Daylight,Dry,Non-Fatal Injury,Pedestrian Collisions,Pedestrian,15 to 19,Major,North,,,Vehicle is going straight thru inter.while ped cross without ROW,Crossing without right of way,Normal,,,,Yes,,Yes,,,,,,,,,Downsview
559,Major Arterial,Etobicoke York,Intersection,Traffic Signal,Clear,"Dark, artificial",Dry,Fatal,Angle,Passenger,25 to 29,Minor,,,,,,,,,,,,Yes,,,Yes,Yes,,Yes,Yes,,Rexdale-Kipling
1811,Collector,North York,Intersection,Stop Sign,Clear,Daylight,Dry,Non-Fatal Injury,Cyclist Collisions,Cyclist,55 to 59,Major,West,Overtaking,,,,,Motorist turned left across cyclists path.,Improper Passing,Inattentive,,Yes,Yes,,,,,,,,,Pleasant View
1445,Major Arterial,North York,Intersection,No Control,Clear,Daylight,Dry,Non-Fatal Injury,Turning Movement,Passenger,unknown,Minor,,,,,,,,,,,,Yes,,,,Yes,,,,,Bedford Park-Nortown
1437,Major Arterial,Toronto and East York,Intersection,No Control,Clear,Daylight,Dry,Non-Fatal Injury,Pedestrian Collisions,Pedestrian,50 to 54,Major,Unknown,,,Pedestrian hit on sidewalk or shoulder,On Sidewalk or Shoulder,Normal,,,,Yes,,Yes,,,,Yes,,,,,Palmerston-Little Italy
1640,Minor Arterial,Etobicoke York,Intersection,Traffic Signal,Clear,Daylight,Dry,Non-Fatal Injury,Angle,Driver,45 to 49,,North,Stopped,Disobeyed Traffic Control,,,,,,,,,Yes,,,,Yes,,Yes,Yes,,Islington
1437,Major Arterial,Toronto and East York,Intersection,No Control,Clear,Daylight,Dry,Non-Fatal Injury,Pedestrian Collisions,Passenger,15 to 19,,,,,,,,,,,Yes,,Yes,,,,Yes,,,,,Palmerston-Little Italy
45,Major Arterial,Scarborough,Intersection,Traffic Signal,Clear,"Dark, artificial",Dry,Non-Fatal Injury,Pedestrian Collisions,Pedestrian,20 to 24,Major,East,,,Vehicle is going straight thru inter.while ped cross without ROW,Running onto Roadway,Had Been Drinking,,,,Yes,,Yes,,,,,,,,,Woburn North
559,Major Arterial,Etobicoke York,Intersection,Traffic Signal,Clear,"Dark, artificial",Dry,Fatal,Angle,Passenger,50 to 54,Minor,,,,,,,,,,,,Yes,,,Yes,Yes,,Yes,Yes,,Rexdale-Kipling
1539,Major Arterial,Toronto and East York,Mid-Block,No Control,Rain,Daylight,Wet,Non-Fatal Injury,SMV Other,Driver,20 to 24,Major,East,Changing Lanes,Speed too Fast For Condition,,,,,,,,,Yes,,,,Yes,Yes,Yes,,,South Parkdale
1811,Collector,North York,Intersection,Stop Sign,Clear,Daylight,Dry,Non-Fatal Injury,Cyclist Collisions,Driver,20 to 24,,South,Turning Left,Driving Properly,,,,,,,,Yes,Yes,,,,,,,,,Pleasant View
2217,Major Arterial,Toronto and East York,Intersection,Traffic Signal,Clear,"Dark, artificial",Dry,Non-Fatal Injury,Approaching,Driver,40 to 44,Minor,North,Going Ahead,Lost control,,,,,,,,,Yes,,,,Yes,,,,,Downtown Yonge East
2217,Major Arterial,Toronto and East York,Intersection,Traffic Signal,Clear,"Dark, artificial",Dry,Non-Fatal Injury,Approaching,Driver,25 to 29,,South,Stopped,Driving Properly,,,,,,,,,Yes,,,,Yes,,,,,Downtown Yonge East
1640,Minor Arterial,Etobicoke York,Intersection,Traffic Signal,Clear,Daylight,Dry,Non-Fatal Injury,Angle,Driver,90 to 94,Minimal,West,Going Ahead,Failed to Yield Right of Way,,,,,,,,,Yes,,,,Yes,,Yes,Yes,,Islington
1327,Minor Arterial,Toronto and East York,Intersection,Stop Sign,Clear,Daylight,Wet,Non-Fatal Injury,Pedestrian Collisions,Driver,30 to 34,,North,Reversing,Other,,,,,,,Yes,,Yes,,,,,,,,,Cabbagetown-South St.James Town
2000,Major Arterial,Scarborough,Intersection,Traffic Signal,Clear,"Dark, artificial",Dry,Fatal,Turning Movement,Driver,25 to 29,,West,Stopped,Driving Properly,,,,,,,,,Yes,,,,Yes,,,,,Bendale-Glen Andrew
2217,Major Arterial,Toronto and East York,Intersection,Traffic Signal,Clear,"Dark, artificial",Dry,Non-Fatal Injury,Approaching,Driver,60 to 64,,South,Going Ahead,Driving Properly,,,,,,,,,Yes,,,,Yes,,,,,Downtown Yonge East
1447,Major Arterial,North York,Mid-Block,No Control,Rain,Daylight,Wet,Non-Fatal Injury,SMV Other,Driver,80 to 84,Major,East,Going Ahead,Lost control,,,,,,,,,Yes,,,,Yes,,,,,Willowdale West