TIME,ROAD_CLASS,DISTRICT,LOCCOORD,TRAFFCTL,VISIBILITY,LIGHT,RDSFCOND,ACCLASS,IMPACTYPE,INVTYPE,INVAGE,INJURY,INITDIR,MANOEUVER,DRIVACT,PEDTYPE,PEDACT,PEDCOND,CYCLISTYPE,CYCACT,CYCCOND,PEDESTRIAN,CYCLIST,AUTOMOBILE,MOTORCYCLE,TRUCK,TRSN_CITY_VEH,PASSENGER,SPEEDING,AG_DRIV,REDLIGHT,ALCOHOL,NEIGHBOURHOOD_158
1154,Major Arterial,Toronto and East York,Intersection,No Control,Clear,Daylight,Dry,Non-Fatal Injury,Pedestrian Collisions,Driver,80 to 84,,South,Going Ahead,Lost control,,,,,,,Yes,,Yes,,,,,,,,,East End-Danforth
1154,Major Arterial,Toronto and East York,Intersection,No Control,Clear,Daylight,Dry,Non-Fatal Injury,Pedestrian Collisions,Driver,45 to 49,,South,Parked,Other,,,,,,,Yes,,Yes,,,,,,,,,East End-Danforth
1154,Major Arterial,Toronto and East York,Intersection,No Control,Clear,Daylight,Dry,Non-Fatal Injury,Pedestrian Collisions,Pedestrian,45 to 49,Major,Unknown,,,Pedestrian hit at mid-block,Other,Normal,,,,Yes,,Yes,,,,,,,,,East End-Danforth
1734,Major Arterial,North York,Mid-Block,No Control,Clear,Daylight,Dry,Fatal,Rear End,Driver,85 to 89,Fatal,West,Going Ahead,Following too Close,,,,,,,,,Yes,,,Yes,,,Yes,,,Oakdale-Beverley Heights
1734,Major Arterial,North York,Mid-Block,No Control,Clear,Daylight,Dry,Fatal,Rear End,Driver,50 to 54,,West,Going Ahead,Driving Properly,,,,,,,,,Yes,,,Yes,,,Yes,,,Oakdale-Beverley Heights
115,Local,Etobicoke York,Mid-Block,No Control,Clear,"Dark, artificial",Dry,Non-Fatal Injury,Pedestrian Collisions,Driver,35 to 39,,North,Going Ahead,Other,,,,,,,Yes,,Yes,,,,,,,,,Stonegate-Queensway
115,Local,Etobicoke York,Mid-Block,No Control,Clear,"Dark, artificial",Dry,Non-Fatal Injury,Pedestrian Collisions,Pedestrian,25 to 29,Major,,,,,Other,,,,,Yes,,Yes,,,,,,,,,Stonegate-Queensway
658,Major Arterial,Etobicoke York,Mid-Block,No Control,Clear,Daylight,Dry,Non-Fatal Injury,Rear End,Driver,25 to 29,,East,Changing Lanes,Improper Lane Change,,,,,,,,,Yes,,,,,,,,,Humbermede
658,Major Arterial,Etobicoke York,Mid-Block,No Control,Clear,Daylight,Dry,Non-Fatal Injury,Rear End,Driver,60 to 64,Major,East,Changing Lanes,Driving Properly,,,,,,,,,Yes,,,,,,,,,Humbermede
1540,Major Arterial,Toronto and East York,Intersection,Traffic Signal,Clear,Daylight,Dry,Non-Fatal Injury,Turning Movement,Driver,85 to 89,,West,Turning Left,Failed to Yield Right of Way,,,,,,,,,Yes,,,,,,Yes,,,St Lawrence-East Bayfront-The Islands
1540,Major Arterial,Toronto and East York,Intersection,Traffic Signal,Clear,Daylight,Dry,Non-Fatal Injury,Turning Movement,Driver,30 to 34,Major,East,Going Ahead,Driving Properly,,,,,,,,,Yes,,,,,,Yes,,,St Lawrence-East Bayfront-The Islands
1724,Minor Arterial,North York,Intersection,Traffic Signal,Clear,Daylight,Dry,Non-Fatal Injury,Turning Movement,Driver,55 to 59,Major,South,Turning Left,Failed to Yield Right of Way,,,,,,,,,Yes,Yes,,,Yes,Yes,Yes,,,Yonge-Doris
1724,Minor Arterial,North York,Intersection,Traffic Signal,Clear,Daylight,Dry,Non-Fatal Injury,Turning Movement,Motorcycle Driver,20 to 24,,North,Going Ahead,Exceeding Speed Limit,,,,,,,,,Yes,Yes,,,Yes,Yes,Yes,,,Yonge-Doris
1724,Minor Arterial,North York,Intersection,Traffic Signal,Clear,Daylight,Dry,Non-Fatal Injury,Turning Movement,Passenger,70 to 74,Minor,,,,,,,,,,,,Yes,Yes,,,Yes,Yes,Yes,,,Yonge-Doris
1405,Minor Arterial,Toronto and East York,Mid-Block,No Control,Clear,Daylight,Dry,Fatal,Pedestrian Collisions,Driver,15 to 19,,East,Going Ahead,Lost control,,,,,,,Yes,,Yes,,,,Yes,,Yes,,,South Riverdale
1405,Minor Arterial,Toronto and East York,Mid-Block,No Control,Clear,Daylight,Dry,Fatal,Pedestrian Collisions,Driver,60 to 64,,East,Going Ahead,Driving Properly,,,,,,,Yes,,Yes,,,,Yes,,Yes,,,South Riverdale
1405,Minor Arterial,Toronto and East York,Mid-Block,No Control,Clear,Daylight,Dry,Fatal,Pedestrian Collisions,Passenger,15 to 19,,,,,,,,,,,Yes,,Yes,,,,Yes,,Yes,,,South Riverdale
1405,Minor Arterial,Toronto and East York,Mid-Block,No Control,Clear,Daylight,Dry,Fatal,Pedestrian Collisions,Pedestrian,30 to 34,Fatal,Unknown,,,Pedestrian hit on sidewalk or shoulder,On Sidewalk or Shoulder,Normal,,,,Yes,,Yes,,,,Yes,,Yes,,,South Riverdale
2123,Major Arterial,Scarborough,Intersection,Traffic Signal,Clear,"Dark, artificial",Dry,Non-Fatal Injury,Rear End,Driver,35 to 39,Major,West,Going Ahead,Lost control,,,,,,,,,Yes,,,,Yes,Yes,Yes,,Yes,East L'Amoreaux
2123,Major Arterial,Scarborough,Intersection,Traffic Signal,Clear,"Dark, artificial",Dry,Non-Fatal Injury,Rear End,Driver,50 to 54,Minimal,West,Going Ahead,Other,,,,,,,,,Yes,,,,Yes,Yes,Yes,,Yes,East L'Amoreaux
2123,Major Arterial,Scarborough,Intersection,Traffic Signal,Clear,"Dark, artificial",Dry,Non-Fatal Injury,Rear End,Passenger,20 to 24,,,,,,,,,,,,,Yes,,,,Yes,Yes,Yes,,Yes,East L'Amoreaux
2123,Major Arterial,Scarborough,Intersection,Traffic Signal,Clear,"Dark, artificial",Dry,Non-Fatal Injury,Rear End,Passenger,50 to 54,Minimal,,,,,,,,,,,,Yes,,,,Yes,Yes,Yes,,Yes,East L'Amoreaux
2123,Major Arterial,Scarborough,Intersection,Traffic Signal,Clear,"Dark, artificial",Dry,Non-Fatal Injury,Rear End,Passenger,15 to 19,Minimal,,,,,,,,,,,,Yes,,,,Yes,Yes,Yes,,Yes,East L'Amoreaux
156,Minor Arterial,Scarborough,Intersection,No Control,Clear,"Dark, artificial",Dry,Non-Fatal Injury,Rear End,Passenger,15 to 19,Minimal,,,,,,,,,,,,Yes,,,Yes,Yes,,Yes,,,Malvern East
1745,Major Arterial,Toronto and East York,Intersection,Traffic Signal,Clear,Daylight,Dry,Non-Fatal Injury,Rear End,Driver,55 to 59,,East,Stopped,Following too Close,,,,,,,,,Yes,Yes,,,,,Yes,,,St Lawrence-East Bayfront-The Islands
1745,Major Arterial,Toronto and East York,Intersection,Traffic Signal,Clear,Daylight,Dry,Non-Fatal Injury,Rear End,Motorcycle Driver,15 to 19,Major,East,Going Ahead,Driving Properly,,,,,,,,,Yes,Yes,,,,,Yes,,,St Lawrence-East Bayfront-The Islands
2112,Minor Arterial,Toronto and East York,Intersection,Stop Sign,Clear,"Dark, artificial",Dry,Non-Fatal Injury,Pedestrian Collisions,Driver,55 to 59,,West,Turning Left,Failed to Yield Right of Way,,,,,,,Yes,,Yes,,,,Yes,,Yes,,,Harbourfront-CityPlace
2112,Minor Arterial,Toronto and East York,Intersection,Stop Sign,Clear,"Dark, artificial",Dry,Non-Fatal Injury,Pedestrian Collisions,Passenger,35 to 39,,,,,,,,,,,Yes,,Yes,,,,Yes,,Yes,,,Harbourfront-CityPlace
2112,Minor Arterial,Toronto and East York,Intersection,Stop Sign,Clear,"Dark, artificial",Dry,Non-Fatal Injury,Pedestrian Collisions,Pedestrian,25 to 29,Major,South,,,Vehicle turns left while ped crosses with ROW at inter.,Crossing with right of way,Normal,,,,Yes,,Yes,,,,Yes,,Yes,,,Harbourfront-CityPlace
1154,Major Arterial,North York,Intersection,Traffic Signal,Clear,Daylight,Dry,Non-Fatal Injury,Turning Movement,Driver,25 to 29,Minor,West,Turning Left,Failed to Yield Right of Way,,,,,,,,,Yes,,,,,,Yes,,,Newtonbrook West
1154,Major Arterial,North York,Intersection,Traffic Signal,Clear,Daylight,Dry,Non-Fatal Injury,Turning Movement,Driver,60 to 64,Major,East,Going Ahead,Driving Properly,,,,,,,,,Yes,,,,,,Yes,,,Newtonbrook West
2220,Major Arterial,North York,Intersection,Stop Sign,Clear,"Dark, artificial",Dry,Non-Fatal Injury,Pedestrian Collisions,Pedestrian,65 to 69,Major,West,,,Vehicle is going straight thru inter.while ped cross without ROW,Crossing without right of way,Inattentive,,,,Yes,,Yes,,,,Yes,,,,,Mount Pleasant East
1822,Major Arterial,Scarborough,Intersection,Traffic Signal,Clear,Daylight,Dry,Non-Fatal Injury,Turning Movement,Driver,60 to 64,Minimal,West,Going Ahead,Disobeyed Traffic Control,,,,,,,,,Yes,,,,,,Yes,Yes,,Morningside
1822,Major Arterial,Scarborough,Intersection,Traffic Signal,Clear,Daylight,Dry,Non-Fatal Injury,Turning Movement,Driver,55 to 59,Major,South,Turning Left,Driving Properly,,,,,,,,,Yes,,,,,,Yes,Yes,,Morningside
639,Major Arterial,Toronto and East York,Mid-Block,No Control,Clear,"Dark, artificial",Dry,Non-Fatal Injury,Cyclist Collisions,Cyclist,30 to 34,Major,West,Going Ahead,,,,,"Cyclist without ROW rides into path of motorist at inter, lnwy, dwy-Cyclist not turn.",Failed to Yield Right of Way,"Ability Impaired, Alcohol",,Yes,Yes,,,,,,,,,Junction-Wallace Emerson
1858,Local,North York,Intersection,Stop Sign,Clear,Daylight,Dry,Non-Fatal Injury,Turning Movement,Motorcycle Driver,40 to 44,Major,South,Going Ahead,Improper Passing,,,,,,,,,Yes,Yes,,,,,Yes,,,Bathurst Manor
639,Major Arterial,Toronto and East York,Mid-Block,No Control,Clear,"Dark, artificial",Dry,Non-Fatal Injury,Cyclist Collisions,Driver,35 to 39,,South,Going Ahead,Driving Properly,,,,,,,,Yes,Yes,,,,,,,,,Junction-Wallace Emerson
1858,Local,North York,Intersection,Stop Sign,Clear,Daylight,Dry,Non-Fatal Injury,Turning Movement,Driver,25 to 29,,South,Turning Left,Driving Properly,,,,,,,,,Yes,Yes,,,,,Yes,,,Bathurst Manor
1720,Major Arterial,Toronto and East York,Mid-Block,No Control,Rain,"Dark, artificial",Wet,Non-Fatal Injury,Pedestrian Collisions,Driver,60 to 64,,East,Going Ahead,Driving Properly,,,,,,,Yes,,Yes,,,,,,,,,Blake-Jones
1225,Major Arterial,North York,Mid-Block,No Control,Clear,Daylight,Dry,Fatal,Pedestrian Collisions,Pedestrian,80 to 84,Fatal,North,,,Pedestrian hit at mid-block,"Crossing, no Traffic Control",Inattentive,,,,Yes,,Yes,,,,,,,,,Willowdale West
1720,Major Arterial,Toronto and East York,Mid-Block,No Control,Rain,"Dark, artificial",Wet,Non-Fatal Injury,Pedestrian Collisions,Pedestrian,25 to 29,Major,South,,,Pedestrian hit at mid-block,"Crossing, no Traffic Control","Ability Impaired, Alcohol Over .80",,,,Yes,,Yes,,,,,,,,,Blake-Jones
1225,Major Arterial,North York,Mid-Block,No Control,Clear,Daylight,Dry,Fatal,Pedestrian Collisions,Driver,45 to 49,,West,Going Ahead,Driving Properly,,,,,,,Yes,,Yes,,,,,,,,,Willowdale West
1829,Major Arterial,Etobicoke York,Mid-Block,No Control,Clear,Daylight,Dry,Fatal,Approaching,Truck Driver,45 to 49,,West,Going Ahead,Driving Properly,,,,,,,,,,Yes,Yes,,,Yes,Yes,,,West Humber-Clairville
1829,Major Arterial,Etobicoke York,Mid-Block,No Control,Clear,Daylight,Dry,Fatal,Approaching,Motorcycle Driver,25 to 29,Fatal,East,Going Ahead,Lost control,,,,,,,,,,Yes,Yes,,,Yes,Yes,,,West Humber-Clairville
2029,Major Arterial,Toronto and East York,Intersection,Traffic Signal,Clear,Daylight,Dry,Non-Fatal Injury,Turning Movement,Driver,50 to 54,Minor,West,Turning Left,Improper Turn,,,,,,,,,Yes,,,,Yes,,,,,South Riverdale
2029,Major Arterial,Toronto and East York,Intersection,Traffic Signal,Clear,Daylight,Dry,Non-Fatal Injury,Turning Movement,Driver,45 to 49,Minor,East,Going Ahead,Driving Properly,,,,,,,,,Yes,,,,Yes,,,,,South Riverdale
2029,Major Arterial,Toronto and East York,Intersection,Traffic Signal,Clear,Daylight,Dry,Non-Fatal Injury,Turning Movement,Passenger,40 to 44,,,,,,,,,,,,,Yes,,,,Yes,,,,,South Riverdale
2029,Major Arterial,Toronto and East York,Intersection,Traffic Signal,Clear,Daylight,Dry,Non-Fatal Injury,Turning Movement,Passenger,35 to 39,Major,,,,,,,,,,,,Yes,,,,Yes,,,,,South Riverdale
2029,Major Arterial,Toronto and East York,Intersection,Traffic Signal,Clear,Daylight,Dry,Non-Fatal Injury,Turning Movement,Passenger,5 to 9,Minimal,,,,,,,,,,,,Yes,,,,Yes,,,,,South Riverdale
2029,Major Arterial,Toronto and East York,Intersection,Traffic Signal,Clear,Daylight,Dry,Non-Fatal Injury,Turning Movement,Passenger,5 to 9,Minimal,,,,,,,,,,,,Yes,,,,Yes,,,,,South Riverdale
2029,Major Arterial,Toronto and East York,Intersection,Traffic Signal,Clear,Daylight,Dry,Non-Fatal Injury,Turning Movement,Passenger,45 to 49,Minor,,,,,,,,,,,,Yes,,,,Yes,,,,,South Riverdale
1228,Major Arterial,Etobicoke York,Intersection,Stop Sign,Clear,Daylight,Dry,Non-Fatal Injury,Turning Movement,Motorcycle Driver,30 to 34,Major,North,Going Ahead,Exceeding Speed Limit,,,,,,,,,Yes,Yes,,,,Yes,Yes,,,Junction Area
1228,Major Arterial,Etobicoke York,Intersection,Stop Sign,Clear,Daylight,Dry,Non-Fatal Injury,Turning Movement,Driver,55 to 59,,East,Turning Left,Driving Properly,,,,,,,,,Yes,Yes,,,,Yes,Yes,,,Junction Area
2125,Major Arterial,North York,Intersection,Traffic Signal,Rain,"Dark, artificial",Wet,Non-Fatal Injury,Pedestrian Collisions,Driver,20 to 24,,North,Going Ahead,Disobeyed Traffic Control,,,,,,,Yes,,Yes,,,,,,Yes,Yes,,Lansing-Westgate
329,Major Arterial,Scarborough,Intersection,Stop Sign,Clear,"Daylight, artificial",Wet,Non-Fatal Injury,Angle,Driver,unknown,,Unknown,Going Ahead,Driving Properly,,,,,,,Yes,,,,,,,,,,,Eglinton East
329,Major Arterial,Scarborough,Intersection,Stop Sign,Clear,"Daylight, artificial",Wet,Non-Fatal Injury,Angle,Pedestrian,15 to 19,Major,Unknown,,,Other / Undefined,Crossing without right of way,Inattentive,,,,Yes,,,,,,,,,,,Eglinton East
1603,Local,Scarborough,Intersection,Stop Sign,Clear,Daylight,Dry,Non-Fatal Injury,Angle,Driver,60 to 64,,North,Going Ahead,Failed to Yield Right of Way,,,,,,,,,Yes,,,,Yes,,Yes,,,Golfdale-Cedarbrae-Woburn
1603,Local,Scarborough,Intersection,Stop Sign,Clear,Daylight,Dry,Non-Fatal Injury,Angle,Driver,15 to 19,Major,West,Going Ahead,Driving Properly,,,,,,,,,Yes,,,,Yes,,Yes,,,Golfdale-Cedarbrae-Woburn
1603,Local,Scarborough,Intersection,Stop Sign,Clear,Daylight,Dry,Non-Fatal Injury,Angle,Passenger,15 to 19,Minor,,,,,,,,,,,,Yes,,,,Yes,,Yes,,,Golfdale-Cedarbrae-Woburn
1603,Local,Scarborough,Intersection,Stop Sign,Clear,Daylight,Dry,Non-Fatal Injury,Angle,Passenger,15 to 19,Minor,,,,,,,,,,,,Yes,,,,Yes,,Yes,,,Golfdale-Cedarbrae-Woburn
1603,Local,Scarborough,Intersection,Stop Sign,Clear,Daylight,Dry,Non-Fatal Injury,Angle,Passenger,60 to 64,Minimal,,,,,,,,,,,,Yes,,,,Yes,,Yes,,,Golfdale-Cedarbrae-Woburn
1603,Local,Scarborough,Intersection,Stop Sign,Clear,Daylight,Dry,Non-Fatal Injury,Angle,Passenger,25 to 29,,,,,,,,,,,,,Yes,,,,Yes,,Yes,,,Golfdale-Cedarbrae-Woburn
1603,Major Arterial,Etobicoke York,Intersection,Traffic Signal,Clear,Daylight,Dry,Non-Fatal Injury,Pedestrian Collisions,Driver,45 to 49,,North,Turning Left,Failed to Yield Right of Way,,,,,,,Yes,,Yes,,,,Yes,Yes,Yes,,,Rexdale-Kipling
1603,Major Arterial,Etobicoke York,Intersection,Traffic Signal,Clear,Daylight,Dry,Non-Fatal Injury,Pedestrian Collisions,Driver,20 to 24,,South,Going Ahead,Speed too Fast For Condition,,,,,,,Yes,,Yes,,,,Yes,Yes,Yes,,,Rexdale-Kipling
1603,Major Arterial,Etobicoke York,Intersection,Traffic Signal,Clear,Daylight,Dry,Non-Fatal Injury,Pedestrian Collisions,Passenger,5 to 9,,,,,,,,,,,Yes,,Yes,,,,Yes,Yes,Yes,,,Rexdale-Kipling
1603,Major Arterial,Etobicoke York,Intersection,Traffic Signal,Clear,Daylight,Dry,Non-Fatal Injury,Pedestrian Collisions,Pedestrian,25 to 29,Major,Unknown,,,Pedestrian hit on sidewalk or shoulder,On Sidewalk or Shoulder,Normal,,,,Yes,,Yes,,,,Yes,Yes,Yes,,,Rexdale-Kipling
1603,Major Arterial,Etobicoke York,Intersection,Traffic Signal,Clear,Daylight,Dry,Non-Fatal Injury,Pedestrian Collisions,Pedestrian,25 to 29,Minor,Unknown,,,Pedestrian hit on sidewalk or shoulder,On Sidewalk or Shoulder,Normal,,,,Yes,,Yes,,,,Yes,Yes,Yes,,,Rexdale-Kipling
2223,Major Arterial,Etobicoke York,Mid-Block,No Control,Clear,"Dark, artificial",Wet,Non-Fatal Injury,SMV Other,Motorcycle Driver,25 to 29,Major,East,Going Ahead,Lost control,,,,,,,,,,Yes,,,,,,,,Long Branch
250,Minor Arterial,Scarborough,Mid-Block,No Control,Clear,Dark,Dry,Fatal,Approaching,Driver,20 to 24,Fatal,East,Going Ahead,Driving Properly,,,,,,,,,Yes,,,,Yes,Yes,Yes,,,Morningside Heights
250,Minor Arterial,Scarborough,Mid-Block,No Control,Clear,Dark,Dry,Fatal,Approaching,Passenger,20 to 24,Minor,,,,,,,,,,,,Yes,,,,Yes,Yes,Yes,,,Morningside Heights
250,Minor Arterial,Scarborough,Mid-Block,No Control,Clear,Dark,Dry,Fatal,Approaching,Driver,30 to 34,Minimal,West,Going Ahead,Driving Properly,,,,,,,,,Yes,,,,Yes,Yes,Yes,,,Morningside Heights
250,Minor Arterial,Scarborough,Mid-Block,No Control,Clear,Dark,Dry,Fatal,Approaching,Driver,55 to 59,Minor,West,Overtaking,Improper Passing,,,,,,,,,Yes,,,,Yes,Yes,Yes,,,Morningside Heights
917,Minor Arterial,Toronto and East York,Intersection,Traffic Signal,Rain,Daylight,Wet,Non-Fatal Injury,Pedestrian Collisions,Driver,20 to 24,,East,Turning Left,Failed to Yield Right of Way,,,,,,,Yes,,Yes,,,,,,Yes,,,Cabbagetown-South St.James Town
917,Minor Arterial,Toronto and East York,Intersection,Traffic Signal,Rain,Daylight,Wet,Non-Fatal Injury,Pedestrian Collisions,Pedestrian,65 to 69,Major,West,,,Vehicle turns left while ped crosses with ROW at inter.,Crossing with right of way,Normal,,,,Yes,,Yes,,,,,,Yes,,,Cabbagetown-South St.James Town
2325,Major Arterial,Etobicoke York,Intersection,Traffic Signal,Clear,"Dark, artificial",Dry,Non-Fatal Injury,Cyclist Collisions,Cyclist,30 to 34,Major,South,Going Ahead,,,,,"Cyclist without ROW rides into path of motorist at inter, lnwy, dwy-Cyclist not turn.",Other,Unknown,,Yes,,,Yes,,,,,,,Etobicoke City Centre
2325,Major Arterial,Etobicoke York,Intersection,Traffic Signal,Clear,"Dark, artificial",Dry,Non-Fatal Injury,Cyclist Collisions,Truck Driver,50 to 54,,North,Turning Right,Driving Properly,,,,,,,,Yes,,,Yes,,,,,,,Etobicoke City Centre
1606,Major Arterial,Etobicoke York,Mid-Block,No Control,Clear,Daylight,Dry,Non-Fatal Injury,Approaching,Driver,55 to 59,Major,North,Going Ahead,Lost control,,,,,,,,,Yes,,,,Yes,Yes,Yes,,,York University Heights
1606,Major Arterial,Etobicoke York,Mid-Block,No Control,Clear,Daylight,Dry,Non-Fatal Injury,Approaching,Driver,40 to 44,Minimal,South,Going Ahead,Driving Properly,,,,,,,,,Yes,,,,Yes,Yes,Yes,,,York University Heights
1606,Major Arterial,Etobicoke York,Mid-Block,No Control,Clear,Daylight,Dry,Non-Fatal Injury,Approaching,Driver,35 to 39,Minimal,South,Going Ahead,Driving Properly,,,,,,,,,Yes,,,,Yes,Yes,Yes,,,York University Heights
1606,Major Arterial,Etobicoke York,Mid-Block,No Control,Clear,Daylight,Dry,Non-Fatal Injury,Approaching,Passenger,15 to 19,Minimal,,,,,,,,,,,,Yes,,,,Yes,Yes,Yes,,,York University Heights
1606,Major Arterial,Etobicoke York,Mid-Block,No Control,Clear,Daylight,Dry,Non-Fatal Injury,Approaching,Passenger,5 to 9,Minimal,,,,,,,,,,,,Yes,,,,Yes,Yes,Yes,,,York University Heights
1606,Major Arterial,Etobicoke York,Mid-Block,No Control,Clear,Daylight,Dry,Non-Fatal Injury,Approaching,Passenger,30 to 34,Minimal,,,,,,,,,,,,Yes,,,,Yes,Yes,Yes,,,York University Heights
904,Major Arterial,North York,Intersection,Traffic Signal,Clear,Daylight,Dry,Fatal,Pedestrian Collisions,Pedestrian,80 to 84,Fatal,North,,,Pedestrian hit at mid-block,"Crossing, no Traffic Control",Other,,,,Yes,,Yes,,,,Yes,,,,,Don Valley Village
904,Major Arterial,North York,Intersection,Traffic Signal,Clear,Daylight,Dry,Fatal,Pedestrian Collisions,Driver,65 to 69,,South,Turning Left,Driving Properly,,,,,,,Yes,,Yes,,,,Yes,,,,,Don Valley Village
904,Major Arterial,North York,Intersection,Traffic Signal,Clear,Daylight,Dry,Fatal,Pedestrian Collisions,Passenger,10 to 14,,,,,,,,,,,Yes,,Yes,,,,Yes,,,,,Don Valley Village
1853,Major Arterial,Etobicoke York,Intersection,Traffic Signal,Clear,Daylight,Dry,Non-Fatal Injury,Pedestrian Collisions,Driver,40 to 44,,North,Going Ahead,Driving Properly,,,,,,,Yes,,Yes,,,,,,,,,Kingsview Village-The Westway
1853,Major Arterial,Etobicoke York,Intersection,Traffic Signal,Clear,Daylight,Dry,Non-Fatal Injury,Pedestrian Collisions,Pedestrian,30 to 34,Major,West,,,Vehicle is going straight thru inter.while ped cross without ROW,Crossing without right of way,Inattentive,,,,Yes,,Yes,,,,,,,,,Kingsview Village-The Westway
1948,Collector,Scarborough,Mid-Block,No Control,Clear,Daylight,Dry,Non-Fatal Injury,Sideswipe,Motorcycle Driver,20 to 24,Major,North,Overtaking,Improper Passing,,,,,,,,,Yes,Yes,,,,Yes,Yes,,,Morningside Heights
1948,Collector,Scarborough,Mid-Block,No Control,Clear,Daylight,Dry,Non-Fatal Injury,Sideswipe,Driver,60 to 64,,North,Going Ahead,Driving Properly,,,,,,,,,Yes,Yes,,,,Yes,Yes,,,Morningside Heights
1323,Major Arterial,Etobicoke York,Intersection,Traffic Signal,Clear,Daylight,Dry,Non-Fatal Injury,Approaching,Driver,80 to 84,Major,East,Going Ahead,Exceeding Speed Limit,,,,,,,,,Yes,,Yes,,,Yes,Yes,,,Glenfield-Jane Heights
1323,Major Arterial,Etobicoke York,Intersection,Traffic Signal,Clear,Daylight,Dry,Non-Fatal Injury,Approaching,Driver,60 to 64,Minimal,East,Going Ahead,Driving Properly,,,,,,,,,Yes,,Yes,,,Yes,Yes,,,Glenfield-Jane Heights
1323,Major Arterial,Etobicoke York,Intersection,Traffic Signal,Clear,Daylight,Dry,Non-Fatal Injury,Approaching,Truck Driver,20 to 24,,West,Going Ahead,Driving Properly,,,,,,,,,Yes,,Yes,,,Yes,Yes,,,Glenfield-Jane Heights
1323,Major Arterial,Etobicoke York,Intersection,Traffic Signal,Clear,Daylight,Dry,Non-Fatal Injury,Approaching,Truck Driver,45 to 49,,East,Going Ahead,Driving Properly,,,,,,,,,Yes,,Yes,,,Yes,Yes,,,Glenfield-Jane Heights
634,Major Arterial,North York,Intersection,No Control,Clear,Daylight,Dry,Non-Fatal Injury,SMV Other,Driver,20 to 24,Major,West,Unknown,Lost control,,,,,,,,,Yes,,,,,Yes,Yes,,,Don Valley Village
1617,Major Arterial,Etobicoke York,Intersection,Traffic Signal,Clear,Daylight,Dry,Non-Fatal Injury,Turning Movement,Driver,35 to 39,,West,Turning Left,Improper Turn,,,,,,,,,Yes,,,,Yes,,,,,West Humber-Clairville
1617,Major Arterial,Etobicoke York,Intersection,Traffic Signal,Clear,Daylight,Dry,Non-Fatal Injury,Turning Movement,Driver,40 to 44,,East,Going Ahead,Driving Properly,,,,,,,,,Yes,,,,Yes,,,,,West Humber-Clairville
1617,Major Arterial,Etobicoke York,Intersection,Traffic Signal,Clear,Daylight,Dry,Non-Fatal Injury,Turning Movement,Passenger,35 to 39,Major,,,,,,,,,,,,Yes,,,,Yes,,,,,West Humber-Clairville
1312,Minor Arterial,Toronto and East York,Intersection,Traffic Signal,Clear,Daylight,Dry,Non-Fatal Injury,Pedestrian Collisions,Driver,60 to 64,,North,Turning Left,Failed to Yield Right of Way,,,,,,,Yes,,Yes,,,,,,Yes,,,Little Portugal
1312,Minor Arterial,Toronto and East York,Intersection,Traffic Signal,Clear,Daylight,Dry,Non-Fatal Injury,Pedestrian Collisions,Pedestrian,70 to 74,Major,South,,,Vehicle turns left while ped crosses with ROW at inter.,Crossing with right of way,Normal,,,,Yes,,Yes,,,,,,Yes,,,Little Portugal
1811,Major Arterial,Etobicoke York,Mid-Block,No Control,Clear,Daylight,Dry,Non-Fatal Injury,Rear End,Driver,30 to 34,Major,North,Changing Lanes,Lost control,,,,,,,,,Yes,,,,Yes,,Yes,,,Rockcliffe-Smythe
1811,Major Arterial,Etobicoke York,Mid-Block,No Control,Clear,Daylight,Dry,Non-Fatal Injury,Rear End,Driver,40 to 44,,North,Going Ahead,Driving Properly,,,,,,,,,Yes,,,,Yes,,Yes,,,Rockcliffe-Smythe
1811,Major Arterial,Etobicoke York,Mid-Block,No Control,Clear,Daylight,Dry,Non-Fatal Injury,Rear End,Passenger,10 to 14,Minimal,,,,,,,,,,,,Yes,,,,Yes,,Yes,,,Rockcliffe-Smythe
2153,Major Arterial,Etobicoke York,Intersection,Traffic Signal,Clear,"Dark, artificial",Dry,Non-Fatal Injury,Pedestrian Collisions,Driver,30 to 34,,West,Turning Left,Improper Turn,,,,,,,Yes,,Yes,,,,Yes,,,,,Kingsview Village-The Westway
2153,Major Arterial,Etobicoke York,Intersection,Traffic Signal,Clear,"Dark, artificial",Dry,Non-Fatal Injury,Pedestrian Collisions,Driver,25 to 29,,East,Going Ahead,Driving Properly,,,,,,,Yes,,Yes,,,,Yes,,,,,Kingsview Village-The Westway
2153,Major Arterial,Etobicoke York,Intersection,Traffic Signal,Clear,"Dark, artificial",Dry,Non-Fatal Injury,Pedestrian Collisions,Passenger,10 to 14,,,,,,,,,,,Yes,,Yes,,,,Yes,,,,,Kingsview Village-The Westway
2153,Major Arterial,Etobicoke York,Intersection,Traffic Signal,Clear,"Dark, artificial",Dry,Non-Fatal Injury,Pedestrian Collisions,Passenger,5 to 9,,,,,,,,,,,Yes,,Yes,,,,Yes,,,,,Kingsview Village-The Westway
2153,Major Arterial,Etobicoke York,Intersection,Traffic Signal,Clear,"Dark, artificial",Dry,Non-Fatal Injury,Pedestrian Collisions,Pedestrian,55 to 59,Major,East,,,Vehicle turns left while ped crosses with ROW at inter.,Crossing with right of way,Normal,,,,Yes,,Yes,,,,Yes,,,,,Kingsview Village-The Westway
850,Major Arterial,Toronto and East York,Intersection,Traffic Signal,Clear,Daylight,Dry,Non-Fatal Injury,Pedestrian Collisions,Driver,30 to 34,,West,Turning Left,Disobeyed Traffic Control,,,,,,,Yes,,Yes,,,,Yes,,Yes,Yes,,St Lawrence-East Bayfront-The Islands