TIME,ROAD_CLASS,DISTRICT,LOCCOORD,TRAFFCTL,VISIBILITY,LIGHT,RDSFCOND,ACCLASS,IMPACTYPE,INVTYPE,INVAGE,INJURY,INITDIR,MANOEUVER,DRIVACT,PEDTYPE,PEDACT,PEDCOND,CYCLISTYPE,CYCACT,CYCCOND,PEDESTRIAN,CYCLIST,AUTOMOBILE,MOTORCYCLE,TRUCK,TRSN_CITY_VEH,PASSENGER,SPEEDING,AG_DRIV,REDLIGHT,ALCOHOL,NEIGHBOURHOOD_158
1824,Minor Arterial,Toronto and East York,Intersection,Traffic Signal,Clear,Dark,Dry,Non-Fatal Injury,Pedestrian Collisions,Driver,25 to 29,,West,Turning Right,Failed to Yield Right of Way,,,,,,,Yes,,Yes,,,,,,Yes,,,Moss Park
1525,Minor Arterial,Scarborough,Mid-Block,No Control,Clear,Daylight,Dry,Non-Fatal Injury,Pedestrian Collisions,Driver,30 to 34,,North,Going Ahead,Driving Properly,,,,,,,Yes,,Yes,,,,,,Yes,,,Wexford/Maryvale
930,Major Arterial,Toronto and East York,Intersection,Traffic Signal,Clear,Daylight,Dry,Non-Fatal Injury,Turning Movement,Passenger,35 to 39,Major,,,,,,,,,,,,Yes,,,,Yes,,Yes,,,Church-Wellesley
2040,Minor Arterial,Toronto and East York,Mid-Block,No Control,Clear,"Dark, artificial",Dry,Non-Fatal Injury,Pedestrian Collisions,Driver,40 to 44,,East,Going Ahead,Driving Properly,,,,,,,Yes,,Yes,,,,,,,,,South Riverdale
230,Local,Etobicoke York,Intersection,Stop Sign,Clear,"Dark, artificial",Wet,Fatal,SMV Other,Passenger,55 to 59,Minor,,,,,,,,,,,,Yes,,,,Yes,,,,Yes,York University Heights
2040,Minor Arterial,Toronto and East York,Mid-Block,No Control,Clear,"Dark, artificial",Dry,Non-Fatal Injury,Pedestrian Collisions,Pedestrian,60 to 64,Major,South,,,Pedestrian hit at mid-block,"Crossing, no Traffic Control",Normal,,,,Yes,,Yes,,,,,,,,,South Riverdale
2024,Major Arterial,Scarborough,Intersection,Traffic Signal,Clear,Daylight,Dry,Non-Fatal Injury,Turning Movement,Driver,40 to 44,,North,Turning Left,Failed to Yield Right of Way,,,,,,,,,Yes,Yes,,,,,Yes,,,East L'Amoreaux
1344,Major Arterial,Scarborough,Intersection,Traffic Signal,Rain,Daylight,Wet,Non-Fatal Injury,Pedestrian Collisions,Driver - Not Hit,unknown,,,,,,,,,,,,,Yes,,,,,,,,,Wexford/Maryvale
30,Major Arterial,Toronto and East York,Mid-Block,No Control,Clear,Dark,Dry,Non-Fatal Injury,Cyclist Collisions,Driver,unknown,,West,Making U Turn,Improper Turn,,,,,,,,Yes,Yes,,,,,,,,,Trinity-Bellwoods
1313,Minor Arterial,Scarborough,Mid-Block,No Control,Clear,Daylight,Dry,Non-Fatal Injury,Turning Movement,Passenger,25 to 29,Minimal,,,,,,,,,,,,Yes,,,,Yes,,Yes,,,Agincourt South-Malvern West
1824,Minor Arterial,Toronto and East York,Intersection,Traffic Signal,Clear,Dark,Dry,Non-Fatal Injury,Pedestrian Collisions,Pedestrian,35 to 39,Major,East,,,Vehicle turns right while ped crosses with ROW at inter.,Crossing with right of way,Normal,,,,Yes,,Yes,,,,,,Yes,,,Moss Park
1525,Minor Arterial,Scarborough,Mid-Block,No Control,Clear,Daylight,Dry,Non-Fatal Injury,Pedestrian Collisions,Pedestrian,25 to 29,Major,East,,,Pedestrian hit at mid-block,Running onto Roadway,Inattentive,,,,Yes,,Yes,,,,,,Yes,,,Wexford/Maryvale
230,Local,Etobicoke York,Intersection,Stop Sign,Clear,"Dark, artificial",Wet,Fatal,SMV Other,Passenger,45 to 49,Fatal,,,,,,,,,,,,Yes,,,,Yes,,,,Yes,York University Heights
2024,Major Arterial,Scarborough,Intersection,Traffic Signal,Clear,Daylight,Dry,Non-Fatal Injury,Turning Movement,Motorcycle Driver,40 to 44,Major,South,Going Ahead,Driving Properly,,,,,,,,,Yes,Yes,,,,,Yes,,,East L'Amoreaux
2115,Minor Arterial,North York,Intersection,No Control,Clear,"Dark, artificial",Wet,Non-Fatal Injury,Angle,Driver,20 to 24,,West,Going Ahead,Other,,,,,,,,,Yes,,,,Yes,,,,,Yorkdale-Glen Park
30,Major Arterial,Toronto and East York,Mid-Block,No Control,Clear,Dark,Dry,Non-Fatal Injury,Cyclist Collisions,Cyclist,20 to 24,Major,East,Going Ahead,,,,,Motorist makes u-turn in-front of cyclist.,Driving Properly,Normal,,Yes,Yes,,,,,,,,,Trinity-Bellwoods
28,Major Arterial,Scarborough,Mid-Block,No Control,Clear,"Dark, artificial",Dry,Non-Fatal Injury,Pedestrian Collisions,Pedestrian,20 to 24,Major,East,,,Pedestrian hit at mid-block,"Crossing, no Traffic Control","Ability Impaired, Alcohol",,,,Yes,,Yes,,,,,,,,Yes,Bendale South
1344,Major Arterial,Scarborough,Intersection,Traffic Signal,Rain,Daylight,Wet,Non-Fatal Injury,Pedestrian Collisions,Driver,30 to 34,Major,West,Going Ahead,Driving Properly,,,,,,,,,Yes,,,,,,,,,Wexford/Maryvale
320,Major Arterial,Scarborough,Intersection,No Control,Clear,"Dark, artificial",Wet,Non-Fatal Injury,Approaching,Driver,30 to 34,Major,North,Going Ahead,Lost control,,,,,,,,,Yes,,,,,,,,,East L'Amoreaux
1822,Major Arterial,Etobicoke York,Intersection,Stop Sign,Clear,Daylight,Dry,Non-Fatal Injury,Turning Movement,Driver,40 to 44,,South,Turning Left,Improper Turn,,,,,,,,,Yes,Yes,,,Yes,,,,,New Toronto
2015,Major Arterial,Toronto and East York,Mid-Block,No Control,Freezing Rain,"Dark, artificial",Wet,Fatal,Pedestrian Collisions,Pedestrian,75 to 79,Fatal,North,,,Pedestrian hit at mid-block,"Crossing, no Traffic Control",Inattentive,,,,Yes,,Yes,,,,,,,,,Moss Park
2240,Major Arterial,Etobicoke York,Intersection,Traffic Signal,Clear,"Dark, artificial",Dry,Non-Fatal Injury,Pedestrian Collisions,Driver,60 to 64,,East,Going Ahead,Driving Properly,,,,,,,Yes,,Yes,,,,,,,,,Humber Bay Shores
820,Major Arterial,Scarborough,Mid-Block,No Control,Clear,Daylight,Dry,Non-Fatal Injury,Pedestrian Collisions,Driver,60 to 64,,West,Going Ahead,Driving Properly,,,,,,,Yes,,Yes,,,,Yes,,,,,Kennedy Park
2115,Minor Arterial,North York,Intersection,No Control,Clear,"Dark, artificial",Wet,Non-Fatal Injury,Angle,Driver,70 to 74,Minimal,South,Going Ahead,Driving Properly,,,,,,,,,Yes,,,,Yes,,,,,Yorkdale-Glen Park
28,Major Arterial,Scarborough,Mid-Block,No Control,Clear,"Dark, artificial",Dry,Non-Fatal Injury,Pedestrian Collisions,Driver,30 to 34,,North,Going Ahead,Driving Properly,,,,,,,Yes,,Yes,,,,,,,,Yes,Bendale South
2110,Major Arterial,Etobicoke York,Intersection,No Control,Rain,"Dark, artificial",Wet,Non-Fatal Injury,Pedestrian Collisions,Driver,unknown,,Unknown,Unknown,Other,,,,,,,Yes,,,,,,,,,,,Keelesdale-Eglinton West
1822,Major Arterial,Etobicoke York,Intersection,Stop Sign,Clear,Daylight,Dry,Non-Fatal Injury,Turning Movement,Motorcycle Driver,40 to 44,,West,Going Ahead,Driving Properly,,,,,,,,,Yes,Yes,,,Yes,,,,,New Toronto
2015,Major Arterial,Toronto and East York,Mid-Block,No Control,Freezing Rain,"Dark, artificial",Wet,Fatal,Pedestrian Collisions,Driver,60 to 64,,East,Going Ahead,Driving Properly,,,,,,,Yes,,Yes,,,,,,,,,Moss Park
37,Collector,Scarborough,Mid-Block,No Control,Rain,"Dark, artificial",Wet,Non-Fatal Injury,SMV Unattended Vehicle,Driver,50 to 54,,East,Going Ahead,Speed too Fast For Condition,,,,,,,,,Yes,,Yes,,Yes,Yes,Yes,,,Malvern West
2110,Major Arterial,Etobicoke York,Intersection,No Control,Rain,"Dark, artificial",Wet,Non-Fatal Injury,Pedestrian Collisions,Pedestrian,30 to 34,Major,Unknown,,,Pedestrian hit at mid-block,Other,Had Been Drinking,,,,Yes,,,,,,,,,,,Keelesdale-Eglinton West
2240,Major Arterial,Etobicoke York,Intersection,Traffic Signal,Clear,"Dark, artificial",Dry,Non-Fatal Injury,Pedestrian Collisions,Pedestrian,unknown,Major,South,,,Vehicle is going straight thru inter.while ped cross without ROW,Crossing without right of way,Had Been Drinking,,,,Yes,,Yes,,,,,,,,,Humber Bay Shores
2115,Minor Arterial,North York,Intersection,No Control,Clear,"Dark, artificial",Wet,Non-Fatal Injury,Angle,Passenger,65 to 69,Major,,,,,,,,,,,,Yes,,,,Yes,,,,,Yorkdale-Glen Park
820,Major Arterial,Scarborough,Mid-Block,No Control,Clear,Daylight,Dry,Non-Fatal Injury,Pedestrian Collisions,Passenger,30 to 34,,,,,,,,,,,Yes,,Yes,,,,Yes,,,,,Kennedy Park
320,Major Arterial,Scarborough,Intersection,No Control,Clear,"Dark, artificial",Wet,Non-Fatal Injury,Approaching,Driver,65 to 69,Minimal,South,Slowing or Stopping,Driving Properly,,,,,,,,,Yes,,,,,,,,,East L'Amoreaux
42,Major Arterial,Scarborough,Intersection,Traffic Signal,Freezing Rain,"Dark, artificial",Slush,Non-Fatal Injury,Angle,Driver,25 to 29,Minor,East,Going Ahead,Disobeyed Traffic Control,,,,,,,,,Yes,,,,,Yes,Yes,Yes,Yes,Centennial Scarborough
1822,Major Arterial,Etobicoke York,Intersection,Stop Sign,Clear,Daylight,Dry,Non-Fatal Injury,Turning Movement,Passenger,30 to 34,,,,,,,,,,,,,Yes,Yes,,,Yes,,,,,New Toronto
37,Collector,Scarborough,Mid-Block,No Control,Rain,"Dark, artificial",Wet,Non-Fatal Injury,SMV Unattended Vehicle,Other,unknown,,East,Parked,,,,,,,,,,Yes,,Yes,,Yes,Yes,Yes,,,Malvern West
2119,Major Arterial,Scarborough,Mid-Block,No Control,Snow,Dark,Wet,Non-Fatal Injury,Approaching,Driver,25 to 29,Minor,South,Going Ahead,Speed too Fast For Condition,,,,,,,,,Yes,,,,Yes,Yes,Yes,,,East L'Amoreaux
37,Collector,Scarborough,Mid-Block,No Control,Rain,"Dark, artificial",Wet,Non-Fatal Injury,SMV Unattended Vehicle,Passenger,45 to 49,Major,,,,,,,,,,,,Yes,,Yes,,Yes,Yes,Yes,,,Malvern West
27,Major Arterial,Toronto and East York,Intersection,No Control,Clear,"Dark, artificial",Dry,Non-Fatal Injury,Cyclist Collisions,Cyclist,25 to 29,Major,East,Going Ahead,,,,,Cyclist and Driver travelling in same direction. One vehicle sideswipes the other.,Other,Had Been Drinking,,Yes,Yes,,,,Yes,,,,,Moss Park
1033,Collector,Etobicoke York,Intersection,Pedestrian Crossover,Clear,Daylight,Dry,Fatal,Sideswipe,Driver,85 to 89,Fatal,West,Going Ahead,Lost control,,,,,,,,,Yes,,,,,Yes,Yes,,,New Toronto
2339,Major Arterial,Toronto and East York,Intersection,No Control,Clear,"Dark, artificial",Dry,Fatal,Pedestrian Collisions,Driver,25 to 29,,West,Going Ahead,Failed to Yield Right of Way,,,,,,,Yes,,Yes,,,,,,Yes,,,Greenwood-Coxwell
42,Major Arterial,Scarborough,Intersection,Traffic Signal,Freezing Rain,"Dark, artificial",Slush,Non-Fatal Injury,Angle,Driver,50 to 54,Major,South,Going Ahead,Driving Properly,,,,,,,,,Yes,,,,,Yes,Yes,Yes,Yes,Centennial Scarborough
1822,Major Arterial,Etobicoke York,Intersection,Stop Sign,Clear,Daylight,Dry,Non-Fatal Injury,Turning Movement,Passenger,25 to 29,,,,,,,,,,,,,Yes,Yes,,,Yes,,,,,New Toronto
2119,Major Arterial,Scarborough,Mid-Block,No Control,Snow,Dark,Wet,Non-Fatal Injury,Approaching,Driver,40 to 44,Minor,North,Going Ahead,Driving Properly,,,,,,,,,Yes,,,,Yes,Yes,Yes,,,East L'Amoreaux
27,Major Arterial,Toronto and East York,Intersection,No Control,Clear,"Dark, artificial",Dry,Non-Fatal Injury,Cyclist Collisions,Driver,20 to 24,,East,Going Ahead,Driving Properly,,,,,,,,Yes,Yes,,,,Yes,,,,,Moss Park
610,Major Arterial,North York,Mid-Block,No Control,Clear,"Dark, artificial",Dry,Non-Fatal Injury,SMV Other,Driver,35 to 39,Major,North,Going Ahead,Lost control,,,,,,,,,Yes,,,,,,,,,L'Amoreaux West
1033,Collector,Etobicoke York,Intersection,Pedestrian Crossover,Clear,Daylight,Dry,Fatal,Sideswipe,Driver,30 to 34,Minimal,West,Going Ahead,Driving Properly,,,,,,,,,Yes,,,,,Yes,Yes,,,New Toronto
820,Major Arterial,Scarborough,Mid-Block,No Control,Clear,Daylight,Dry,Non-Fatal Injury,Pedestrian Collisions,Pedestrian,75 to 79,Major,North,,,Pedestrian hit at mid-block,"Crossing, no Traffic Control",Normal,,,,Yes,,Yes,,,,Yes,,,,,Kennedy Park
2339,Major Arterial,Toronto and East York,Intersection,No Control,Clear,"Dark, artificial",Dry,Fatal,Pedestrian Collisions,Pedestrian,60 to 64,Fatal,South,,,Vehicle is going straight thru inter.while ped cross with ROW,"Crossing, no Traffic Control",Normal,,,,Yes,,Yes,,,,,,Yes,,,Greenwood-Coxwell
2119,Major Arterial,Scarborough,Mid-Block,No Control,Snow,Dark,Wet,Non-Fatal Injury,Approaching,Driver,45 to 49,Minor,North,Going Ahead,Driving Properly,,,,,,,,,Yes,,,,Yes,Yes,Yes,,,East L'Amoreaux
1414,Major Arterial,Etobicoke York,Intersection,Traffic Signal,Clear,Daylight,Dry,Fatal,Turning Movement,Driver,55 to 59,,South,Turning Left,Failed to Yield Right of Way,,,,,,,,,Yes,Yes,,,,,Yes,,,Oakdale-Beverley Heights
2049,Major Arterial,Toronto and East York,Intersection,Traffic Signal,Rain,"Dusk, artificial",Wet,Non-Fatal Injury,Pedestrian Collisions,Driver,60 to 64,,East,Turning Left,Failed to Yield Right of Way,,,,,,,Yes,,Yes,,,,,,Yes,,,Yonge-Bay Corridor
1822,Major Arterial,Etobicoke York,Intersection,Stop Sign,Clear,Daylight,Dry,Non-Fatal Injury,Turning Movement,Motorcycle Passenger,unknown,Major,,,,,,,,,,,,Yes,Yes,,,Yes,,,,,New Toronto
1616,Major Arterial,Etobicoke York,Intersection,Traffic Signal,Clear,Daylight,Dry,Non-Fatal Injury,Pedestrian Collisions,Driver,40 to 44,,West,Turning Left,Failed to Yield Right of Way,,,,,,,Yes,,Yes,,,,,,Yes,,,Glenfield-Jane Heights
1904,Major Arterial,North York,Intersection,Traffic Signal,Clear,"Dark, artificial",Dry,Non-Fatal Injury,Pedestrian Collisions,Driver,70 to 74,,South,Turning Right,Failed to Yield Right of Way,,,,,,,Yes,,Yes,,,,,,Yes,,,Mount Pleasant East
1937,Minor Arterial,Toronto and East York,Intersection,Stop Sign,Clear,"Dusk, artificial",Wet,Non-Fatal Injury,Rear End,Motorcycle Driver,25 to 29,Major,South,Going Ahead,Following too Close,,,,,,,,,Yes,Yes,,,,,Yes,,,Harbourfront-CityPlace
1414,Major Arterial,Etobicoke York,Intersection,Traffic Signal,Clear,Daylight,Dry,Fatal,Turning Movement,Motorcycle Driver,30 to 34,Fatal,North,Going Ahead,Driving Properly,,,,,,,,,Yes,Yes,,,,,Yes,,,Oakdale-Beverley Heights
2049,Major Arterial,Toronto and East York,Intersection,Traffic Signal,Rain,"Dusk, artificial",Wet,Non-Fatal Injury,Pedestrian Collisions,Pedestrian,25 to 29,Major,East,,,Vehicle turns left while ped crosses with ROW at inter.,Crossing with right of way,Normal,,,,Yes,,Yes,,,,,,Yes,,,Yonge-Bay Corridor
2119,Major Arterial,Scarborough,Mid-Block,No Control,Snow,Dark,Wet,Non-Fatal Injury,Approaching,Passenger,25 to 29,Minor,,,,,,,,,,,,Yes,,,,Yes,Yes,Yes,,,East L'Amoreaux
1616,Major Arterial,Etobicoke York,Intersection,Traffic Signal,Clear,Daylight,Dry,Non-Fatal Injury,Pedestrian Collisions,Pedestrian,55 to 59,Major,East,,,Vehicle turns left while ped crosses with ROW at inter.,Crossing with right of way,Normal,,,,Yes,,Yes,,,,,,Yes,,,Glenfield-Jane Heights
1530,Major Arterial,North York,Intersection,Traffic Signal,Clear,Daylight,Dry,Non-Fatal Injury,Pedestrian Collisions,Pedestrian,75 to 79,Major,Unknown,,,Vehicle turns right while ped crosses with ROW at inter.,Crossing with right of way,Normal,,,,Yes,,,,,,,,,,,Willowdale West
1904,Major Arterial,North York,Intersection,Traffic Signal,Clear,"Dark, artificial",Dry,Non-Fatal Injury,Pedestrian Collisions,Pedestrian,50 to 54,Major,Unknown,,,Vehicle turns right while ped crosses with ROW at inter.,Other,Normal,,,,Yes,,Yes,,,,,,Yes,,,Mount Pleasant East
1937,Minor Arterial,Toronto and East York,Intersection,Stop Sign,Clear,"Dusk, artificial",Wet,Non-Fatal Injury,Rear End,Driver,55 to 59,,South,Slowing or Stopping,Driving Properly,,,,,,,,,Yes,Yes,,,,,Yes,,,Harbourfront-CityPlace
233,Collector,Etobicoke York,Mid-Block,No Control,Clear,"Dark, artificial",Dry,Non-Fatal Injury,SMV Other,Driver,30 to 34,Major,North,Going Ahead,Lost control,,,,,,,,,Yes,,,,Yes,Yes,Yes,,,Willowridge-Martingrove-Richview
400,Major Arterial,Etobicoke York,Mid-Block,No Control,Clear,"Dark, artificial",Dry,Non-Fatal Injury,Pedestrian Collisions,Driver,35 to 39,,East,Reversing,Other,,,,,,,Yes,,Yes,,,,,,,,,West Humber-Clairville
1435,Major Arterial,Scarborough,Intersection,Traffic Signal,Clear,Daylight,Dry,Fatal,Turning Movement,Passenger,65 to 69,Fatal,,,,,,,,,,,,Yes,,,,Yes,,Yes,Yes,,Kennedy Park
1915,Major Arterial,Scarborough,Mid-Block,No Control,Clear,"Dark, artificial",Dry,Fatal,Pedestrian Collisions,Driver,40 to 44,,South,Going Ahead,Driving Properly,,,,,,,Yes,,Yes,,,,Yes,,Yes,,,Dorset Park
2153,Major Arterial,Etobicoke York,Intersection,Traffic Signal,Clear,"Dark, artificial",Dry,Non-Fatal Injury,Turning Movement,Driver,25 to 29,,South,Going Ahead,Disobeyed Traffic Control,,,,,,,,,Yes,,,,Yes,,Yes,Yes,,Kingsview Village-The Westway
233,Collector,Etobicoke York,Mid-Block,No Control,Clear,"Dark, artificial",Dry,Non-Fatal Injury,SMV Other,Passenger,35 to 39,Major,,,,,,,,,,,,Yes,,,,Yes,Yes,Yes,,,Willowridge-Martingrove-Richview
400,Major Arterial,Etobicoke York,Mid-Block,No Control,Clear,"Dark, artificial",Dry,Non-Fatal Injury,Pedestrian Collisions,Pedestrian,35 to 39,Major,Unknown,,,Vehicle is reversing and hits pedestrian,Other,Had Been Drinking,,,,Yes,,Yes,,,,,,,,,West Humber-Clairville
1733,Local,Toronto and East York,Mid-Block,No Control,Clear,"Dark, artificial",Dry,Non-Fatal Injury,Pedestrian Collisions,Driver,unknown,,Unknown,Unknown,Other,,,,,,,Yes,,Yes,,,,,,,,,Oakwood Village
2119,Major Arterial,Scarborough,Mid-Block,No Control,Snow,Dark,Wet,Non-Fatal Injury,Approaching,Passenger,0 to 4,Major,,,,,,,,,,,,Yes,,,,Yes,Yes,Yes,,,East L'Amoreaux
27,Major Arterial,Toronto and East York,Intersection,No Control,Clear,"Dark, artificial",Dry,Non-Fatal Injury,Cyclist Collisions,Passenger,20 to 24,,,,,,,,,,,,Yes,Yes,,,,Yes,,,,,Moss Park
1435,Major Arterial,Scarborough,Intersection,Traffic Signal,Clear,Daylight,Dry,Fatal,Turning Movement,Driver,50 to 54,Minor,East,Turning Left,Driving Properly,,,,,,,,,Yes,,,,Yes,,Yes,Yes,,Kennedy Park
1915,Major Arterial,Scarborough,Mid-Block,No Control,Clear,"Dark, artificial",Dry,Fatal,Pedestrian Collisions,Passenger,40 to 44,,,,,,,,,,,Yes,,Yes,,,,Yes,,Yes,,,Dorset Park
500,Minor Arterial,Toronto and East York,Mid-Block,No Control,Clear,"Dawn, artificial",Dry,Non-Fatal Injury,SMV Other,Driver,25 to 29,Major,North,Going Ahead,Lost control,,,,,,,,,Yes,,,,,,,,,Junction Area
600,Local,Etobicoke York,Mid-Block,No Control,Clear,Daylight,Dry,Non-Fatal Injury,Pedestrian Collisions,Pedestrian,80 to 84,Major,East,,,Vehicle is reversing and hits pedestrian,Other,Normal,,,,Yes,,Yes,,,,,,,,,Long Branch
1733,Local,Toronto and East York,Mid-Block,No Control,Clear,"Dark, artificial",Dry,Non-Fatal Injury,Pedestrian Collisions,Pedestrian,15 to 19,Major,Unknown,,,Unknown,Other,Other,,,,Yes,,Yes,,,,,,,,,Oakwood Village
603,Major Arterial,Scarborough,Intersection,Traffic Signal,Snow,Dark,Wet,Fatal,Pedestrian Collisions,Driver,25 to 29,,North,Going Ahead,Disobeyed Traffic Control,,,,,,,Yes,,Yes,,,,,Yes,Yes,Yes,,Agincourt North
27,Major Arterial,Toronto and East York,Intersection,No Control,Clear,"Dark, artificial",Dry,Non-Fatal Injury,Cyclist Collisions,Passenger,25 to 29,,,,,,,,,,,,Yes,Yes,,,,Yes,,,,,Moss Park
1435,Major Arterial,Scarborough,Intersection,Traffic Signal,Clear,Daylight,Dry,Fatal,Turning Movement,Driver,55 to 59,,South,Going Ahead,Disobeyed Traffic Control,,,,,,,,,Yes,,,,Yes,,Yes,Yes,,Kennedy Park
1915,Major Arterial,Scarborough,Mid-Block,No Control,Clear,"Dark, artificial",Dry,Fatal,Pedestrian Collisions,Passenger,5 to 9,,,,,,,,,,,Yes,,Yes,,,,Yes,,Yes,,,Dorset Park
954,Local,North York,Intersection,Stop Sign,Clear,Daylight,Wet,Fatal,Pedestrian Collisions,Driver,45 to 49,Minimal,East,Going Ahead,Lost control,,,,,,,Yes,,Yes,,,,,,Yes,,,Newtonbrook East
603,Major Arterial,Scarborough,Intersection,Traffic Signal,Snow,Dark,Wet,Fatal,Pedestrian Collisions,Pedestrian,25 to 29,Fatal,Unknown,,,Vehicle is going straight thru inter.while ped cross with ROW,Crossing with right of way,Normal,,,,Yes,,Yes,,,,,Yes,Yes,Yes,,Agincourt North
1435,Major Arterial,Scarborough,Intersection,Traffic Signal,Clear,Daylight,Dry,Fatal,Turning Movement,Passenger,50 to 54,Minor,,,,,,,,,,,,Yes,,,,Yes,,Yes,Yes,,Kennedy Park
600,Local,Etobicoke York,Mid-Block,No Control,Clear,Daylight,Dry,Non-Fatal Injury,Pedestrian Collisions,Driver,20 to 24,,North,Reversing,Other,,,,,,,Yes,,Yes,,,,,,,,,Long Branch
27,Major Arterial,Toronto and East York,Intersection,No Control,Clear,"Dark, artificial",Dry,Non-Fatal Injury,Cyclist Collisions,Passenger,20 to 24,Major,,,,,,,,,,,Yes,Yes,,,,Yes,,,,,Moss Park
2153,Major Arterial,Etobicoke York,Intersection,Traffic Signal,Clear,"Dark, artificial",Dry,Non-Fatal Injury,Turning Movement,Driver,50 to 54,Major,East,Turning Left,Driving Properly,,,,,,,,,Yes,,,,Yes,,Yes,Yes,,Kingsview Village-The Westway
2305,Major Arterial,North York,Mid-Block,No Control,Clear,"Dark, artificial",Dry,Non-Fatal Injury,Pedestrian Collisions,Driver,30 to 34,Minor,North,Going Ahead,Driving Properly,,,,,,,Yes,,Yes,,,,,,,,,Bathurst Manor
1915,Major Arterial,Scarborough,Mid-Block,No Control,Clear,"Dark, artificial",Dry,Fatal,Pedestrian Collisions,Passenger,5 to 9,,,,,,,,,,,Yes,,Yes,,,,Yes,,Yes,,,Dorset Park
954,Local,North York,Intersection,Stop Sign,Clear,Daylight,Wet,Fatal,Pedestrian Collisions,Pedestrian,80 to 84,Fatal,West,,,Pedestrian hit on sidewalk or shoulder,On Sidewalk or Shoulder,Normal,,,,Yes,,Yes,,,,,,Yes,,,Newtonbrook East
1435,Major Arterial,Scarborough,Intersection,Traffic Signal,Clear,Daylight,Dry,Fatal,Turning Movement,Passenger,50 to 54,Minimal,,,,,,,,,,,,Yes,,,,Yes,,Yes,Yes,,Kennedy Park
934,Major Arterial,North York,Intersection,No Control,Clear,Daylight,Dry,Fatal,Pedestrian Collisions,Driver,90 to 94,Major,West,Turning Left,Failed to Yield Right of Way,,,,,,,Yes,,Yes,,,,,,Yes,,,Yonge-Eglinton
2305,Major Arterial,North York,Mid-Block,No Control,Clear,"Dark, artificial",Dry,Non-Fatal Injury,Pedestrian Collisions,Pedestrian,50 to 54,Major,East,Going Ahead,,Pedestrian hit at mid-block,"Crossing, no Traffic Control",Inattentive,,,,Yes,,Yes,,,,,,,,,Bathurst Manor
845,Minor Arterial,Toronto and East York,Mid-Block,No Control,Clear,Daylight,Dry,Non-Fatal Injury,Cyclist Collisions,Driver,30 to 34,,North,Turning Left,Failed to Yield Right of Way,,,,,,,,Yes,Yes,,,,Yes,,Yes,,,Wychwood
1915,Major Arterial,Scarborough,Mid-Block,No Control,Clear,"Dark, artificial",Dry,Fatal,Pedestrian Collisions,Pedestrian,35 to 39,Fatal,Unknown,,,Pedestrian hit at mid-block,Crossing without right of way,Had Been Drinking,,,,Yes,,Yes,,,,Yes,,Yes,,,Dorset Park
934,Major Arterial,North York,Intersection,No Control,Clear,Daylight,Dry,Fatal,Pedestrian Collisions,Pedestrian,85 to 89,Fatal,West,,,Vehicle turns left while ped crosses with ROW at inter.,Crossing with right of way,Normal,,,,Yes,,Yes,,,,,,Yes,,,Yonge-Eglinton
1018,Major Arterial,Etobicoke York,Mid-Block,No Control,Clear,Daylight,Dry,Fatal,Pedestrian Collisions,Driver,75 to 79,,West,Going Ahead,Driving Properly,,,,,,,Yes,,Yes,,,,Yes,,,,,York University Heights
2305,Major Arterial,North York,Mid-Block,No Control,Clear,"Dark, artificial",Dry,Non-Fatal Injury,Pedestrian Collisions,Pedestrian,55 to 59,Major,East,Going Ahead,,Pedestrian hit at mid-block,"Crossing, no Traffic Control",Inattentive,,,,Yes,,Yes,,,,,,,,,Bathurst Manor
910,Major Arterial,Toronto and East York,Intersection,Traffic Signal,Clear,Daylight,Dry,Non-Fatal Injury,Cyclist Collisions,Cyclist,50 to 54,Major,East,Going Ahead,,,,,"Cyclist without ROW rides into path of motorist at inter, lnwy, dwy-Cyclist not turn.",Disobeyed Traffic Control,Inattentive,,Yes,Yes,,,,,,,,,Yonge-Eglinton
845,Minor Arterial,Toronto and East York,Mid-Block,No Control,Clear,Daylight,Dry,Non-Fatal Injury,Cyclist Collisions,Cyclist,20 to 24,Major,South,Going Ahead,,,,,Motorist turned left across cyclists path.,Driving Properly,Normal,,Yes,Yes,,,,Yes,,Yes,,,Wychwood
1520,Collector,North York,Intersection,Stop Sign,Clear,Daylight,Dry,Non-Fatal Injury,Angle,Driver,50 to 54,,East,Going Ahead,Disobeyed Traffic Control,,,,,,,,,Yes,,,,Yes,,Yes,,,Fenside-Parkwoods
2226,Major Arterial,Toronto and East York,Mid-Block,No Control,Clear,"Dark, artificial",Dry,Non-Fatal Injury,Pedestrian Collisions,Driver,50 to 54,,West,Going Ahead,Driving Properly,,,,,,,Yes,,Yes,,,,,,,,,High Park-Swansea
1520,Collector,North York,Intersection,Stop Sign,Clear,Daylight,Dry,Non-Fatal Injury,Angle,Driver,35 to 39,,South,Going Ahead,Driving Properly,,,,,,,,,Yes,,,,Yes,,Yes,,,Fenside-Parkwoods
1018,Major Arterial,Etobicoke York,Mid-Block,No Control,Clear,Daylight,Dry,Fatal,Pedestrian Collisions,Pedestrian,70 to 74,Fatal,South,,,Vehicle is going straight thru inter.while ped cross without ROW,Running onto Roadway,Inattentive,,,,Yes,,Yes,,,,Yes,,,,,York University Heights