TIME,ROAD_CLASS,DISTRICT,LOCCOORD,TRAFFCTL,VISIBILITY,LIGHT,RDSFCOND,ACCLASS,IMPACTYPE,INVTYPE,INVAGE,INJURY,INITDIR,MANOEUVER,DRIVACT,PEDTYPE,PEDACT,PEDCOND,CYCLISTYPE,CYCACT,CYCCOND,PEDESTRIAN,CYCLIST,AUTOMOBILE,MOTORCYCLE,TRUCK,TRSN_CITY_VEH,PASSENGER,SPEEDING,AG_DRIV,REDLIGHT,ALCOHOL,NEIGHBOURHOOD_158
1955,Major Arterial,Etobicoke York,Mid-Block,Pedestrian Crossover,Clear,Dark,Dry,Non-Fatal Injury,Pedestrian Collisions,Driver,20 to 24,,North,Going Ahead,Driving Properly,,,,,,,Yes,,Yes,,,,Yes,,,,,Alderwood
1833,Collector,North York,Intersection,Stop Sign,Clear,"Dark, artificial",Dry,Non-Fatal Injury,Pedestrian Collisions,Driver,45 to 49,,West,Turning Left,Failed to Yield Right of Way,,,,,,,Yes,,Yes,,,,,,Yes,,,Lansing-Westgate
1815,Major Arterial,Scarborough,Intersection,Traffic Signal,Clear,Daylight,Dry,Non-Fatal Injury,Pedestrian Collisions,Pedestrian,10 to 14,Major,South,,,Vehicle is going straight thru inter.while ped cross without ROW,Crossing without right of way,Normal,,,,Yes,,Yes,,,,Yes,,,,,Oakridge
1618,Major Arterial,Scarborough,Intersection,No Control,Clear,Dark,Dry,Non-Fatal Injury,Pedestrian Collisions,Driver,55 to 59,,West,Going Ahead,Driving Properly,,,,,,,Yes,,Yes,,,,,,,,,Morningside Heights
2146,Minor Arterial,Toronto and East York,Mid-Block,No Control,Clear,"Dark, artificial",Dry,Non-Fatal Injury,Pedestrian Collisions,Driver,35 to 39,Minor,South,Going Ahead,Lost control,,,,,,,Yes,,Yes,,,,,Yes,Yes,,,Trinity-Bellwoods
2206,Major Arterial,Etobicoke York,Intersection,Traffic Signal,Clear,"Dark, artificial",Dry,Non-Fatal Injury,Turning Movement,Passenger,25 to 29,Major,,,,,,,,,,,,Yes,,,,Yes,Yes,Yes,,,Stonegate-Queensway
1350,Major Arterial,Etobicoke York,Mid-Block,No Control,Clear,Daylight,Dry,Fatal,Rear End,Passenger,15 to 19,Minor,,,,,,,,,,,,Yes,,Yes,,Yes,Yes,Yes,,,West Humber-Clairville
1955,Major Arterial,Etobicoke York,Mid-Block,Pedestrian Crossover,Clear,Dark,Dry,Non-Fatal Injury,Pedestrian Collisions,Pedestrian,10 to 14,Major,East,,,Pedestrian hit a PXO/ped. Mid-block signal,Running onto Roadway,Inattentive,,,,Yes,,Yes,,,,Yes,,,,,Alderwood
1833,Collector,North York,Intersection,Stop Sign,Clear,"Dark, artificial",Dry,Non-Fatal Injury,Pedestrian Collisions,Pedestrian,55 to 59,Major,East,,,Vehicle turns left while ped crosses with ROW at inter.,Crossing with right of way,Normal,,,,Yes,,Yes,,,,,,Yes,,,Lansing-Westgate
37,Major Arterial,Scarborough,Mid-Block,No Control,Clear,"Dark, artificial",Dry,Fatal,Pedestrian Collisions,Pedestrian,70 to 74,Fatal,South,,,Pedestrian hit at mid-block,"Crossing, no Traffic Control",Had Been Drinking,,,,Yes,,Yes,,,,,,,,,Bendale South
1821,Major Arterial,Scarborough,Intersection,No Control,Clear,Daylight,Dry,Non-Fatal Injury,Pedestrian Collisions,Driver,45 to 49,,West,Turning Right,Driving Properly,,,,,,,Yes,,Yes,,,,,,,,,Golfdale-Cedarbrae-Woburn
2146,Minor Arterial,Toronto and East York,Mid-Block,No Control,Clear,"Dark, artificial",Dry,Non-Fatal Injury,Pedestrian Collisions,Pedestrian,45 to 49,Major,Unknown,,,Pedestrian hit at mid-block,Other,Normal,,,,Yes,,Yes,,,,,Yes,Yes,,,Trinity-Bellwoods
1618,Major Arterial,Scarborough,Intersection,No Control,Clear,Dark,Dry,Non-Fatal Injury,Pedestrian Collisions,Pedestrian,30 to 34,Major,North,,,Vehicle is going straight thru inter.while ped cross without ROW,Crossing without right of way,Normal,,,,Yes,,Yes,,,,,,,,,Morningside Heights
1350,Major Arterial,Etobicoke York,Mid-Block,No Control,Clear,Daylight,Dry,Fatal,Rear End,Driver,20 to 24,Minor,North,Going Ahead,Exceeding Speed Limit,,,,,,,,,Yes,,Yes,,Yes,Yes,Yes,,,West Humber-Clairville
2107,Major Arterial,Etobicoke York,Intersection,Traffic Signal,Rain,Dark,Wet,Non-Fatal Injury,Pedestrian Collisions,Truck Driver,55 to 59,,East,Turning Left,Failed to Yield Right of Way,,,,,,,Yes,,,,Yes,,,,Yes,,,Etobicoke City Centre
1930,Major Arterial,North York,Mid-Block,No Control,Snow,Dark,Ice,Non-Fatal Injury,Approaching,Driver,25 to 29,,East,Going Ahead,Speed too Fast For Condition,,,,,,,,,Yes,,,,Yes,Yes,Yes,,,Pleasant View
912,Major Arterial,North York,Intersection,Traffic Signal,Freezing Rain,Daylight,Wet,Non-Fatal Injury,Pedestrian Collisions,Driver,unknown,,East,Turning Right,Failed to Yield Right of Way,,,,,,,Yes,,Yes,,,,,,Yes,,,Don Valley Village
1821,Major Arterial,Scarborough,Intersection,No Control,Clear,Daylight,Dry,Non-Fatal Injury,Pedestrian Collisions,Pedestrian,60 to 64,Major,Unknown,,,Pedestrian hit at mid-block,"Crossing, no Traffic Control",Inattentive,,,,Yes,,Yes,,,,,,,,,Golfdale-Cedarbrae-Woburn
2107,Major Arterial,Etobicoke York,Intersection,Traffic Signal,Rain,Dark,Wet,Non-Fatal Injury,Pedestrian Collisions,Pedestrian,15 to 19,Major,East,,,Vehicle turns left while ped crosses with ROW at inter.,Crossing with right of way,Normal,,,,Yes,,,,Yes,,,,Yes,,,Etobicoke City Centre
545,Major Arterial,Etobicoke York,Intersection,Traffic Signal,Snow,"Dark, artificial",Loose Snow,Non-Fatal Injury,Turning Movement,Driver,65 to 69,,South,Turning Left,Disobeyed Traffic Control,,,,,,,,,Yes,,,,Yes,,Yes,Yes,,Beechborough-Greenbrook
1955,Major Arterial,Etobicoke York,Mid-Block,Pedestrian Crossover,Clear,Dark,Dry,Non-Fatal Injury,Pedestrian Collisions,Passenger,20 to 24,,,,,,,,,,,Yes,,Yes,,,,Yes,,,,,Alderwood
1350,Major Arterial,Etobicoke York,Mid-Block,No Control,Clear,Daylight,Dry,Fatal,Rear End,Driver,55 to 59,Minor,North,Going Ahead,Driving Properly,,,,,,,,,Yes,,Yes,,Yes,Yes,Yes,,,West Humber-Clairville
1930,Major Arterial,North York,Mid-Block,No Control,Snow,Dark,Ice,Non-Fatal Injury,Approaching,Driver,40 to 44,Minor,West,Going Ahead,Driving Properly,,,,,,,,,Yes,,,,Yes,Yes,Yes,,,Pleasant View
912,Major Arterial,North York,Intersection,Traffic Signal,Freezing Rain,Daylight,Wet,Non-Fatal Injury,Pedestrian Collisions,Pedestrian,55 to 59,Major,West,,,Vehicle turns right while ped crosses with ROW at inter.,Crossing with right of way,Normal,,,,Yes,,Yes,,,,,,Yes,,,Don Valley Village
37,Major Arterial,Scarborough,Mid-Block,No Control,Clear,"Dark, artificial",Dry,Fatal,Pedestrian Collisions,Driver,65 to 69,Minor,East,Going Ahead,Driving Properly,,,,,,,Yes,,Yes,,,,,,,,,Bendale South
2111,Major Arterial,North York,Intersection,No Control,Clear,"Dusk, artificial",Dry,Non-Fatal Injury,Turning Movement,Driver,75 to 79,,West,Turning Left,Failed to Yield Right of Way,,,,,,,,,Yes,,,,Yes,,Yes,,,Bayview Woods-Steeles
1419,Major Arterial,North York,Intersection,Traffic Signal,Clear,Daylight,Dry,Fatal,Pedestrian Collisions,Driver,45 to 49,,East,Turning Left,Failed to Yield Right of Way,,,,,,,Yes,,Yes,,,,,,Yes,,,Englemount-Lawrence
1231,Major Arterial,Toronto and East York,Intersection,Traffic Controller,Clear,Daylight,Dry,Non-Fatal Injury,Rear End,Motorcycle Driver,50 to 54,Major,North,Going Ahead,Following too Close,,,,,,,,,Yes,Yes,,,,,Yes,,,Downtown Yonge East
545,Major Arterial,Etobicoke York,Intersection,Traffic Signal,Snow,"Dark, artificial",Loose Snow,Non-Fatal Injury,Turning Movement,Driver,40 to 44,Major,North,Going Ahead,Driving Properly,,,,,,,,,Yes,,,,Yes,,Yes,Yes,,Beechborough-Greenbrook
1955,Major Arterial,Toronto and East York,Mid-Block,No Control,Clear,"Dark, artificial",Dry,Non-Fatal Injury,Rear End,Driver,20 to 24,Minor,North,Going Ahead,Exceeding Speed Limit,,,,,,,,,Yes,,,,,Yes,Yes,,,O'Connor-Parkview
1350,Major Arterial,Etobicoke York,Mid-Block,No Control,Clear,Daylight,Dry,Fatal,Rear End,Truck Driver,25 to 29,,South,Going Ahead,Driving Properly,,,,,,,,,Yes,,Yes,,Yes,Yes,Yes,,,West Humber-Clairville
2111,Major Arterial,North York,Intersection,No Control,Clear,"Dusk, artificial",Dry,Non-Fatal Injury,Turning Movement,Driver,60 to 64,Minimal,East,Going Ahead,Driving Properly,,,,,,,,,Yes,,,,Yes,,Yes,,,Bayview Woods-Steeles
1625,Local,Etobicoke York,Mid-Block,No Control,Clear,Daylight,Dry,Non-Fatal Injury,Pedestrian Collisions,Driver,75 to 79,,North,Going Ahead,Improper Passing,,,,,,,Yes,,Yes,,,,,,Yes,,,Humber Summit
545,Major Arterial,Etobicoke York,Intersection,Traffic Signal,Snow,"Dark, artificial",Loose Snow,Non-Fatal Injury,Turning Movement,Passenger,60 to 64,Minor,,,,,,,,,,,,Yes,,,,Yes,,Yes,Yes,,Beechborough-Greenbrook
1930,Major Arterial,North York,Mid-Block,No Control,Snow,Dark,Ice,Non-Fatal Injury,Approaching,Passenger,50 to 54,Major,,,,,,,,,,,,Yes,,,,Yes,Yes,Yes,,,Pleasant View
1231,Major Arterial,Toronto and East York,Intersection,Traffic Controller,Clear,Daylight,Dry,Non-Fatal Injury,Rear End,Driver,40 to 44,,North,Slowing or Stopping,Driving Properly,,,,,,,,,Yes,Yes,,,,,Yes,,,Downtown Yonge East
2111,Major Arterial,North York,Intersection,No Control,Clear,"Dusk, artificial",Dry,Non-Fatal Injury,Turning Movement,Passenger,55 to 59,Major,,,,,,,,,,,,Yes,,,,Yes,,Yes,,,Bayview Woods-Steeles
1625,Local,Etobicoke York,Mid-Block,No Control,Clear,Daylight,Dry,Non-Fatal Injury,Pedestrian Collisions,Pedestrian,35 to 39,Major,East,,,Pedestrian hit at mid-block,Other,Normal,,,,Yes,,Yes,,,,,,Yes,,,Humber Summit
1955,Major Arterial,Toronto and East York,Mid-Block,No Control,Clear,"Dark, artificial",Dry,Non-Fatal Injury,Rear End,Driver,55 to 59,Major,North,Stopped,Driving Properly,,,,,,,,,Yes,,,,,Yes,Yes,,,O'Connor-Parkview
2117,Major Arterial,Scarborough,Intersection,Traffic Signal,Strong wind,Dark,Slush,Non-Fatal Injury,Pedestrian Collisions,Driver,65 to 69,,North,Going Ahead,Driving Properly,,,,,,,Yes,,Yes,,,,,,,,,Steeles
1930,Major Arterial,North York,Mid-Block,No Control,Snow,Dark,Ice,Non-Fatal Injury,Approaching,Passenger,65 to 69,Minor,,,,,,,,,,,,Yes,,,,Yes,Yes,Yes,,,Pleasant View
1644,Major Arterial,North York,Mid-Block,No Control,Clear,Daylight,Dry,Non-Fatal Injury,Pedestrian Collisions,Driver,40 to 44,,West,Going Ahead,Driving Properly,,,,,,,Yes,,Yes,,,,,,,,,East Willowdale
2240,Major Arterial,North York,Intersection,Traffic Signal,Rain,"Dark, artificial",Wet,Non-Fatal Injury,Turning Movement,Driver,20 to 24,,West,Going Ahead,Exceeding Speed Limit,,,,,,,,,Yes,,,,Yes,Yes,Yes,,,Victoria Village
1534,Major Arterial,North York,Mid-Block,No Control,Clear,Daylight,Dry,Non-Fatal Injury,SMV Other,Motorcycle Driver,15 to 19,Major,South,Going Ahead,Lost control,,,,,,,,,,Yes,,,,,,,,Don Valley Village
2117,Major Arterial,Scarborough,Intersection,Traffic Signal,Strong wind,Dark,Slush,Non-Fatal Injury,Pedestrian Collisions,Pedestrian,45 to 49,Major,East,,,Vehicle is going straight thru inter.while ped cross without ROW,Crossing without right of way,Normal,,,,Yes,,Yes,,,,,,,,,Steeles
1930,Major Arterial,North York,Mid-Block,No Control,Snow,Dark,Ice,Non-Fatal Injury,Approaching,Passenger,70 to 74,Minor,,,,,,,,,,,,Yes,,,,Yes,Yes,Yes,,,Pleasant View
1644,Major Arterial,North York,Mid-Block,No Control,Clear,Daylight,Dry,Non-Fatal Injury,Pedestrian Collisions,Pedestrian,20 to 24,Major,North,,,Pedestrian hit at mid-block,Running onto Roadway,Normal,,,,Yes,,Yes,,,,,,,,,East Willowdale
1350,Major Arterial,Etobicoke York,Mid-Block,No Control,Clear,Daylight,Dry,Fatal,Rear End,Driver,70 to 74,Fatal,North,Going Ahead,Driving Properly,,,,,,,,,Yes,,Yes,,Yes,Yes,Yes,,,West Humber-Clairville
1419,Major Arterial,North York,Intersection,Traffic Signal,Clear,Daylight,Dry,Fatal,Pedestrian Collisions,Pedestrian,90 to 94,Fatal,North,,,Vehicle turns left while ped crosses without ROW at inter.,Crossing without right of way,Inattentive,,,,Yes,,Yes,,,,,,Yes,,,Englemount-Lawrence
1721,Major Arterial,Toronto and East York,Intersection,Pedestrian Crossover,Clear,Daylight,Dry,Non-Fatal Injury,Pedestrian Collisions,Driver,35 to 39,,South,Going Ahead,Failed to Yield Right of Way,,,,,,,Yes,,Yes,,,,,,Yes,,,Runnymede-Bloor West Village
2240,Major Arterial,North York,Intersection,Traffic Signal,Rain,"Dark, artificial",Wet,Non-Fatal Injury,Turning Movement,Driver,25 to 29,Minor,East,Turning Left,Driving Properly,,,,,,,,,Yes,,,,Yes,Yes,Yes,,,Victoria Village
1320,Major Arterial,North York,Intersection,Traffic Signal,Clear,Daylight,Dry,Non-Fatal Injury,Turning Movement,Driver,75 to 79,Major,West,Turning Left,Failed to Yield Right of Way,,,,,,,,,Yes,,,,Yes,,Yes,,,Victoria Village
303,Minor Arterial,Scarborough,Mid-Block,No Control,Clear,"Dark, artificial",Dry,Fatal,Pedestrian Collisions,Pedestrian,20 to 24,Fatal,North,,,Pedestrian hit at mid-block,Running onto Roadway,Other,,,,Yes,,Yes,,,,,,,,,Clairlea-Birchmount
1930,Major Arterial,North York,Mid-Block,No Control,Snow,Dark,Ice,Non-Fatal Injury,Approaching,Passenger,35 to 39,Minor,,,,,,,,,,,,Yes,,,,Yes,Yes,Yes,,,Pleasant View
13,Major Arterial,Etobicoke York,Intersection,Traffic Signal,Clear,"Dark, artificial",Dry,Non-Fatal Injury,Rear End,Truck Driver,55 to 59,Major,North,Going Ahead,Speed too Fast For Condition,,,,,,,,,Yes,,Yes,,,Yes,Yes,,,West Humber-Clairville
1721,Major Arterial,Toronto and East York,Intersection,Pedestrian Crossover,Clear,Daylight,Dry,Non-Fatal Injury,Pedestrian Collisions,Pedestrian,35 to 39,Major,East,Going Ahead,,Pedestrian hit a PXO/ped. Mid-block signal,"Crossing, Pedestrian Crossover",Normal,,,,Yes,,Yes,,,,,,Yes,,,Runnymede-Bloor West Village
1850,Major Arterial,Toronto and East York,Intersection,No Control,Clear,Daylight,Dry,Non-Fatal Injury,Cyclist Collisions,Driver,50 to 54,,West,Turning Right,Failed to Yield Right of Way,,,,,,,,Yes,Yes,,,,,,Yes,,,Wellington Place
2038,Major Arterial,Scarborough,Mid-Block,No Control,Clear,"Dark, artificial",Dry,Fatal,SMV Unattended Vehicle,Driver,30 to 34,Fatal,West,Going Ahead,Lost control,,,,,,,,,Yes,,,,,Yes,Yes,,,Cliffcrest
1754,Major Arterial,Toronto and East York,Intersection,Stop Sign,Clear,Daylight,Dry,Non-Fatal Injury,Cyclist Collisions,Driver,50 to 54,,North,Slowing or Stopping,Failed to Yield Right of Way,,,,,,,,Yes,Yes,,,,,,Yes,,,University
13,Major Arterial,Etobicoke York,Intersection,Traffic Signal,Clear,"Dark, artificial",Dry,Non-Fatal Injury,Rear End,Truck Driver,40 to 44,Minor,North,Stopped,Driving Properly,,,,,,,,,Yes,,Yes,,,Yes,Yes,,,West Humber-Clairville
2240,Major Arterial,North York,Intersection,Traffic Signal,Rain,"Dark, artificial",Wet,Non-Fatal Injury,Turning Movement,Passenger,15 to 19,Major,,,,,,,,,,,,Yes,,,,Yes,Yes,Yes,,,Victoria Village
1320,Major Arterial,North York,Intersection,Traffic Signal,Clear,Daylight,Dry,Non-Fatal Injury,Turning Movement,Driver,40 to 44,Minimal,East,Going Ahead,Driving Properly,,,,,,,,,Yes,,,,Yes,,Yes,,,Victoria Village
303,Minor Arterial,Scarborough,Mid-Block,No Control,Clear,"Dark, artificial",Dry,Fatal,Pedestrian Collisions,Driver,unknown,,South,Going Ahead,Other,,,,,,,Yes,,Yes,,,,,,,,,Clairlea-Birchmount
1930,Major Arterial,North York,Mid-Block,No Control,Snow,Dark,Ice,Non-Fatal Injury,Approaching,Passenger,0 to 4,,,,,,,,,,,,,Yes,,,,Yes,Yes,Yes,,,Pleasant View
13,Major Arterial,Etobicoke York,Intersection,Traffic Signal,Clear,"Dark, artificial",Dry,Non-Fatal Injury,Rear End,Driver,50 to 54,,North,Stopped,Driving Properly,,,,,,,,,Yes,,Yes,,,Yes,Yes,,,West Humber-Clairville
1754,Major Arterial,Toronto and East York,Intersection,Stop Sign,Clear,Daylight,Dry,Non-Fatal Injury,Cyclist Collisions,Cyclist,25 to 29,Major,East,Going Ahead,,,,,"Motorist without ROW drives into path of cyclist at inter, lnwy, dwy-Driver not turn.",Driving Properly,Normal,,Yes,Yes,,,,,,Yes,,,University
1930,Minor Arterial,Toronto and East York,Mid-Block,No Control,Clear,"Dark, artificial",Dry,Non-Fatal Injury,Pedestrian Collisions,Driver,30 to 34,,East,Turning Left,Failed to Yield Right of Way,,,,,,,Yes,,Yes,,,,,,Yes,,,Danforth East York
2130,Major Arterial,North York,Mid-Block,No Control,Clear,"Dusk, artificial",Dry,Non-Fatal Injury,Pedestrian Collisions,Driver,55 to 59,,West,Going Ahead,Lost control,,,,,,,Yes,,Yes,,,,,,,,,Henry Farm
2038,Major Arterial,Scarborough,Mid-Block,No Control,Clear,"Dark, artificial",Dry,Fatal,SMV Unattended Vehicle,Other,unknown,,Unknown,Parked,,,,,,,,,,Yes,,,,,Yes,Yes,,,Cliffcrest
1850,Major Arterial,Toronto and East York,Intersection,No Control,Clear,Daylight,Dry,Non-Fatal Injury,Cyclist Collisions,Cyclist,25 to 29,Major,West,Going Ahead,,,,,"Motorist turns right at non-signal Inter.(stop, yield, no cont.,and dwy) and strikes cyclist.",Driving Properly,Normal,,Yes,Yes,,,,,,Yes,,,Wellington Place
1320,Major Arterial,North York,Intersection,Traffic Signal,Clear,Daylight,Dry,Non-Fatal Injury,Turning Movement,Passenger,45 to 49,,,,,,,,,,,,,Yes,,,,Yes,,Yes,,,Victoria Village
1930,Major Arterial,North York,Mid-Block,No Control,Snow,Dark,Ice,Non-Fatal Injury,Approaching,Passenger,5 to 9,Minor,,,,,,,,,,,,Yes,,,,Yes,Yes,Yes,,,Pleasant View
855,Major Arterial,Toronto and East York,Intersection,No Control,Clear,Daylight,Dry,Non-Fatal Injury,Pedestrian Collisions,Driver,20 to 24,,South,Turning Left,Failed to Yield Right of Way,,,,,,,Yes,,,,,Yes,,,Yes,,,Corso Italia-Davenport
855,Major Arterial,Toronto and East York,Intersection,No Control,Clear,Daylight,Dry,Non-Fatal Injury,Pedestrian Collisions,Pedestrian,75 to 79,Major,Unknown,,,Vehicle turns left while ped crosses with ROW at inter.,Crossing with right of way,Normal,,,,Yes,,,,,Yes,,,Yes,,,Corso Italia-Davenport
1525,Minor Arterial,Toronto and East York,Intersection,No Control,Clear,Daylight,Dry,Non-Fatal Injury,Pedestrian Collisions,Driver,35 to 39,,South,Going Ahead,Driving Properly,,,,,,,Yes,,Yes,,,,Yes,,,,,South Parkdale
1930,Minor Arterial,Toronto and East York,Mid-Block,No Control,Clear,"Dark, artificial",Dry,Non-Fatal Injury,Pedestrian Collisions,Pedestrian,60 to 64,Major,East,,,Pedestrian hit at mid-block,Crossing with right of way,Normal,,,,Yes,,Yes,,,,,,Yes,,,Danforth East York
2127,Minor Arterial,Etobicoke York,Mid-Block,No Control,Clear,"Dark, artificial",Dry,Non-Fatal Injury,Cyclist Collisions,Driver,65 to 69,,West,Reversing,Other,,,,,,,,Yes,Yes,,,,Yes,,,,,Islington
1129,Major Arterial,Scarborough,Intersection,Traffic Signal,Clear,Daylight,Wet,Fatal,Turning Movement,Driver,35 to 39,Fatal,West,Turning Left,Failed to Yield Right of Way,,,,,,,,,Yes,,Yes,,,,Yes,,,Steeles
2130,Major Arterial,North York,Mid-Block,No Control,Clear,"Dusk, artificial",Dry,Non-Fatal Injury,Pedestrian Collisions,Pedestrian,40 to 44,Major,Unknown,,,Pedestrian hit on sidewalk or shoulder,On Sidewalk or Shoulder,Normal,,,,Yes,,Yes,,,,,,,,,Henry Farm
1737,Minor Arterial,North York,Mid-Block,No Control,Clear,Daylight,Dry,Non-Fatal Injury,Turning Movement,Motorcycle Driver,20 to 24,Major,North,Going Ahead,Exceeding Speed Limit,,,,,,,,,Yes,Yes,,,,Yes,Yes,,,Briar Hill-Belgravia
1204,Collector,Etobicoke York,Mid-Block,No Control,Clear,Daylight,Dry,Non-Fatal Injury,Turning Movement,Driver,20 to 24,Major,West,Overtaking,Improper Passing,,,,,,,,,Yes,,,,,,Yes,,,Etobicoke City Centre
1525,Minor Arterial,Toronto and East York,Intersection,No Control,Clear,Daylight,Dry,Non-Fatal Injury,Pedestrian Collisions,Passenger,40 to 44,,,,,,,,,,,Yes,,Yes,,,,Yes,,,,,South Parkdale
109,Collector,Toronto and East York,Mid-Block,No Control,Clear,Dark,Dry,Non-Fatal Injury,Pedestrian Collisions,Driver,45 to 49,,West,Going Ahead,Driving Properly,,,,,,,Yes,,Yes,,,,Yes,,,,,North St.James Town
1939,Collector,Etobicoke York,Mid-Block,No Control,Clear,Dusk,Dry,Non-Fatal Injury,Pedestrian Collisions,Driver,55 to 59,,North,Going Ahead,Driving Properly,,,,,,,Yes,,Yes,,,,,,,,,West Humber-Clairville
109,Collector,Toronto and East York,Mid-Block,No Control,Clear,Dark,Dry,Non-Fatal Injury,Pedestrian Collisions,Passenger,20 to 24,,,,,,,,,,,Yes,,Yes,,,,Yes,,,,,North St.James Town
2127,Minor Arterial,Etobicoke York,Mid-Block,No Control,Clear,"Dark, artificial",Dry,Non-Fatal Injury,Cyclist Collisions,Cyclist,20 to 24,Major,South,Going Ahead,,,,,Motorist reversing struck cyclist.,Driving Properly,Other,,Yes,Yes,,,,Yes,,,,,Islington
1129,Major Arterial,Scarborough,Intersection,Traffic Signal,Clear,Daylight,Wet,Fatal,Turning Movement,Truck Driver,55 to 59,,East,Going Ahead,Driving Properly,,,,,,,,,Yes,,Yes,,,,Yes,,,Steeles
1537,Major Arterial,Etobicoke York,Mid-Block,No Control,Clear,Daylight,Dry,Non-Fatal Injury,Turning Movement,Driver,65 to 69,,East,Turning Left,Improper Turn,,,,,,,,,Yes,Yes,,,,,,,,West Humber-Clairville
1737,Minor Arterial,North York,Mid-Block,No Control,Clear,Daylight,Dry,Non-Fatal Injury,Turning Movement,Driver,40 to 44,,West,Turning Right,Driving Properly,,,,,,,,,Yes,Yes,,,,Yes,Yes,,,Briar Hill-Belgravia
1939,Collector,Etobicoke York,Mid-Block,No Control,Clear,Dusk,Dry,Non-Fatal Injury,Pedestrian Collisions,Pedestrian,50 to 54,Major,West,,,Pedestrian hit at mid-block,"Crossing, no Traffic Control",Inattentive,,,,Yes,,Yes,,,,,,,,,West Humber-Clairville
1537,Major Arterial,Etobicoke York,Mid-Block,No Control,Clear,Daylight,Dry,Non-Fatal Injury,Turning Movement,Motorcycle Driver,35 to 39,Major,West,Going Ahead,Driving Properly,,,,,,,,,Yes,Yes,,,,,,,,West Humber-Clairville
1525,Minor Arterial,Toronto and East York,Intersection,No Control,Clear,Daylight,Dry,Non-Fatal Injury,Pedestrian Collisions,Passenger,5 to 9,,,,,,,,,,,Yes,,Yes,,,,Yes,,,,,South Parkdale
2127,Minor Arterial,Etobicoke York,Mid-Block,No Control,Clear,"Dark, artificial",Dry,Non-Fatal Injury,Cyclist Collisions,Passenger,35 to 39,,,,,,,,,,,,Yes,Yes,,,,Yes,,,,,Islington
1204,Collector,Etobicoke York,Mid-Block,No Control,Clear,Daylight,Dry,Non-Fatal Injury,Turning Movement,Driver,55 to 59,Minimal,West,Turning Left,Driving Properly,,,,,,,,,Yes,,,,,,Yes,,,Etobicoke City Centre
1336,Major Arterial,Toronto and East York,Intersection,Traffic Signal,Clear,Daylight,Dry,Non-Fatal Injury,Pedestrian Collisions,Driver,60 to 64,,West,Turning Left,Failed to Yield Right of Way,,,,,,,Yes,,Yes,,,,,,Yes,,,West Queen West
20,Major Arterial,Scarborough,Intersection,Traffic Signal,Clear,"Dark, artificial",Dry,Non-Fatal Injury,Angle,Driver,20 to 24,Minor,West,Going Ahead,Disobeyed Traffic Control,,,,,,,,,Yes,,,,Yes,,Yes,Yes,,Wexford/Maryvale
1117,Major Arterial,Toronto and East York,Intersection,Traffic Signal,Snow,Daylight,Loose Snow,Non-Fatal Injury,Pedestrian Collisions,Driver,45 to 49,,South,Going Ahead,Disobeyed Traffic Control,,,,,,,Yes,,Yes,,,,Yes,,Yes,Yes,,Casa Loma
1735,Major Arterial,Toronto and East York,Intersection,No Control,Clear,Daylight,Dry,Fatal,Pedestrian Collisions,Driver,30 to 34,,West,Going Ahead,Driving Properly,,,,,,,Yes,,Yes,,,,Yes,,,,,Wychwood
1525,Minor Arterial,Toronto and East York,Intersection,No Control,Clear,Daylight,Dry,Non-Fatal Injury,Pedestrian Collisions,Passenger,5 to 9,,,,,,,,,,,Yes,,Yes,,,,Yes,,,,,South Parkdale
2247,Major Arterial,Toronto and East York,Intersection,No Control,Clear,"Dusk, artificial",Dry,Non-Fatal Injury,Pedestrian Collisions,Driver,85 to 89,,North,Going Ahead,Driving Properly,,,,,,,Yes,,Yes,,,,,,,,,Moss Park
109,Collector,Toronto and East York,Mid-Block,No Control,Clear,Dark,Dry,Non-Fatal Injury,Pedestrian Collisions,Pedestrian,25 to 29,Major,North,,,Pedestrian hit at mid-block,Running onto Roadway,Inattentive,,,,Yes,,Yes,,,,Yes,,,,,North St.James Town
2247,Major Arterial,Toronto and East York,Intersection,No Control,Clear,"Dusk, artificial",Dry,Non-Fatal Injury,Pedestrian Collisions,Pedestrian,60 to 64,Major,East,,,Vehicle is going straight thru inter.while ped cross without ROW,"Crossing, no Traffic Control",Normal,,,,Yes,,Yes,,,,,,,,,Moss Park
835,Major Arterial,Scarborough,Intersection,Traffic Signal,Clear,Daylight,Dry,Non-Fatal Injury,Pedestrian Collisions,Driver,25 to 29,,West,Going Ahead,Driving Properly,,,,,,,Yes,,Yes,,,,Yes,,,,,Malvern East
1336,Major Arterial,Toronto and East York,Intersection,Traffic Signal,Clear,Daylight,Dry,Non-Fatal Injury,Pedestrian Collisions,Pedestrian,30 to 34,Major,East,,,Vehicle turns left while ped crosses with ROW at inter.,Crossing with right of way,Normal,,,,Yes,,Yes,,,,,,Yes,,,West Queen West
20,Major Arterial,Scarborough,Intersection,Traffic Signal,Clear,"Dark, artificial",Dry,Non-Fatal Injury,Angle,Driver,75 to 79,Minor,North,Going Ahead,Driving Properly,,,,,,,,,Yes,,,,Yes,,Yes,Yes,,Wexford/Maryvale