TIME,ROAD_CLASS,DISTRICT,LOCCOORD,TRAFFCTL,VISIBILITY,LIGHT,RDSFCOND,ACCLASS,IMPACTYPE,INVTYPE,INVAGE,INJURY,INITDIR,MANOEUVER,DRIVACT,PEDTYPE,PEDACT,PEDCOND,CYCLISTYPE,CYCACT,CYCCOND,PEDESTRIAN,CYCLIST,AUTOMOBILE,MOTORCYCLE,TRUCK,TRSN_CITY_VEH,PASSENGER,SPEEDING,AG_DRIV,REDLIGHT,ALCOHOL,NEIGHBOURHOOD_158
1058,Major Arterial,Scarborough,Intersection,Stop Sign,Clear,Daylight,Dry,Fatal,Pedestrian Collisions,Passenger,20 to 24,,,,,,,,,,,Yes,,Yes,,,,Yes,,,,,Kennedy Park
1911,Major Arterial,Etobicoke York,Mid-Block,No Control,Clear,Dark,Dry,Non-Fatal Injury,Pedestrian Collisions,Driver,50 to 54,,South,Going Ahead,Driving Properly,,,,,,,Yes,,Yes,,,,Yes,,,,,Islington
123,Major Arterial,Scarborough,Intersection,Traffic Signal,Clear,"Dark, artificial",Dry,Non-Fatal Injury,Turning Movement,Driver,20 to 24,,North,Going Ahead,Driving Properly,,,,,,,,,Yes,,,,,,Yes,,,Agincourt South-Malvern West
1648,Minor Arterial,Scarborough,Intersection,No Control,Clear,Daylight,Dry,Non-Fatal Injury,Pedestrian Collisions,Pedestrian,15 to 19,Major,West,,,Vehicle is going straight thru inter.while ped cross without ROW,Coming From Behind Parked Vehicle,Inattentive,,,,Yes,,Yes,,,,,,,,,Milliken
1058,Major Arterial,Scarborough,Intersection,Stop Sign,Clear,Daylight,Dry,Fatal,Pedestrian Collisions,Pedestrian,80 to 84,Fatal,South,,,Vehicle turns left while ped crosses without ROW at inter.,Crossing without right of way,Medical or Physical Disability,,,,Yes,,Yes,,,,Yes,,,,,Kennedy Park
254,Major Arterial,Etobicoke York,Intersection,Traffic Signal,Rain,"Dark, artificial",Wet,Non-Fatal Injury,Pedestrian Collisions,Driver,70 to 74,,West,Going Ahead,Driving Properly,,,,,,,Yes,,Yes,,,,,,,,,Weston
2236,,Toronto and East York,Mid-Block,No Control,Clear,"Dark, artificial",Dry,Non-Fatal Injury,Pedestrian Collisions,Pedestrian,20 to 24,Major,Unknown,,,Pedestrian hit at mid-block,Playing or Working on Highway,Medical or Physical Disability,,,,Yes,,Yes,,,,,,Yes,,,Broadview North
2359,Minor Arterial,Scarborough,Mid-Block,No Control,Clear,"Dark, artificial",,Fatal,Approaching,Passenger,30 to 34,,,,,,,,,,,,,Yes,,,,Yes,,,,,Malvern East
254,Major Arterial,Etobicoke York,Intersection,Traffic Signal,Rain,"Dark, artificial",Wet,Non-Fatal Injury,Pedestrian Collisions,Pedestrian,30 to 34,Major,South,,,Vehicle is going straight thru inter.while ped cross without ROW,Crossing without right of way,"Ability Impaired, Drugs",,,,Yes,,Yes,,,,,,,,,Weston
1940,Major Arterial,Scarborough,Intersection,No Control,Rain,"Dark, artificial",Wet,Fatal,Pedestrian Collisions,Pedestrian,70 to 74,Fatal,South,,,Pedestrian hit at mid-block,Crossing without right of way,Inattentive,,,,Yes,,Yes,,,,,,,,,Kennedy Park
1911,Major Arterial,Etobicoke York,Mid-Block,No Control,Clear,Dark,Dry,Non-Fatal Injury,Pedestrian Collisions,Driver,45 to 49,,North,Going Ahead,Driving Properly,,,,,,,Yes,,Yes,,,,Yes,,,,,Islington
1750,Major Arterial,Toronto and East York,Intersection,Traffic Signal,Rain,Daylight,Wet,Non-Fatal Injury,SMV Other,Motorcycle Driver,30 to 34,Major,West,Slowing or Stopping,Speed too Fast For Condition,,,,,,,,,,Yes,,,,Yes,Yes,,,St Lawrence-East Bayfront-The Islands
123,Major Arterial,Scarborough,Intersection,Traffic Signal,Clear,"Dark, artificial",Dry,Non-Fatal Injury,Turning Movement,Driver,55 to 59,Major,South,Turning Left,Improper Turn,,,,,,,,,Yes,,,,,,Yes,,,Agincourt South-Malvern West
1800,Major Arterial,Toronto and East York,Mid-Block,No Control,Clear,Daylight,Dry,Non-Fatal Injury,Cyclist Collisions,Driver,35 to 39,,West,Turning Left,Improper Turn,,,,,,,,Yes,Yes,,,,Yes,,,,,Blake-Jones
1132,Major Arterial,North York,Intersection,Traffic Signal,Clear,Daylight,Dry,Non-Fatal Injury,Pedestrian Collisions,Truck Driver,25 to 29,,South,Going Ahead,Driving Properly,,,,,,,Yes,,,,Yes,,,,,,,Bayview Village
1800,Major Arterial,Toronto and East York,Mid-Block,No Control,Clear,Daylight,Dry,Non-Fatal Injury,Cyclist Collisions,Cyclist,35 to 39,Major,East,Going Ahead,,,,,Motorist turned left across cyclists path.,Driving Properly,Normal,,Yes,Yes,,,,Yes,,,,,Blake-Jones
225,Major Arterial,Toronto and East York,Mid-Block,No Control,Clear,"Dark, artificial",Dry,Non-Fatal Injury,Pedestrian Collisions,Driver,50 to 54,,North,Going Ahead,Driving Properly,,,,,,,Yes,,Yes,,,,,,,,,St Lawrence-East Bayfront-The Islands
1911,Major Arterial,Etobicoke York,Mid-Block,No Control,Clear,Dark,Dry,Non-Fatal Injury,Pedestrian Collisions,Driver,30 to 34,,North,Going Ahead,Driving Properly,,,,,,,Yes,,Yes,,,,Yes,,,,,Islington
900,Major Arterial,Scarborough,Intersection,Traffic Signal,Clear,Daylight,Dry,Non-Fatal Injury,Pedestrian Collisions,Driver,50 to 54,Minor,East,Turning Left,Failed to Yield Right of Way,,,,,,,Yes,,Yes,,,,,,Yes,,,Woburn North
1940,Major Arterial,Scarborough,Intersection,No Control,Rain,"Dark, artificial",Wet,Fatal,Pedestrian Collisions,Driver,75 to 79,,East,Going Ahead,Driving Properly,,,,,,,Yes,,Yes,,,,,,,,,Kennedy Park
2359,Minor Arterial,Scarborough,Mid-Block,No Control,Clear,"Dark, artificial",,Fatal,Approaching,Driver,60 to 64,,South,Going Ahead,Driving Properly,,,,,,,,,Yes,,,,Yes,,,,,Malvern East
1310,Major Arterial,Scarborough,Intersection,Traffic Signal,Clear,Daylight,Wet,Non-Fatal Injury,Turning Movement,Driver,65 to 69,Minimal,West,Going Ahead,Disobeyed Traffic Control,,,,,,,,,Yes,,,,Yes,,Yes,Yes,,Woburn North
225,Major Arterial,Toronto and East York,Mid-Block,No Control,Clear,"Dark, artificial",Dry,Non-Fatal Injury,Pedestrian Collisions,Pedestrian,20 to 24,Major,East,,,Pedestrian hit at mid-block,"Crossing, no Traffic Control",Had Been Drinking,,,,Yes,,Yes,,,,,,,,,St Lawrence-East Bayfront-The Islands
1317,Major Arterial,Toronto and East York,Intersection,No Control,Clear,Daylight,Dry,Non-Fatal Injury,Angle,Driver,20 to 24,Major,West,Going Ahead,Failed to Yield Right of Way,,,,,,,,,Yes,,,,,Yes,Yes,,,Casa Loma
900,Major Arterial,Scarborough,Intersection,Traffic Signal,Clear,Daylight,Dry,Non-Fatal Injury,Pedestrian Collisions,Driver,80 to 84,Minor,West,Going Ahead,Driving Properly,,,,,,,Yes,,Yes,,,,,,Yes,,,Woburn North
2359,Minor Arterial,Scarborough,Mid-Block,No Control,Clear,"Dark, artificial",,Fatal,Approaching,Driver,20 to 24,Minor,North,Going Ahead,Driving Properly,,,,,,,,,Yes,,,,Yes,,,,,Malvern East
1310,Major Arterial,Scarborough,Intersection,Traffic Signal,Clear,Daylight,Wet,Non-Fatal Injury,Turning Movement,Driver,25 to 29,,East,Turning Left,Driving Properly,,,,,,,,,Yes,,,,Yes,,Yes,Yes,,Woburn North
1800,Major Arterial,Toronto and East York,Mid-Block,No Control,Clear,Daylight,Dry,Non-Fatal Injury,Cyclist Collisions,Passenger,0 to 4,,,,,,,,,,,,Yes,Yes,,,,Yes,,,,,Blake-Jones
2245,Major Arterial,North York,Intersection,Traffic Signal,Clear,"Dark, artificial",Dry,Non-Fatal Injury,Pedestrian Collisions,Pedestrian,70 to 74,Major,South,,,Vehicle turns right while ped crosses with ROW at inter.,Crossing with right of way,Normal,,,,Yes,,Yes,,,,,,Yes,,,St.Andrew-Windfields
1317,Major Arterial,Toronto and East York,Intersection,No Control,Clear,Daylight,Dry,Non-Fatal Injury,Angle,Driver,50 to 54,,South,Going Ahead,Driving Properly,,,,,,,,,Yes,,,,,Yes,Yes,,,Casa Loma
1911,Major Arterial,Etobicoke York,Mid-Block,No Control,Clear,Dark,Dry,Non-Fatal Injury,Pedestrian Collisions,Pedestrian,50 to 54,Major,Unknown,,,Pedestrian hit at mid-block,"Crossing, no Traffic Control",Normal,,,,Yes,,Yes,,,,Yes,,,,,Islington
1426,Major Arterial,Etobicoke York,Intersection,Traffic Signal,Clear,Daylight,Dry,Non-Fatal Injury,Cyclist Collisions,Driver,85 to 89,,North,Turning Left,Improper Turn,,,,,,,,Yes,Yes,,,,,,,,,Brookhaven-Amesbury
1132,Major Arterial,North York,Intersection,Traffic Signal,Clear,Daylight,Dry,Non-Fatal Injury,Pedestrian Collisions,Pedestrian,65 to 69,Major,Unknown,,,Other / Undefined,Other,Normal,,,,Yes,,,,Yes,,,,,,,Bayview Village
2245,Major Arterial,North York,Intersection,Traffic Signal,Clear,"Dark, artificial",Dry,Non-Fatal Injury,Pedestrian Collisions,Driver,15 to 19,,West,Turning Right,Failed to Yield Right of Way,,,,,,,Yes,,Yes,,,,,,Yes,,,St.Andrew-Windfields
2359,Minor Arterial,Scarborough,Mid-Block,No Control,Clear,"Dark, artificial",,Fatal,Approaching,Driver,70 to 74,Fatal,South,,,,,,,,,,,Yes,,,,Yes,,,,,Malvern East
1426,Major Arterial,Etobicoke York,Intersection,Traffic Signal,Clear,Daylight,Dry,Non-Fatal Injury,Cyclist Collisions,Cyclist,45 to 49,Major,South,Going Ahead,,,,,Motorist turned left across cyclists path.,Driving Properly,Normal,,Yes,Yes,,,,,,,,,Brookhaven-Amesbury
230,Major Arterial,Toronto and East York,Mid-Block,No Control,Clear,"Dark, artificial",Wet,Non-Fatal Injury,Sideswipe,Driver,unknown,,South,Going Ahead,Driving Properly,,,,,,,,,Yes,,,,,,,,,Moss Park
900,Major Arterial,Scarborough,Intersection,Traffic Signal,Clear,Daylight,Dry,Non-Fatal Injury,Pedestrian Collisions,Pedestrian,20 to 24,Major,Unknown,,,Pedestrian hit on sidewalk or shoulder,On Sidewalk or Shoulder,Normal,,,,Yes,,Yes,,,,,,Yes,,,Woburn North
1911,Major Arterial,Etobicoke York,Mid-Block,No Control,Clear,Dark,Dry,Non-Fatal Injury,Pedestrian Collisions,Passenger,10 to 14,,,,,,,,,,,Yes,,Yes,,,,Yes,,,,,Islington
1125,Major Arterial,Toronto and East York,Intersection,Traffic Signal,Clear,Daylight,Dry,Non-Fatal Injury,Pedestrian Collisions,Driver,50 to 54,,North,Going Ahead,Disobeyed Traffic Control,,,,,,,Yes,,Yes,,,,Yes,,Yes,Yes,,Junction Area
1800,Major Arterial,Toronto and East York,Mid-Block,No Control,Clear,Daylight,Dry,Non-Fatal Injury,Cyclist Collisions,Passenger,0 to 4,,,,,,,,,,,,Yes,Yes,,,,Yes,,,,,Blake-Jones
1310,Major Arterial,Scarborough,Intersection,Traffic Signal,Clear,Daylight,Wet,Non-Fatal Injury,Turning Movement,Passenger,20 to 24,Minimal,,,,,,,,,,,,Yes,,,,Yes,,Yes,Yes,,Woburn North
1911,Major Arterial,Etobicoke York,Mid-Block,No Control,Clear,Dark,Dry,Non-Fatal Injury,Pedestrian Collisions,Passenger,5 to 9,,,,,,,,,,,Yes,,Yes,,,,Yes,,,,,Islington
230,Major Arterial,Toronto and East York,Mid-Block,No Control,Clear,"Dark, artificial",Wet,Non-Fatal Injury,Sideswipe,Driver,30 to 34,Major,South,Changing Lanes,Other,,,,,,,,,Yes,,,,,,,,,Moss Park
959,Major Arterial,North York,Intersection,Traffic Signal,Clear,Daylight,Wet,Non-Fatal Injury,Pedestrian Collisions,Truck Driver,40 to 44,,West,Turning Right,Driving Properly,,,,,,,Yes,,,,Yes,,,,,,,Downsview
1125,Major Arterial,Toronto and East York,Intersection,Traffic Signal,Clear,Daylight,Dry,Non-Fatal Injury,Pedestrian Collisions,Driver,50 to 54,Minor,East,Going Ahead,Driving Properly,,,,,,,Yes,,Yes,,,,Yes,,Yes,Yes,,Junction Area
950,Major Arterial,North York,Intersection,No Control,Clear,Daylight,Dry,Fatal,Pedestrian Collisions,Driver,40 to 44,,South,Going Ahead,Driving Properly,,,,,,,Yes,,Yes,,,,,,,,,Bayview Village
2143,Collector,North York,Mid-Block,No Control,Clear,"Dark, artificial",Dry,Non-Fatal Injury,Turning Movement,Driver,25 to 29,Major,West,Turning Right,Failed to Yield Right of Way,,,,,,,,,Yes,Yes,,,,,Yes,,,Thorncliffe Park
1310,Major Arterial,Scarborough,Intersection,Traffic Signal,Clear,Daylight,Wet,Non-Fatal Injury,Turning Movement,Passenger,20 to 24,Minimal,,,,,,,,,,,,Yes,,,,Yes,,Yes,Yes,,Woburn North
248,Major Arterial,Toronto and East York,Mid-Block,No Control,Rain,"Dark, artificial",Wet,Non-Fatal Injury,Pedestrian Collisions,Driver,30 to 34,,East,Going Ahead,Driving Properly,,,,,,,Yes,,Yes,,,,,,,,,Annex
1833,Major Arterial,Etobicoke York,Intersection,Traffic Signal,Rain,"Dark, artificial",Wet,Non-Fatal Injury,Pedestrian Collisions,Driver,65 to 69,,East,Turning Left,Failed to Yield Right of Way,,,,,,,Yes,,Yes,,,,,,Yes,,,Willowridge-Martingrove-Richview
1833,Major Arterial,Etobicoke York,Intersection,Traffic Signal,Rain,"Dark, artificial",Wet,Non-Fatal Injury,Pedestrian Collisions,Pedestrian,15 to 19,Major,East,,,Vehicle turns left while ped crosses with ROW at inter.,Crossing with right of way,Normal,,,,Yes,,Yes,,,,,,Yes,,,Willowridge-Martingrove-Richview
1248,Major Arterial,Toronto and East York,Intersection,Traffic Signal,Clear,Daylight,Dry,Non-Fatal Injury,Cyclist Collisions,Driver,30 to 34,,South,Going Ahead,Improper Passing,,,,,,,,Yes,Yes,,,,,,Yes,,,Downtown Yonge East
2143,Collector,North York,Mid-Block,No Control,Clear,"Dark, artificial",Dry,Non-Fatal Injury,Turning Movement,Motorcycle Driver,30 to 34,,North,Turning Right,Driving Properly,,,,,,,,,Yes,Yes,,,,,Yes,,,Thorncliffe Park
950,Major Arterial,North York,Intersection,No Control,Clear,Daylight,Dry,Fatal,Pedestrian Collisions,Pedestrian,15 to 19,Fatal,West,,,Vehicle is going straight thru inter.while ped cross without ROW,"Crossing, no Traffic Control",Normal,,,,Yes,,Yes,,,,,,,,,Bayview Village
1125,Major Arterial,Toronto and East York,Intersection,Traffic Signal,Clear,Daylight,Dry,Non-Fatal Injury,Pedestrian Collisions,Passenger,50 to 54,,,,,,,,,,,Yes,,Yes,,,,Yes,,Yes,Yes,,Junction Area
1732,Major Arterial,Scarborough,Mid-Block,No Control,Clear,"Dark, artificial",Dry,Fatal,Pedestrian Collisions,Driver,70 to 74,Minimal,South,Going Ahead,Driving Properly,,,,,,,Yes,,Yes,,,,,,,,,Bendale South
959,Major Arterial,North York,Intersection,Traffic Signal,Clear,Daylight,Wet,Non-Fatal Injury,Pedestrian Collisions,Pedestrian,15 to 19,Major,West,,,Vehicle turns right while ped crosses without ROW at inter.,Crossing without right of way,Inattentive,,,,Yes,,,,Yes,,,,,,,Downsview
1125,Major Arterial,Toronto and East York,Intersection,Traffic Signal,Clear,Daylight,Dry,Non-Fatal Injury,Pedestrian Collisions,Passenger,5 to 9,,,,,,,,,,,Yes,,Yes,,,,Yes,,Yes,Yes,,Junction Area
1732,Major Arterial,Scarborough,Mid-Block,No Control,Clear,"Dark, artificial",Dry,Fatal,Pedestrian Collisions,Pedestrian,60 to 64,Fatal,West,,,Pedestrian hit at mid-block,"Crossing, no Traffic Control",Inattentive,,,,Yes,,Yes,,,,,,,,,Bendale South
1248,Major Arterial,Toronto and East York,Intersection,Traffic Signal,Clear,Daylight,Dry,Non-Fatal Injury,Cyclist Collisions,Cyclist,70 to 74,Major,South,Going Ahead,,,,,Cyclist and Driver travelling in same direction. One vehicle sideswipes the other.,Driving Properly,Normal,,Yes,Yes,,,,,,Yes,,,Downtown Yonge East
957,Minor Arterial,Toronto and East York,Mid-Block,Pedestrian Crossover,Clear,Daylight,Dry,Non-Fatal Injury,Pedestrian Collisions,Driver,75 to 79,,North,Going Ahead,Failed to Yield Right of Way,,,,,,,Yes,,Yes,,,,,,Yes,,,University
950,Major Arterial,North York,Intersection,No Control,Clear,Daylight,Dry,Fatal,Pedestrian Collisions,Pedestrian,15 to 19,Major,West,,,Vehicle is going straight thru inter.while ped cross without ROW,Crossing without right of way,Normal,,,,Yes,,Yes,,,,,,,,,Bayview Village
248,Major Arterial,Toronto and East York,Mid-Block,No Control,Rain,"Dark, artificial",Wet,Non-Fatal Injury,Pedestrian Collisions,Pedestrian,30 to 34,Major,South,,,Pedestrian hit at mid-block,"Crossing, no Traffic Control",Had Been Drinking,,,,Yes,,Yes,,,,,,,,,Annex
1732,Major Arterial,Scarborough,Mid-Block,No Control,Clear,"Dark, artificial",Dry,Fatal,Pedestrian Collisions,Pedestrian,65 to 69,Major,West,,,Pedestrian hit at mid-block,"Crossing, no Traffic Control",Unknown,,,,Yes,,Yes,,,,,,,,,Bendale South
1310,Major Arterial,Scarborough,Intersection,Traffic Signal,Clear,Daylight,Wet,Non-Fatal Injury,Turning Movement,Passenger,20 to 24,Major,,,,,,,,,,,,Yes,,,,Yes,,Yes,Yes,,Woburn North
1540,Minor Arterial,Scarborough,Intersection,Traffic Signal,Clear,Daylight,Dry,Non-Fatal Injury,Cyclist Collisions,Cyclist,15 to 19,Major,North,Going Ahead,,,,,"Cyclist without ROW rides into path of motorist at inter, lnwy, dwy-Cyclist not turn.",Disobeyed Traffic Control,Normal,,Yes,Yes,,,,,,,,,Highland Creek
1125,Major Arterial,Toronto and East York,Intersection,Traffic Signal,Clear,Daylight,Dry,Non-Fatal Injury,Pedestrian Collisions,Passenger,10 to 14,,,,,,,,,,,Yes,,Yes,,,,Yes,,Yes,Yes,,Junction Area
957,Minor Arterial,Toronto and East York,Mid-Block,Pedestrian Crossover,Clear,Daylight,Dry,Non-Fatal Injury,Pedestrian Collisions,Driver,50 to 54,,South,Stopped,Driving Properly,,,,,,,Yes,,Yes,,,,,,Yes,,,University
1241,Minor Arterial,North York,Intersection,Traffic Signal,Clear,Daylight,Dry,Non-Fatal Injury,Turning Movement,Driver,50 to 54,,South,Turning Left,Failed to Yield Right of Way,,,,,,,,,Yes,Yes,,,,,Yes,,,Newtonbrook East
1340,,Toronto and East York,Mid-Block,No Control,Clear,Daylight,Dry,Non-Fatal Injury,Rear End,Driver,35 to 39,Major,West,Going Ahead,Following too Close,,,,,,,,,Yes,,,,Yes,,Yes,,,South Parkdale
620,Major Arterial,Toronto and East York,Intersection,No Control,Clear,"Daylight, artificial",Dry,Non-Fatal Injury,Approaching,Driver,40 to 44,,West,Going Ahead,Driving Properly,,,,,,,,,Yes,,,,Yes,Yes,Yes,,,Moss Park
1310,Major Arterial,Scarborough,Intersection,Traffic Signal,Clear,Daylight,Wet,Non-Fatal Injury,Turning Movement,Passenger,70 to 74,Minimal,,,,,,,,,,,,Yes,,,,Yes,,Yes,Yes,,Woburn North
1310,Major Arterial,Scarborough,Intersection,Traffic Signal,Clear,Daylight,Wet,Non-Fatal Injury,Turning Movement,Passenger,0 to 4,,,,,,,,,,,,,Yes,,,,Yes,,Yes,Yes,,Woburn North
1808,Minor Arterial,Etobicoke York,Mid-Block,No Control,Clear,Daylight,Dry,Non-Fatal Injury,Angle,Driver,15 to 19,Minor,West,Going Ahead,Failed to Yield Right of Way,,,,,,,,,Yes,,,Yes,Yes,,Yes,,,Etobicoke West Mall
1540,Minor Arterial,Scarborough,Intersection,Traffic Signal,Clear,Daylight,Dry,Non-Fatal Injury,Cyclist Collisions,Driver,35 to 39,,West,Going Ahead,Driving Properly,,,,,,,,Yes,Yes,,,,,,,,,Highland Creek
957,Minor Arterial,Toronto and East York,Mid-Block,Pedestrian Crossover,Clear,Daylight,Dry,Non-Fatal Injury,Pedestrian Collisions,Pedestrian,15 to 19,Major,West,,,Pedestrian hit a PXO/ped. Mid-block signal,"Crossing, Pedestrian Crossover",Normal,,,,Yes,,Yes,,,,,,Yes,,,University
1125,Major Arterial,Toronto and East York,Intersection,Traffic Signal,Clear,Daylight,Dry,Non-Fatal Injury,Pedestrian Collisions,Pedestrian,60 to 64,Major,Unknown,,,Vehicle is going straight thru inter.while ped cross with ROW,Walking on Roadway Against Traffic,Normal,,,,Yes,,Yes,,,,Yes,,Yes,Yes,,Junction Area
1241,Minor Arterial,North York,Intersection,Traffic Signal,Clear,Daylight,Dry,Non-Fatal Injury,Turning Movement,Motorcycle Driver,55 to 59,Major,North,Going Ahead,Driving Properly,,,,,,,,,Yes,Yes,,,,,Yes,,,Newtonbrook East
1340,,Toronto and East York,Mid-Block,No Control,Clear,Daylight,Dry,Non-Fatal Injury,Rear End,Driver,30 to 34,,West,Slowing or Stopping,Driving Properly,,,,,,,,,Yes,,,,Yes,,Yes,,,South Parkdale
620,Major Arterial,Toronto and East York,Intersection,No Control,Clear,"Daylight, artificial",Dry,Non-Fatal Injury,Approaching,Driver,45 to 49,Minimal,West,Slowing or Stopping,Driving Properly,,,,,,,,,Yes,,,,Yes,Yes,Yes,,,Moss Park
1340,,Toronto and East York,Mid-Block,No Control,Clear,Daylight,Dry,Non-Fatal Injury,Rear End,Driver,60 to 64,,West,Slowing or Stopping,Driving Properly,,,,,,,,,Yes,,,,Yes,,Yes,,,South Parkdale
2215,Major Arterial,Toronto and East York,Intersection,No Control,Clear,"Dark, artificial",Dry,Non-Fatal Injury,Cyclist Collisions,Driver,unknown,,East,Turning Left,Improper Turn,,,,,,,,Yes,Yes,,,,,,,,,Cabbagetown-South St.James Town
1310,Major Arterial,Scarborough,Intersection,Traffic Signal,Clear,Daylight,Wet,Non-Fatal Injury,Turning Movement,Passenger,0 to 4,,,,,,,,,,,,,Yes,,,,Yes,,Yes,Yes,,Woburn North
2225,Major Arterial,Etobicoke York,Intersection,Traffic Signal,Clear,"Dark, artificial",Dry,Non-Fatal Injury,Turning Movement,Driver,25 to 29,,North,Turning Left,Failed to Yield Right of Way,,,,,,,,,Yes,Yes,,,,Yes,Yes,,,Glenfield-Jane Heights
2215,Major Arterial,Toronto and East York,Intersection,No Control,Clear,"Dark, artificial",Dry,Non-Fatal Injury,Cyclist Collisions,Cyclist,35 to 39,Major,West,Going Ahead,,,,,Motorist turned left across cyclists path.,Driving Properly,Normal,,Yes,Yes,,,,,,,,,Cabbagetown-South St.James Town
855,Major Arterial,North York,Intersection,Traffic Controller,Clear,Daylight,Wet,Non-Fatal Injury,Other,Driver,45 to 49,Major,East,Going Ahead,Driving Properly,,,,,,,,,,,,Yes,Yes,,,,,Forest Hill South
1800,Major Arterial,Etobicoke York,Intersection,Traffic Signal,Clear,Daylight,Dry,Non-Fatal Injury,SMV Other,Driver,30 to 34,Major,North,Going Ahead,Lost control,,,,,,,,,Yes,,,,,,,,,Oakdale-Beverley Heights
1255,Major Arterial,Toronto and East York,Intersection,No Control,Clear,Daylight,Dry,Non-Fatal Injury,Turning Movement,Driver,55 to 59,,South,Turning Left,Failed to Yield Right of Way,,,,,,,,,Yes,Yes,,,,,Yes,,,Junction-Wallace Emerson
620,Major Arterial,Toronto and East York,Intersection,No Control,Clear,"Daylight, artificial",Dry,Non-Fatal Injury,Approaching,Driver,20 to 24,Major,East,Going Ahead,Exceeding Speed Limit,,,,,,,,,Yes,,,,Yes,Yes,Yes,,,Moss Park
1340,,Toronto and East York,Mid-Block,No Control,Clear,Daylight,Dry,Non-Fatal Injury,Rear End,Passenger,25 to 29,,,,,,,,,,,,,Yes,,,,Yes,,Yes,,,South Parkdale
1255,Major Arterial,Toronto and East York,Intersection,No Control,Clear,Daylight,Dry,Non-Fatal Injury,Turning Movement,Motorcycle Driver,40 to 44,Major,North,Going Ahead,Driving Properly,,,,,,,,,Yes,Yes,,,,,Yes,,,Junction-Wallace Emerson
1808,Minor Arterial,Etobicoke York,Mid-Block,No Control,Clear,Daylight,Dry,Non-Fatal Injury,Angle,Driver,40 to 44,Minor,North,Going Ahead,Driving Properly,,,,,,,,,Yes,,,Yes,Yes,,Yes,,,Etobicoke West Mall
1340,,Toronto and East York,Mid-Block,No Control,Clear,Daylight,Dry,Non-Fatal Injury,Rear End,Passenger,25 to 29,,,,,,,,,,,,,Yes,,,,Yes,,Yes,,,South Parkdale
2225,Major Arterial,Etobicoke York,Intersection,Traffic Signal,Clear,"Dark, artificial",Dry,Non-Fatal Injury,Turning Movement,Motorcycle Driver,45 to 49,Major,West,Going Ahead,Speed too Fast For Condition,,,,,,,,,Yes,Yes,,,,Yes,Yes,,,Glenfield-Jane Heights
1504,Minor Arterial,Toronto and East York,Intersection,No Control,Clear,Daylight,Dry,Non-Fatal Injury,Pedestrian Collisions,Driver,55 to 59,,West,Going Ahead,Driving Properly,,,,,,,Yes,,Yes,,,,,,,,,South Riverdale
1750,Local,Scarborough,Mid-Block,No Control,Clear,Daylight,Dry,Non-Fatal Injury,Pedestrian Collisions,Driver,60 to 64,,West,Going Ahead,Improper Passing,,,,,,,Yes,,Yes,,,,,,Yes,,,Agincourt South-Malvern West
620,Major Arterial,Toronto and East York,Intersection,No Control,Clear,"Daylight, artificial",Dry,Non-Fatal Injury,Approaching,Passenger,20 to 24,Minimal,,,,,,,,,,,,Yes,,,,Yes,Yes,Yes,,,Moss Park
555,Major Arterial,Etobicoke York,Intersection,Traffic Signal,Clear,Dark,Dry,Non-Fatal Injury,Turning Movement,Driver,20 to 24,Minimal,North,Going Ahead,Exceeding Speed Limit,,,,,,,,,Yes,,,,,Yes,Yes,,,Rockcliffe-Smythe
855,Major Arterial,North York,Intersection,Traffic Controller,Clear,Daylight,Wet,Non-Fatal Injury,Other,Passenger,25 to 29,Minor,,,,,,,,,,,,,,,Yes,Yes,,,,,Forest Hill South
555,Major Arterial,Etobicoke York,Intersection,Traffic Signal,Clear,Dark,Dry,Non-Fatal Injury,Turning Movement,Driver,55 to 59,Major,South,Turning Left,Failed to Yield Right of Way,,,,,,,,,Yes,,,,,Yes,Yes,,,Rockcliffe-Smythe
1340,,Toronto and East York,Mid-Block,No Control,Clear,Daylight,Dry,Non-Fatal Injury,Rear End,Passenger,30 to 34,,,,,,,,,,,,,Yes,,,,Yes,,Yes,,,South Parkdale
600,Major Arterial,Scarborough,Mid-Block,Pedestrian Crossover,Clear,Dark,Dry,Non-Fatal Injury,Pedestrian Collisions,Pedestrian,65 to 69,Major,East,,,Pedestrian hit a PXO/ped. Mid-block signal,"Crossing, Pedestrian Crossover",Normal,,,,Yes,,Yes,,,,,,Yes,,,L'Amoreaux West
1750,Local,Scarborough,Mid-Block,No Control,Clear,Daylight,Dry,Non-Fatal Injury,Pedestrian Collisions,Pedestrian,75 to 79,Major,West,,,Pedestrian hit at mid-block,Walking on Roadway with Traffic,Normal,,,,Yes,,Yes,,,,,,Yes,,,Agincourt South-Malvern West
1808,Minor Arterial,Etobicoke York,Mid-Block,No Control,Clear,Daylight,Dry,Non-Fatal Injury,Angle,Passenger,20 to 24,Minor,,,,,,,,,,,,Yes,,,Yes,Yes,,Yes,,,Etobicoke West Mall