TIME,ROAD_CLASS,DISTRICT,LOCCOORD,TRAFFCTL,VISIBILITY,LIGHT,RDSFCOND,ACCLASS,IMPACTYPE,INVTYPE,INVAGE,INJURY,INITDIR,MANOEUVER,DRIVACT,PEDTYPE,PEDACT,PEDCOND,CYCLISTYPE,CYCACT,CYCCOND,PEDESTRIAN,CYCLIST,AUTOMOBILE,MOTORCYCLE,TRUCK,TRSN_CITY_VEH,PASSENGER,SPEEDING,AG_DRIV,REDLIGHT,ALCOHOL,NEIGHBOURHOOD_158
1504,Minor Arterial,Toronto and East York,Intersection,No Control,Clear,Daylight,Dry,Non-Fatal Injury,Pedestrian Collisions,Pedestrian,60 to 64,Major,North,,,Pedestrian hit at mid-block,"Crossing, no Traffic Control",Normal,,,,Yes,,Yes,,,,,,,,,South Riverdale
620,Major Arterial,Toronto and East York,Intersection,No Control,Clear,"Daylight, artificial",Dry,Non-Fatal Injury,Approaching,Passenger,20 to 24,Minimal,,,,,,,,,,,,Yes,,,,Yes,Yes,Yes,,,Moss Park
801,Major Arterial,Scarborough,Intersection,Traffic Signal,Clear,Daylight,Dry,Non-Fatal Injury,Pedestrian Collisions,Driver,50 to 54,,South,Turning Left,Failed to Yield Right of Way,,,,,,,Yes,,Yes,,,,,,Yes,,,East L'Amoreaux
1340,,Toronto and East York,Mid-Block,No Control,Clear,Daylight,Dry,Non-Fatal Injury,Rear End,Passenger,35 to 39,,,,,,,,,,,,,Yes,,,,Yes,,Yes,,,South Parkdale
2225,Major Arterial,Etobicoke York,Intersection,Traffic Signal,Clear,"Dark, artificial",Dry,Non-Fatal Injury,Turning Movement,Driver,50 to 54,,West,Going Ahead,Driving Properly,,,,,,,,,Yes,Yes,,,,Yes,Yes,,,Glenfield-Jane Heights
600,Major Arterial,Scarborough,Mid-Block,Pedestrian Crossover,Clear,Dark,Dry,Non-Fatal Injury,Pedestrian Collisions,Driver,25 to 29,,North,Going Ahead,Disobeyed Traffic Control,,,,,,,Yes,,Yes,,,,,,Yes,,,L'Amoreaux West
15,Major Arterial,Scarborough,Intersection,Traffic Signal,Clear,"Dark, artificial",Dry,Non-Fatal Injury,Angle,Driver,15 to 19,Major,North,Going Ahead,Disobeyed Traffic Control,,,,,,,,,Yes,,,,Yes,Yes,Yes,Yes,,Golfdale-Cedarbrae-Woburn
1808,Minor Arterial,Etobicoke York,Mid-Block,No Control,Clear,Daylight,Dry,Non-Fatal Injury,Angle,Passenger,20 to 24,Major,,,,,,,,,,,,Yes,,,Yes,Yes,,Yes,,,Etobicoke West Mall
2018,Major Arterial,Toronto and East York,Intersection,Traffic Signal,Clear,Daylight,Dry,Non-Fatal Injury,Turning Movement,Driver,30 to 34,,North,Turning Left,Improper Turn,,,,,,,,,Yes,Yes,,,,,,,,Dovercourt Village
620,Major Arterial,Toronto and East York,Intersection,No Control,Clear,"Daylight, artificial",Dry,Non-Fatal Injury,Approaching,Passenger,55 to 59,Minimal,,,,,,,,,,,,Yes,,,,Yes,Yes,Yes,,,Moss Park
801,Major Arterial,Scarborough,Intersection,Traffic Signal,Clear,Daylight,Dry,Non-Fatal Injury,Pedestrian Collisions,Pedestrian,75 to 79,Major,North,,,Vehicle turns left while ped crosses with ROW at inter.,Crossing with right of way,Normal,,,,Yes,,Yes,,,,,,Yes,,,East L'Amoreaux
2030,Major Arterial,Scarborough,Intersection,Stop Sign,Clear,"Dark, artificial",Wet,Non-Fatal Injury,Pedestrian Collisions,Driver,60 to 64,,South,Going Ahead,Driving Properly,,,,,,,Yes,,Yes,,,,,,,,,East L'Amoreaux
814,Major Arterial,Scarborough,Intersection,Traffic Signal,Clear,Daylight,Dry,Fatal,Pedestrian Collisions,Driver,unknown,,North,Turning Right,Failed to Yield Right of Way,,,,,,,Yes,,Yes,,,,,,Yes,,,Tam O'Shanter-Sullivan
2018,Major Arterial,Toronto and East York,Intersection,Traffic Signal,Clear,Daylight,Dry,Non-Fatal Injury,Turning Movement,Motorcycle Driver,25 to 29,Major,South,Going Ahead,Driving Properly,,,,,,,,,Yes,Yes,,,,,,,,Dovercourt Village
1113,Minor Arterial,North York,Intersection,Stop Sign,Clear,Daylight,Dry,Non-Fatal Injury,Pedestrian Collisions,Driver,70 to 74,,South,Turning Left,Failed to Yield Right of Way,,,,,,,Yes,,Yes,,,,,,Yes,,,Yonge-Eglinton
620,Major Arterial,Toronto and East York,Intersection,No Control,Clear,"Daylight, artificial",Dry,Non-Fatal Injury,Approaching,Passenger,25 to 29,Minimal,,,,,,,,,,,,Yes,,,,Yes,Yes,Yes,,,Moss Park
923,,Toronto and East York,Mid-Block,No Control,Clear,Daylight,Dry,Non-Fatal Injury,Rear End,Driver,25 to 29,Major,South,Going Ahead,Following too Close,,,,,,,,,Yes,,,,,,Yes,,,South Riverdale
1630,Major Arterial,North York,Mid-Block,No Control,Clear,Daylight,Dry,Non-Fatal Injury,SMV Other,Driver,75 to 79,Major,South,Going Ahead,Driving Properly,,,,,,,,,Yes,,,,Yes,,,,,Banbury-Don Mills
923,,Toronto and East York,Mid-Block,No Control,Clear,Daylight,Dry,Non-Fatal Injury,Rear End,Driver,30 to 34,,South,Going Ahead,Following too Close,,,,,,,,,Yes,,,,,,Yes,,,South Riverdale
2030,Major Arterial,Scarborough,Intersection,Stop Sign,Clear,"Dark, artificial",Wet,Non-Fatal Injury,Pedestrian Collisions,Pedestrian,55 to 59,Major,West,,,Vehicle is going straight thru inter.while ped cross without ROW,"Crossing, no Traffic Control",Normal,,,,Yes,,Yes,,,,,,,,,East L'Amoreaux
156,Major Arterial,North York,Intersection,Stop Sign,Clear,"Dark, artificial",Dry,Non-Fatal Injury,Pedestrian Collisions,Pedestrian,20 to 24,Major,South,,,Pedestrian hit at mid-block,"Crossing, no Traffic Control",Normal,,,,Yes,,Yes,,,,,,Yes,,,Caledonia-Fairbank
1113,Minor Arterial,North York,Intersection,Stop Sign,Clear,Daylight,Dry,Non-Fatal Injury,Pedestrian Collisions,Pedestrian,65 to 69,Major,North,,,Vehicle turns left while ped crosses with ROW at inter.,Crossing with right of way,Normal,,,,Yes,,Yes,,,,,,Yes,,,Yonge-Eglinton
1808,Minor Arterial,Etobicoke York,Mid-Block,No Control,Clear,Daylight,Dry,Non-Fatal Injury,Angle,Passenger,20 to 24,Minor,,,,,,,,,,,,Yes,,,Yes,Yes,,Yes,,,Etobicoke West Mall
15,Major Arterial,Scarborough,Intersection,Traffic Signal,Clear,"Dark, artificial",Dry,Non-Fatal Injury,Angle,Driver,55 to 59,Minor,East,Going Ahead,Driving Properly,,,,,,,,,Yes,,,,Yes,Yes,Yes,Yes,,Golfdale-Cedarbrae-Woburn
814,Major Arterial,Scarborough,Intersection,Traffic Signal,Clear,Daylight,Dry,Fatal,Pedestrian Collisions,Pedestrian,75 to 79,Fatal,East,,,Vehicle turns right while ped crosses with ROW at inter.,Crossing with right of way,Normal,,,,Yes,,Yes,,,,,,Yes,,,Tam O'Shanter-Sullivan
923,,Toronto and East York,Mid-Block,No Control,Clear,Daylight,Dry,Non-Fatal Injury,Rear End,Truck Driver,25 to 29,Minor,South,Stopped,Driving Properly,,,,,,,,,Yes,,,,,,Yes,,,South Riverdale
1747,Major Arterial,North York,Intersection,Traffic Signal,Clear,Daylight,Dry,Non-Fatal Injury,Turning Movement,Driver,20 to 24,,East,Turning Left,Failed to Yield Right of Way,,,,,,,,,Yes,Yes,,,Yes,,Yes,,,Englemount-Lawrence
1630,Major Arterial,North York,Mid-Block,No Control,Clear,Daylight,Dry,Non-Fatal Injury,SMV Other,Passenger,75 to 79,Minor,,,,,,,,,,,,Yes,,,,Yes,,,,,Banbury-Don Mills
156,Major Arterial,North York,Intersection,Stop Sign,Clear,"Dark, artificial",Dry,Non-Fatal Injury,Pedestrian Collisions,Driver,35 to 39,Minimal,West,Going Ahead,Failed to Yield Right of Way,,,,,,,Yes,,Yes,,,,,,Yes,,,Caledonia-Fairbank
15,Major Arterial,Scarborough,Intersection,Traffic Signal,Clear,"Dark, artificial",Dry,Non-Fatal Injury,Angle,Passenger,70 to 74,,,,,,,,,,,,,Yes,,,,Yes,Yes,Yes,Yes,,Golfdale-Cedarbrae-Woburn
1808,Minor Arterial,Etobicoke York,Mid-Block,No Control,Clear,Daylight,Dry,Non-Fatal Injury,Angle,Passenger,20 to 24,Minor,,,,,,,,,,,,Yes,,,Yes,Yes,,Yes,,,Etobicoke West Mall
318,Major Arterial,North York,Intersection,Traffic Signal,Clear,"Dark, artificial",Dry,Non-Fatal Injury,Pedestrian Collisions,Driver,45 to 49,,North,Going Ahead,Driving Properly,,,,,,,Yes,,,,,Yes,,,,,,Avondale
356,Major Arterial,North York,Intersection,Traffic Signal,Rain,"Dark, artificial",Slush,Non-Fatal Injury,SMV Other,Driver,25 to 29,Major,South,Going Ahead,Lost control,,,,,,,,,Yes,,,,,Yes,Yes,,Yes,Bathurst Manor
1810,Major Arterial,Scarborough,Intersection,Traffic Signal,Clear,Daylight,Dry,Fatal,Rear End,Driver,50 to 54,Fatal,West,Going Ahead,Lost control,,,,,,,,,Yes,,,Yes,,,,,,Morningside Heights
1747,Major Arterial,North York,Intersection,Traffic Signal,Clear,Daylight,Dry,Non-Fatal Injury,Turning Movement,Motorcycle Driver,25 to 29,Major,West,Going Ahead,Driving Properly,,,,,,,,,Yes,Yes,,,Yes,,Yes,,,Englemount-Lawrence
1815,Major Arterial,North York,Intersection,Traffic Signal,Clear,Daylight,Dry,Fatal,Turning Movement,Motorcycle Driver,25 to 29,Fatal,North,Going Ahead,Driving Properly,,,,,,,,,Yes,Yes,,,,,Yes,,,Clanton Park
1134,Major Arterial,Scarborough,Intersection,Traffic Signal,Clear,Daylight,Dry,Fatal,Pedestrian Collisions,Driver,55 to 59,,North,Turning Left,Failed to Yield Right of Way,,,,,,,Yes,,Yes,,,,,,Yes,,,Birchcliffe-Cliffside
1050,Collector,Scarborough,Intersection,Traffic Signal,Clear,Daylight,Dry,Non-Fatal Injury,Turning Movement,Driver,60 to 64,Major,South,Turning Left,Disobeyed Traffic Control,,,,,,,,,Yes,,,,,,Yes,Yes,,Milliken
705,Minor Arterial,Toronto and East York,Mid-Block,No Control,Clear,"Dark, artificial",Dry,Non-Fatal Injury,Pedestrian Collisions,Driver,25 to 29,,East,Going Ahead,Driving Properly,,,,,,,Yes,,Yes,,,,,,,,,Annex
705,Minor Arterial,Toronto and East York,Mid-Block,No Control,Clear,"Dark, artificial",Dry,Non-Fatal Injury,Pedestrian Collisions,Pedestrian,65 to 69,Major,South,,,Pedestrian hit at mid-block,"Crossing, no Traffic Control",Inattentive,,,,Yes,,Yes,,,,,,,,,Annex
1134,Major Arterial,Scarborough,Intersection,Traffic Signal,Clear,Daylight,Dry,Fatal,Pedestrian Collisions,Pedestrian,70 to 74,Fatal,Unknown,,,Vehicle turns left while ped crosses with ROW at inter.,Crossing with right of way,Normal,,,,Yes,,Yes,,,,,,Yes,,,Birchcliffe-Cliffside
1050,Collector,Scarborough,Intersection,Traffic Signal,Clear,Daylight,Dry,Non-Fatal Injury,Turning Movement,Driver,45 to 49,Minor,West,Going Ahead,Driving Properly,,,,,,,,,Yes,,,,,,Yes,Yes,,Milliken
318,Major Arterial,North York,Intersection,Traffic Signal,Clear,"Dark, artificial",Dry,Non-Fatal Injury,Pedestrian Collisions,Pedestrian,20 to 24,Major,East,Going Ahead,,Vehicle is going straight thru inter.while ped cross without ROW,Running onto Roadway,Inattentive,,,,Yes,,,,,Yes,,,,,,Avondale
1747,Major Arterial,North York,Intersection,Traffic Signal,Clear,Daylight,Dry,Non-Fatal Injury,Turning Movement,Passenger,15 to 19,,,,,,,,,,,,,Yes,Yes,,,Yes,,Yes,,,Englemount-Lawrence
1815,Major Arterial,North York,Intersection,Traffic Signal,Clear,Daylight,Dry,Fatal,Turning Movement,Driver,45 to 49,,South,Turning Left,Failed to Yield Right of Way,,,,,,,,,Yes,Yes,,,,,Yes,,,Clanton Park
1808,Minor Arterial,Etobicoke York,Mid-Block,No Control,Clear,Daylight,Dry,Non-Fatal Injury,Angle,Passenger,15 to 19,Minor,,,,,,,,,,,,Yes,,,Yes,Yes,,Yes,,,Etobicoke West Mall
1810,Major Arterial,Scarborough,Intersection,Traffic Signal,Clear,Daylight,Dry,Fatal,Rear End,Driver,45 to 49,,West,Stopped,Driving Properly,,,,,,,,,Yes,,,Yes,,,,,,Morningside Heights
1354,Major Arterial,Etobicoke York,Intersection,No Control,Clear,Daylight,Dry,Non-Fatal Injury,Pedestrian Collisions,Driver,20 to 24,,West,Going Ahead,Driving Properly,,,,,,,Yes,,Yes,,,,,,,,,Markland Wood
2108,Major Arterial,Scarborough,Intersection,No Control,Clear,"Dark, artificial",Dry,Non-Fatal Injury,Pedestrian Collisions,Pedestrian,15 to 19,Major,South,,,Vehicle is going straight thru inter.while ped cross without ROW,Crossing without right of way,Normal,,,,Yes,,Yes,,,,,,,,,Kennedy Park
2141,Major Arterial,North York,Intersection,Traffic Signal,Clear,"Dark, artificial",Dry,Non-Fatal Injury,Pedestrian Collisions,Driver,30 to 34,,West,Turning Right,Failed to Yield Right of Way,,,,,,,Yes,,Yes,,,,,,Yes,,,Bayview Village
900,Major Arterial,Toronto and East York,Intersection,No Control,Clear,Daylight,Dry,Non-Fatal Injury,Cyclist Collisions,Cyclist,25 to 29,Major,East,Going Ahead,,,,,Motorist turned left across cyclists path.,Driving Properly,Normal,,Yes,Yes,,,,,,Yes,,,Kensington-Chinatown
2330,Major Arterial,Toronto and East York,Intersection,Traffic Signal,Clear,"Dark, artificial",Dry,Non-Fatal Injury,Cyclist Collisions,Driver,unknown,,West,Going Ahead,Improper Passing,,,,,,,,Yes,Yes,,,,,,Yes,,,Corso Italia-Davenport
900,Major Arterial,Toronto and East York,Intersection,No Control,Clear,Daylight,Dry,Non-Fatal Injury,Cyclist Collisions,Driver,30 to 34,,West,Turning Left,Failed to Yield Right of Way,,,,,,,,Yes,Yes,,,,,,Yes,,,Kensington-Chinatown
2117,Major Arterial,North York,Mid-Block,No Control,Rain,"Dark, artificial",Wet,Non-Fatal Injury,Rear End,Passenger,25 to 29,,,,,,,,,,,,,Yes,,,,Yes,,Yes,,,Newtonbrook East
1808,Minor Arterial,Etobicoke York,Mid-Block,No Control,Clear,Daylight,Dry,Non-Fatal Injury,Angle,Passenger,15 to 19,Minor,,,,,,,,,,,,Yes,,,Yes,Yes,,Yes,,,Etobicoke West Mall
208,Local,Toronto and East York,Mid-Block,No Control,Clear,"Dark, artificial",Wet,Non-Fatal Injury,Pedestrian Collisions,Driver,unknown,,South,Going Ahead,Other,,,,,,,Yes,,Yes,,,,,,,,,Dufferin Grove
1354,Major Arterial,Etobicoke York,Intersection,No Control,Clear,Daylight,Dry,Non-Fatal Injury,Pedestrian Collisions,Pedestrian,80 to 84,Major,North,Going Ahead,,Vehicle is going straight thru inter.while ped cross without ROW,Crossing without right of way,Inattentive,,,,Yes,,Yes,,,,,,,,,Markland Wood
2108,Major Arterial,Scarborough,Intersection,No Control,Clear,"Dark, artificial",Dry,Non-Fatal Injury,Pedestrian Collisions,Driver,45 to 49,,East,Going Ahead,Driving Properly,,,,,,,Yes,,Yes,,,,,,,,,Kennedy Park
2141,Major Arterial,North York,Intersection,Traffic Signal,Clear,"Dark, artificial",Dry,Non-Fatal Injury,Pedestrian Collisions,Pedestrian,75 to 79,Major,West,,,Vehicle turns right while ped crosses with ROW at inter.,Crossing with right of way,Normal,,,,Yes,,Yes,,,,,,Yes,,,Bayview Village
2117,Major Arterial,North York,Mid-Block,No Control,Rain,"Dark, artificial",Wet,Non-Fatal Injury,Rear End,Passenger,0 to 4,Minimal,,,,,,,,,,,,Yes,,,,Yes,,Yes,,,Newtonbrook East
2017,Collector,Scarborough,Intersection,Traffic Signal,Clear,"Dark, artificial",Dry,Non-Fatal Injury,Turning Movement,Driver,20 to 24,,East,Going Ahead,Disobeyed Traffic Control,,,,,,,,,Yes,,,,Yes,Yes,Yes,Yes,,Wexford/Maryvale
2117,Major Arterial,North York,Mid-Block,No Control,Rain,"Dark, artificial",Wet,Non-Fatal Injury,Rear End,Driver,30 to 34,Major,East,Stopped,Driving Properly,,,,,,,,,Yes,,,,Yes,,Yes,,,Newtonbrook East
1608,Collector,Scarborough,Mid-Block,No Control,Clear,Daylight,Dry,Non-Fatal Injury,Rear End,Driver,20 to 24,,East,Going Ahead,Following too Close,,,,,,,,,Yes,,,,,,Yes,,,Centennial Scarborough
2330,Major Arterial,Toronto and East York,Intersection,Traffic Signal,Clear,"Dark, artificial",Dry,Non-Fatal Injury,Cyclist Collisions,Cyclist,40 to 44,Major,West,Going Ahead,,,,,Cyclist and Driver travelling in same direction. One vehicle sideswipes the other.,Driving Properly,Normal,,Yes,Yes,,,,,,Yes,,,Corso Italia-Davenport
2117,Major Arterial,North York,Mid-Block,No Control,Rain,"Dark, artificial",Wet,Non-Fatal Injury,Rear End,Driver,30 to 34,Minimal,East,Going Ahead,Driving Properly,,,,,,,,,Yes,,,,Yes,,Yes,,,Newtonbrook East
2017,Collector,Scarborough,Intersection,Traffic Signal,Clear,"Dark, artificial",Dry,Non-Fatal Injury,Turning Movement,Driver,45 to 49,Major,West,Turning Left,Driving Properly,,,,,,,,,Yes,,,,Yes,Yes,Yes,Yes,,Wexford/Maryvale
1608,Collector,Scarborough,Mid-Block,No Control,Clear,Daylight,Dry,Non-Fatal Injury,Rear End,Driver,25 to 29,Minimal,East,Turning Left,Driving Properly,,,,,,,,,Yes,,,,,,Yes,,,Centennial Scarborough
230,Minor Arterial,Scarborough,Intersection,Stop Sign,Clear,"Dark, artificial",Dry,Non-Fatal Injury,SMV Other,Driver,20 to 24,Minor,South,Going Ahead,Lost control,,,,,,,,,Yes,,,,Yes,,,,,Morningside Heights
1807,Major Arterial,Scarborough,Intersection,Traffic Signal,Clear,"Dark, artificial",Dry,Non-Fatal Injury,Cyclist Collisions,Driver,70 to 74,,South,Turning Left,Improper Turn,,,,,,,,Yes,Yes,,,,,,,,,Milliken
208,Local,Toronto and East York,Mid-Block,No Control,Clear,"Dark, artificial",Wet,Non-Fatal Injury,Pedestrian Collisions,Pedestrian,20 to 24,Major,North,,,Pedestrian hit at mid-block,Running onto Roadway,Normal,,,,Yes,,Yes,,,,,,,,,Dufferin Grove
1304,Collector,Etobicoke York,Mid-Block,No Control,Clear,Daylight,Dry,Fatal,Cyclist Collisions,Cyclist,70 to 74,Fatal,West,Going Ahead,,,,,"Motorist turns right at non-signal Inter.(stop, yield, no cont.,and dwy) and strikes cyclist.",Driving Properly,Normal,,Yes,Yes,,,,,,,,,Rockcliffe-Smythe
1608,Collector,Scarborough,Mid-Block,No Control,Clear,Daylight,Dry,Non-Fatal Injury,Rear End,Driver,60 to 64,Major,West,Going Ahead,Driving Properly,,,,,,,,,Yes,,,,,,Yes,,,Centennial Scarborough
1732,Major Arterial,Etobicoke York,Intersection,Stop Sign,Clear,Daylight,Dry,Non-Fatal Injury,Angle,Driver,30 to 34,,East,Going Ahead,Failed to Yield Right of Way,,,,,,,,,Yes,Yes,,,Yes,,Yes,,,West Humber-Clairville
1304,Collector,Etobicoke York,Mid-Block,No Control,Clear,Daylight,Dry,Fatal,Cyclist Collisions,Driver,60 to 64,,West,Turning Right,Improper Turn,,,,,,,,Yes,Yes,,,,,,,,,Rockcliffe-Smythe
1152,Collector,North York,Mid-Block,No Control,Clear,Daylight,Dry,Fatal,Pedestrian Collisions,Pedestrian,80 to 84,Fatal,South,,,Pedestrian hit on sidewalk or shoulder,On Sidewalk or Shoulder,Normal,,,,Yes,,Yes,,,,,,,,,Parkwoods-O'Connor Hills
2117,Major Arterial,North York,Mid-Block,No Control,Rain,"Dark, artificial",Wet,Non-Fatal Injury,Rear End,Driver,60 to 64,,East,Going Ahead,Following too Close,,,,,,,,,Yes,,,,Yes,,Yes,,,Newtonbrook East
1807,Major Arterial,Scarborough,Intersection,Traffic Signal,Clear,"Dark, artificial",Dry,Non-Fatal Injury,Cyclist Collisions,Cyclist,55 to 59,Major,South,Going Ahead,,,,,Motorist turned left across cyclists path.,Driving Properly,Normal,,Yes,Yes,,,,,,,,,Milliken
2017,Collector,Scarborough,Intersection,Traffic Signal,Clear,"Dark, artificial",Dry,Non-Fatal Injury,Turning Movement,Passenger,15 to 19,Minor,,,,,,,,,,,,Yes,,,,Yes,Yes,Yes,Yes,,Wexford/Maryvale
230,Minor Arterial,Scarborough,Intersection,Stop Sign,Clear,"Dark, artificial",Dry,Non-Fatal Injury,SMV Other,Passenger,20 to 24,Major,,,,,,,,,,,,Yes,,,,Yes,,,,,Morningside Heights
4,Major Arterial,Etobicoke York,Mid-Block,No Control,Clear,"Dark, artificial",Dry,Non-Fatal Injury,SMV Other,Driver,60 to 64,Major,South,Unknown,Speed too Fast For Condition,,,,,,,,,Yes,,,,,Yes,Yes,,,West Humber-Clairville
1919,Major Arterial,North York,Intersection,Traffic Signal,Clear,"Dark, artificial",Dry,Non-Fatal Injury,Pedestrian Collisions,Driver,unknown,,North,Turning Left,Failed to Yield Right of Way,,,,,,,Yes,,Yes,,,,,,Yes,,,Caledonia-Fairbank
1152,Collector,North York,Mid-Block,No Control,Clear,Daylight,Dry,Fatal,Pedestrian Collisions,Driver,25 to 29,,South,Going Ahead,Lost control,,,,,,,Yes,,Yes,,,,,,,,,Parkwoods-O'Connor Hills
1917,Major Arterial,Etobicoke York,Intersection,Traffic Signal,Clear,Daylight,Dry,Non-Fatal Injury,Turning Movement,Motorcycle Driver,35 to 39,Major,North,Going Ahead,Lost control,,,,,,,,,Yes,Yes,,,,Yes,Yes,,,Keelesdale-Eglinton West
649,Major Arterial,Scarborough,Intersection,Traffic Signal,Clear,"Dark, artificial",Wet,Non-Fatal Injury,Pedestrian Collisions,Driver,35 to 39,,East,Turning Left,Improper Turn,,,,,,,Yes,,Yes,,,,Yes,,,,,Clairlea-Birchmount
1732,Major Arterial,Etobicoke York,Intersection,Stop Sign,Clear,Daylight,Dry,Non-Fatal Injury,Angle,Motorcycle Driver,60 to 64,Major,South,Going Ahead,Driving Properly,,,,,,,,,Yes,Yes,,,Yes,,Yes,,,West Humber-Clairville
1550,Major Arterial,Toronto and East York,Intersection,No Control,Clear,Daylight,Dry,Non-Fatal Injury,Cyclist Collisions,Driver,unknown,,West,Overtaking,Improper Passing,,,,,,,,Yes,Yes,,,,,,Yes,,,North Riverdale
905,Major Arterial,Scarborough,Intersection,Traffic Signal,Clear,Daylight,Dry,Non-Fatal Injury,Pedestrian Collisions,Driver,65 to 69,,South,Turning Left,Failed to Yield Right of Way,,,,,,,Yes,,Yes,,,,,,Yes,,,Steeles
306,Major Arterial,Etobicoke York,Intersection,Traffic Signal,Clear,"Dark, artificial",Dry,Non-Fatal Injury,Rear End,Motorcycle Driver,35 to 39,Major,North,Going Ahead,Driving Properly,,,,,,,,,Yes,Yes,,,Yes,,,,,Brookhaven-Amesbury
1732,Major Arterial,Etobicoke York,Intersection,Stop Sign,Clear,Daylight,Dry,Non-Fatal Injury,Angle,Passenger,55 to 59,,,,,,,,,,,,,Yes,Yes,,,Yes,,Yes,,,West Humber-Clairville
1919,Major Arterial,North York,Intersection,Traffic Signal,Clear,"Dark, artificial",Dry,Non-Fatal Injury,Pedestrian Collisions,Pedestrian,25 to 29,Major,South,,,Vehicle turns left while ped crosses with ROW at inter.,Crossing with right of way,Normal,,,,Yes,,Yes,,,,,,Yes,,,Caledonia-Fairbank
1109,Minor Arterial,Toronto and East York,Intersection,Traffic Signal,Clear,Daylight,Dry,Fatal,Pedestrian Collisions,Driver,50 to 54,,North,Turning Left,Failed to Yield Right of Way,,,,,,,Yes,,Yes,,,,,,Yes,,,Wychwood
2022,Major Arterial,North York,Intersection,Traffic Signal,Clear,"Dark, artificial",Wet,Non-Fatal Injury,Turning Movement,Driver,25 to 29,,West,Turning Left,Improper Turn,,,,,,,,,Yes,,,,Yes,,,,,Victoria Village
1109,Minor Arterial,Toronto and East York,Intersection,Traffic Signal,Clear,Daylight,Dry,Fatal,Pedestrian Collisions,Pedestrian,Over 95,Fatal,North,,,Vehicle turns left while ped crosses with ROW at inter.,Crossing with right of way,Normal,,,,Yes,,Yes,,,,,,Yes,,,Wychwood
649,Major Arterial,Scarborough,Intersection,Traffic Signal,Clear,"Dark, artificial",Wet,Non-Fatal Injury,Pedestrian Collisions,Pedestrian,70 to 74,Major,West,,,Vehicle turns left while ped crosses with ROW at inter.,Crossing with right of way,Normal,,,,Yes,,Yes,,,,Yes,,,,,Clairlea-Birchmount
1550,Major Arterial,Toronto and East York,Intersection,No Control,Clear,Daylight,Dry,Non-Fatal Injury,Cyclist Collisions,Cyclist,20 to 24,Major,West,Going Ahead,,,,,Cyclist and Driver travelling in same direction. One vehicle sideswipes the other.,Driving Properly,Had Been Drinking,,Yes,Yes,,,,,,Yes,,,North Riverdale
306,Major Arterial,Etobicoke York,Intersection,Traffic Signal,Clear,"Dark, artificial",Dry,Non-Fatal Injury,Rear End,Driver,65 to 69,,North,Slowing or Stopping,Improper Lane Change,,,,,,,,,Yes,Yes,,,Yes,,,,,Brookhaven-Amesbury
905,Major Arterial,Scarborough,Intersection,Traffic Signal,Clear,Daylight,Dry,Non-Fatal Injury,Pedestrian Collisions,Pedestrian,60 to 64,Major,Unknown,,,Vehicle turns left while ped crosses with ROW at inter.,Crossing with right of way,Normal,,,,Yes,,Yes,,,,,,Yes,,,Steeles
825,Major Arterial,North York,Mid-Block,No Control,Rain,Daylight,Wet,Non-Fatal Injury,SMV Other,Motorcycle Driver,25 to 29,Major,South,Slowing or Stopping,Lost control,,,,,,,,,,Yes,,,,,,,,Leaside-Bennington
1320,Major Arterial,Scarborough,Mid-Block,No Control,Rain,Daylight,Wet,Non-Fatal Injury,Pedestrian Collisions,Pedestrian,20 to 24,Major,Unknown,,,Pedestrian hit on sidewalk or shoulder,On Sidewalk or Shoulder,Normal,,,,Yes,,Yes,,,,,,,,,Woburn North
649,Major Arterial,Scarborough,Intersection,Traffic Signal,Clear,"Dark, artificial",Wet,Non-Fatal Injury,Pedestrian Collisions,Passenger,50 to 54,,,,,,,,,,,Yes,,Yes,,,,Yes,,,,,Clairlea-Birchmount
1320,Major Arterial,Scarborough,Mid-Block,No Control,Rain,Daylight,Wet,Non-Fatal Injury,Pedestrian Collisions,Driver,40 to 44,,South,Going Ahead,Lost control,,,,,,,Yes,,Yes,,,,,,,,,Woburn North
1917,Major Arterial,Etobicoke York,Intersection,Traffic Signal,Clear,Daylight,Dry,Non-Fatal Injury,Turning Movement,Driver,35 to 39,,South,Turning Left,Driving Properly,,,,,,,,,Yes,Yes,,,,Yes,Yes,,,Keelesdale-Eglinton West
1117,Major Arterial,Scarborough,Intersection,Traffic Signal,Clear,Daylight,Dry,Fatal,Pedestrian Collisions,Pedestrian,40 to 44,Fatal,Unknown,,,Pedestrian hit at mid-block,Playing or Working on Highway,Normal,,,,Yes,,Yes,,,,,Yes,Yes,Yes,,Kennedy Park
237,Major Arterial,Etobicoke York,Intersection,Traffic Signal,Clear,"Dark, artificial",Dry,Non-Fatal Injury,Turning Movement,Driver,20 to 24,,North,Going Ahead,Driving Properly,,,,,,,,,Yes,,,,,,Yes,,Yes,Black Creek
2040,Local,Etobicoke York,Intersection,No Control,Clear,"Dark, artificial",Dry,Non-Fatal Injury,Pedestrian Collisions,Driver,25 to 29,,East,Turning Left,Failed to Yield Right of Way,,,,,,,Yes,,Yes,,,,,,Yes,,,Mimico-Queensway