TIME,ROAD_CLASS,DISTRICT,LOCCOORD,TRAFFCTL,VISIBILITY,LIGHT,RDSFCOND,ACCLASS,IMPACTYPE,INVTYPE,INVAGE,INJURY,INITDIR,MANOEUVER,DRIVACT,PEDTYPE,PEDACT,PEDCOND,CYCLISTYPE,CYCACT,CYCCOND,PEDESTRIAN,CYCLIST,AUTOMOBILE,MOTORCYCLE,TRUCK,TRSN_CITY_VEH,PASSENGER,SPEEDING,AG_DRIV,REDLIGHT,ALCOHOL,NEIGHBOURHOOD_158
701,Major Arterial,Toronto and East York,Intersection,Traffic Signal,Clear,Daylight,Dry,Non-Fatal Injury,Cyclist Collisions,Driver,50 to 54,,East,Turning Left,Failed to Yield Right of Way,,,,,,,,Yes,Yes,,,,,,Yes,,,Little Portugal
2022,Major Arterial,North York,Intersection,Traffic Signal,Clear,"Dark, artificial",Wet,Non-Fatal Injury,Turning Movement,Driver,50 to 54,,East,Going Ahead,Driving Properly,,,,,,,,,Yes,,,,Yes,,,,,Victoria Village
2100,Minor Arterial,Toronto and East York,Intersection,Traffic Signal,Clear,"Dusk, artificial",Dry,Non-Fatal Injury,Pedestrian Collisions,Driver,unknown,,East,Turning Left,Other,,,,,,,Yes,,Yes,,,,,,,,,Dufferin Grove
1053,Major Arterial,Etobicoke York,Intersection,Traffic Signal,Clear,Daylight,Dry,Non-Fatal Injury,Pedestrian Collisions,Driver,80 to 84,,North,Turning Left,Improper Turn,,,,,,,Yes,,Yes,,,,Yes,,,,,Islington
306,Major Arterial,Etobicoke York,Intersection,Traffic Signal,Clear,"Dark, artificial",Dry,Non-Fatal Injury,Rear End,Passenger,20 to 24,,,,,,,,,,,,,Yes,Yes,,,Yes,,,,,Brookhaven-Amesbury
1117,Major Arterial,Scarborough,Intersection,Traffic Signal,Clear,Daylight,Dry,Fatal,Pedestrian Collisions,Driver,unknown,,East,Going Ahead,Disobeyed Traffic Control,,,,,,,Yes,,Yes,,,,,Yes,Yes,Yes,,Kennedy Park
2022,Major Arterial,North York,Intersection,Traffic Signal,Clear,"Dark, artificial",Wet,Non-Fatal Injury,Turning Movement,Passenger,25 to 29,,,,,,,,,,,,,Yes,,,,Yes,,,,,Victoria Village
237,Major Arterial,Etobicoke York,Intersection,Traffic Signal,Clear,"Dark, artificial",Dry,Non-Fatal Injury,Turning Movement,Driver,25 to 29,Major,South,Turning Left,Failed to Yield Right of Way,,,,,,,,,Yes,,,,,,Yes,,Yes,Black Creek
2040,Local,Etobicoke York,Intersection,No Control,Clear,"Dark, artificial",Dry,Non-Fatal Injury,Pedestrian Collisions,Pedestrian,85 to 89,Major,East,,,Vehicle turns left while ped crosses with ROW at inter.,Crossing with right of way,Normal,,,,Yes,,Yes,,,,,,Yes,,,Mimico-Queensway
2100,Minor Arterial,Toronto and East York,Intersection,Traffic Signal,Clear,"Dusk, artificial",Dry,Non-Fatal Injury,Pedestrian Collisions,Pedestrian,25 to 29,Major,East,,,Vehicle turns left while ped crosses without ROW at inter.,Crossing without right of way,Normal,,,,Yes,,Yes,,,,,,,,,Dufferin Grove
1053,Major Arterial,Etobicoke York,Intersection,Traffic Signal,Clear,Daylight,Dry,Non-Fatal Injury,Pedestrian Collisions,Passenger,90 to 94,,,,,,,,,,,Yes,,Yes,,,,Yes,,,,,Islington
1918,Major Arterial,Etobicoke York,Intersection,Stop Sign,Clear,"Dark, artificial",Dry,Non-Fatal Injury,Turning Movement,Passenger,55 to 59,Minimal,,,,,,,,,,,,Yes,Yes,,,Yes,,Yes,,,Rustic
701,Major Arterial,Toronto and East York,Intersection,Traffic Signal,Clear,Daylight,Dry,Non-Fatal Injury,Cyclist Collisions,Cyclist,65 to 69,Major,West,Going Ahead,,,,,Motorist turned left across cyclists path.,Driving Properly,Normal,,Yes,Yes,,,,,,Yes,,,Little Portugal
2022,Major Arterial,North York,Intersection,Traffic Signal,Clear,"Dark, artificial",Wet,Non-Fatal Injury,Turning Movement,Passenger,20 to 24,Minor,,,,,,,,,,,,Yes,,,,Yes,,,,,Victoria Village
900,Major Arterial,Toronto and East York,Intersection,No Control,Clear,Daylight,Dry,Non-Fatal Injury,Rear End,Driver,65 to 69,Major,North,Going Ahead,Lost control,,,,,,,,,Yes,,,,Yes,,,,,Clairlea-Birchmount
1515,Major Arterial,Etobicoke York,Intersection,Traffic Signal,Clear,Daylight,Dry,Non-Fatal Injury,Turning Movement,Driver,55 to 59,,South,Going Ahead,Driving Properly,,,,,,,,,Yes,,,,,,,,,Eringate-Centennial-West Deane
1723,Major Arterial,North York,Mid-Block,No Control,Clear,Daylight,Dry,Non-Fatal Injury,Rear End,Passenger,75 to 79,,,,,,,,,,,,,Yes,,,,Yes,Yes,Yes,,,Hillcrest Village
715,Major Arterial,Toronto and East York,Intersection,No Control,Clear,Daylight,Dry,Non-Fatal Injury,Cyclist Collisions,Driver,55 to 59,,West,Turning Left,Failed to Yield Right of Way,,,,,,,,Yes,Yes,,,,,,Yes,,,Yonge-Bay Corridor
1918,Major Arterial,Etobicoke York,Intersection,Stop Sign,Clear,"Dark, artificial",Dry,Non-Fatal Injury,Turning Movement,Motorcycle Driver,20 to 24,Major,North,Going Ahead,Driving Properly,,,,,,,,,Yes,Yes,,,Yes,,Yes,,,Rustic
1515,Major Arterial,Etobicoke York,Intersection,Traffic Signal,Clear,Daylight,Dry,Non-Fatal Injury,Turning Movement,Driver,20 to 24,Major,South,Going Ahead,Driving Properly,,,,,,,,,Yes,,,,,,,,,Eringate-Centennial-West Deane
900,Major Arterial,Toronto and East York,Intersection,No Control,Clear,Daylight,Dry,Non-Fatal Injury,Rear End,Driver,25 to 29,Minor,North,Stopped,Driving Properly,,,,,,,,,Yes,,,,Yes,,,,,Clairlea-Birchmount
2022,Major Arterial,North York,Intersection,Traffic Signal,Clear,"Dark, artificial",Wet,Non-Fatal Injury,Turning Movement,Passenger,15 to 19,Major,,,,,,,,,,,,Yes,,,,Yes,,,,,Victoria Village
1723,Major Arterial,North York,Mid-Block,No Control,Clear,Daylight,Dry,Non-Fatal Injury,Rear End,Passenger,70 to 74,Minor,,,,,,,,,,,,Yes,,,,Yes,Yes,Yes,,,Hillcrest Village
715,Major Arterial,Toronto and East York,Intersection,No Control,Clear,Daylight,Dry,Non-Fatal Injury,Cyclist Collisions,Cyclist,25 to 29,Major,East,Going Ahead,,,,,Motorist turned left across cyclists path.,Driving Properly,Normal,,Yes,Yes,,,,,,Yes,,,Yonge-Bay Corridor
1918,Major Arterial,Etobicoke York,Intersection,Stop Sign,Clear,"Dark, artificial",Dry,Non-Fatal Injury,Turning Movement,Driver,50 to 54,Minimal,South,Turning Left,Failed to Yield Right of Way,,,,,,,,,Yes,Yes,,,Yes,,Yes,,,Rustic
2010,Local,Toronto and East York,Mid-Block,No Control,Clear,Dark,Wet,Fatal,Pedestrian Collisions,Pedestrian,70 to 74,Fatal,Unknown,,,Pedestrian hit at private driveway,Other,Unknown,,,,Yes,,Yes,,,,,,,,,Moss Park
900,Major Arterial,Toronto and East York,Intersection,No Control,Clear,Daylight,Dry,Non-Fatal Injury,Rear End,Passenger,30 to 34,Minimal,,,,,,,,,,,,Yes,,,,Yes,,,,,Clairlea-Birchmount
2022,Major Arterial,North York,Intersection,Traffic Signal,Clear,"Dark, artificial",Wet,Non-Fatal Injury,Turning Movement,Passenger,50 to 54,Minor,,,,,,,,,,,,Yes,,,,Yes,,,,,Victoria Village
1053,Major Arterial,Etobicoke York,Intersection,Traffic Signal,Clear,Daylight,Dry,Non-Fatal Injury,Pedestrian Collisions,Pedestrian,50 to 54,Major,South,,,Vehicle turns left while ped crosses with ROW at inter.,Crossing with right of way,Normal,,,,Yes,,Yes,,,,Yes,,,,,Islington
2240,Minor Arterial,Etobicoke York,Mid-Block,No Control,Clear,"Dark, artificial",Dry,Non-Fatal Injury,Pedestrian Collisions,Driver,40 to 44,,South,Going Ahead,Driving Properly,,,,,,,Yes,,Yes,,,,Yes,,,,,Etobicoke West Mall
2010,Local,Toronto and East York,Mid-Block,No Control,Clear,Dark,Wet,Fatal,Pedestrian Collisions,Driver,35 to 39,,East,Going Ahead,Other,,,,,,,Yes,,Yes,,,,,,,,,Moss Park
950,Expressway,North York,Mid-Block,No Control,Clear,Daylight,Dry,Non-Fatal Injury,Rear End,Motorcycle Driver,45 to 49,Major,North,Changing Lanes,Improper Lane Change,,,,,,,,,Yes,Yes,,,,,,,,Banbury-Don Mills
407,Major Arterial,Toronto and East York,Mid-Block,No Control,Rain,"Dark, artificial",Wet,Fatal,Pedestrian Collisions,Pedestrian,45 to 49,Fatal,Unknown,,,Pedestrian hit at mid-block,Other,Medical or Physical Disability,,,,Yes,,Yes,,,,,,,,,Moss Park
1723,Major Arterial,North York,Mid-Block,No Control,Clear,Daylight,Dry,Non-Fatal Injury,Rear End,Passenger,30 to 34,,,,,,,,,,,,,Yes,,,,Yes,Yes,Yes,,,Hillcrest Village
1030,Major Arterial,Toronto and East York,Mid-Block,No Control,Clear,Daylight,Dry,Non-Fatal Injury,Cyclist Collisions,Truck Driver,35 to 39,,East,Going Ahead,Other,,,,,,,,Yes,,,Yes,,,,,,,Annex
251,Major Arterial,Scarborough,Intersection,Traffic Signal,"Fog, Mist, Smoke, Dust","Dark, artificial",Wet,Non-Fatal Injury,Turning Movement,Driver,20 to 24,,West,Going Ahead,Exceeding Speed Limit,,,,,,,,,Yes,,,,Yes,Yes,Yes,,,Agincourt North
407,Major Arterial,Toronto and East York,Mid-Block,No Control,Rain,"Dark, artificial",Wet,Fatal,Pedestrian Collisions,Driver,unknown,,East,Going Ahead,Other,,,,,,,Yes,,Yes,,,,,,,,,Moss Park
950,Expressway,North York,Mid-Block,No Control,Clear,Daylight,Dry,Non-Fatal Injury,Rear End,Driver,40 to 44,,North,Slowing or Stopping,Driving Properly,,,,,,,,,Yes,Yes,,,,,,,,Banbury-Don Mills
1405,Local,Etobicoke York,Mid-Block,No Control,Clear,Daylight,Other,Non-Fatal Injury,SMV Other,Driver,85 to 89,Major,West,Reversing,Other,,,,,,,,,Yes,,,,,,,,,Black Creek
2240,Minor Arterial,Etobicoke York,Mid-Block,No Control,Clear,"Dark, artificial",Dry,Non-Fatal Injury,Pedestrian Collisions,Passenger,20 to 24,,,,,,,,,,,Yes,,Yes,,,,Yes,,,,,Etobicoke West Mall
10,Minor Arterial,Scarborough,Intersection,Traffic Signal,Rain,"Dark, artificial",Wet,Non-Fatal Injury,Pedestrian Collisions,Driver,40 to 44,,East,Turning Left,Improper Turn,,,,,,,Yes,,Yes,,,,,,,,,Malvern West
2046,Collector,Toronto and East York,Intersection,No Control,Clear,"Dark, artificial",Dry,Non-Fatal Injury,Cyclist Collisions,Driver,20 to 24,,North,Turning Left,Improper Turn,,,,,,,,Yes,Yes,,,,,,,,,Little Portugal
1030,Major Arterial,Toronto and East York,Mid-Block,No Control,Clear,Daylight,Dry,Non-Fatal Injury,Cyclist Collisions,Cyclist,20 to 24,Major,East,Going Ahead,,,,,Cyclist and Driver travelling in same direction. One vehicle sideswipes the other.,Other,Normal,,Yes,,,Yes,,,,,,,Annex
1700,Major Arterial,North York,Intersection,Stop Sign,Clear,Daylight,Dry,Non-Fatal Injury,Turning Movement,Passenger,65 to 69,Minor,,,,,,,,,,,,Yes,,,Yes,Yes,,,,,Clanton Park
10,,Etobicoke York,Mid-Block,No Control,Rain,"Dark, artificial",Wet,Non-Fatal Injury,Rear End,Passenger,20 to 24,Major,,,,,,,,,,,,Yes,,,,Yes,Yes,Yes,,,Alderwood
10,Minor Arterial,Scarborough,Intersection,Traffic Signal,Rain,"Dark, artificial",Wet,Non-Fatal Injury,Pedestrian Collisions,Pedestrian,15 to 19,Major,North,,,Vehicle turns left while ped crosses with ROW at inter.,Crossing with right of way,Normal,,,,Yes,,Yes,,,,,,,,,Malvern West
251,Major Arterial,Scarborough,Intersection,Traffic Signal,"Fog, Mist, Smoke, Dust","Dark, artificial",Wet,Non-Fatal Injury,Turning Movement,Driver,20 to 24,Major,East,Turning Left,Driving Properly,,,,,,,,,Yes,,,,Yes,Yes,Yes,,,Agincourt North
853,Minor Arterial,Toronto and East York,Intersection,Traffic Signal,Rain,Daylight,Wet,Non-Fatal Injury,Pedestrian Collisions,Driver,30 to 34,,South,Turning Left,Failed to Yield Right of Way,,,,,,,Yes,,Yes,,,,,,Yes,,,Little Portugal
2240,Minor Arterial,Etobicoke York,Mid-Block,No Control,Clear,"Dark, artificial",Dry,Non-Fatal Injury,Pedestrian Collisions,Passenger,30 to 34,,,,,,,,,,,Yes,,Yes,,,,Yes,,,,,Etobicoke West Mall
2046,Collector,Toronto and East York,Intersection,No Control,Clear,"Dark, artificial",Dry,Non-Fatal Injury,Cyclist Collisions,Cyclist,30 to 34,Major,South,Going Ahead,,,,,Motorist turned left across cyclists path.,Driving Properly,Normal,,Yes,Yes,,,,,,,,,Little Portugal
1723,Major Arterial,North York,Mid-Block,No Control,Clear,Daylight,Dry,Non-Fatal Injury,Rear End,Passenger,30 to 34,Minor,,,,,,,,,,,,Yes,,,,Yes,Yes,Yes,,,Hillcrest Village
135,Collector,Toronto and East York,Mid-Block,No Control,Clear,"Dark, artificial",Dry,Non-Fatal Injury,SMV Unattended Vehicle,Driver,20 to 24,Major,South,Going Ahead,Lost control,,,,,,,,,Yes,,,,,,Yes,,,Junction-Wallace Emerson
1700,Major Arterial,North York,Intersection,Stop Sign,Clear,Daylight,Dry,Non-Fatal Injury,Turning Movement,Passenger,5 to 9,Minimal,,,,,,,,,,,,Yes,,,Yes,Yes,,,,,Clanton Park
10,,Etobicoke York,Mid-Block,No Control,Rain,"Dark, artificial",Wet,Non-Fatal Injury,Rear End,Passenger,15 to 19,Major,,,,,,,,,,,,Yes,,,,Yes,Yes,Yes,,,Alderwood
1543,Major Arterial,Toronto and East York,Intersection,Traffic Signal,Clear,Daylight,Dry,Non-Fatal Injury,Cyclist Collisions,Cyclist,60 to 64,Major,West,Changing Lanes,,,,,Cyclist and Driver travelling in same direction. One vehicle sideswipes the other.,Improper Lane Change,Normal,,Yes,Yes,,,,,,,,,Woodbine Corridor
730,Major Arterial,Etobicoke York,Intersection,No Control,Rain,"Dawn, artificial",Wet,Non-Fatal Injury,Pedestrian Collisions,Driver,30 to 34,,South,Turning Left,Failed to Yield Right of Way,,,,,,,Yes,,Yes,,,,,,Yes,,,Keelesdale-Eglinton West
1700,Major Arterial,North York,Intersection,Stop Sign,Clear,Daylight,Dry,Non-Fatal Injury,Turning Movement,Passenger,5 to 9,Minimal,,,,,,,,,,,,Yes,,,Yes,Yes,,,,,Clanton Park
1700,Major Arterial,North York,Intersection,Stop Sign,Clear,Daylight,Dry,Non-Fatal Injury,Turning Movement,Passenger,35 to 39,Major,,,,,,,,,,,,Yes,,,Yes,Yes,,,,,Clanton Park
251,Major Arterial,Scarborough,Intersection,Traffic Signal,"Fog, Mist, Smoke, Dust","Dark, artificial",Wet,Non-Fatal Injury,Turning Movement,Passenger,20 to 24,Minimal,,,,,,,,,,,,Yes,,,,Yes,Yes,Yes,,,Agincourt North
1723,Major Arterial,North York,Mid-Block,No Control,Clear,Daylight,Dry,Non-Fatal Injury,Rear End,Driver,35 to 39,,West,Stopped,Driving Properly,,,,,,,,,Yes,,,,Yes,Yes,Yes,,,Hillcrest Village
1543,Major Arterial,Toronto and East York,Intersection,Traffic Signal,Clear,Daylight,Dry,Non-Fatal Injury,Cyclist Collisions,Driver,55 to 59,,West,Going Ahead,Driving Properly,,,,,,,,Yes,Yes,,,,,,,,,Woodbine Corridor
730,Major Arterial,Etobicoke York,Intersection,No Control,Rain,"Dawn, artificial",Wet,Non-Fatal Injury,Pedestrian Collisions,Pedestrian,unknown,Major,North,,,Vehicle turns left while ped crosses with ROW at inter.,Crossing with right of way,Normal,,,,Yes,,Yes,,,,,,Yes,,,Keelesdale-Eglinton West
2240,Minor Arterial,Etobicoke York,Mid-Block,No Control,Clear,"Dark, artificial",Dry,Non-Fatal Injury,Pedestrian Collisions,Passenger,10 to 14,,,,,,,,,,,Yes,,Yes,,,,Yes,,,,,Etobicoke West Mall
853,Minor Arterial,Toronto and East York,Intersection,Traffic Signal,Rain,Daylight,Wet,Non-Fatal Injury,Pedestrian Collisions,Pedestrian,65 to 69,Major,South,,,Vehicle turns left while ped crosses with ROW at inter.,Crossing with right of way,Normal,,,,Yes,,Yes,,,,,,Yes,,,Little Portugal
251,Major Arterial,Scarborough,Intersection,Traffic Signal,"Fog, Mist, Smoke, Dust","Dark, artificial",Wet,Non-Fatal Injury,Turning Movement,Passenger,15 to 19,,,,,,,,,,,,,Yes,,,,Yes,Yes,Yes,,,Agincourt North
823,Major Arterial,Scarborough,Intersection,Stop Sign,Rain,Daylight,Wet,Non-Fatal Injury,Pedestrian Collisions,Driver,55 to 59,,South,Going Ahead,Driving Properly,,,,,,,Yes,,Yes,,,,,Yes,Yes,,,Bendale-Glen Andrew
1055,Major Arterial,Scarborough,Mid-Block,No Control,Clear,Daylight,Dry,Non-Fatal Injury,Other,Driver,30 to 34,,North,Pulling Away from Shoulder or Curb,Driving Properly,,,,,,,,,,,,Yes,Yes,,,,,Eglinton East
1700,Major Arterial,North York,Intersection,Stop Sign,Clear,Daylight,Dry,Non-Fatal Injury,Turning Movement,Driver,30 to 34,,West,Going Ahead,Driving Properly,,,,,,,,,Yes,,,Yes,Yes,,,,,Clanton Park
1454,Local,Etobicoke York,Intersection,No Control,Clear,Daylight,Dry,Non-Fatal Injury,Pedestrian Collisions,Driver,35 to 39,,West,Reversing,Other,,,,,,,Yes,,Yes,,,,,,,,,Humber Heights-Westmount
2240,Minor Arterial,Etobicoke York,Mid-Block,No Control,Clear,"Dark, artificial",Dry,Non-Fatal Injury,Pedestrian Collisions,Pedestrian,15 to 19,Major,West,,,Pedestrian hit at mid-block,"Crossing, no Traffic Control",Inattentive,,,,Yes,,Yes,,,,Yes,,,,,Etobicoke West Mall
251,Major Arterial,Scarborough,Intersection,Traffic Signal,"Fog, Mist, Smoke, Dust","Dark, artificial",Wet,Non-Fatal Injury,Turning Movement,Passenger,25 to 29,,,,,,,,,,,,,Yes,,,,Yes,Yes,Yes,,,Agincourt North
10,,Etobicoke York,Mid-Block,No Control,Rain,"Dark, artificial",Wet,Non-Fatal Injury,Rear End,Passenger,unknown,Minor,,,,,,,,,,,,Yes,,,,Yes,Yes,Yes,,,Alderwood
1723,Major Arterial,North York,Mid-Block,No Control,Clear,Daylight,Dry,Non-Fatal Injury,Rear End,Driver,45 to 49,Minimal,West,Stopped,Driving Properly,,,,,,,,,Yes,,,,Yes,Yes,Yes,,,Hillcrest Village
10,,Etobicoke York,Mid-Block,No Control,Rain,"Dark, artificial",Wet,Non-Fatal Injury,Rear End,Passenger,50 to 54,Minor,,,,,,,,,,,,Yes,,,,Yes,Yes,Yes,,,Alderwood
823,Major Arterial,Scarborough,Intersection,Stop Sign,Rain,Daylight,Wet,Non-Fatal Injury,Pedestrian Collisions,Pedestrian,15 to 19,Major,East,,,Vehicle is going straight thru inter.while ped cross without ROW,"Crossing, no Traffic Control",Normal,,,,Yes,,Yes,,,,,Yes,Yes,,,Bendale-Glen Andrew
1055,Major Arterial,Scarborough,Mid-Block,No Control,Clear,Daylight,Dry,Non-Fatal Injury,Other,Passenger,80 to 84,Major,,,,,,,,,,,,,,,Yes,Yes,,,,,Eglinton East
1700,Major Arterial,North York,Intersection,Stop Sign,Clear,Daylight,Dry,Non-Fatal Injury,Turning Movement,Driver,30 to 34,,South,Turning Left,Improper Turn,,,,,,,,,Yes,,,Yes,Yes,,,,,Clanton Park
1454,Local,Etobicoke York,Intersection,No Control,Clear,Daylight,Dry,Non-Fatal Injury,Pedestrian Collisions,Pedestrian,55 to 59,Minimal,North,,,Vehicle is reversing and hits pedestrian,Other,Normal,,,,Yes,,Yes,,,,,,,,,Humber Heights-Westmount
2240,Minor Arterial,Etobicoke York,Mid-Block,No Control,Clear,"Dark, artificial",Dry,Non-Fatal Injury,Pedestrian Collisions,Pedestrian,15 to 19,Major,West,,,Pedestrian hit at mid-block,"Crossing, no Traffic Control",Inattentive,,,,Yes,,Yes,,,,Yes,,,,,Etobicoke West Mall
251,Major Arterial,Scarborough,Intersection,Traffic Signal,"Fog, Mist, Smoke, Dust","Dark, artificial",Wet,Non-Fatal Injury,Turning Movement,Passenger,15 to 19,Minimal,,,,,,,,,,,,Yes,,,,Yes,Yes,Yes,,,Agincourt North
1404,Major Arterial,Scarborough,Mid-Block,No Control,Clear,Daylight,Dry,Non-Fatal Injury,Pedestrian Collisions,Motorcycle Driver,25 to 29,Minor,East,Going Ahead,Exceeding Speed Limit,,,,,,,Yes,,,Yes,,,,Yes,Yes,,,L'Amoreaux West
2215,Major Arterial,North York,Intersection,No Control,Rain,"Dark, artificial",Wet,Non-Fatal Injury,Pedestrian Collisions,Driver,40 to 44,,South,Going Ahead,Driving Properly,,,,,,,Yes,,Yes,,,,,,,,,Yorkdale-Glen Park
1723,Major Arterial,North York,Mid-Block,No Control,Clear,Daylight,Dry,Non-Fatal Injury,Rear End,Driver,35 to 39,,West,Stopped,Driving Properly,,,,,,,,,Yes,,,,Yes,Yes,Yes,,,Hillcrest Village
1403,Major Arterial,Etobicoke York,Mid-Block,No Control,Clear,Daylight,Dry,Non-Fatal Injury,Approaching,Driver,40 to 44,Minor,West,Going Ahead,Lost control,,,,,,,,,Yes,,,,Yes,Yes,Yes,,,Islington
1404,Major Arterial,Scarborough,Mid-Block,No Control,Clear,Daylight,Dry,Non-Fatal Injury,Pedestrian Collisions,Pedestrian,60 to 64,Major,North,,,Pedestrian hit at mid-block,"Crossing, no Traffic Control",Normal,,,,Yes,,,Yes,,,,Yes,Yes,,,L'Amoreaux West
10,,Etobicoke York,Mid-Block,No Control,Rain,"Dark, artificial",Wet,Non-Fatal Injury,Rear End,Passenger,45 to 49,Minor,,,,,,,,,,,,Yes,,,,Yes,Yes,Yes,,,Alderwood
1922,Major Arterial,North York,Intersection,No Control,Rain,Dark,Wet,Fatal,Pedestrian Collisions,Pedestrian,60 to 64,Fatal,Unknown,,,Pedestrian hit at mid-block,"Crossing, no Traffic Control",Inattentive,,,,Yes,,Yes,,,,Yes,,Yes,,,Leaside-Bennington
2215,Major Arterial,North York,Intersection,No Control,Rain,"Dark, artificial",Wet,Non-Fatal Injury,Pedestrian Collisions,Pedestrian,15 to 19,Major,West,,,Vehicle is going straight thru inter.while ped cross without ROW,"Crossing, no Traffic Control",Inattentive,,,,Yes,,Yes,,,,,,,,,Yorkdale-Glen Park
1723,Major Arterial,North York,Mid-Block,No Control,Clear,Daylight,Dry,Non-Fatal Injury,Rear End,Driver,45 to 49,,West,Stopped,Driving Properly,,,,,,,,,Yes,,,,Yes,Yes,Yes,,,Hillcrest Village
1403,Major Arterial,Etobicoke York,Mid-Block,No Control,Clear,Daylight,Dry,Non-Fatal Injury,Approaching,Driver,85 to 89,Major,East,Going Ahead,Driving Properly,,,,,,,,,Yes,,,,Yes,Yes,Yes,,,Islington
1922,Major Arterial,North York,Intersection,No Control,Rain,Dark,Wet,Fatal,Pedestrian Collisions,Passenger,40 to 44,,,,,,,,,,,Yes,,Yes,,,,Yes,,Yes,,,Leaside-Bennington
10,,Etobicoke York,Mid-Block,No Control,Rain,"Dark, artificial",Wet,Non-Fatal Injury,Rear End,Driver,25 to 29,Major,East,Slowing or Stopping,Driving Properly,,,,,,,,,Yes,,,,Yes,Yes,Yes,,,Alderwood
2245,Collector,Scarborough,Intersection,No Control,Clear,"Dark, artificial",Dry,Non-Fatal Injury,SMV Other,Passenger,15 to 19,Major,,,,,,,,,,,,Yes,,,,Yes,Yes,Yes,,Yes,Agincourt North
1723,Major Arterial,North York,Mid-Block,No Control,Clear,Daylight,Dry,Non-Fatal Injury,Rear End,Driver,45 to 49,,West,Stopped,Driving Properly,,,,,,,,,Yes,,,,Yes,Yes,Yes,,,Hillcrest Village
1403,Major Arterial,Etobicoke York,Mid-Block,No Control,Clear,Daylight,Dry,Non-Fatal Injury,Approaching,Driver,55 to 59,Minor,East,Going Ahead,Driving Properly,,,,,,,,,Yes,,,,Yes,Yes,Yes,,,Islington
1312,Major Arterial,Toronto and East York,Intersection,Traffic Signal,Clear,Daylight,Dry,Non-Fatal Injury,Cyclist Collisions,Cyclist,55 to 59,Major,East,Turning Left,,,,,Cyclist turned left across motorists path.,Improper Turn,Normal,,Yes,,,,Yes,,,,,,Yonge-St.Clair
1454,Local,Etobicoke York,Intersection,No Control,Clear,Daylight,Dry,Non-Fatal Injury,Pedestrian Collisions,Pedestrian,85 to 89,Major,North,,,Vehicle is reversing and hits pedestrian,Other,Normal,,,,Yes,,Yes,,,,,,,,,Humber Heights-Westmount
1922,Major Arterial,North York,Intersection,No Control,Rain,Dark,Wet,Fatal,Pedestrian Collisions,Driver,30 to 34,,East,Going Ahead,Driving Properly,,,,,,,Yes,,Yes,,,,Yes,,Yes,,,Leaside-Bennington
2245,Collector,Scarborough,Intersection,No Control,Clear,"Dark, artificial",Dry,Non-Fatal Injury,SMV Other,Driver,20 to 24,,North,Going Ahead,Lost control,,,,,,,,,Yes,,,,Yes,Yes,Yes,,Yes,Agincourt North
1403,Major Arterial,Etobicoke York,Mid-Block,No Control,Clear,Daylight,Dry,Non-Fatal Injury,Approaching,Driver,20 to 24,,East,Going Ahead,Driving Properly,,,,,,,,,Yes,,,,Yes,Yes,Yes,,,Islington
10,,Etobicoke York,Mid-Block,No Control,Rain,"Dark, artificial",Wet,Non-Fatal Injury,Rear End,Driver,75 to 79,Minimal,East,Going Ahead,Speed too Fast For Condition,,,,,,,,,Yes,,,,Yes,Yes,Yes,,,Alderwood
1403,Local,Scarborough,Intersection,No Control,Rain,Daylight,Wet,Fatal,Other,Passenger,55 to 59,Fatal,,,,,,,,,,,,,,Yes,,Yes,,,,,Birchcliffe-Cliffside
1312,Major Arterial,Toronto and East York,Intersection,Traffic Signal,Clear,Daylight,Dry,Non-Fatal Injury,Cyclist Collisions,Driver,45 to 49,,East,Going Ahead,Driving Properly,,,,,,,,Yes,,,,Yes,,,,,,Yonge-St.Clair
1040,Major Arterial,Scarborough,Mid-Block,No Control,Rain,"Daylight, artificial",Wet,Non-Fatal Injury,SMV Other,Driver,55 to 59,Major,West,Going Ahead,Lost control,,,,,,,,,Yes,,,,,,,,,Oakridge
1723,Major Arterial,North York,Mid-Block,No Control,Clear,Daylight,Dry,Non-Fatal Injury,Rear End,Driver,30 to 34,Major,West,Stopped,Driving Properly,,,,,,,,,Yes,,,,Yes,Yes,Yes,,,Hillcrest Village
635,Collector,Etobicoke York,Mid-Block,No Control,Clear,"Dark, artificial",Dry,Non-Fatal Injury,SMV Other,Driver,45 to 49,Major,East,Going Ahead,Lost control,,,,,,,,,Yes,,,,,Yes,Yes,,,Humber Summit
1055,Major Arterial,North York,Intersection,Stop Sign,Clear,Daylight,Dry,Non-Fatal Injury,Cyclist Collisions,Driver,45 to 49,,South,Turning Right,Failed to Yield Right of Way,,,,,,,,Yes,Yes,,,,,,Yes,,,Clanton Park
1403,Major Arterial,Etobicoke York,Mid-Block,No Control,Clear,Daylight,Dry,Non-Fatal Injury,Approaching,Passenger,65 to 69,Minor,,,,,,,,,,,,Yes,,,,Yes,Yes,Yes,,,Islington
717,Minor Arterial,Toronto and East York,Intersection,Traffic Signal,Rain,Dark,Wet,Fatal,Pedestrian Collisions,Driver,35 to 39,,South,Going Ahead,Driving Properly,,,,,,,Yes,,Yes,,,,,,,,,St Lawrence-East Bayfront-The Islands
835,Major Arterial,Etobicoke York,Intersection,Traffic Signal,Clear,Daylight,Dry,Non-Fatal Injury,Cyclist Collisions,Driver,20 to 24,Major,North,Turning Right,Failed to Yield Right of Way,,,,,,,,Yes,Yes,,,,,,Yes,,,West Humber-Clairville