TIME,ROAD_CLASS,DISTRICT,LOCCOORD,TRAFFCTL,VISIBILITY,LIGHT,RDSFCOND,ACCLASS,IMPACTYPE,INVTYPE,INVAGE,INJURY,INITDIR,MANOEUVER,DRIVACT,PEDTYPE,PEDACT,PEDCOND,CYCLISTYPE,CYCACT,CYCCOND,PEDESTRIAN,CYCLIST,AUTOMOBILE,MOTORCYCLE,TRUCK,TRSN_CITY_VEH,PASSENGER,SPEEDING,AG_DRIV,REDLIGHT,ALCOHOL,NEIGHBOURHOOD_158
2003,Major Arterial,Toronto and East York,Intersection,Traffic Signal,Rain,"Dark, artificial",Wet,Non-Fatal Injury,Pedestrian Collisions,Driver,55 to 59,,East,Going Ahead,Driving Properly,,,,,,,Yes,,Yes,,,,Yes,,,,,Downtown Yonge East
1606,Major Arterial,Scarborough,Mid-Block,No Control,Clear,Daylight,Dry,Fatal,Turning Movement,Passenger,0 to 4,Fatal,,,,,,,,,,,,Yes,,,,Yes,,,,,Agincourt South-Malvern West
118,Major Arterial,Etobicoke York,Mid-Block,No Control,Clear,"Dark, artificial",Dry,Non-Fatal Injury,Turning Movement,Driver,15 to 19,Major,East,Turning Left,Failed to Yield Right of Way,,,,,,,,,Yes,,,,,Yes,Yes,,,Humbermede
2003,Major Arterial,Toronto and East York,Intersection,Traffic Signal,Rain,"Dark, artificial",Wet,Non-Fatal Injury,Pedestrian Collisions,Pedestrian,50 to 54,Major,North,,,Vehicle is going straight thru inter.while ped cross without ROW,Crossing without right of way,Normal,,,,Yes,,Yes,,,,Yes,,,,,Downtown Yonge East
2106,Collector,North York,Intersection,No Control,Rain,"Dark, artificial",Wet,Non-Fatal Injury,Pedestrian Collisions,Driver,35 to 39,,West,Going Ahead,Speed too Fast For Condition,,,,,,,Yes,,Yes,,,,,Yes,Yes,,,Banbury-Don Mills
1606,Major Arterial,Scarborough,Mid-Block,No Control,Clear,Daylight,Dry,Fatal,Turning Movement,Driver,55 to 59,Minimal,East,Going Ahead,Driving Properly,,,,,,,,,Yes,,,,Yes,,,,,Agincourt South-Malvern West
2035,Major Arterial,North York,Mid-Block,No Control,Clear,"Dark, artificial",Dry,Non-Fatal Injury,Pedestrian Collisions,Driver,40 to 44,Minimal,West,Going Ahead,Exceeding Speed Limit,,,,,,,Yes,,Yes,,,,Yes,Yes,Yes,,Yes,Banbury-Don Mills
2003,Major Arterial,Toronto and East York,Intersection,Traffic Signal,Rain,"Dark, artificial",Wet,Non-Fatal Injury,Pedestrian Collisions,Passenger,15 to 19,,,,,,,,,,,Yes,,Yes,,,,Yes,,,,,Downtown Yonge East
1414,Major Arterial,Scarborough,Mid-Block,No Control,Clear,Daylight,Dry,Non-Fatal Injury,Angle,Driver,35 to 39,Major,East,Going Ahead,Driving Properly,,,,,,,,,Yes,,,,,,Yes,,,Clairlea-Birchmount
2106,Collector,North York,Intersection,No Control,Rain,"Dark, artificial",Wet,Non-Fatal Injury,Pedestrian Collisions,Pedestrian,65 to 69,Major,North,,,Vehicle is going straight thru inter.while ped cross without ROW,Crossing without right of way,Normal,,,,Yes,,Yes,,,,,Yes,Yes,,,Banbury-Don Mills
2035,Major Arterial,North York,Mid-Block,No Control,Clear,"Dark, artificial",Dry,Non-Fatal Injury,Pedestrian Collisions,Driver,35 to 39,Minimal,West,Going Ahead,Driving Properly,,,,,,,Yes,,Yes,,,,Yes,Yes,Yes,,Yes,Banbury-Don Mills
2258,Major Arterial,Etobicoke York,Mid-Block,No Control,Clear,"Dark, artificial",Dry,Non-Fatal Injury,SMV Other,Truck Driver,55 to 59,Major,North,Going Ahead,Lost control,,,,,,,,,,,Yes,,,,,,,Humbermede
1414,Major Arterial,Scarborough,Mid-Block,No Control,Clear,Daylight,Dry,Non-Fatal Injury,Angle,Driver,25 to 29,,North,Going Ahead,Failed to Yield Right of Way,,,,,,,,,Yes,,,,,,Yes,,,Clairlea-Birchmount
1335,Collector,Toronto and East York,Intersection,Pedestrian Crossover,Clear,Daylight,Dry,Fatal,Pedestrian Collisions,Driver,60 to 64,,South,Turning Left,Failed to Yield Right of Way,,,,,,,Yes,,Yes,,,,,,Yes,,,Woodbine-Lumsden
1806,Major Arterial,Etobicoke York,Intersection,No Control,Clear,Daylight,Dry,Non-Fatal Injury,Pedestrian Collisions,Pedestrian,15 to 19,Major,West,,,Pedestrian hit at mid-block,"Crossing, no Traffic Control",Medical or Physical Disability,,,,Yes,,Yes,,,,,,,,,Rockcliffe-Smythe
1200,Major Arterial,North York,Intersection,Traffic Signal,Clear,"Daylight, artificial",Dry,Non-Fatal Injury,Pedestrian Collisions,Driver,40 to 44,,East,Turning Left,Failed to Yield Right of Way,,,,,,,Yes,,Yes,,,,,,Yes,,,Wexford/Maryvale
1056,Major Arterial,North York,Intersection,Traffic Signal,Clear,Daylight,Dry,Fatal,Pedestrian Collisions,Truck Driver,60 to 64,,East,Turning Right,Failed to Yield Right of Way,,,,,,,Yes,,,,Yes,,,,Yes,,,Clanton Park
1335,Collector,Toronto and East York,Intersection,Pedestrian Crossover,Clear,Daylight,Dry,Fatal,Pedestrian Collisions,Pedestrian,65 to 69,Fatal,North,,,Pedestrian hit a PXO/ped. Mid-block signal,"Crossing, Pedestrian Crossover",Normal,,,,Yes,,Yes,,,,,,Yes,,,Woodbine-Lumsden
1634,Major Arterial,Toronto and East York,Intersection,No Control,Clear,Daylight,Dry,Non-Fatal Injury,Cyclist Collisions,Cyclist,35 to 39,Major,North,Going Ahead,,,,,Cyclist and Driver travelling in same direction. One vehicle sideswipes the other.,Driving Properly,Unknown,,Yes,Yes,,,,,Yes,Yes,,,University
1135,Major Arterial,Scarborough,Mid-Block,No Control,Clear,Daylight,Dry,Fatal,SMV Other,Driver,80 to 84,Fatal,East,Going Ahead,Lost control,,,,,,,,,Yes,,,,,,,,,Wexford/Maryvale
2035,Major Arterial,North York,Mid-Block,No Control,Clear,"Dark, artificial",Dry,Non-Fatal Injury,Pedestrian Collisions,Driver,40 to 44,Minimal,West,Going Ahead,Driving Properly,,,,,,,Yes,,Yes,,,,Yes,Yes,Yes,,Yes,Banbury-Don Mills
1719,Major Arterial,North York,Intersection,Traffic Controller,Clear,Daylight,Dry,Non-Fatal Injury,Rear End,Driver,70 to 74,Major,East,Going Ahead,Other,,,,,,,,,Yes,,,,Yes,,,,,Henry Farm
1919,Minor Arterial,Toronto and East York,Mid-Block,No Control,Clear,Daylight,Dry,Non-Fatal Injury,Pedestrian Collisions,Driver,40 to 44,,East,Going Ahead,Driving Properly,,,,,,,Yes,,Yes,,,,,,,,,Regent Park
1200,Major Arterial,North York,Intersection,Traffic Signal,Clear,"Daylight, artificial",Dry,Non-Fatal Injury,Pedestrian Collisions,Pedestrian,50 to 54,Major,West,,,Vehicle turns left while ped crosses with ROW at inter.,Crossing with right of way,Normal,,,,Yes,,Yes,,,,,,Yes,,,Wexford/Maryvale
246,Major Arterial,Toronto and East York,Intersection,No Control,Clear,"Dark, artificial",Dry,Non-Fatal Injury,SMV Unattended Vehicle,Driver,20 to 24,Major,North,Going Ahead,Lost control,,,,,,,,,Yes,,,,Yes,Yes,Yes,,,Wellington Place
1902,Minor Arterial,Scarborough,Intersection,Traffic Signal,Clear,"Dark, artificial",Dry,Non-Fatal Injury,Turning Movement,Passenger,10 to 14,Major,,,,,,,,,,,,Yes,,,,Yes,,,,,Malvern West
1634,Major Arterial,Toronto and East York,Intersection,No Control,Clear,Daylight,Dry,Non-Fatal Injury,Cyclist Collisions,Driver,25 to 29,,North,Going Ahead,Other,,,,,,,,Yes,Yes,,,,,Yes,Yes,,,University
1535,Local,Etobicoke York,Intersection,No Control,Clear,Daylight,Dry,Non-Fatal Injury,Pedestrian Collisions,Pedestrian,5 to 9,Major,North,,,Vehicle is going straight thru inter.while ped cross without ROW,Crossing without right of way,Inattentive,,,,Yes,,Yes,,,,,,,,,Rockcliffe-Smythe
2035,Major Arterial,North York,Mid-Block,No Control,Clear,"Dark, artificial",Dry,Non-Fatal Injury,Pedestrian Collisions,Passenger,5 to 9,Minimal,,,,,,,,,,Yes,,Yes,,,,Yes,Yes,Yes,,Yes,Banbury-Don Mills
1719,Major Arterial,North York,Intersection,Traffic Controller,Clear,Daylight,Dry,Non-Fatal Injury,Rear End,Driver,25 to 29,,East,Stopped,Driving Properly,,,,,,,,,Yes,,,,Yes,,,,,Henry Farm
1919,Minor Arterial,Toronto and East York,Mid-Block,No Control,Clear,Daylight,Dry,Non-Fatal Injury,Pedestrian Collisions,Pedestrian,40 to 44,Major,Unknown,,,Pedestrian hit at mid-block,"Crossing, no Traffic Control",Other,,,,Yes,,Yes,,,,,,,,,Regent Park
1902,Minor Arterial,Scarborough,Intersection,Traffic Signal,Clear,"Dark, artificial",Dry,Non-Fatal Injury,Turning Movement,Passenger,5 to 9,Major,,,,,,,,,,,,Yes,,,,Yes,,,,,Malvern West
1902,Minor Arterial,Scarborough,Intersection,Traffic Signal,Clear,"Dark, artificial",Dry,Non-Fatal Injury,Turning Movement,Passenger,10 to 14,Minor,,,,,,,,,,,,Yes,,,,Yes,,,,,Malvern West
246,Major Arterial,Toronto and East York,Intersection,No Control,Clear,"Dark, artificial",Dry,Non-Fatal Injury,SMV Unattended Vehicle,Passenger,20 to 24,Minor,,,,,,,,,,,,Yes,,,,Yes,Yes,Yes,,,Wellington Place
1010,Minor Arterial,Toronto and East York,Intersection,Traffic Signal,Clear,Daylight,Dry,Non-Fatal Injury,Cyclist Collisions,Driver,45 to 49,,South,Going Ahead,Driving Properly,,,,,,,,Yes,Yes,,,,,,,,,East End-Danforth
2035,Major Arterial,North York,Mid-Block,No Control,Clear,"Dark, artificial",Dry,Non-Fatal Injury,Pedestrian Collisions,Passenger,5 to 9,Minimal,,,,,,,,,,Yes,,Yes,,,,Yes,Yes,Yes,,Yes,Banbury-Don Mills
144,Collector,North York,Mid-Block,No Control,Clear,"Dark, artificial",Dry,Fatal,SMV Other,Passenger,25 to 29,Major,,,,,,,,,,,,Yes,,,,Yes,Yes,Yes,,,Bayview Woods-Steeles
1535,Local,Etobicoke York,Intersection,No Control,Clear,Daylight,Dry,Non-Fatal Injury,Pedestrian Collisions,Driver,45 to 49,,East,Going Ahead,Driving Properly,,,,,,,Yes,,Yes,,,,,,,,,Rockcliffe-Smythe
708,Major Arterial,North York,Mid-Block,No Control,Clear,"Dawn, artificial",Dry,Non-Fatal Injury,Pedestrian Collisions,Driver,45 to 49,,North,Going Ahead,Driving Properly,,,,,,,Yes,,Yes,,,,,,,,,Wexford/Maryvale
1250,Major Arterial,North York,Intersection,Traffic Signal,Clear,Daylight,Dry,Non-Fatal Injury,Turning Movement,Passenger,10 to 14,Major,,,,,,,,,,,,Yes,,,,Yes,,,,,Hillcrest Village
1010,Minor Arterial,Toronto and East York,Intersection,Traffic Signal,Clear,Daylight,Dry,Non-Fatal Injury,Cyclist Collisions,Cyclist,25 to 29,Major,East,Going Ahead,,,,,"Cyclist without ROW rides into path of motorist at inter, lnwy, dwy-Cyclist not turn.",Driving Properly,Normal,,Yes,Yes,,,,,,,,,East End-Danforth
752,Major Arterial,North York,Intersection,Traffic Signal,Clear,Daylight,Dry,Non-Fatal Injury,Cyclist Collisions,Cyclist,10 to 14,Major,North,Merging,,,,,Cyclist and Driver travelling in same direction. One vehicle sideswipes the other.,Improper Lane Change,Normal,,Yes,Yes,,,,,,,,,Thorncliffe Park
2035,Major Arterial,North York,Mid-Block,No Control,Clear,"Dark, artificial",Dry,Non-Fatal Injury,Pedestrian Collisions,Pedestrian,10 to 14,Major,Unknown,,,Pedestrian hit on sidewalk or shoulder,On Sidewalk or Shoulder,Normal,,,,Yes,,Yes,,,,Yes,Yes,Yes,,Yes,Banbury-Don Mills
1719,Major Arterial,North York,Intersection,Traffic Controller,Clear,Daylight,Dry,Non-Fatal Injury,Rear End,Driver,25 to 29,,East,Stopped,Driving Properly,,,,,,,,,Yes,,,,Yes,,,,,Henry Farm
708,Major Arterial,North York,Mid-Block,No Control,Clear,"Dawn, artificial",Dry,Non-Fatal Injury,Pedestrian Collisions,Pedestrian,50 to 54,Major,East,,,Pedestrian hit at mid-block,"Crossing, no Traffic Control",Had Been Drinking,,,,Yes,,Yes,,,,,,,,,Wexford/Maryvale
1250,Major Arterial,North York,Intersection,Traffic Signal,Clear,Daylight,Dry,Non-Fatal Injury,Turning Movement,Passenger,60 to 64,,,,,,,,,,,,,Yes,,,,Yes,,,,,Hillcrest Village
1902,Minor Arterial,Scarborough,Intersection,Traffic Signal,Clear,"Dark, artificial",Dry,Non-Fatal Injury,Turning Movement,Passenger,15 to 19,Minimal,,,,,,,,,,,,Yes,,,,Yes,,,,,Malvern West
144,Collector,North York,Mid-Block,No Control,Clear,"Dark, artificial",Dry,Fatal,SMV Other,Driver,25 to 29,Fatal,East,Going Ahead,Lost control,,,,,,,,,Yes,,,,Yes,Yes,Yes,,,Bayview Woods-Steeles
1525,Minor Arterial,Scarborough,Mid-Block,No Control,Clear,Daylight,Dry,Non-Fatal Injury,Rear End,Driver,35 to 39,Major,East,Going Ahead,Following too Close,,,,,,,,,Yes,,,,,,Yes,,,Morningside Heights
1805,Major Arterial,Toronto and East York,Mid-Block,No Control,Clear,Daylight,Dry,Fatal,Pedestrian Collisions,Pedestrian,65 to 69,Fatal,East,,,Pedestrian involved in a collision with transit vehicle anywhere along roadway,"Crossing, no Traffic Control",Had Been Drinking,,,,Yes,,,,,Yes,,,,,,Kensington-Chinatown
752,Major Arterial,North York,Intersection,Traffic Signal,Clear,Daylight,Dry,Non-Fatal Injury,Cyclist Collisions,Driver,60 to 64,,North,Going Ahead,Driving Properly,,,,,,,,Yes,Yes,,,,,,,,,Thorncliffe Park
2035,Major Arterial,North York,Mid-Block,No Control,Clear,"Dark, artificial",Dry,Non-Fatal Injury,Pedestrian Collisions,Pedestrian,10 to 14,Major,Unknown,,,Pedestrian hit on sidewalk or shoulder,On Sidewalk or Shoulder,Normal,,,,Yes,,Yes,,,,Yes,Yes,Yes,,Yes,Banbury-Don Mills
1719,Major Arterial,North York,Intersection,Traffic Controller,Clear,Daylight,Dry,Non-Fatal Injury,Rear End,Passenger,25 to 29,,,,,,,,,,,,,Yes,,,,Yes,,,,,Henry Farm
706,Major Arterial,Scarborough,Intersection,Traffic Signal,Clear,Dawn,Dry,Non-Fatal Injury,Angle,Driver,15 to 19,,West,Going Ahead,Disobeyed Traffic Control,,,,,,,,,Yes,,,,Yes,,Yes,Yes,Yes,Guildwood
1902,Minor Arterial,Scarborough,Intersection,Traffic Signal,Clear,"Dark, artificial",Dry,Non-Fatal Injury,Turning Movement,Driver,20 to 24,Minimal,South,Going Ahead,Driving Properly,,,,,,,,,Yes,,,,Yes,,,,,Malvern West
2001,,North York,Mid-Block,No Control,Clear,Daylight,Dry,Non-Fatal Injury,Sideswipe,Motorcycle Driver,25 to 29,Major,North,Changing Lanes,Lost control,,,,,,,,,Yes,Yes,,,,,Yes,,,Banbury-Don Mills
1525,Minor Arterial,Scarborough,Mid-Block,No Control,Clear,Daylight,Dry,Non-Fatal Injury,Rear End,Driver,40 to 44,,East,Slowing or Stopping,Driving Properly,,,,,,,,,Yes,,,,,,Yes,,,Morningside Heights
1134,Major Arterial,Scarborough,Intersection,Traffic Signal,Clear,Daylight,Dry,Non-Fatal Injury,Pedestrian Collisions,Truck Driver,45 to 49,,South,Turning Right,Failed to Yield Right of Way,,,,,,,Yes,,,,Yes,,,,Yes,,,Scarborough Village
1902,Minor Arterial,Scarborough,Intersection,Traffic Signal,Clear,"Dark, artificial",Dry,Non-Fatal Injury,Turning Movement,Driver,75 to 79,Minimal,North,Turning Left,Improper Turn,,,,,,,,,Yes,,,,Yes,,,,,Malvern West
2001,,North York,Mid-Block,No Control,Clear,Daylight,Dry,Non-Fatal Injury,Sideswipe,Driver,20 to 24,,North,Going Ahead,Driving Properly,,,,,,,,,Yes,Yes,,,,,Yes,,,Banbury-Don Mills
706,Major Arterial,Scarborough,Intersection,Traffic Signal,Clear,Dawn,Dry,Non-Fatal Injury,Angle,Driver,55 to 59,Minor,South,Going Ahead,Driving Properly,,,,,,,,,Yes,,,,Yes,,Yes,Yes,Yes,Guildwood
2035,Major Arterial,North York,Mid-Block,No Control,Clear,"Dark, artificial",Dry,Non-Fatal Injury,Pedestrian Collisions,Pedestrian,10 to 14,Minor,Unknown,,,Pedestrian hit on sidewalk or shoulder,On Sidewalk or Shoulder,Normal,,,,Yes,,Yes,,,,Yes,Yes,Yes,,Yes,Banbury-Don Mills
2218,Major Arterial,Toronto and East York,Intersection,Traffic Signal,Clear,"Dark, artificial",Dry,Non-Fatal Injury,Pedestrian Collisions,Driver,45 to 49,,West,Turning Left,Failed to Yield Right of Way,,,,,,,Yes,,Yes,,,,,,Yes,,,West Queen West
1134,Major Arterial,Scarborough,Intersection,Traffic Signal,Clear,Daylight,Dry,Non-Fatal Injury,Pedestrian Collisions,Pedestrian,55 to 59,Minimal,South,,,Vehicle turns right while ped crosses with ROW at inter.,Crossing with right of way,Normal,,,,Yes,,,,Yes,,,,Yes,,,Scarborough Village
1250,Major Arterial,North York,Intersection,Traffic Signal,Clear,Daylight,Dry,Non-Fatal Injury,Turning Movement,Passenger,15 to 19,,,,,,,,,,,,,Yes,,,,Yes,,,,,Hillcrest Village
2001,,North York,Mid-Block,No Control,Clear,Daylight,Dry,Non-Fatal Injury,Sideswipe,Driver,25 to 29,,North,Going Ahead,Driving Properly,,,,,,,,,Yes,Yes,,,,,Yes,,,Banbury-Don Mills
706,Major Arterial,Scarborough,Intersection,Traffic Signal,Clear,Dawn,Dry,Non-Fatal Injury,Angle,Passenger,30 to 34,Major,,,,,,,,,,,,Yes,,,,Yes,,Yes,Yes,Yes,Guildwood
1300,Major Arterial,Etobicoke York,Intersection,Stop Sign,Clear,Daylight,Dry,Non-Fatal Injury,Turning Movement,Driver,40 to 44,,West,Turning Left,Failed to Yield Right of Way,,,,,,,,,Yes,Yes,,,,,Yes,,,Etobicoke City Centre
2218,Major Arterial,Toronto and East York,Intersection,Traffic Signal,Clear,"Dark, artificial",Dry,Non-Fatal Injury,Pedestrian Collisions,Pedestrian,30 to 34,Major,West,,,Vehicle turns left while ped crosses with ROW at inter.,Crossing with right of way,Had Been Drinking,,,,Yes,,Yes,,,,,,Yes,,,West Queen West
1134,Major Arterial,Scarborough,Intersection,Traffic Signal,Clear,Daylight,Dry,Non-Fatal Injury,Pedestrian Collisions,Pedestrian,50 to 54,Major,South,,,Vehicle turns right while ped crosses with ROW at inter.,Crossing with right of way,Normal,,,,Yes,,,,Yes,,,,Yes,,,Scarborough Village
2315,Minor Arterial,Toronto and East York,Intersection,No Control,Rain,"Dark, artificial",Wet,Non-Fatal Injury,Pedestrian Collisions,Driver,75 to 79,,East,Turning Left,Failed to Yield Right of Way,,,,,,,Yes,,Yes,,,,,,Yes,,,Moss Park
2033,Major Arterial,North York,Intersection,No Control,Clear,"Dark, artificial",Dry,Non-Fatal Injury,Pedestrian Collisions,Pedestrian,45 to 49,Major,West,,,Vehicle is going straight thru inter.while ped cross without ROW,Crossing without right of way,Inattentive,,,,Yes,,Yes,,,,,,,,,Mount Pleasant East
1300,Major Arterial,Etobicoke York,Intersection,Stop Sign,Clear,Daylight,Dry,Non-Fatal Injury,Turning Movement,Motorcycle Driver,50 to 54,Major,North,Going Ahead,Driving Properly,,,,,,,,,Yes,Yes,,,,,Yes,,,Etobicoke City Centre
1200,Local,Scarborough,Intersection,No Control,Clear,Daylight,Dry,Non-Fatal Injury,Pedestrian Collisions,Driver,65 to 69,,North,Going Ahead,Driving Properly,,,,,,,Yes,,,,,Yes,,,,,,Morningside Heights
1250,Major Arterial,North York,Intersection,Traffic Signal,Clear,Daylight,Dry,Non-Fatal Injury,Turning Movement,Driver,55 to 59,Minor,South,Going Ahead,Driving Properly,,,,,,,,,Yes,,,,Yes,,,,,Hillcrest Village
1805,Major Arterial,Toronto and East York,Mid-Block,No Control,Clear,Daylight,Dry,Fatal,Pedestrian Collisions,Driver,40 to 44,,South,Going Ahead,Driving Properly,,,,,,,Yes,,,,,Yes,,,,,,Kensington-Chinatown
2033,Major Arterial,North York,Intersection,No Control,Clear,"Dark, artificial",Dry,Non-Fatal Injury,Pedestrian Collisions,Driver,55 to 59,,North,Going Ahead,Driving Properly,,,,,,,Yes,,Yes,,,,,,,,,Mount Pleasant East
2325,Major Arterial,North York,Intersection,No Control,Clear,"Dark, artificial",Dry,Fatal,Pedestrian Collisions,Driver,40 to 44,,North,Going Ahead,Driving Properly,,,,,,,Yes,,Yes,,,,,,,,,Wexford/Maryvale
1200,Local,Scarborough,Intersection,No Control,Clear,Daylight,Dry,Non-Fatal Injury,Pedestrian Collisions,Pedestrian,50 to 54,Major,West,,,Pedestrian involved in a collision with transit vehicle anywhere along roadway,Coming From Behind Parked Vehicle,Normal,,,,Yes,,,,,Yes,,,,,,Morningside Heights
2315,Minor Arterial,Toronto and East York,Intersection,No Control,Rain,"Dark, artificial",Wet,Non-Fatal Injury,Pedestrian Collisions,Pedestrian,25 to 29,Major,South,,,Vehicle turns left while ped crosses with ROW at inter.,Crossing with right of way,Normal,,,,Yes,,Yes,,,,,,Yes,,,Moss Park
1900,Major Arterial,North York,Intersection,Traffic Signal,Clear,Dusk,Dry,Non-Fatal Injury,Pedestrian Collisions,Driver,15 to 19,,East,Going Ahead,Driving Properly,,,,,,,Yes,,Yes,,,,,,,,,Henry Farm
2100,Major Arterial,North York,Mid-Block,No Control,Clear,"Dark, artificial",Dry,Non-Fatal Injury,Turning Movement,Driver,20 to 24,Major,South,Turning Left,Improper Turn,,,,,,,,,Yes,,,,,,,,,St.Andrew-Windfields
553,Major Arterial,Toronto and East York,Intersection,Traffic Signal,Clear,"Dark, artificial",Dry,Non-Fatal Injury,Pedestrian Collisions,Truck Driver,60 to 64,,East,Turning Right,Other,,,,,,,Yes,,,,Yes,,,,,,,Yonge-Bay Corridor
712,Major Arterial,North York,Mid-Block,No Control,Clear,Daylight,Dry,Fatal,Pedestrian Collisions,Pedestrian,85 to 89,Fatal,East,,,Pedestrian hit at mid-block,"Crossing, no Traffic Control",Unknown,,,,Yes,,Yes,,,,,,,,,Lansing-Westgate
2325,Major Arterial,North York,Intersection,No Control,Clear,"Dark, artificial",Dry,Fatal,Pedestrian Collisions,Pedestrian,55 to 59,Fatal,Unknown,,,Vehicle is going straight thru inter.while ped cross without ROW,"Crossing, no Traffic Control",Unknown,,,,Yes,,Yes,,,,,,,,,Wexford/Maryvale
1900,Major Arterial,North York,Intersection,Traffic Signal,Clear,Dusk,Dry,Non-Fatal Injury,Pedestrian Collisions,Pedestrian,20 to 24,Major,South,,,Vehicle is going straight thru inter.while ped cross without ROW,Crossing marked crosswalk without ROW,Inattentive,,,,Yes,,Yes,,,,,,,,,Henry Farm
1250,Major Arterial,North York,Intersection,Traffic Signal,Clear,Daylight,Dry,Non-Fatal Injury,Turning Movement,Driver,35 to 39,,North,Turning Left,Improper Turn,,,,,,,,,Yes,,,,Yes,,,,,Hillcrest Village
1423,Major Arterial,Toronto and East York,Intersection,No Control,Clear,Daylight,Dry,Non-Fatal Injury,Pedestrian Collisions,Driver,30 to 34,,West,Going Ahead,Driving Properly,,,,,,,Yes,,Yes,,,,,,,,,High Park-Swansea
2100,Major Arterial,North York,Mid-Block,No Control,Clear,"Dark, artificial",Dry,Non-Fatal Injury,Turning Movement,Driver,50 to 54,Minor,North,Going Ahead,Driving Properly,,,,,,,,,Yes,,,,,,,,,St.Andrew-Windfields
1130,Minor Arterial,Toronto and East York,Mid-Block,No Control,Clear,Dark,Dry,Fatal,Pedestrian Collisions,Pedestrian,30 to 34,Fatal,North,,,Pedestrian hit at mid-block,Running onto Roadway,Had Been Drinking,,,,Yes,,Yes,,,,,,,,,Little Portugal
712,Major Arterial,North York,Mid-Block,No Control,Clear,Daylight,Dry,Fatal,Pedestrian Collisions,Driver,50 to 54,,North,Going Ahead,Driving Properly,,,,,,,Yes,,Yes,,,,,,,,,Lansing-Westgate
21,Major Arterial,Toronto and East York,Intersection,Traffic Signal,Clear,"Dark, artificial",Dry,Non-Fatal Injury,Turning Movement,Driver,35 to 39,,East,Turning Left,Improper Turn,,,,,,,,,Yes,Yes,,,Yes,,,,,South Riverdale
2002,Local,Etobicoke York,Mid-Block,No Control,Clear,"Dark, artificial",Dry,Non-Fatal Injury,Approaching,Driver,20 to 24,Major,East,Going Ahead,Lost control,,,,,,,,,Yes,,,,Yes,Yes,Yes,,,Glenfield-Jane Heights
1130,Minor Arterial,Toronto and East York,Mid-Block,No Control,Clear,Dark,Dry,Fatal,Pedestrian Collisions,Driver,65 to 69,,East,Going Ahead,Driving Properly,,,,,,,Yes,,Yes,,,,,,,,,Little Portugal
21,Major Arterial,Toronto and East York,Intersection,Traffic Signal,Clear,"Dark, artificial",Dry,Non-Fatal Injury,Turning Movement,Motorcycle Driver,25 to 29,Major,West,Going Ahead,Driving Properly,,,,,,,,,Yes,Yes,,,Yes,,,,,South Riverdale
1423,Major Arterial,Toronto and East York,Intersection,No Control,Clear,Daylight,Dry,Non-Fatal Injury,Pedestrian Collisions,Pedestrian,55 to 59,Major,,,,Other / Undefined,Other,"Ability Impaired, Alcohol Over .80",,,,Yes,,Yes,,,,,,,,,High Park-Swansea
1535,Major Arterial,Toronto and East York,Intersection,No Control,Clear,Daylight,Dry,Non-Fatal Injury,Cyclist Collisions,Driver,unknown,,East,Turning Left,Failed to Yield Right of Way,,,,,,,,Yes,Yes,,,,,,Yes,,,University
553,Major Arterial,Toronto and East York,Intersection,Traffic Signal,Clear,"Dark, artificial",Dry,Non-Fatal Injury,Pedestrian Collisions,Pedestrian,40 to 44,Major,Unknown,,,Pedestrian hit on sidewalk or shoulder,Other,Inattentive,,,,Yes,,,,Yes,,,,,,,Yonge-Bay Corridor
1204,Major Arterial,Scarborough,Intersection,Traffic Signal,Clear,Daylight,Dry,Non-Fatal Injury,SMV Other,Driver,55 to 59,Major,East,Going Ahead,Lost control,,,,,,,,,Yes,,,,,,,,,Eglinton East
2356,Major Arterial,North York,Intersection,Traffic Controller,Clear,"Daylight, artificial",Dry,Non-Fatal Injury,SMV Other,Driver,20 to 24,,South,Turning Right,Lost control,,,,,,,,,Yes,,,,Yes,,,,Yes,Yonge-Eglinton
21,Major Arterial,Toronto and East York,Intersection,Traffic Signal,Clear,"Dark, artificial",Dry,Non-Fatal Injury,Turning Movement,Motorcycle Passenger,25 to 29,Major,,,,,,,,,,,,Yes,Yes,,,Yes,,,,,South Riverdale
1535,Major Arterial,Toronto and East York,Intersection,No Control,Clear,Daylight,Dry,Non-Fatal Injury,Cyclist Collisions,Cyclist,65 to 69,Major,West,Going Ahead,,,,,Motorist turned left across cyclists path.,Driving Properly,Normal,,Yes,Yes,,,,,,Yes,,,University
1612,Minor Arterial,Toronto and East York,Mid-Block,No Control,Rain,Daylight,Wet,Non-Fatal Injury,SMV Other,Motorcycle Driver,45 to 49,Major,North,Going Ahead,Lost control,,,,,,,,,,Yes,,,,,,,,South Riverdale