TIME,ROAD_CLASS,DISTRICT,LOCCOORD,TRAFFCTL,VISIBILITY,LIGHT,RDSFCOND,ACCLASS,IMPACTYPE,INVTYPE,INVAGE,INJURY,INITDIR,MANOEUVER,DRIVACT,PEDTYPE,PEDACT,PEDCOND,CYCLISTYPE,CYCACT,CYCCOND,PEDESTRIAN,CYCLIST,AUTOMOBILE,MOTORCYCLE,TRUCK,TRSN_CITY_VEH,PASSENGER,SPEEDING,AG_DRIV,REDLIGHT,ALCOHOL,NEIGHBOURHOOD_158
1948,Major Arterial,Toronto and East York,Mid-Block,No Control,Rain,"Dark, artificial",Wet,Fatal,Pedestrian Collisions,Pedestrian,65 to 69,Fatal,North,,,Pedestrian hit at mid-block,"Crossing, no Traffic Control",Inattentive,,,,Yes,,Yes,,,,,,,,,Trinity-Bellwoods
1055,Minor Arterial,Scarborough,Mid-Block,No Control,Clear,Daylight,Dry,Fatal,SMV Other,Driver,30 to 34,Fatal,East,Going Ahead,Lost control,,,,,,,,,Yes,,,,,Yes,Yes,,,Cliffcrest
2356,Major Arterial,North York,Intersection,Traffic Controller,Clear,"Daylight, artificial",Dry,Non-Fatal Injury,SMV Other,Passenger,20 to 24,Major,,,,,,,,,,,,Yes,,,,Yes,,,,Yes,Yonge-Eglinton
1836,Major Arterial,Toronto and East York,Intersection,Traffic Signal,Rain,"Dark, artificial",Wet,Non-Fatal Injury,Pedestrian Collisions,Driver,20 to 24,,South,Turning Left,Driving Properly,,,,,,,Yes,,Yes,,,,,,,,,South Parkdale
1755,Collector,Scarborough,Mid-Block,No Control,Clear,"Dark, artificial",Dry,Non-Fatal Injury,Pedestrian Collisions,Driver,65 to 69,,North,Going Ahead,Driving Properly,,,,,,,Yes,,Yes,,,,,,,,,West Hill
2002,Local,Etobicoke York,Mid-Block,No Control,Clear,"Dark, artificial",Dry,Non-Fatal Injury,Approaching,Driver,30 to 34,Minimal,West,Going Ahead,Driving Properly,,,,,,,,,Yes,,,,Yes,Yes,Yes,,,Glenfield-Jane Heights
1948,Major Arterial,Toronto and East York,Mid-Block,No Control,Rain,"Dark, artificial",Wet,Fatal,Pedestrian Collisions,Driver,30 to 34,,East,Going Ahead,Driving Properly,,,,,,,Yes,,Yes,,,,,,,,,Trinity-Bellwoods
2356,Major Arterial,North York,Intersection,Traffic Controller,Clear,"Daylight, artificial",Dry,Non-Fatal Injury,SMV Other,Passenger,20 to 24,Minor,,,,,,,,,,,,Yes,,,,Yes,,,,Yes,Yonge-Eglinton
1755,Collector,Scarborough,Mid-Block,No Control,Clear,"Dark, artificial",Dry,Non-Fatal Injury,Pedestrian Collisions,Pedestrian,55 to 59,Major,East,,,Pedestrian hit at mid-block,"Crossing, no Traffic Control",Normal,,,,Yes,,Yes,,,,,,,,,West Hill
1105,Minor Arterial,North York,Intersection,Stop Sign,Clear,Daylight,Dry,Non-Fatal Injury,Pedestrian Collisions,Pedestrian,25 to 29,Major,Unknown,,,Unknown,Other,Normal,,,,Yes,,Yes,,,,,,,,,Yorkdale-Glen Park
1513,Major Arterial,Toronto and East York,Mid-Block,No Control,Clear,Daylight,Dry,Non-Fatal Injury,Rear End,Driver,55 to 59,,North,Going Ahead,Following too Close,,,,,,,,,Yes,,,,Yes,,Yes,,,Caledonia-Fairbank
1335,Minor Arterial,Scarborough,Mid-Block,No Control,Clear,Daylight,Dry,Non-Fatal Injury,Pedestrian Collisions,Driver,35 to 39,,East,Turning Left,Failed to Yield Right of Way,,,,,,,Yes,,Yes,,,,Yes,,Yes,,,Malvern East
1105,Minor Arterial,North York,Intersection,Stop Sign,Clear,Daylight,Dry,Non-Fatal Injury,Pedestrian Collisions,Driver,unknown,,West,Going Ahead,Other,,,,,,,Yes,,Yes,,,,,,,,,Yorkdale-Glen Park
2356,Major Arterial,North York,Intersection,Traffic Controller,Clear,"Daylight, artificial",Dry,Non-Fatal Injury,SMV Other,Passenger,20 to 24,Minimal,,,,,,,,,,,,Yes,,,,Yes,,,,Yes,Yonge-Eglinton
1513,Major Arterial,Toronto and East York,Mid-Block,No Control,Clear,Daylight,Dry,Non-Fatal Injury,Rear End,Driver,40 to 44,Major,North,Stopped,Driving Properly,,,,,,,,,Yes,,,,Yes,,Yes,,,Caledonia-Fairbank
1948,Major Arterial,Toronto and East York,Mid-Block,No Control,Rain,"Dark, artificial",Wet,Fatal,Pedestrian Collisions,Pedestrian,60 to 64,Minor,North,,,Pedestrian hit at mid-block,"Crossing, no Traffic Control",Normal,,,,Yes,,Yes,,,,,,,,,Trinity-Bellwoods
1828,Major Arterial,Scarborough,Intersection,Traffic Controller,Clear,"Dark, artificial",Wet,Non-Fatal Injury,Rear End,Driver,20 to 24,,South,Going Ahead,Exceeding Speed Limit,,,,,,,,,Yes,,,,,Yes,Yes,,,Kennedy Park
2054,Major Arterial,Scarborough,Mid-Block,No Control,Clear,Dark,Dry,Fatal,Pedestrian Collisions,Driver,45 to 49,,West,Going Ahead,Driving Properly,,,,,,,Yes,,Yes,,,,,,Yes,,,Morningside Heights
1836,Major Arterial,Toronto and East York,Intersection,Traffic Signal,Rain,"Dark, artificial",Wet,Non-Fatal Injury,Pedestrian Collisions,Pedestrian,80 to 84,Major,South,,,Vehicle turns left while ped crosses without ROW at inter.,Crossing without right of way,Inattentive,,,,Yes,,Yes,,,,,,,,,South Parkdale
1740,Major Arterial,Scarborough,Mid-Block,No Control,Clear,Daylight,Dry,Non-Fatal Injury,Rear End,Driver,40 to 44,Minimal,East,Going Ahead,Following too Close,,,,,,,,,Yes,,,,Yes,,Yes,,,Eglinton East
1948,Major Arterial,Toronto and East York,Mid-Block,No Control,Rain,"Dark, artificial",Wet,Fatal,Pedestrian Collisions,Driver,45 to 49,,West,Going Ahead,Driving Properly,,,,,,,Yes,,Yes,,,,,,,,,Trinity-Bellwoods
1513,Major Arterial,Toronto and East York,Mid-Block,No Control,Clear,Daylight,Dry,Non-Fatal Injury,Rear End,Passenger,15 to 19,Minor,,,,,,,,,,,,Yes,,,,Yes,,Yes,,,Caledonia-Fairbank
1828,Major Arterial,Scarborough,Intersection,Traffic Controller,Clear,"Dark, artificial",Wet,Non-Fatal Injury,Rear End,Driver,20 to 24,Major,South,Going Ahead,Driving Properly,,,,,,,,,Yes,,,,,Yes,Yes,,,Kennedy Park
2002,Local,Etobicoke York,Mid-Block,No Control,Clear,"Dark, artificial",Dry,Non-Fatal Injury,Approaching,Passenger,35 to 39,,,,,,,,,,,,,Yes,,,,Yes,Yes,Yes,,,Glenfield-Jane Heights
527,Minor Arterial,North York,Intersection,Traffic Signal,Clear,"Dark, artificial",Dry,Non-Fatal Injury,Angle,Driver,50 to 54,Major,North,Going Ahead,Disobeyed Traffic Control,,,,,,,,,Yes,,,,,,Yes,Yes,,Briar Hill-Belgravia
1740,Major Arterial,Scarborough,Mid-Block,No Control,Clear,Daylight,Dry,Non-Fatal Injury,Rear End,Driver,45 to 49,Minimal,East,Going Ahead,Driving Properly,,,,,,,,,Yes,,,,Yes,,Yes,,,Eglinton East
1820,Major Arterial,Toronto and East York,Intersection,No Control,Clear,Daylight,Dry,Non-Fatal Injury,Sideswipe,Driver,30 to 34,Minimal,South,Going Ahead,Driving Properly,,,,,,,,,Yes,,Yes,,,,,,,Downtown Yonge East
2054,Major Arterial,Scarborough,Mid-Block,No Control,Clear,Dark,Dry,Fatal,Pedestrian Collisions,Pedestrian,75 to 79,Fatal,North,,,Pedestrian hit at mid-block,Running onto Roadway,Inattentive,,,,Yes,,Yes,,,,,,Yes,,,Morningside Heights
226,,Toronto and East York,Mid-Block,No Control,Clear,"Dark, artificial",Dry,Non-Fatal Injury,SMV Other,Motorcycle Driver,20 to 24,Major,East,Going Ahead,Lost control,,,,,,,,,,Yes,,,Yes,,,,,St Lawrence-East Bayfront-The Islands
1335,Minor Arterial,Scarborough,Mid-Block,No Control,Clear,Daylight,Dry,Non-Fatal Injury,Pedestrian Collisions,Driver,30 to 34,Minimal,West,Going Ahead,Driving Properly,,,,,,,Yes,,Yes,,,,Yes,,Yes,,,Malvern East
527,Minor Arterial,North York,Intersection,Traffic Signal,Clear,"Dark, artificial",Dry,Non-Fatal Injury,Angle,Driver,30 to 34,,West,Going Ahead,Driving Properly,,,,,,,,,Yes,,,,,,Yes,Yes,,Briar Hill-Belgravia
1740,Major Arterial,Scarborough,Mid-Block,No Control,Clear,Daylight,Dry,Non-Fatal Injury,Rear End,Passenger,65 to 69,Minor,,,,,,,,,,,,Yes,,,,Yes,,Yes,,,Eglinton East
226,,Toronto and East York,Mid-Block,No Control,Clear,"Dark, artificial",Dry,Non-Fatal Injury,SMV Other,Motorcycle Passenger,20 to 24,Minor,,,,,,,,,,,,,Yes,,,Yes,,,,,St Lawrence-East Bayfront-The Islands
849,Major Arterial,Etobicoke York,Mid-Block,No Control,Clear,Daylight,Dry,Non-Fatal Injury,Pedestrian Collisions,Driver,30 to 34,,South,Turning Left,Driving Properly,,,,,,,Yes,,Yes,,,,,,,,,Etobicoke City Centre
1837,Major Arterial,Toronto and East York,Mid-Block,No Control,Rain,"Dark, artificial",Wet,Non-Fatal Injury,Pedestrian Collisions,Driver,35 to 39,,East,Going Ahead,Driving Properly,,,,,,,Yes,,Yes,,,,,,,,,Downtown Yonge East
1740,Major Arterial,Scarborough,Mid-Block,No Control,Clear,Daylight,Dry,Non-Fatal Injury,Rear End,Passenger,80 to 84,Major,,,,,,,,,,,,Yes,,,,Yes,,Yes,,,Eglinton East
849,Major Arterial,Etobicoke York,Mid-Block,No Control,Clear,Daylight,Dry,Non-Fatal Injury,Pedestrian Collisions,Pedestrian,25 to 29,Major,,,,Pedestrian hit at mid-block,"Crossing, no Traffic Control",Other,,,,Yes,,Yes,,,,,,,,,Etobicoke City Centre
1507,Minor Arterial,Toronto and East York,Intersection,Traffic Signal,Clear,Daylight,Dry,Non-Fatal Injury,Cyclist Collisions,Truck Driver,40 to 44,,South,Turning Right,Improper Turn,,,,,,,,Yes,,,Yes,,,,,,,Cabbagetown-South St.James Town
40,Major Arterial,Etobicoke York,Mid-Block,No Control,"Fog, Mist, Smoke, Dust","Dark, artificial",Wet,Fatal,SMV Other,Driver,20 to 24,Fatal,South,Going Ahead,Lost control,,,,,,,,,Yes,,,,,Yes,Yes,,,Long Branch
1820,Major Arterial,Toronto and East York,Intersection,No Control,Clear,Daylight,Dry,Non-Fatal Injury,Sideswipe,Truck Driver,35 to 39,Major,South,Changing Lanes,Improper Lane Change,,,,,,,,,Yes,,Yes,,,,,,,Downtown Yonge East
2002,Local,Etobicoke York,Mid-Block,No Control,Clear,"Dark, artificial",Dry,Non-Fatal Injury,Approaching,Passenger,5 to 9,Minimal,,,,,,,,,,,,Yes,,,,Yes,Yes,Yes,,,Glenfield-Jane Heights
1740,Major Arterial,Scarborough,Mid-Block,No Control,Clear,Daylight,Dry,Non-Fatal Injury,Rear End,Passenger,0 to 4,Minimal,,,,,,,,,,,,Yes,,,,Yes,,Yes,,,Eglinton East
1837,Major Arterial,Toronto and East York,Mid-Block,No Control,Rain,"Dark, artificial",Wet,Non-Fatal Injury,Pedestrian Collisions,Pedestrian,75 to 79,Minor,South,,,Pedestrian hit at mid-block,"Crossing, no Traffic Control",Normal,,,,Yes,,Yes,,,,,,,,,Downtown Yonge East
1635,Collector,Toronto and East York,Mid-Block,No Control,Freezing Rain,Daylight,Wet,Non-Fatal Injury,Pedestrian Collisions,Pedestrian,35 to 39,Major,East,,,Pedestrian hit at mid-block,Running onto Roadway,Other,,,,Yes,,Yes,,,,,,,,,South Eglinton-Davisville
935,Major Arterial,North York,Intersection,No Control,Clear,Daylight,Dry,Non-Fatal Injury,Rear End,Passenger,35 to 39,Major,,,,,,,,,,,,Yes,,,,Yes,,Yes,,,Lansing-Westgate
1335,Minor Arterial,Scarborough,Mid-Block,No Control,Clear,Daylight,Dry,Non-Fatal Injury,Pedestrian Collisions,Pedestrian,unknown,Major,Unknown,,,Pedestrian hit at private driveway,On Sidewalk or Shoulder,Normal,,,,Yes,,Yes,,,,Yes,,Yes,,,Malvern East
2101,Minor Arterial,Etobicoke York,Mid-Block,No Control,Rain,"Dark, artificial",Wet,Non-Fatal Injury,Pedestrian Collisions,Driver,70 to 74,,South,Going Ahead,Driving Properly,,,,,,,Yes,,Yes,,,,,,,,,Mount Olive-Silverstone-Jamestown
1507,Minor Arterial,Toronto and East York,Intersection,Traffic Signal,Clear,Daylight,Dry,Non-Fatal Injury,Cyclist Collisions,Cyclist,25 to 29,Major,South,Stopped,,,,,Motorist turning right on red at signalized intersection strikes cyclist.,Other,Inattentive,,Yes,,,Yes,,,,,,,Cabbagetown-South St.James Town
1740,Major Arterial,Scarborough,Mid-Block,No Control,Clear,Daylight,Dry,Non-Fatal Injury,Rear End,Passenger,25 to 29,Minimal,,,,,,,,,,,,Yes,,,,Yes,,Yes,,,Eglinton East
935,Major Arterial,North York,Intersection,No Control,Clear,Daylight,Dry,Non-Fatal Injury,Rear End,Passenger,10 to 14,,,,,,,,,,,,,Yes,,,,Yes,,Yes,,,Lansing-Westgate
1815,Major Arterial,Scarborough,Intersection,No Control,Clear,"Dusk, artificial",Dry,Non-Fatal Injury,Pedestrian Collisions,Driver,70 to 74,,East,Going Ahead,Driving Properly,,,,,,,Yes,,Yes,,,,,,,,,Golfdale-Cedarbrae-Woburn
1635,Collector,Toronto and East York,Mid-Block,No Control,Freezing Rain,Daylight,Wet,Non-Fatal Injury,Pedestrian Collisions,Driver,60 to 64,,South,Going Ahead,Driving Properly,,,,,,,Yes,,Yes,,,,,,,,,South Eglinton-Davisville
1837,Major Arterial,Toronto and East York,Mid-Block,No Control,Rain,"Dark, artificial",Wet,Non-Fatal Injury,Pedestrian Collisions,Pedestrian,70 to 74,Major,South,,,Pedestrian hit at mid-block,"Crossing, no Traffic Control",Normal,,,,Yes,,Yes,,,,,,,,,Downtown Yonge East
2002,Local,Etobicoke York,Mid-Block,No Control,Clear,"Dark, artificial",Dry,Non-Fatal Injury,Approaching,Passenger,5 to 9,Minimal,,,,,,,,,,,,Yes,,,,Yes,Yes,Yes,,,Glenfield-Jane Heights
1815,Major Arterial,Scarborough,Intersection,No Control,Clear,"Dusk, artificial",Dry,Non-Fatal Injury,Pedestrian Collisions,Pedestrian,60 to 64,Major,South,,,Pedestrian hit at mid-block,Crossing marked crosswalk without ROW,Had Been Drinking,,,,Yes,,Yes,,,,,,,,,Golfdale-Cedarbrae-Woburn
1740,Major Arterial,Scarborough,Mid-Block,No Control,Clear,Daylight,Dry,Non-Fatal Injury,Rear End,Passenger,0 to 4,Minimal,,,,,,,,,,,,Yes,,,,Yes,,Yes,,,Eglinton East
935,Major Arterial,North York,Intersection,No Control,Clear,Daylight,Dry,Non-Fatal Injury,Rear End,Driver,70 to 74,Minimal,East,Going Ahead,Driving Properly,,,,,,,,,Yes,,,,Yes,,Yes,,,Lansing-Westgate
2101,Minor Arterial,Etobicoke York,Mid-Block,No Control,Rain,"Dark, artificial",Wet,Non-Fatal Injury,Pedestrian Collisions,Pedestrian,10 to 14,Major,East,,,Pedestrian hit at mid-block,"Crossing, no Traffic Control",Medical or Physical Disability,,,,Yes,,Yes,,,,,,,,,Mount Olive-Silverstone-Jamestown
1335,Minor Arterial,Scarborough,Mid-Block,No Control,Clear,Daylight,Dry,Non-Fatal Injury,Pedestrian Collisions,Passenger,30 to 34,,,,,,,,,,,Yes,,Yes,,,,Yes,,Yes,,,Malvern East
2201,Minor Arterial,North York,Intersection,Traffic Signal,Clear,Dark,Dry,Non-Fatal Injury,SMV Other,Driver,20 to 24,Major,South,Going Ahead,Lost control,,,,,,,,,Yes,,,,,,,,,Yorkdale-Glen Park
1740,Major Arterial,Scarborough,Mid-Block,No Control,Clear,Daylight,Dry,Non-Fatal Injury,Rear End,Passenger,60 to 64,Minimal,,,,,,,,,,,,Yes,,,,Yes,,Yes,,,Eglinton East
2002,Local,Etobicoke York,Mid-Block,No Control,Clear,"Dark, artificial",Dry,Non-Fatal Injury,Approaching,Passenger,0 to 4,Minimal,,,,,,,,,,,,Yes,,,,Yes,Yes,Yes,,,Glenfield-Jane Heights
2220,Minor Arterial,Toronto and East York,Intersection,Traffic Signal,Rain,"Dark, artificial",Wet,Non-Fatal Injury,Pedestrian Collisions,Driver,50 to 54,,West,Turning Left,Failed to Yield Right of Way,,,,,,,Yes,,Yes,,,,,,Yes,,,Greenwood-Coxwell
1440,Major Arterial,Etobicoke York,Intersection,Traffic Signal,Clear,Daylight,Wet,Fatal,Angle,Truck Driver,55 to 59,,North,Going Ahead,Driving Properly,,,,,,,,,Yes,,Yes,,,,Yes,Yes,,Humbermede
32,Pending,Toronto and East York,Mid-Block,No Control,Clear,Dark,Dry,Non-Fatal Injury,Turning Movement,Driver,20 to 24,,West,Going Ahead,Disobeyed Traffic Control,,,,,,,,,Yes,,,,Yes,Yes,Yes,,,Fort York-Liberty Village
1740,Major Arterial,Scarborough,Mid-Block,No Control,Clear,Daylight,Dry,Non-Fatal Injury,Rear End,Passenger,65 to 69,Minimal,,,,,,,,,,,,Yes,,,,Yes,,Yes,,,Eglinton East
2220,Minor Arterial,Toronto and East York,Intersection,Traffic Signal,Rain,"Dark, artificial",Wet,Non-Fatal Injury,Pedestrian Collisions,Pedestrian,50 to 54,Major,West,,,Vehicle turns left while ped crosses with ROW at inter.,Crossing with right of way,Normal,,,,Yes,,Yes,,,,,,Yes,,,Greenwood-Coxwell
2002,Local,Etobicoke York,Mid-Block,No Control,Clear,"Dark, artificial",Dry,Non-Fatal Injury,Approaching,Passenger,25 to 29,Minimal,,,,,,,,,,,,Yes,,,,Yes,Yes,Yes,,,Glenfield-Jane Heights
1045,Major Arterial,Etobicoke York,Mid-Block,No Control,Clear,Daylight,Dry,Non-Fatal Injury,SMV Other,Motorcycle Driver,35 to 39,Major,North,Going Ahead,Lost control,,,,,,,,,,Yes,,,,Yes,Yes,,,West Humber-Clairville
935,Major Arterial,North York,Intersection,No Control,Clear,Daylight,Dry,Non-Fatal Injury,Rear End,Driver,45 to 49,,East,Going Ahead,Following too Close,,,,,,,,,Yes,,,,Yes,,Yes,,,Lansing-Westgate
1543,Major Arterial,Scarborough,Intersection,Traffic Signal,Clear,Daylight,Dry,Non-Fatal Injury,Turning Movement,Motorcycle Driver,20 to 24,Major,South,Turning Left,Improper Turn,,,,,,,,,Yes,Yes,,,,,,,,Woburn North
2220,Minor Arterial,Toronto and East York,Intersection,Traffic Signal,Rain,"Dark, artificial",Wet,Non-Fatal Injury,Pedestrian Collisions,Pedestrian,50 to 54,Major,West,,,Vehicle turns left while ped crosses with ROW at inter.,Crossing with right of way,Normal,,,,Yes,,Yes,,,,,,Yes,,,Woodbine Corridor
1740,Major Arterial,Scarborough,Mid-Block,No Control,Clear,Daylight,Dry,Non-Fatal Injury,Rear End,Passenger,50 to 54,Minimal,,,,,,,,,,,,Yes,,,,Yes,,Yes,,,Eglinton East
1440,Major Arterial,Etobicoke York,Intersection,Traffic Signal,Clear,Daylight,Wet,Fatal,Angle,Driver,85 to 89,Fatal,South,Going Ahead,Disobeyed Traffic Control,,,,,,,,,Yes,,Yes,,,,Yes,Yes,,Humbermede
1440,Major Arterial,Etobicoke York,Intersection,Traffic Signal,Clear,Daylight,Wet,Fatal,Angle,Driver,40 to 44,,,Going Ahead,,,,,,,,,,Yes,,Yes,,,,Yes,Yes,,Humbermede
1543,Major Arterial,Scarborough,Intersection,Traffic Signal,Clear,Daylight,Dry,Non-Fatal Injury,Turning Movement,Driver,55 to 59,,North,Going Ahead,Driving Properly,,,,,,,,,Yes,Yes,,,,,,,,Woburn North
32,Pending,Toronto and East York,Mid-Block,No Control,Clear,Dark,Dry,Non-Fatal Injury,Turning Movement,Driver,30 to 34,,West,Making U Turn,Driving Properly,,,,,,,,,Yes,,,,Yes,Yes,Yes,,,Fort York-Liberty Village
2220,Minor Arterial,Toronto and East York,Intersection,Traffic Signal,Rain,"Dark, artificial",Wet,Non-Fatal Injury,Pedestrian Collisions,Driver,50 to 54,,West,Turning Left,Failed to Yield Right of Way,,,,,,,Yes,,Yes,,,,,,Yes,,,Woodbine Corridor
900,Minor Arterial,Toronto and East York,Intersection,Traffic Signal,Clear,Daylight,Dry,Non-Fatal Injury,Cyclist Collisions,Cyclist,20 to 24,Major,West,Going Ahead,,,,,"Cyclist without ROW rides into path of motorist at inter, lnwy, dwy-Cyclist not turn.",Disobeyed Traffic Control,Unknown,,Yes,Yes,,,,,,,,,South Riverdale
2033,Collector,Etobicoke York,Mid-Block,No Control,Clear,Daylight,Dry,Non-Fatal Injury,Sideswipe,Motorcycle Driver,25 to 29,Major,West,Going Ahead,Driving Properly,,,,,,,,,,Yes,,,,Yes,Yes,,,Beechborough-Greenbrook
1649,Minor Arterial,Toronto and East York,Mid-Block,No Control,Clear,Daylight,Dry,Non-Fatal Injury,Pedestrian Collisions,Driver,50 to 54,,East,Going Ahead,Driving Properly,,,,,,,Yes,,,,,Yes,,,,,,Harbourfront-CityPlace
255,Major Arterial,Scarborough,Intersection,Traffic Signal,Clear,"Dark, artificial",Wet,Non-Fatal Injury,SMV Other,Driver,20 to 24,Major,East,Going Ahead,Lost control,,,,,,,,,Yes,,,,,Yes,Yes,,Yes,West Hill
900,Minor Arterial,Toronto and East York,Intersection,Traffic Signal,Clear,Daylight,Dry,Non-Fatal Injury,Cyclist Collisions,Driver,35 to 39,,East,Turning Left,Other,,,,,,,,Yes,Yes,,,,,,,,,South Riverdale
32,Pending,Toronto and East York,Mid-Block,No Control,Clear,Dark,Dry,Non-Fatal Injury,Turning Movement,Driver,50 to 54,,East,Stopped,Driving Properly,,,,,,,,,Yes,,,,Yes,Yes,Yes,,,Fort York-Liberty Village
1543,Major Arterial,Scarborough,Intersection,Traffic Signal,Clear,Daylight,Dry,Non-Fatal Injury,Turning Movement,Other,unknown,,,,,,,,,,,,,Yes,Yes,,,,,,,,Woburn North
1649,Minor Arterial,Toronto and East York,Mid-Block,No Control,Clear,Daylight,Dry,Non-Fatal Injury,Pedestrian Collisions,Pedestrian,35 to 39,Major,North,,,Pedestrian involved in a collision with transit vehicle anywhere along roadway,"Crossing, no Traffic Control",Inattentive,,,,Yes,,,,,Yes,,,,,,Harbourfront-CityPlace
2033,Collector,Etobicoke York,Mid-Block,No Control,Clear,Daylight,Dry,Non-Fatal Injury,Sideswipe,Motorcycle Driver,unknown,,West,Going Ahead,Lost control,,,,,,,,,,Yes,,,,Yes,Yes,,,Beechborough-Greenbrook
1514,Major Arterial,Etobicoke York,Mid-Block,No Control,Snow,Daylight,Loose Snow,Non-Fatal Injury,SMV Other,Driver,75 to 79,Major,North,Going Ahead,Lost control,,,,,,,,,Yes,,,,Yes,,,,,Brookhaven-Amesbury
1440,Major Arterial,Etobicoke York,Intersection,Traffic Signal,Clear,Daylight,Wet,Fatal,Angle,Driver,50 to 54,,East,Going Ahead,Driving Properly,,,,,,,,,Yes,,Yes,,,,Yes,Yes,,Humbermede
900,Minor Arterial,Toronto and East York,Intersection,Traffic Signal,Clear,Daylight,Dry,Non-Fatal Injury,Cyclist Collisions,Driver,55 to 59,,East,Turning Left,Driving Properly,,,,,,,,Yes,Yes,,,,,,,,,South Riverdale
32,Pending,Toronto and East York,Mid-Block,No Control,Clear,Dark,Dry,Non-Fatal Injury,Turning Movement,Passenger,20 to 24,Major,,,,,,,,,,,,Yes,,,,Yes,Yes,Yes,,,Fort York-Liberty Village
1227,Major Arterial,North York,Mid-Block,Stop Sign,Clear,Daylight,Dry,Non-Fatal Injury,Pedestrian Collisions,Driver,65 to 69,,West,Turning Right,Failed to Yield Right of Way,,,,,,,Yes,,Yes,,,,,,Yes,,,Newtonbrook East
1659,Major Arterial,Etobicoke York,Intersection,No Control,Clear,Daylight,Dry,Non-Fatal Injury,Rear End,Truck Driver,25 to 29,,South,Slowing or Stopping,Failed to Yield Right of Way,,,,,,,,,Yes,,,,,,Yes,,,Willowridge-Martingrove-Richview
1227,Major Arterial,North York,Mid-Block,Stop Sign,Clear,Daylight,Dry,Non-Fatal Injury,Pedestrian Collisions,Pedestrian,70 to 74,Major,South,,,Pedestrian hit at private driveway,On Sidewalk or Shoulder,Normal,,,,Yes,,Yes,,,,,,Yes,,,Newtonbrook East
1155,Major Arterial,Etobicoke York,Intersection,Stop Sign,Clear,Daylight,Dry,Fatal,Pedestrian Collisions,Pedestrian,Over 95,Fatal,East,,,Vehicle turns right while ped crosses with ROW at inter.,Crossing with right of way,Other,,,,Yes,,Yes,,,,,,Yes,,,Stonegate-Queensway
1934,Major Arterial,Toronto and East York,Intersection,Traffic Signal,Rain,"Dark, artificial",Wet,Non-Fatal Injury,Pedestrian Collisions,Driver,unknown,,West,Turning Right,Failed to Yield Right of Way,,,,,,,Yes,,Yes,,,,,,Yes,,,University
1815,Major Arterial,Toronto and East York,Mid-Block,No Control,Clear,Daylight,Dry,Fatal,Cyclist Collisions,Cyclist,5 to 9,Fatal,West,Going Ahead,,,,,Insufficient information (to determine cyclist crash type).,Lost control,Normal,,Yes,,,,,,,,,,South Parkdale
1514,Major Arterial,Etobicoke York,Mid-Block,No Control,Snow,Daylight,Loose Snow,Non-Fatal Injury,SMV Other,Passenger,35 to 39,,,,,,,,,,,,,Yes,,,,Yes,,,,,Brookhaven-Amesbury
1659,Major Arterial,Etobicoke York,Intersection,No Control,Clear,Daylight,Dry,Non-Fatal Injury,Rear End,Driver,40 to 44,Major,South,Going Ahead,Driving Properly,,,,,,,,,Yes,,,,,,Yes,,,Willowridge-Martingrove-Richview
737,Major Arterial,North York,Mid-Block,No Control,Clear,Daylight,Dry,Non-Fatal Injury,Cyclist Collisions,Truck Driver,55 to 59,,South,Changing Lanes,Improper Lane Change,,,,,,,,Yes,,,Yes,,,,,,,Avondale
1550,Major Arterial,Toronto and East York,Intersection,No Control,Clear,Daylight,Dry,Non-Fatal Injury,Pedestrian Collisions,Driver,50 to 54,,West,Turning Right,Driving Properly,,,,,,,Yes,,Yes,,,,,,,,,Wellington Place
1155,Major Arterial,Etobicoke York,Intersection,Stop Sign,Clear,Daylight,Dry,Fatal,Pedestrian Collisions,Driver,25 to 29,,South,Turning Right,Failed to Yield Right of Way,,,,,,,Yes,,Yes,,,,,,Yes,,,Stonegate-Queensway
1900,Major Arterial,Scarborough,Intersection,No Control,Clear,"Dark, artificial",Dry,Non-Fatal Injury,Pedestrian Collisions,Driver,75 to 79,,South,Going Ahead,Driving Properly,,,,,,,Yes,,Yes,,,,,,,,,Malvern East
2150,Major Arterial,North York,Intersection,Traffic Signal,Rain,"Dark, artificial",Wet,Non-Fatal Injury,Cyclist Collisions,Driver,15 to 19,,South,Turning Left,Failed to Yield Right of Way,,,,,,,,Yes,Yes,,,,Yes,,Yes,,,Mount Pleasant East
737,Major Arterial,North York,Mid-Block,No Control,Clear,Daylight,Dry,Non-Fatal Injury,Cyclist Collisions,Cyclist,40 to 44,Major,South,Going Ahead,,,,,Cyclist and Driver travelling in same direction. One vehicle sideswipes the other.,Driving Properly,Normal,,Yes,,,Yes,,,,,,,Avondale
1934,Major Arterial,Toronto and East York,Intersection,Traffic Signal,Rain,"Dark, artificial",Wet,Non-Fatal Injury,Pedestrian Collisions,Pedestrian,50 to 54,Major,East,,,Vehicle turns right while ped crosses with ROW at inter.,Crossing with right of way,Normal,,,,Yes,,Yes,,,,,,Yes,,,University
1858,Collector,Etobicoke York,Mid-Block,No Control,Clear,Daylight,Dry,Non-Fatal Injury,SMV Other,Motorcycle Driver,15 to 19,Major,South,Going Ahead,Lost control,,,,,,,,,,Yes,,,,,,,,Islington
1550,Major Arterial,Toronto and East York,Intersection,No Control,Clear,Daylight,Dry,Non-Fatal Injury,Pedestrian Collisions,Pedestrian,55 to 59,Major,Unknown,,,Other / Undefined,Other,Other,,,,Yes,,Yes,,,,,,,,,Wellington Place