TIME,ROAD_CLASS,DISTRICT,LOCCOORD,TRAFFCTL,VISIBILITY,LIGHT,RDSFCOND,ACCLASS,IMPACTYPE,INVTYPE,INVAGE,INJURY,INITDIR,MANOEUVER,DRIVACT,PEDTYPE,PEDACT,PEDCOND,CYCLISTYPE,CYCACT,CYCCOND,PEDESTRIAN,CYCLIST,AUTOMOBILE,MOTORCYCLE,TRUCK,TRSN_CITY_VEH,PASSENGER,SPEEDING,AG_DRIV,REDLIGHT,ALCOHOL,NEIGHBOURHOOD_158
1450,Minor Arterial,Toronto and East York,Mid-Block,No Control,Clear,Daylight,Dry,Non-Fatal Injury,Cyclist Collisions,Driver,45 to 49,,West,Stopped,Other,,,,,,,,Yes,Yes,,,,,,,,,St Lawrence-East Bayfront-The Islands
2132,Collector,North York,Intersection,No Control,Clear,"Dark, artificial",Dry,Non-Fatal Injury,Pedestrian Collisions,Driver,85 to 89,,North,Turning Left,Improper Turn,,,,,,,Yes,,Yes,,,,,,,,,Bathurst Manor
2150,Major Arterial,North York,Intersection,Traffic Signal,Rain,"Dark, artificial",Wet,Non-Fatal Injury,Cyclist Collisions,Cyclist,65 to 69,Major,North,Going Ahead,,,,,Motorist turned left across cyclists path.,Driving Properly,Normal,,Yes,Yes,,,,Yes,,Yes,,,Mount Pleasant East
825,Major Arterial,North York,Intersection,Traffic Signal,Clear,Daylight,Dry,Non-Fatal Injury,Pedestrian Collisions,Driver,35 to 39,,South,Going Ahead,Driving Properly,,,,,,,Yes,,Yes,,,,Yes,,,,,L'Amoreaux West
2106,Major Arterial,Toronto and East York,Mid-Block,No Control,Clear,"Dark, artificial",Dry,Non-Fatal Injury,SMV Other,Driver,30 to 34,Major,East,Going Ahead,Lost control,,,,,,,,,Yes,,,,,Yes,Yes,,,South Parkdale
1700,Major Arterial,North York,Intersection,No Control,Clear,Daylight,Dry,Non-Fatal Injury,SMV Other,Driver,60 to 64,Major,East,Going Ahead,Lost control,,,,,,,,,Yes,,,,Yes,,,,,Bedford Park-Nortown
1900,Major Arterial,Scarborough,Intersection,No Control,Clear,"Dark, artificial",Dry,Non-Fatal Injury,Pedestrian Collisions,Other,50 to 54,,,,,,,,,,,Yes,,Yes,,,,,,,,,Malvern East
1450,Minor Arterial,Toronto and East York,Mid-Block,No Control,Clear,Daylight,Dry,Non-Fatal Injury,Cyclist Collisions,Cyclist,35 to 39,Major,West,Overtaking,,,,,Cyclist struck opened vehicle door,Driving Properly,Normal,,Yes,Yes,,,,,,,,,St Lawrence-East Bayfront-The Islands
2132,Collector,North York,Intersection,No Control,Clear,"Dark, artificial",Dry,Non-Fatal Injury,Pedestrian Collisions,Pedestrian,60 to 64,Major,North,,,Vehicle turns left while ped crosses with ROW at inter.,Crossing with right of way,Normal,,,,Yes,,Yes,,,,,,,,,Bathurst Manor
2150,Major Arterial,North York,Intersection,Traffic Signal,Rain,"Dark, artificial",Wet,Non-Fatal Injury,Cyclist Collisions,Passenger,15 to 19,,,,,,,,,,,,Yes,Yes,,,,Yes,,Yes,,,Mount Pleasant East
825,Major Arterial,North York,Intersection,Traffic Signal,Clear,Daylight,Dry,Non-Fatal Injury,Pedestrian Collisions,Pedestrian,15 to 19,Major,East,,,Vehicle is going straight thru inter.while ped cross without ROW,Crossing without right of way,Inattentive,,,,Yes,,Yes,,,,Yes,,,,,L'Amoreaux West
2255,Local,Toronto and East York,Mid-Block,No Control,Clear,"Dark, artificial",Loose Snow,Non-Fatal Injury,Pedestrian Collisions,Driver,unknown,,South,Pulling Away from Shoulder or Curb,Other,,,,,,,Yes,,Yes,,,,,,,,,Moss Park
825,Major Arterial,North York,Intersection,Traffic Signal,Clear,Daylight,Dry,Non-Fatal Injury,Pedestrian Collisions,Passenger,45 to 49,,,,,,,,,,,Yes,,Yes,,,,Yes,,,,,L'Amoreaux West
1700,Major Arterial,North York,Intersection,No Control,Clear,Daylight,Dry,Non-Fatal Injury,SMV Other,Passenger,60 to 64,,,,,,,,,,,,,Yes,,,,Yes,,,,,Bedford Park-Nortown
1450,Minor Arterial,Toronto and East York,Mid-Block,No Control,Clear,Daylight,Dry,Non-Fatal Injury,Cyclist Collisions,Driver,50 to 54,,West,Going Ahead,Driving Properly,,,,,,,,Yes,Yes,,,,,,,,,St Lawrence-East Bayfront-The Islands
1900,Major Arterial,Scarborough,Intersection,No Control,Clear,"Dark, artificial",Dry,Non-Fatal Injury,Pedestrian Collisions,Pedestrian,70 to 74,Major,West,,,Pedestrian hit at mid-block,"Crossing, no Traffic Control",Inattentive,,,,Yes,,Yes,,,,,,,,,Malvern East
2255,Local,Toronto and East York,Mid-Block,No Control,Clear,"Dark, artificial",Loose Snow,Non-Fatal Injury,Pedestrian Collisions,Pedestrian,65 to 69,Major,Unknown,,,Other / Undefined,Other,Normal,,,,Yes,,Yes,,,,,,,,,Moss Park
548,Major Arterial,North York,Intersection,Traffic Controller,Clear,Dawn,Dry,Non-Fatal Injury,Angle,Driver,25 to 29,Major,East,Going Ahead,Disobeyed Traffic Control,,,,,,,,,Yes,,,,Yes,,Yes,,,Clairlea-Birchmount
1054,Major Arterial,Scarborough,Mid-Block,No Control,Clear,Daylight,Dry,Fatal,Pedestrian Collisions,Pedestrian,70 to 74,Fatal,Unknown,,,Pedestrian involved in a collision with transit vehicle anywhere along roadway,Person Getting on/off Vehicle,Normal,,,,Yes,,,,,Yes,,,,,,Kennedy Park
1503,Major Arterial,North York,Intersection,No Control,Clear,Daylight,Dry,Non-Fatal Injury,Cyclist Collisions,Driver,55 to 59,,North,Turning Right,Failed to Yield Right of Way,,,,,,,,Yes,Yes,,,,,,Yes,,,Lansing-Westgate
1510,Collector,Toronto and East York,Mid-Block,No Control,Clear,Daylight,Dry,Non-Fatal Injury,Pedestrian Collisions,Driver,45 to 49,,West,Reversing,Driving Properly,,,,,,,Yes,,Yes,,,,Yes,,,,,Annex
110,Major Arterial,Toronto and East York,Mid-Block,No Control,Clear,Dark,Dry,Fatal,Pedestrian Collisions,Driver,20 to 24,,East,Going Ahead,Driving Properly,,,,,,,Yes,,Yes,,,,,,,,,Harbourfront-CityPlace
110,Major Arterial,Toronto and East York,Mid-Block,No Control,Clear,Dark,Dry,Fatal,Pedestrian Collisions,Pedestrian,15 to 19,Fatal,West,,,Pedestrian hit at mid-block,Walking on Roadway Against Traffic,Other,,,,Yes,,Yes,,,,,,,,,Harbourfront-CityPlace
1440,Major Arterial,Scarborough,Mid-Block,No Control,Clear,Daylight,Dry,Fatal,Pedestrian Collisions,Driver,55 to 59,,South,Going Ahead,Driving Properly,,,,,,,Yes,,Yes,,,,,,,,,Milliken
548,Major Arterial,North York,Intersection,Traffic Controller,Clear,Dawn,Dry,Non-Fatal Injury,Angle,Driver,30 to 34,Minor,North,Going Ahead,Driving Properly,,,,,,,,,Yes,,,,Yes,,Yes,,,Clairlea-Birchmount
1054,Major Arterial,Scarborough,Mid-Block,No Control,Clear,Daylight,Dry,Fatal,Pedestrian Collisions,Driver,55 to 59,,West,Pulling Away from Shoulder or Curb,Other,,,,,,,Yes,,,,,Yes,,,,,,Kennedy Park
1503,Major Arterial,North York,Intersection,No Control,Clear,Daylight,Dry,Non-Fatal Injury,Cyclist Collisions,Cyclist,55 to 59,Major,East,Going Ahead,,,,,"Motorist turns right at non-signal Inter.(stop, yield, no cont.,and dwy) and strikes cyclist.",Driving Properly,Normal,,Yes,Yes,,,,,,Yes,,,Lansing-Westgate
1510,Collector,Toronto and East York,Mid-Block,No Control,Clear,Daylight,Dry,Non-Fatal Injury,Pedestrian Collisions,Passenger,10 to 14,,,,,,,,,,,Yes,,Yes,,,,Yes,,,,,Annex
2045,Major Arterial,Scarborough,Intersection,No Control,Clear,"Dark, artificial",Dry,Non-Fatal Injury,Pedestrian Collisions,Driver,65 to 69,,West,Going Ahead,Driving Properly,,,,,,,Yes,,Yes,,,,,,,,,Kennedy Park
1440,Major Arterial,Scarborough,Mid-Block,No Control,Clear,Daylight,Dry,Fatal,Pedestrian Collisions,Pedestrian,70 to 74,Fatal,West,,,Pedestrian hit at mid-block,"Crossing, no Traffic Control",Normal,,,,Yes,,Yes,,,,,,,,,Milliken
200,Minor Arterial,,Mid-Block,No Control,Clear,"Dark, artificial",Dry,Non-Fatal Injury,SMV Other,Driver,20 to 24,Major,North,Going Ahead,Lost control,,,,,,,,,Yes,,,,,,,,,Glenfield-Jane Heights
548,Major Arterial,North York,Intersection,Traffic Controller,Clear,Dawn,Dry,Non-Fatal Injury,Angle,Passenger,30 to 34,,,,,,,,,,,,,Yes,,,,Yes,,Yes,,,Clairlea-Birchmount
1504,Major Arterial,Toronto and East York,Intersection,Traffic Signal,Clear,Daylight,Dry,Fatal,Rear End,Motorcycle Driver,70 to 74,Fatal,East,Going Ahead,Driving Properly,,,,,,,,,,Yes,Yes,,,,,,,High Park-Swansea
1510,Collector,Toronto and East York,Mid-Block,No Control,Clear,Daylight,Dry,Non-Fatal Injury,Pedestrian Collisions,Pedestrian,85 to 89,Major,South,,,Vehicle is reversing and hits pedestrian,"Crossing, no Traffic Control",Inattentive,,,,Yes,,Yes,,,,Yes,,,,,Annex
805,Local,North York,Intersection,No Control,Clear,Daylight,Dry,Non-Fatal Injury,Turning Movement,Driver,35 to 39,Minor,South,Turning Left,Failed to Yield Right of Way,,,,,,,,,Yes,,,,Yes,,Yes,,,Downsview
2045,Major Arterial,Scarborough,Intersection,No Control,Clear,"Dark, artificial",Dry,Non-Fatal Injury,Pedestrian Collisions,Pedestrian,45 to 49,Major,South,,,Pedestrian hit at mid-block,"Crossing, no Traffic Control",Normal,,,,Yes,,Yes,,,,,,,,,Kennedy Park
345,Major Arterial,Toronto and East York,Mid-Block,No Control,Clear,"Dark, artificial",Dry,Fatal,Rear End,Driver,40 to 44,Minimal,West,Going Ahead,Driving Properly,,,,,,,,,Yes,,,,,Yes,Yes,,Yes,South Parkdale
1025,Local,North York,Mid-Block,No Control,Clear,Daylight,Dry,Non-Fatal Injury,SMV Unattended Vehicle,Driver,85 to 89,Major,West,Going Ahead,Lost control,,,,,,,,,Yes,,,,,,,,,Black Creek
1045,Minor Arterial,Toronto and East York,Intersection,Traffic Signal,Clear,Daylight,Dry,Non-Fatal Injury,Pedestrian Collisions,Pedestrian,70 to 74,Major,East,,,Vehicle turns right while ped crosses with ROW at inter.,Crossing with right of way,Normal,,,,Yes,,,,Yes,,,,Yes,,,Church-Wellesley
345,Major Arterial,Toronto and East York,Mid-Block,No Control,Clear,"Dark, artificial",Dry,Fatal,Rear End,Driver,20 to 24,Fatal,West,Going Ahead,Lost control,,,,,,,,,Yes,,,,,Yes,Yes,,Yes,South Parkdale
1345,Major Arterial,North York,Intersection,Traffic Signal,Clear,Daylight,Dry,Non-Fatal Injury,Angle,Driver,40 to 44,Minor,West,Going Ahead,Disobeyed Traffic Control,,,,,,,,,Yes,Yes,,,Yes,,Yes,Yes,,St.Andrew-Windfields
2206,Major Arterial,Toronto and East York,Intersection,Streetcar (Stop for),Clear,"Dark, artificial",Dry,Non-Fatal Injury,Pedestrian Collisions,Driver,35 to 39,,East,Going Ahead,Failed to Yield Right of Way,,,,,,,Yes,,Yes,,,,Yes,,Yes,,,Kensington-Chinatown
1345,Major Arterial,North York,Intersection,Traffic Signal,Clear,Daylight,Dry,Non-Fatal Injury,Angle,Motorcycle Driver,30 to 34,Major,South,Going Ahead,Driving Properly,,,,,,,,,Yes,Yes,,,Yes,,Yes,Yes,,St.Andrew-Windfields
1504,Major Arterial,Toronto and East York,Intersection,Traffic Signal,Clear,Daylight,Dry,Fatal,Rear End,Truck Driver,40 to 44,,East,Going Ahead,Other,,,,,,,,,,Yes,Yes,,,,,,,High Park-Swansea
1045,Minor Arterial,Toronto and East York,Intersection,Traffic Signal,Clear,Daylight,Dry,Non-Fatal Injury,Pedestrian Collisions,Truck Driver,55 to 59,,East,Turning Right,Failed to Yield Right of Way,,,,,,,Yes,,,,Yes,,,,Yes,,,Church-Wellesley
1415,Major Arterial,Scarborough,Intersection,Traffic Signal,Clear,Daylight,Dry,Non-Fatal Injury,Pedestrian Collisions,Driver,45 to 49,Major,East,Going Ahead,Failed to Yield Right of Way,,,,,,,Yes,,Yes,,,,,,Yes,,,Highland Creek
1345,Major Arterial,North York,Intersection,Traffic Signal,Clear,Daylight,Dry,Non-Fatal Injury,Angle,Driver,65 to 69,,East,Stopped,Driving Properly,,,,,,,,,Yes,Yes,,,Yes,,Yes,Yes,,St.Andrew-Windfields
1155,Major Arterial,North York,Mid-Block,No Control,Clear,Daylight,Dry,Non-Fatal Injury,Pedestrian Collisions,Driver,25 to 29,,East,Going Ahead,Driving Properly,,,,,,,Yes,,,,,Yes,,,,,,Casa Loma
1415,Major Arterial,Scarborough,Intersection,Traffic Signal,Clear,Daylight,Dry,Non-Fatal Injury,Pedestrian Collisions,Pedestrian,20 to 24,Minor,North,,,Vehicle is going straight thru inter.while ped cross with ROW,Crossing with right of way,Normal,,,,Yes,,Yes,,,,,,Yes,,,Highland Creek
2115,Major Arterial,North York,Intersection,Stop Sign,Clear,"Daylight, artificial",Dry,Non-Fatal Injury,Turning Movement,Motorcycle Driver,45 to 49,Major,North,Going Ahead,Driving Properly,,,,,,,,,Yes,Yes,,,,,,,,Newtonbrook West
2206,Major Arterial,Toronto and East York,Intersection,Streetcar (Stop for),Clear,"Dark, artificial",Dry,Non-Fatal Injury,Pedestrian Collisions,Passenger,20 to 24,,,,,,,,,,,Yes,,Yes,,,,Yes,,Yes,,,Kensington-Chinatown
1345,Major Arterial,North York,Intersection,Traffic Signal,Clear,Daylight,Dry,Non-Fatal Injury,Angle,Driver,55 to 59,,East,Stopped,Driving Properly,,,,,,,,,Yes,Yes,,,Yes,,Yes,Yes,,St.Andrew-Windfields
2206,Major Arterial,Toronto and East York,Intersection,Streetcar (Stop for),Clear,"Dark, artificial",Dry,Non-Fatal Injury,Pedestrian Collisions,Pedestrian,25 to 29,Major,South,,,Other / Undefined,Person Getting on/off Vehicle,Normal,,,,Yes,,Yes,,,,Yes,,Yes,,,Kensington-Chinatown
1155,Major Arterial,North York,Mid-Block,No Control,Clear,Daylight,Dry,Non-Fatal Injury,Pedestrian Collisions,Pedestrian,75 to 79,Major,North,,,Pedestrian involved in a collision with transit vehicle anywhere along roadway,Running onto Roadway,Medical or Physical Disability,,,,Yes,,,,,Yes,,,,,,Casa Loma
219,Major Arterial,Scarborough,Intersection,Stop Sign,Clear,Dark,Wet,Fatal,Turning Movement,Driver,25 to 29,Fatal,South,Going Ahead,Driving Properly,,,,,,,,,Yes,,,,,Yes,Yes,,,Eglinton East
2115,Major Arterial,North York,Intersection,Stop Sign,Clear,"Daylight, artificial",Dry,Non-Fatal Injury,Turning Movement,Driver,unknown,,West,Turning Left,Improper Turn,,,,,,,,,Yes,Yes,,,,,,,,Newtonbrook West
1345,Major Arterial,North York,Intersection,Traffic Signal,Clear,Daylight,Dry,Non-Fatal Injury,Angle,Passenger,65 to 69,,,,,,,,,,,,,Yes,Yes,,,Yes,,Yes,Yes,,St.Andrew-Windfields
1648,Minor Arterial,Scarborough,Intersection,No Control,Clear,Daylight,Dry,Non-Fatal Injury,Pedestrian Collisions,Driver,65 to 69,,North,Going Ahead,Driving Properly,,,,,,,Yes,,Yes,,,,,,,,,Milliken
1548,Minor Arterial,Toronto and East York,Intersection,No Control,Clear,Daylight,Dry,Non-Fatal Injury,Turning Movement,Driver,25 to 29,,South,Going Ahead,Driving Properly,,,,,,,,,Yes,,,,,,Yes,,,Casa Loma
543,Major Arterial,Toronto and East York,Mid-Block,No Control,Clear,"Dark, artificial",Wet,Non-Fatal Injury,SMV Other,Driver,60 to 64,Major,East,Going Ahead,Lost control,,,,,,,,,Yes,,,,,Yes,Yes,,,South Parkdale
1530,Collector,Scarborough,Intersection,No Control,Clear,"Daylight, artificial",Dry,Fatal,Pedestrian Collisions,Pedestrian,5 to 9,Fatal,East,,,Vehicle hits the pedestrian walking or running out from between parked vehicles at mid-block,Running onto Roadway,Inattentive,,,,Yes,,Yes,,,,,,,,,Highland Creek
1548,Minor Arterial,Toronto and East York,Intersection,No Control,Clear,Daylight,Dry,Non-Fatal Injury,Turning Movement,Driver,10 to 14,Major,North,Turning Left,Improper Turn,,,,,,,,,Yes,,,,,,Yes,,,Casa Loma
1659,Major Arterial,Scarborough,Intersection,Traffic Signal,Clear,Daylight,Dry,Non-Fatal Injury,Other,Passenger,55 to 59,Major,,,,,,,,,,,,,,,Yes,Yes,,,,,Dorset Park
1659,Major Arterial,Scarborough,Intersection,Traffic Signal,Clear,Daylight,Dry,Non-Fatal Injury,Other,Driver,35 to 39,,West,Pulling Away from Shoulder or Curb,Driving Properly,,,,,,,,,,,,Yes,Yes,,,,,Dorset Park
1530,Collector,Scarborough,Intersection,No Control,Clear,"Daylight, artificial",Dry,Fatal,Pedestrian Collisions,Driver,50 to 54,,North,Going Ahead,Driving Properly,,,,,,,Yes,,Yes,,,,,,,,,Highland Creek
2044,Major Arterial,North York,Intersection,Traffic Controller,Clear,Dusk,Dry,Non-Fatal Injury,Turning Movement,Driver,25 to 29,,South,Turning Left,Failed to Yield Right of Way,,,,,,,,,Yes,Yes,,,Yes,,Yes,,,North Toronto
2044,Major Arterial,North York,Intersection,Traffic Controller,Clear,Dusk,Dry,Non-Fatal Injury,Turning Movement,Motorcycle Driver,50 to 54,Major,North,Going Ahead,Driving Properly,,,,,,,,,Yes,Yes,,,Yes,,Yes,,,North Toronto
2044,Major Arterial,North York,Intersection,Traffic Controller,Clear,Dusk,Dry,Non-Fatal Injury,Turning Movement,Motorcycle Passenger,15 to 19,Major,,,,,,,,,,,,Yes,Yes,,,Yes,,Yes,,,North Toronto
1857,Major Arterial,North York,Intersection,No Control,Clear,Daylight,Dry,Fatal,Angle,Motorcycle Driver,30 to 34,Fatal,South,Going Ahead,Driving Properly,,,,,,,,,Yes,Yes,,,,,Yes,,,Don Valley Village
1857,Major Arterial,North York,Intersection,No Control,Clear,Daylight,Dry,Fatal,Angle,Driver,45 to 49,Minimal,East,Going Ahead,Failed to Yield Right of Way,,,,,,,,,Yes,Yes,,,,,Yes,,,Don Valley Village
205,Major Arterial,Etobicoke York,Mid-Block,No Control,Clear,"Dark, artificial",Dry,Non-Fatal Injury,Approaching,Driver,20 to 24,Minimal,South,Going Ahead,Failed to Yield Right of Way,,,,,,,,,Yes,,,,Yes,,Yes,,,Mount Olive-Silverstone-Jamestown
205,Major Arterial,Etobicoke York,Mid-Block,No Control,Clear,"Dark, artificial",Dry,Non-Fatal Injury,Approaching,Driver,50 to 54,Major,North,Going Ahead,Driving Properly,,,,,,,,,Yes,,,,Yes,,Yes,,,Mount Olive-Silverstone-Jamestown
205,Major Arterial,Etobicoke York,Mid-Block,No Control,Clear,"Dark, artificial",Dry,Non-Fatal Injury,Approaching,Passenger,35 to 39,Minor,,,,,,,,,,,,Yes,,,,Yes,,Yes,,,Mount Olive-Silverstone-Jamestown
205,Major Arterial,Etobicoke York,Mid-Block,No Control,Clear,"Dark, artificial",Dry,Non-Fatal Injury,Approaching,Passenger,25 to 29,Minor,,,,,,,,,,,,Yes,,,,Yes,,Yes,,,Mount Olive-Silverstone-Jamestown
325,Major Arterial,Toronto and East York,Intersection,Traffic Signal,Clear,"Dark, artificial",Dry,Non-Fatal Injury,Pedestrian Collisions,Driver,70 to 74,,East,Going Ahead,Other,,,,,,,Yes,,Yes,,,,,,,,,Casa Loma
624,Major Arterial,Toronto and East York,Intersection,Traffic Signal,Clear,Daylight,Dry,Non-Fatal Injury,Pedestrian Collisions,Driver,20 to 24,,West,Going Ahead,Driving Properly,,,,,,,Yes,,Yes,,,,,,,,,Harbourfront-CityPlace
624,Major Arterial,Toronto and East York,Intersection,Traffic Signal,Clear,Daylight,Dry,Non-Fatal Injury,Pedestrian Collisions,Pedestrian,30 to 34,Major,North,,,Vehicle is going straight thru inter.while ped cross without ROW,Crossing without right of way,Normal,,,,Yes,,Yes,,,,,,,,,Harbourfront-CityPlace
2134,Major Arterial,Etobicoke York,Intersection,Traffic Signal,Rain,"Dark, artificial",Wet,Non-Fatal Injury,Turning Movement,Driver,45 to 49,,East,Turning Left,Improper Turn,,,,,,,,,Yes,Yes,,,Yes,,,,,Thistletown-Beaumond Heights
2134,Major Arterial,Etobicoke York,Intersection,Traffic Signal,Rain,"Dark, artificial",Wet,Non-Fatal Injury,Turning Movement,Motorcycle Driver,55 to 59,Major,West,Going Ahead,Driving Properly,,,,,,,,,Yes,Yes,,,Yes,,,,,Thistletown-Beaumond Heights
2134,Major Arterial,Etobicoke York,Intersection,Traffic Signal,Rain,"Dark, artificial",Wet,Non-Fatal Injury,Turning Movement,Passenger,45 to 49,Minimal,,,,,,,,,,,,Yes,Yes,,,Yes,,,,,Thistletown-Beaumond Heights
2134,Major Arterial,Etobicoke York,Intersection,Traffic Signal,Rain,"Dark, artificial",Wet,Non-Fatal Injury,Turning Movement,Passenger,5 to 9,,,,,,,,,,,,,Yes,Yes,,,Yes,,,,,Thistletown-Beaumond Heights
2305,Minor Arterial,Scarborough,Mid-Block,No Control,Clear,"Dark, artificial",Dry,Fatal,Pedestrian Collisions,Passenger,45 to 49,,,,,,,,,,,Yes,,Yes,,,,Yes,,,,,Golfdale-Cedarbrae-Woburn
2305,Minor Arterial,Scarborough,Mid-Block,No Control,Clear,"Dark, artificial",Dry,Fatal,Pedestrian Collisions,Pedestrian,80 to 84,Fatal,East,,,Pedestrian hit at mid-block,"Crossing, no Traffic Control",Normal,,,,Yes,,Yes,,,,Yes,,,,,Golfdale-Cedarbrae-Woburn
2305,Minor Arterial,Scarborough,Mid-Block,No Control,Clear,"Dark, artificial",Dry,Fatal,Pedestrian Collisions,Driver,25 to 29,,North,Going Ahead,Driving Properly,,,,,,,Yes,,Yes,,,,Yes,,,,,Golfdale-Cedarbrae-Woburn
2305,Minor Arterial,Scarborough,Mid-Block,No Control,Clear,"Dark, artificial",Dry,Fatal,Pedestrian Collisions,Passenger,20 to 24,,,,,,,,,,,Yes,,Yes,,,,Yes,,,,,Golfdale-Cedarbrae-Woburn
620,Collector,Etobicoke York,Mid-Block,No Control,Clear,Dawn,Dry,Non-Fatal Injury,SMV Other,Driver,30 to 34,Major,East,Going Ahead,Lost control,,,,,,,,,Yes,,,,,Yes,Yes,,,Humber Summit
325,Major Arterial,Toronto and East York,Intersection,Traffic Signal,Clear,"Dark, artificial",Dry,Non-Fatal Injury,Pedestrian Collisions,Pedestrian,30 to 34,Major,North,,,Vehicle is going straight thru inter.while ped cross without ROW,Crossing without right of way,Inattentive,,,,Yes,,Yes,,,,,,,,,Casa Loma
645,Major Arterial,Etobicoke York,Intersection,Traffic Signal,Clear,"Dawn, artificial",Dry,Non-Fatal Injury,Cyclist Collisions,Driver,45 to 49,,East,Turning Right,Improper Turn,,,,,,,,Yes,Yes,,,,,,,,,Rexdale-Kipling
645,Major Arterial,Etobicoke York,Intersection,Traffic Signal,Clear,"Dawn, artificial",Dry,Non-Fatal Injury,Cyclist Collisions,Cyclist,60 to 64,Major,West,Going Ahead,,,,,Motorist turning right on red at signalized intersection strikes cyclist.,Driving Properly,Normal,,Yes,Yes,,,,,,,,,Rexdale-Kipling
716,Major Arterial,Toronto and East York,Intersection,Traffic Signal,Clear,Daylight,Dry,Non-Fatal Injury,Pedestrian Collisions,Pedestrian,40 to 44,Major,East,,,Vehicle is going straight thru inter.while ped cross without ROW,Crossing without right of way,Inattentive,,,,Yes,,,,Yes,,,,,,,Kensington-Chinatown
716,Major Arterial,Toronto and East York,Intersection,Traffic Signal,Clear,Daylight,Dry,Non-Fatal Injury,Pedestrian Collisions,Truck Driver,60 to 64,,South,Going Ahead,Driving Properly,,,,,,,Yes,,,,Yes,,,,,,,Kensington-Chinatown
2142,,North York,Mid-Block,No Control,Clear,"Dark, artificial",Dry,Non-Fatal Injury,Pedestrian Collisions,Pedestrian,25 to 29,Major,North,,,,Other,Normal,,,,Yes,,Yes,,,,,,,,,Parkwoods-O'Connor Hills
2142,,North York,Mid-Block,No Control,Clear,"Dark, artificial",Dry,Non-Fatal Injury,Pedestrian Collisions,Driver,unknown,,North,Going Ahead,Improper Lane Change,,,,,,,Yes,,Yes,,,,,,,,,Parkwoods-O'Connor Hills
1546,Major Arterial,Scarborough,Intersection,Traffic Controller,Rain,Daylight,Wet,Non-Fatal Injury,Turning Movement,Driver,40 to 44,,East,Turning Left,Improper Turn,,,,,,,,,Yes,,,,Yes,,,,,Malvern East
1546,Major Arterial,Scarborough,Intersection,Traffic Controller,Rain,Daylight,Wet,Non-Fatal Injury,Turning Movement,Driver,20 to 24,Major,West,Going Ahead,Driving Properly,,,,,,,,,Yes,,,,Yes,,,,,Malvern East
1546,Major Arterial,Scarborough,Intersection,Traffic Controller,Rain,Daylight,Wet,Non-Fatal Injury,Turning Movement,Passenger,20 to 24,,,,,,,,,,,,,Yes,,,,Yes,,,,,Malvern East
2025,Major Arterial,Scarborough,Intersection,Traffic Signal,Rain,Daylight,Wet,Non-Fatal Injury,Pedestrian Collisions,Driver,unknown,,West,Turning Left,Failed to Yield Right of Way,,,,,,,Yes,,Yes,,,,,,Yes,,,Malvern West
746,Major Arterial,North York,Intersection,Traffic Signal,Clear,Daylight,Dry,Non-Fatal Injury,Rear End,Motorcycle Driver,50 to 54,Major,West,Going Ahead,Following too Close,,,,,,,,,Yes,Yes,,,,,Yes,,,Victoria Village
746,Major Arterial,North York,Intersection,Traffic Signal,Clear,Daylight,Dry,Non-Fatal Injury,Rear End,Driver,20 to 24,,West,Slowing or Stopping,Driving Properly,,,,,,,,,Yes,Yes,,,,,Yes,,,Victoria Village
1751,Major Arterial,Toronto and East York,Intersection,No Control,Clear,Daylight,Dry,Non-Fatal Injury,Cyclist Collisions,Cyclist,60 to 64,Major,West,Going Ahead,,,,,Motorist turned left across cyclists path.,Driving Properly,Normal,,Yes,Yes,,,,,,,,,Kensington-Chinatown
1751,Major Arterial,Toronto and East York,Intersection,No Control,Clear,Daylight,Dry,Non-Fatal Injury,Cyclist Collisions,Driver,50 to 54,,East,Turning Left,Improper Turn,,,,,,,,Yes,Yes,,,,,,,,,Kensington-Chinatown
2100,Major Arterial,North York,Intersection,Traffic Signal,Rain,"Dark, artificial",Wet,Non-Fatal Injury,Pedestrian Collisions,Pedestrian,65 to 69,Major,West,,,Vehicle turns left while ped crosses with ROW at inter.,Crossing with right of way,Normal,,,,Yes,,Yes,,,,,,Yes,,,Clairlea-Birchmount
2100,Major Arterial,North York,Intersection,Traffic Signal,Rain,"Dark, artificial",Wet,Non-Fatal Injury,Pedestrian Collisions,Driver,55 to 59,,East,Turning Left,Failed to Yield Right of Way,,,,,,,Yes,,Yes,,,,,,Yes,,,Clairlea-Birchmount
1540,Major Arterial,Toronto and East York,Intersection,Traffic Signal,Clear,Daylight,Dry,Non-Fatal Injury,Other,Passenger,65 to 69,Major,,,,,,,,,,,,,,,Yes,Yes,,,,,Downtown Yonge East
1540,Major Arterial,Toronto and East York,Intersection,Traffic Signal,Clear,Daylight,Dry,Non-Fatal Injury,Other,Driver,40 to 44,,East,Pulling Away from Shoulder or Curb,Driving Properly,,,,,,,,,,,,Yes,Yes,,,,,Downtown Yonge East