TIME,ROAD_CLASS,DISTRICT,LOCCOORD,TRAFFCTL,VISIBILITY,LIGHT,RDSFCOND,ACCLASS,IMPACTYPE,INVTYPE,INVAGE,INJURY,INITDIR,MANOEUVER,DRIVACT,PEDTYPE,PEDACT,PEDCOND,CYCLISTYPE,CYCACT,CYCCOND,PEDESTRIAN,CYCLIST,AUTOMOBILE,MOTORCYCLE,TRUCK,TRSN_CITY_VEH,PASSENGER,SPEEDING,AG_DRIV,REDLIGHT,ALCOHOL,NEIGHBOURHOOD_158
1740,Major Arterial,Toronto and East York,Intersection,Traffic Signal,Clear,"Daylight, artificial",Dry,Non-Fatal Injury,Pedestrian Collisions,Driver,30 to 34,,North,Stopped,Driving Properly,,,,,,,Yes,,Yes,,,,,,Yes,,,Downtown Yonge East
1740,Major Arterial,Toronto and East York,Intersection,Traffic Signal,Clear,"Daylight, artificial",Dry,Non-Fatal Injury,Pedestrian Collisions,Pedestrian,60 to 64,Major,East,,,Vehicle turns left while ped crosses with ROW at inter.,Crossing with right of way,Normal,,,,Yes,,Yes,,,,,,Yes,,,Downtown Yonge East
100,Major Arterial,North York,Intersection,No Control,Clear,"Dark, artificial",Dry,Non-Fatal Injury,Pedestrian Collisions,Driver,45 to 49,,South,Going Ahead,Driving Properly,,,,,,,Yes,,Yes,,,,,,,,,Yorkdale-Glen Park
100,Major Arterial,North York,Intersection,No Control,Clear,"Dark, artificial",Dry,Non-Fatal Injury,Pedestrian Collisions,Pedestrian,25 to 29,Major,West,,,Pedestrian hit at mid-block,"Crossing, no Traffic Control",Inattentive,,,,Yes,,Yes,,,,,,,,,Yorkdale-Glen Park
1024,Expressway Ramp,North York,Mid-Block,No Control,Clear,Daylight,Dry,Non-Fatal Injury,Pedestrian Collisions,Driver,70 to 74,,South,Going Ahead,Driving Properly,,,,,,,Yes,,Yes,,,,,,,,,Avondale
1024,Expressway Ramp,North York,Mid-Block,No Control,Clear,Daylight,Dry,Non-Fatal Injury,Pedestrian Collisions,Pedestrian,75 to 79,Major,North,,,Pedestrian hit at mid-block,"Crossing, no Traffic Control",Normal,,,,Yes,,Yes,,,,,,,,,Avondale
1803,Major Arterial,Toronto and East York,Intersection,Traffic Controller,Clear,Daylight,Dry,Non-Fatal Injury,SMV Other,Motorcycle Driver,50 to 54,Major,North,Going Ahead,Lost control,,,,,,,,,,Yes,,,,,,,,Rosedale-Moore Park
2020,Major Arterial,Toronto and East York,Mid-Block,No Control,Clear,Daylight,Dry,Non-Fatal Injury,Cyclist Collisions,Driver,35 to 39,Major,West,Turning Left,Improper Turn,,,,,,,,Yes,Yes,,,,,,,,,Blake-Jones
2020,Major Arterial,Toronto and East York,Mid-Block,No Control,Clear,Daylight,Dry,Non-Fatal Injury,Cyclist Collisions,Cyclist,35 to 39,Major,East,Going Ahead,,,,,Motorist turned left across cyclists path.,Driving Properly,Normal,,Yes,Yes,,,,,,,,,Blake-Jones
2234,Major Arterial,North York,Intersection,No Control,Clear,"Dark, artificial",Dry,Non-Fatal Injury,Cyclist Collisions,Cyclist,55 to 59,Major,North,Going Ahead,,,,,Insufficient information (to determine cyclist crash type).,Lost control,Had Been Drinking,,Yes,,,,,,,,,,Tam O'Shanter-Sullivan
123,Major Arterial,Etobicoke York,Intersection,Traffic Signal,Clear,"Dark, artificial",Dry,Fatal,Pedestrian Collisions,Driver,25 to 29,Minor,East,Going Ahead,Exceeding Speed Limit,,,,,,,Yes,,Yes,,,,,Yes,Yes,,,Mount Olive-Silverstone-Jamestown
123,Major Arterial,Etobicoke York,Intersection,Traffic Signal,Clear,"Dark, artificial",Dry,Fatal,Pedestrian Collisions,Driver,25 to 29,,North,Stopped,Driving Properly,,,,,,,Yes,,Yes,,,,,Yes,Yes,,,Mount Olive-Silverstone-Jamestown
123,Major Arterial,Etobicoke York,Intersection,Traffic Signal,Clear,"Dark, artificial",Dry,Fatal,Pedestrian Collisions,Driver,55 to 59,Minor,West,Turning Left,Driving Properly,,,,,,,Yes,,Yes,,,,,Yes,Yes,,,Mount Olive-Silverstone-Jamestown
123,Major Arterial,Etobicoke York,Intersection,Traffic Signal,Clear,"Dark, artificial",Dry,Fatal,Pedestrian Collisions,Pedestrian,15 to 19,Fatal,Unknown,,,Pedestrian hit on sidewalk or shoulder,On Sidewalk or Shoulder,Normal,,,,Yes,,Yes,,,,,Yes,Yes,,,Mount Olive-Silverstone-Jamestown
2215,Major Arterial,Etobicoke York,Intersection,Traffic Signal,Clear,"Dark, artificial",Dry,Non-Fatal Injury,Pedestrian Collisions,Driver,55 to 59,Minimal,East,Turning Left,Lost control,,,,,,,Yes,,Yes,,,,,,,,Yes,Junction Area
2215,Major Arterial,Etobicoke York,Intersection,Traffic Signal,Clear,"Dark, artificial",Dry,Non-Fatal Injury,Pedestrian Collisions,Pedestrian,50 to 54,Major,Unknown,,,Pedestrian hit on sidewalk or shoulder,On Sidewalk or Shoulder,Normal,,,,Yes,,Yes,,,,,,,,Yes,Junction Area
2215,Major Arterial,Etobicoke York,Intersection,Traffic Signal,Clear,"Dark, artificial",Dry,Non-Fatal Injury,Pedestrian Collisions,Pedestrian,40 to 44,Minor,Unknown,,,Pedestrian hit on sidewalk or shoulder,On Sidewalk or Shoulder,Normal,,,,Yes,,Yes,,,,,,,,Yes,Junction Area
1720,Major Arterial,Scarborough,Intersection,No Control,Clear,Daylight,Dry,Non-Fatal Injury,Approaching,Driver,70 to 74,Major,South,Going Ahead,Lost control,,,,,,,,,Yes,,,,,Yes,Yes,,,Bendale South
1720,Major Arterial,Scarborough,Intersection,No Control,Clear,Daylight,Dry,Non-Fatal Injury,Approaching,Driver,50 to 54,Major,North,Going Ahead,Driving Properly,,,,,,,,,Yes,,,,,Yes,Yes,,,Bendale South
2043,Local,Scarborough,Mid-Block,No Control,Clear,"Daylight, artificial",Wet,Non-Fatal Injury,Other,Driver,25 to 29,,East,Going Ahead,Driving Properly,,,,,,,,,Yes,,,,Yes,,,,,Tam O'Shanter-Sullivan
2043,Local,Scarborough,Mid-Block,No Control,Clear,"Daylight, artificial",Wet,Non-Fatal Injury,Other,Passenger,25 to 29,Major,,,,,,,,,,,,Yes,,,,Yes,,,,,Tam O'Shanter-Sullivan
2043,Local,Scarborough,Mid-Block,No Control,Clear,"Daylight, artificial",Wet,Non-Fatal Injury,Other,Passenger,0 to 4,,,,,,,,,,,,,Yes,,,,Yes,,,,,Tam O'Shanter-Sullivan
830,Minor Arterial,Etobicoke York,Mid-Block,No Control,Clear,Daylight,Dry,Non-Fatal Injury,Pedestrian Collisions,Driver,30 to 34,,West,Changing Lanes,Improper Lane Change,,,,,,,Yes,,Yes,,,,,,,,,Weston
2218,Major Arterial,Etobicoke York,Mid-Block,No Control,Clear,"Dark, artificial",Dry,Non-Fatal Injury,Angle,Passenger,20 to 24,Minimal,,,,,,,,,,,,Yes,,,,Yes,,Yes,,,Humbermede
1528,Major Arterial,Scarborough,Intersection,Traffic Signal,Clear,Daylight,Dry,Fatal,Pedestrian Collisions,Driver,25 to 29,,West,Going Ahead,Disobeyed Traffic Control,,,,,,,Yes,,Yes,,,,,Yes,Yes,Yes,Yes,Birchcliffe-Cliffside
1905,Minor Arterial,Scarborough,Mid-Block,No Control,Clear,Daylight,Dry,Non-Fatal Injury,Rear End,Motorcycle Driver,25 to 29,Major,East,Going Ahead,Exceeding Speed Limit,,,,,,,,,,Yes,,,,Yes,Yes,,,Birchcliffe-Cliffside
2235,Major Arterial,Etobicoke York,Intersection,Traffic Signal,Clear,"Dark, artificial",Dry,Non-Fatal Injury,Turning Movement,Passenger,20 to 24,Minor,,,,,,,,,,,,Yes,,Yes,,Yes,Yes,Yes,,,West Humber-Clairville
1147,Major Arterial,Toronto and East York,Intersection,Traffic Signal,Clear,Daylight,Dry,Non-Fatal Injury,Cyclist Collisions,Cyclist,25 to 29,,West,Overtaking,,,,,Cyclist and Driver travelling in same direction. One vehicle sideswipes the other.,Improper Passing,Other,,Yes,Yes,,,,,,,,,University
1138,Major Arterial,Etobicoke York,Intersection,Traffic Signal,Clear,Daylight,Wet,Non-Fatal Injury,Pedestrian Collisions,Pedestrian,unknown,Major,Unknown,,,Vehicle turns left while ped crosses with ROW at inter.,Crossing with right of way,Normal,,,,Yes,,Yes,,,,,,Yes,,,Etobicoke City Centre
2148,Laneway,Scarborough,Mid-Block,No Control,Clear,"Dark, artificial",Dry,Non-Fatal Injury,Pedestrian Collisions,Driver,unknown,,South,Going Ahead,Lost control,,,,,,,Yes,,Yes,,,,Yes,Yes,Yes,,,Annex
1147,Major Arterial,Toronto and East York,Intersection,Traffic Signal,Clear,Daylight,Dry,Non-Fatal Injury,Cyclist Collisions,Driver,35 to 39,,West,Going Ahead,Driving Properly,,,,,,,,Yes,Yes,,,,,,,,,University
1616,Major Arterial,Scarborough,Intersection,Traffic Signal,Clear,Daylight,Dry,Non-Fatal Injury,Turning Movement,Motorcycle Driver,15 to 19,Major,West,Going Ahead,Driving Properly,,,,,,,,,Yes,Yes,,,,,Yes,,,Centennial Scarborough
1138,Major Arterial,Etobicoke York,Intersection,Traffic Signal,Clear,Daylight,Wet,Non-Fatal Injury,Pedestrian Collisions,Driver,70 to 74,,West,Turning Left,Failed to Yield Right of Way,,,,,,,Yes,,Yes,,,,,,Yes,,,Etobicoke City Centre
2148,Laneway,Scarborough,Mid-Block,No Control,Clear,"Dark, artificial",Dry,Non-Fatal Injury,Pedestrian Collisions,Driver,20 to 24,,North,Reversing,Other,,,,,,,Yes,,Yes,,,,Yes,Yes,Yes,,,Annex
1147,Major Arterial,Toronto and East York,Intersection,Traffic Signal,Clear,Daylight,Dry,Non-Fatal Injury,Cyclist Collisions,Cyclist,50 to 54,Major,West,Going Ahead,,,,,Cyclist and Driver travelling in same direction. One vehicle sideswipes the other.,Driving Properly,Normal,,Yes,Yes,,,,,,,,,University
1838,Minor Arterial,Etobicoke York,Intersection,No Control,Clear,"Dark, artificial",Dry,Non-Fatal Injury,Cyclist Collisions,Driver,60 to 64,,West,Going Ahead,Improper Passing,,,,,,,,Yes,Yes,,,,,,Yes,,,Beechborough-Greenbrook
1745,Minor Arterial,Etobicoke York,Intersection,Traffic Signal,Clear,Daylight,Dry,Non-Fatal Injury,Turning Movement,Motorcycle Driver,35 to 39,Major,South,Going Ahead,Driving Properly,,,,,,,,,Yes,Yes,,,,,,,,Weston
1418,Major Arterial,Toronto and East York,Intersection,No Control,Clear,Daylight,Dry,Non-Fatal Injury,Pedestrian Collisions,Pedestrian,25 to 29,Major,North,,,Pedestrian involved in a collision with transit vehicle anywhere along roadway,Running onto Roadway,Had Been Drinking,,,,Yes,,,,,Yes,,,,,,South Parkdale
2148,Laneway,Scarborough,Mid-Block,No Control,Clear,"Dark, artificial",Dry,Non-Fatal Injury,Pedestrian Collisions,Pedestrian,25 to 29,Minor,South,,,Pedestrian hit at mid-block,Walking on Roadway with Traffic,Had Been Drinking,,,,Yes,,Yes,,,,Yes,Yes,Yes,,,Annex
1418,Major Arterial,Toronto and East York,Intersection,No Control,Clear,Daylight,Dry,Non-Fatal Injury,Pedestrian Collisions,Driver,40 to 44,,West,Going Ahead,Driving Properly,,,,,,,Yes,,,,,Yes,,,,,,South Parkdale
1027,Collector,North York,Mid-Block,No Control,Clear,Daylight,Dry,Non-Fatal Injury,Rear End,Driver,65 to 69,,West,Going Ahead,Improper Turn,,,,,,,,,Yes,Yes,,,,,,,,Bridle Path-Sunnybrook-York Mills
2308,Major Arterial,North York,Mid-Block,No Control,Clear,Dark,Dry,Fatal,Pedestrian Collisions,Driver,unknown,,West,Going Ahead,Lost control,,,,,,,Yes,,Yes,,,,,,,,Yes,Banbury-Don Mills
2009,Major Arterial,Etobicoke York,Intersection,Traffic Signal,Clear,"Dark, artificial",Dry,Non-Fatal Injury,Turning Movement,Driver,55 to 59,,South,Turning Left,Failed to Yield Right of Way,,,,,,,,,Yes,,,,,,Yes,,,York University Heights
1616,Major Arterial,Scarborough,Intersection,Traffic Signal,Clear,Daylight,Dry,Non-Fatal Injury,Turning Movement,Driver,55 to 59,,North,Turning Left,Failed to Yield Right of Way,,,,,,,,,Yes,Yes,,,,,Yes,,,Centennial Scarborough
2148,Laneway,Scarborough,Mid-Block,No Control,Clear,"Dark, artificial",Dry,Non-Fatal Injury,Pedestrian Collisions,Passenger,20 to 24,Major,,,,,,,,,,Yes,,Yes,,,,Yes,Yes,Yes,,,Annex
1515,Major Arterial,Scarborough,Intersection,Traffic Signal,Snow,Daylight,Loose Snow,Non-Fatal Injury,Other,Passenger,65 to 69,Major,,,,,,,,,,,,Yes,,,Yes,Yes,,Yes,,,Clairlea-Birchmount
313,Major Arterial,Toronto and East York,Intersection,Traffic Signal,Clear,"Dark, artificial",Slush,Non-Fatal Injury,Pedestrian Collisions,Pedestrian,20 to 24,Major,East,,,Vehicle is going straight thru inter.while ped cross with ROW,Crossing with right of way,Normal,,,,Yes,,Yes,,,,Yes,,Yes,Yes,,Wellington Place
1027,Collector,North York,Mid-Block,No Control,Clear,Daylight,Dry,Non-Fatal Injury,Rear End,Motorcycle Driver,40 to 44,Major,West,Going Ahead,Driving Properly,,,,,,,,,Yes,Yes,,,,,,,,Bridle Path-Sunnybrook-York Mills
2308,Major Arterial,North York,Mid-Block,No Control,Clear,Dark,Dry,Fatal,Pedestrian Collisions,Pedestrian,60 to 64,Fatal,East,,,Pedestrian hit on sidewalk or shoulder,On Sidewalk or Shoulder,Unknown,,,,Yes,,Yes,,,,,,,,Yes,Banbury-Don Mills
2009,Major Arterial,Etobicoke York,Intersection,Traffic Signal,Clear,"Dark, artificial",Dry,Non-Fatal Injury,Turning Movement,Driver,20 to 24,Major,North,Going Ahead,Driving Properly,,,,,,,,,Yes,,,,,,Yes,,,York University Heights
900,Major Arterial,North York,Intersection,Traffic Signal,Clear,Daylight,Wet,Non-Fatal Injury,Pedestrian Collisions,Driver,25 to 29,,South,Turning Left,Improper Turn,,,,,,,Yes,,Yes,,,,Yes,,,,,Yonge-Doris
900,Major Arterial,North York,Intersection,Traffic Signal,Clear,Daylight,Wet,Non-Fatal Injury,Pedestrian Collisions,Driver,35 to 39,,North,Going Ahead,Driving Properly,,,,,,,Yes,,Yes,,,,Yes,,,,,Yonge-Doris
900,Major Arterial,North York,Intersection,Traffic Signal,Clear,Daylight,Wet,Non-Fatal Injury,Pedestrian Collisions,Driver,45 to 49,,West,Stopped,Driving Properly,,,,,,,Yes,,Yes,,,,Yes,,,,,Yonge-Doris
900,Major Arterial,North York,Intersection,Traffic Signal,Clear,Daylight,Wet,Non-Fatal Injury,Pedestrian Collisions,Pedestrian,65 to 69,Major,Unknown,,,Pedestrian hit on sidewalk or shoulder,On Sidewalk or Shoulder,Normal,,,,Yes,,Yes,,,,Yes,,,,,Yonge-Doris
900,Major Arterial,North York,Intersection,Traffic Signal,Clear,Daylight,Wet,Non-Fatal Injury,Pedestrian Collisions,Passenger,35 to 39,,,,,,,,,,,Yes,,Yes,,,,Yes,,,,,Yonge-Doris
900,Major Arterial,North York,Intersection,Traffic Signal,Clear,Daylight,Wet,Non-Fatal Injury,Pedestrian Collisions,Passenger,45 to 49,,,,,,,,,,,Yes,,Yes,,,,Yes,,,,,Yonge-Doris
1850,Major Arterial,Toronto and East York,Intersection,Traffic Signal,Clear,"Dark, artificial",Dry,Non-Fatal Injury,Pedestrian Collisions,Pedestrian,50 to 54,Major,West,,,Vehicle turns left while ped crosses with ROW at inter.,Crossing with right of way,Normal,,,,Yes,,Yes,,,,,,Yes,,,Old East York
1850,Major Arterial,Toronto and East York,Intersection,Traffic Signal,Clear,"Dark, artificial",Dry,Non-Fatal Injury,Pedestrian Collisions,Driver,unknown,,West,Turning Left,Failed to Yield Right of Way,,,,,,,Yes,,Yes,,,,,,Yes,,,Old East York
2233,Major Arterial,Scarborough,Mid-Block,No Control,Clear,"Dark, artificial",Dry,Fatal,Pedestrian Collisions,Pedestrian,55 to 59,Fatal,West,,,Pedestrian hit at mid-block,"Crossing, no Traffic Control",Normal,,,,Yes,,Yes,,,,,,,,,Wexford/Maryvale
1555,Minor Arterial,Scarborough,Mid-Block,No Control,Clear,Daylight,Dry,Non-Fatal Injury,Pedestrian Collisions,Pedestrian,40 to 44,Major,East,,,Pedestrian involved in a collision with transit vehicle anywhere along roadway,"Crossing, no Traffic Control",Inattentive,,,,Yes,,,,,Yes,,,,,,Woodbine Corridor
2233,Major Arterial,Scarborough,Mid-Block,No Control,Clear,"Dark, artificial",Dry,Fatal,Pedestrian Collisions,Driver,20 to 24,,South,Going Ahead,Driving Properly,,,,,,,Yes,,Yes,,,,,,,,,Wexford/Maryvale
138,Collector,Toronto and East York,Intersection,No Control,Clear,"Dark, artificial",Dry,Non-Fatal Injury,Pedestrian Collisions,Pedestrian,65 to 69,Major,Unknown,,,Pedestrian hit at mid-block,Walking on Roadway with Traffic,Had Been Drinking,,,,Yes,,Yes,,,,,,,,,Roncesvalles
138,Collector,Toronto and East York,Intersection,No Control,Clear,"Dark, artificial",Dry,Non-Fatal Injury,Pedestrian Collisions,Driver,25 to 29,,South,Going Ahead,Other,,,,,,,Yes,,Yes,,,,,,,,,Roncesvalles
1054,Major Arterial,Scarborough,Intersection,Traffic Signal,Clear,Daylight,Dry,Non-Fatal Injury,Rear End,Driver,40 to 44,Major,West,Going Ahead,Following too Close,,,,,,,,,Yes,,,Yes,,,Yes,,,Milliken
1054,Major Arterial,Scarborough,Intersection,Traffic Signal,Clear,Daylight,Dry,Non-Fatal Injury,Rear End,Driver,50 to 54,,West,Stopped,Driving Properly,,,,,,,,,Yes,,,Yes,,,Yes,,,Milliken
2100,Minor Arterial,Etobicoke York,Intersection,Traffic Signal,Clear,"Dark, artificial",Dry,Non-Fatal Injury,Pedestrian Collisions,Pedestrian,15 to 19,Major,North,,,Vehicle turns left while ped crosses with ROW at inter.,Crossing with right of way,Normal,,,,Yes,,Yes,,,,,,Yes,,,York University Heights
2100,Minor Arterial,Etobicoke York,Intersection,Traffic Signal,Clear,"Dark, artificial",Dry,Non-Fatal Injury,Pedestrian Collisions,Driver,unknown,,North,Turning Left,Failed to Yield Right of Way,,,,,,,Yes,,Yes,,,,,,Yes,,,York University Heights
1120,Major Arterial,North York,Intersection,No Control,Clear,Daylight,Dry,Non-Fatal Injury,Pedestrian Collisions,Pedestrian,80 to 84,Major,North,,,Vehicle is going straight thru inter.while ped cross without ROW,"Crossing, no Traffic Control",Normal,,,,Yes,,Yes,,,,,,,,,Don Valley Village
1120,Major Arterial,North York,Intersection,No Control,Clear,Daylight,Dry,Non-Fatal Injury,Pedestrian Collisions,Pedestrian,80 to 84,Major,North,,,Vehicle is going straight thru inter.while ped cross without ROW,"Crossing, no Traffic Control",Normal,,,,Yes,,Yes,,,,,,,,,Don Valley Village
1120,Major Arterial,North York,Intersection,No Control,Clear,Daylight,Dry,Non-Fatal Injury,Pedestrian Collisions,Driver,70 to 74,,West,Going Ahead,Driving Properly,,,,,,,Yes,,Yes,,,,,,,,,Don Valley Village
145,Major Arterial,Scarborough,Intersection,Traffic Signal,Rain,"Dark, artificial",Wet,Non-Fatal Injury,Turning Movement,Driver,30 to 34,Minor,South,Going Ahead,Disobeyed Traffic Control,,,,,,,,,Yes,,,,,,Yes,Yes,,Woburn North
145,Major Arterial,Scarborough,Intersection,Traffic Signal,Rain,"Dark, artificial",Wet,Non-Fatal Injury,Turning Movement,Driver,30 to 34,Minimal,East,Turning Left,Driving Properly,,,,,,,,,Yes,,,,,,Yes,Yes,,Woburn North
145,Major Arterial,Scarborough,Intersection,Traffic Signal,Rain,"Dark, artificial",Wet,Non-Fatal Injury,Turning Movement,Driver,35 to 39,,East,Turning Left,Driving Properly,,,,,,,,,Yes,,,,,,Yes,Yes,,Woburn North
145,Major Arterial,Scarborough,Intersection,Traffic Signal,Rain,"Dark, artificial",Wet,Non-Fatal Injury,Turning Movement,Other,5 to 9,Minor,,,,,,,,,,,,Yes,,,,,,Yes,Yes,,Woburn North
145,Major Arterial,Scarborough,Intersection,Traffic Signal,Rain,"Dark, artificial",Wet,Non-Fatal Injury,Turning Movement,Other,0 to 4,Major,,,,,,,,,,,,Yes,,,,,,Yes,Yes,,Woburn North
1809,Major Arterial,Scarborough,Intersection,Traffic Signal,Clear,"Dark, artificial",Dry,Non-Fatal Injury,Turning Movement,Passenger,60 to 64,Major,,,,,,,,,,,,Yes,,,,Yes,,Yes,,,Morningside Heights
1809,Major Arterial,Scarborough,Intersection,Traffic Signal,Clear,"Dark, artificial",Dry,Non-Fatal Injury,Turning Movement,Driver,25 to 29,,North,Going Ahead,Driving Properly,,,,,,,,,Yes,,,,Yes,,Yes,,,Morningside Heights
1809,Major Arterial,Scarborough,Intersection,Traffic Signal,Clear,"Dark, artificial",Dry,Non-Fatal Injury,Turning Movement,Driver,60 to 64,Minimal,South,Turning Left,Failed to Yield Right of Way,,,,,,,,,Yes,,,,Yes,,Yes,,,Morningside Heights
2319,Expressway,Toronto and East York,Intersection,Traffic Signal,Clear,"Dark, artificial",Dry,Non-Fatal Injury,Pedestrian Collisions,Driver,55 to 59,,North,Turning Left,Failed to Yield Right of Way,,,,,,,Yes,,Yes,,,,,,Yes,,,Harbourfront-CityPlace
2319,Expressway,Toronto and East York,Intersection,Traffic Signal,Clear,"Dark, artificial",Dry,Non-Fatal Injury,Pedestrian Collisions,Pedestrian,60 to 64,Major,North,,,Vehicle turns left while ped crosses with ROW at inter.,Crossing with right of way,Normal,,,,Yes,,Yes,,,,,,Yes,,,Harbourfront-CityPlace
2319,Expressway,Toronto and East York,Intersection,Traffic Signal,Clear,"Dark, artificial",Dry,Non-Fatal Injury,Pedestrian Collisions,Pedestrian,25 to 29,,North,,,Vehicle turns left while ped crosses with ROW at inter.,Crossing with right of way,Normal,,,,Yes,,Yes,,,,,,Yes,,,Harbourfront-CityPlace
1110,Major Arterial,North York,Mid-Block,No Control,Clear,Daylight,Dry,Non-Fatal Injury,SMV Other,Driver,30 to 34,Major,South,Going Ahead,Driving Properly,,,,,,,,,Yes,,,,,,,,,Bridle Path-Sunnybrook-York Mills
1630,Minor Arterial,Scarborough,Intersection,No Control,Clear,Dusk,Dry,Non-Fatal Injury,Pedestrian Collisions,Pedestrian,50 to 54,Major,North,,,Pedestrian hit at mid-block,"Crossing, no Traffic Control",Inattentive,,,,Yes,,Yes,,,,,,,,,Agincourt South-Malvern West
1630,Minor Arterial,Scarborough,Intersection,No Control,Clear,Dusk,Dry,Non-Fatal Injury,Pedestrian Collisions,Driver,55 to 59,,East,Going Ahead,Driving Properly,,,,,,,Yes,,Yes,,,,,,,,,Agincourt South-Malvern West
1856,Major Arterial,Toronto and East York,Intersection,No Control,Clear,Dark,Dry,Non-Fatal Injury,Cyclist Collisions,Cyclist,55 to 59,Major,East,Going Ahead,,,,,Motorist turned left across cyclists path.,Driving Properly,Normal,,Yes,Yes,,,,,,,,,The Beaches
1856,Major Arterial,Toronto and East York,Intersection,No Control,Clear,Dark,Dry,Non-Fatal Injury,Cyclist Collisions,Driver,15 to 19,,West,Turning Left,Improper Turn,,,,,,,,Yes,Yes,,,,,,,,,The Beaches
840,Local,Etobicoke York,Intersection,Stop Sign,Clear,Daylight,Dry,Non-Fatal Injury,Pedestrian Collisions,Driver,40 to 44,,South,Turning Left,Failed to Yield Right of Way,,,,,,,Yes,,Yes,,,,,,Yes,,,Humbermede
840,Local,Etobicoke York,Intersection,Stop Sign,Clear,Daylight,Dry,Non-Fatal Injury,Pedestrian Collisions,Pedestrian,80 to 84,Major,North,,,Vehicle turns left while ped crosses with ROW at inter.,Crossing with right of way,Normal,,,,Yes,,Yes,,,,,,Yes,,,Humbermede
840,Local,Etobicoke York,Intersection,Stop Sign,Clear,Daylight,Dry,Non-Fatal Injury,Pedestrian Collisions,Pedestrian,75 to 79,Major,North,,,Vehicle turns left while ped crosses with ROW at inter.,Crossing with right of way,Normal,,,,Yes,,Yes,,,,,,Yes,,,Humbermede
1148,Major Arterial,Scarborough,Mid-Block,No Control,Clear,Daylight,Dry,Fatal,Pedestrian Collisions,Truck Driver,25 to 29,,West,Going Ahead,Driving Properly,,,,,,,Yes,,Yes,,Yes,,,,,,,Tam O'Shanter-Sullivan
1148,Major Arterial,Scarborough,Mid-Block,No Control,Clear,Daylight,Dry,Fatal,Pedestrian Collisions,Pedestrian,70 to 74,Fatal,South,,,Pedestrian hit at mid-block,"Crossing, no Traffic Control",Unknown,,,,Yes,,Yes,,Yes,,,,,,,Tam O'Shanter-Sullivan
2351,Major Arterial,Etobicoke York,Mid-Block,No Control,Clear,"Dark, artificial",Dry,Non-Fatal Injury,Cyclist Collisions,Cyclist,35 to 39,,West,Changing Lanes,,,,,"Cyclist without ROW rides into path of motorist at inter, lnwy, dwy-Cyclist not turn.",Improper Lane Change,Normal,,Yes,Yes,,,,,,,,,Etobicoke City Centre
2351,Major Arterial,Etobicoke York,Mid-Block,No Control,Clear,"Dark, artificial",Dry,Non-Fatal Injury,Cyclist Collisions,Driver,55 to 59,Major,North,Going Ahead,Driving Properly,,,,,,,,Yes,Yes,,,,,,,,,Etobicoke City Centre
327,Major Arterial,Scarborough,Intersection,Traffic Signal,Clear,"Dark, artificial",Dry,Non-Fatal Injury,Turning Movement,Passenger,55 to 59,Major,,,,,,,,,,,,Yes,,,,Yes,,Yes,,,Morningside Heights
327,Major Arterial,Scarborough,Intersection,Traffic Signal,Clear,"Dark, artificial",Dry,Non-Fatal Injury,Turning Movement,Passenger,85 to 89,Minor,,,,,,,,,,,,Yes,,,,Yes,,Yes,,,Morningside Heights
327,Major Arterial,Scarborough,Intersection,Traffic Signal,Clear,"Dark, artificial",Dry,Non-Fatal Injury,Turning Movement,Driver,60 to 64,Minor,North,Going Ahead,Driving Properly,,,,,,,,,Yes,,,,Yes,,Yes,,,Morningside Heights
327,Major Arterial,Scarborough,Intersection,Traffic Signal,Clear,"Dark, artificial",Dry,Non-Fatal Injury,Turning Movement,Driver,unknown,,South,Turning Left,Improper Turn,,,,,,,,,Yes,,,,Yes,,Yes,,,Morningside Heights
558,Major Arterial,Etobicoke York,Intersection,Traffic Signal,Clear,"Dark, artificial",Dry,Non-Fatal Injury,Turning Movement,Driver,20 to 24,,West,Going Ahead,Driving Properly,,,,,,,,,Yes,,,,Yes,,Yes,,,Glenfield-Jane Heights
558,Major Arterial,Etobicoke York,Intersection,Traffic Signal,Clear,"Dark, artificial",Dry,Non-Fatal Injury,Turning Movement,Driver,35 to 39,Major,East,Turning Left,Failed to Yield Right of Way,,,,,,,,,Yes,,,,Yes,,Yes,,,Glenfield-Jane Heights
558,Major Arterial,Etobicoke York,Intersection,Traffic Signal,Clear,"Dark, artificial",Dry,Non-Fatal Injury,Turning Movement,Passenger,50 to 54,,,,,,,,,,,,,Yes,,,,Yes,,Yes,,,Glenfield-Jane Heights
558,Major Arterial,Etobicoke York,Intersection,Traffic Signal,Clear,"Dark, artificial",Dry,Non-Fatal Injury,Turning Movement,Other,35 to 39,,,,,,,,,,,,,Yes,,,,Yes,,Yes,,,Glenfield-Jane Heights