TIME,ROAD_CLASS,DISTRICT,LOCCOORD,TRAFFCTL,VISIBILITY,LIGHT,RDSFCOND,ACCLASS,IMPACTYPE,INVTYPE,INVAGE,INJURY,INITDIR,MANOEUVER,DRIVACT,PEDTYPE,PEDACT,PEDCOND,CYCLISTYPE,CYCACT,CYCCOND,PEDESTRIAN,CYCLIST,AUTOMOBILE,MOTORCYCLE,TRUCK,TRSN_CITY_VEH,PASSENGER,SPEEDING,AG_DRIV,REDLIGHT,ALCOHOL,NEIGHBOURHOOD_158
1212,Collector,North York,Intersection,Stop Sign,Clear,Daylight,Dry,Fatal,Pedestrian Collisions,Driver,50 to 54,,West,Turning Left,Disobeyed Traffic Control,,,,,,,Yes,,Yes,,,,,,Yes,,,Yonge-Eglinton
1212,Collector,North York,Intersection,Stop Sign,Clear,Daylight,Dry,Fatal,Pedestrian Collisions,Pedestrian,80 to 84,Fatal,East,,,Vehicle turns left while ped crosses with ROW at inter.,Crossing with right of way,Unknown,,,,Yes,,Yes,,,,,,Yes,,,Yonge-Eglinton
1431,Major Arterial,Etobicoke York,Intersection,Traffic Signal,Clear,Daylight,Dry,Non-Fatal Injury,Pedestrian Collisions,Driver,50 to 54,,West,Turning Left,Failed to Yield Right of Way,,,,,,,Yes,,Yes,,,,,,Yes,,,New Toronto
1431,Major Arterial,Etobicoke York,Intersection,Traffic Signal,Clear,Daylight,Dry,Non-Fatal Injury,Pedestrian Collisions,Pedestrian,30 to 34,Major,East,,,Vehicle turns left while ped crosses with ROW at inter.,Crossing with right of way,Normal,,,,Yes,,Yes,,,,,,Yes,,,New Toronto
1709,Major Arterial,Scarborough,Intersection,Traffic Signal,Rain,Dusk,Wet,Non-Fatal Injury,Cyclist Collisions,Cyclist,60 to 64,Major,South,Going Ahead,,,,,Motorist turned left across cyclists path.,Disobeyed Traffic Control,Inattentive,,Yes,Yes,,,,,,,,,Steeles
1709,Major Arterial,Scarborough,Intersection,Traffic Signal,Rain,Dusk,Wet,Non-Fatal Injury,Cyclist Collisions,Driver,60 to 64,,North,Turning Left,Improper Turn,,,,,,,,Yes,Yes,,,,,,,,,Steeles
1825,Major Arterial,North York,Intersection,Traffic Signal,Clear,"Dark, artificial",Dry,Non-Fatal Injury,Pedestrian Collisions,Pedestrian,65 to 69,Major,South,,,Vehicle turns left while ped crosses with ROW at inter.,Crossing with right of way,Normal,,,,Yes,,Yes,,,,,,Yes,,,Englemount-Lawrence
1825,Major Arterial,North York,Intersection,Traffic Signal,Clear,"Dark, artificial",Dry,Non-Fatal Injury,Pedestrian Collisions,Driver,70 to 74,,North,Turning Left,Failed to Yield Right of Way,,,,,,,Yes,,Yes,,,,,,Yes,,,Englemount-Lawrence
2330,Major Arterial,Scarborough,Intersection,No Control,Clear,Dark,Dry,Fatal,Pedestrian Collisions,Driver,55 to 59,,North,Going Ahead,Driving Properly,,,,,,,Yes,,Yes,,,,,,,,,Dorset Park
2330,Major Arterial,Scarborough,Intersection,No Control,Clear,Dark,Dry,Fatal,Pedestrian Collisions,Pedestrian,65 to 69,Fatal,East,,,Vehicle is going straight thru inter.while ped cross without ROW,"Crossing, no Traffic Control",Normal,,,,Yes,,Yes,,,,,,,,,Dorset Park
1253,Local,Toronto and East York,Mid-Block,No Control,Clear,Daylight,Dry,Fatal,Pedestrian Collisions,Pedestrian,75 to 79,Fatal,South,,,Vehicle is reversing and hits pedestrian,Other,Normal,,,,Yes,,Yes,,,,,,,,,Rosedale-Moore Park
1253,Local,Toronto and East York,Mid-Block,No Control,Clear,Daylight,Dry,Fatal,Pedestrian Collisions,Driver,45 to 49,,North,Reversing,Other,,,,,,,Yes,,Yes,,,,,,,,,Rosedale-Moore Park
557,Major Arterial,Toronto and East York,Intersection,Traffic Signal,Rain,"Dark, artificial",Wet,Non-Fatal Injury,Angle,Passenger,55 to 59,Major,,,,,,,,,,,,Yes,,,,Yes,,Yes,,,Little Portugal
557,Major Arterial,Toronto and East York,Intersection,Traffic Signal,Rain,"Dark, artificial",Wet,Non-Fatal Injury,Angle,Driver,35 to 39,,East,Going Ahead,Driving Properly,,,,,,,,,Yes,,,,Yes,,Yes,,,Little Portugal
557,Major Arterial,Toronto and East York,Intersection,Traffic Signal,Rain,"Dark, artificial",Wet,Non-Fatal Injury,Angle,Driver,20 to 24,,North,Going Ahead,Failed to Yield Right of Way,,,,,,,,,Yes,,,,Yes,,Yes,,,Little Portugal
1232,Major Arterial,North York,Intersection,Traffic Signal,Clear,Daylight,Dry,Non-Fatal Injury,Pedestrian Collisions,Pedestrian,55 to 59,Major,Unknown,,,Pedestrian hit on sidewalk or shoulder,On Sidewalk or Shoulder,Normal,,,,Yes,,Yes,,,,Yes,Yes,Yes,,,Bayview Village
1232,Major Arterial,North York,Intersection,Traffic Signal,Clear,Daylight,Dry,Non-Fatal Injury,Pedestrian Collisions,Passenger,50 to 54,,,,,,,,,,,Yes,,Yes,,,,Yes,Yes,Yes,,,Bayview Village
1232,Major Arterial,North York,Intersection,Traffic Signal,Clear,Daylight,Dry,Non-Fatal Injury,Pedestrian Collisions,Passenger,15 to 19,,,,,,,,,,,Yes,,Yes,,,,Yes,Yes,Yes,,,Bayview Village
1232,Major Arterial,North York,Intersection,Traffic Signal,Clear,Daylight,Dry,Non-Fatal Injury,Pedestrian Collisions,Driver,35 to 39,Minor,West,Stopped,Driving Properly,,,,,,,Yes,,Yes,,,,Yes,Yes,Yes,,,Bayview Village
1232,Major Arterial,North York,Intersection,Traffic Signal,Clear,Daylight,Dry,Non-Fatal Injury,Pedestrian Collisions,Driver,50 to 54,,West,Stopped,Driving Properly,,,,,,,Yes,,Yes,,,,Yes,Yes,Yes,,,Bayview Village
1232,Major Arterial,North York,Intersection,Traffic Signal,Clear,Daylight,Dry,Non-Fatal Injury,Pedestrian Collisions,Driver,15 to 19,,East,Going Ahead,Speed too Fast For Condition,,,,,,,Yes,,Yes,,,,Yes,Yes,Yes,,,Bayview Village
1646,Major Arterial,Scarborough,Mid-Block,Traffic Signal,Clear,"Dark, artificial",Dry,Non-Fatal Injury,Turning Movement,Driver,35 to 39,,North,Turning Left,Improper Turn,,,,,,,,,Yes,Yes,,,,,,,,Tam O'Shanter-Sullivan
1646,Major Arterial,Scarborough,Mid-Block,Traffic Signal,Clear,"Dark, artificial",Dry,Non-Fatal Injury,Turning Movement,Motorcycle Driver,50 to 54,Major,South,Going Ahead,Driving Properly,,,,,,,,,Yes,Yes,,,,,,,,Tam O'Shanter-Sullivan
700,Major Arterial,Etobicoke York,Intersection,Traffic Signal,Clear,Dawn,Dry,Non-Fatal Injury,Pedestrian Collisions,Driver,unknown,,South,Going Ahead,Failed to Yield Right of Way,,,,,,,Yes,,,,,,,,Yes,,,Humber Summit
700,Major Arterial,Etobicoke York,Intersection,Traffic Signal,Clear,Dawn,Dry,Non-Fatal Injury,Pedestrian Collisions,Pedestrian,15 to 19,Major,East,,,Vehicle is going straight thru inter.while ped cross with ROW,Crossing with right of way,Normal,,,,Yes,,,,,,,,Yes,,,Humber Summit
705,Minor Arterial,Toronto and East York,Mid-Block,No Control,Clear,"Dark, artificial",Dry,Non-Fatal Injury,Pedestrian Collisions,Pedestrian,40 to 44,Major,West,,,Pedestrian hit at mid-block,"Crossing, no Traffic Control",Inattentive,,,,Yes,,Yes,,,,,,,,,Cabbagetown-South St.James Town
705,Minor Arterial,Toronto and East York,Mid-Block,No Control,Clear,"Dark, artificial",Dry,Non-Fatal Injury,Pedestrian Collisions,Driver,50 to 54,,North,Going Ahead,Driving Properly,,,,,,,Yes,,Yes,,,,,,,,,Cabbagetown-South St.James Town
854,Major Arterial,Etobicoke York,Mid-Block,No Control,Clear,Daylight,Dry,Non-Fatal Injury,Pedestrian Collisions,Pedestrian,70 to 74,Major,South,,,Pedestrian hit at private driveway,"Crossing, no Traffic Control",Normal,,,,Yes,,Yes,,,,,,,,,Etobicoke City Centre
854,Major Arterial,Etobicoke York,Mid-Block,No Control,Clear,Daylight,Dry,Non-Fatal Injury,Pedestrian Collisions,Driver,35 to 39,,North,Turning Left,Driving Properly,,,,,,,Yes,,Yes,,,,,,,,,Etobicoke City Centre
2307,Major Arterial,Etobicoke York,Mid-Block,No Control,Clear,"Dark, artificial",Wet,Non-Fatal Injury,Pedestrian Collisions,Pedestrian,15 to 19,Major,South,,,Pedestrian hit at mid-block,"Crossing, no Traffic Control",Inattentive,,,,Yes,,Yes,,,,,,,,,Junction Area
2307,Major Arterial,Etobicoke York,Mid-Block,No Control,Clear,"Dark, artificial",Wet,Non-Fatal Injury,Pedestrian Collisions,Driver,unknown,,West,Going Ahead,Driving Properly,,,,,,,Yes,,Yes,,,,,,,,,Junction Area
757,Collector,Scarborough,Mid-Block,No Control,Clear,Daylight,Wet,Non-Fatal Injury,Cyclist Collisions,Driver,85 to 89,,North,Going Ahead,Other,,,,,,,,Yes,Yes,,,,,,,,,Steeles
757,Collector,Scarborough,Mid-Block,No Control,Clear,Daylight,Wet,Non-Fatal Injury,Cyclist Collisions,Cyclist,65 to 69,Major,North,Going Ahead,,,,,Cyclist and Driver travelling in same direction. One vehicle sideswipes the other.,Driving Properly,Unknown,,Yes,Yes,,,,,,,,,Steeles
1237,Minor Arterial,Toronto and East York,Intersection,Traffic Signal,Other,Daylight,Other,Fatal,Pedestrian Collisions,Truck Driver,55 to 59,,South,Turning Right,Failed to Yield Right of Way,,,,,,,Yes,,,,Yes,,,,Yes,,,St Lawrence-East Bayfront-The Islands
1237,Minor Arterial,Toronto and East York,Intersection,Traffic Signal,Other,Daylight,Other,Fatal,Pedestrian Collisions,Pedestrian,20 to 24,Fatal,South,,,Vehicle turns right while ped crosses with ROW at inter.,Crossing with right of way,Unknown,,,,Yes,,,,Yes,,,,Yes,,,St Lawrence-East Bayfront-The Islands
1605,Minor Arterial,Toronto and East York,Intersection,Pedestrian Crossover,Snow,"Dusk, artificial",Loose Snow,Non-Fatal Injury,Pedestrian Collisions,Pedestrian,35 to 39,Major,South,,,Pedestrian hit a PXO/ped. Mid-block signal,"Crossing, Pedestrian Crossover",Normal,,,,Yes,,Yes,,,,,,,,,Broadview North
1605,Minor Arterial,Toronto and East York,Intersection,Pedestrian Crossover,Snow,"Dusk, artificial",Loose Snow,Non-Fatal Injury,Pedestrian Collisions,Driver,45 to 49,,West,Slowing or Stopping,Lost control,,,,,,,Yes,,Yes,,,,,,,,,Broadview North
2005,Major Arterial,Toronto and East York,Intersection,Traffic Signal,Clear,"Dark, artificial",Wet,Non-Fatal Injury,Pedestrian Collisions,Pedestrian,55 to 59,Major,East,,,Vehicle turns left while ped crosses with ROW at inter.,Crossing with right of way,Normal,,,,Yes,,Yes,,,,,,,,,Yonge-Bay Corridor
2005,Major Arterial,Toronto and East York,Intersection,Traffic Signal,Clear,"Dark, artificial",Wet,Non-Fatal Injury,Pedestrian Collisions,Driver,40 to 44,,East,Turning Left,Driving Properly,,,,,,,Yes,,Yes,,,,,,,,,Yonge-Bay Corridor
41,Major Arterial,Scarborough,Intersection,Traffic Signal,Other,Dark,Other,Fatal,SMV Other,Driver,50 to 54,Fatal,East,Going Ahead,Exceeding Speed Limit,,,,,,,,,Yes,,,,,Yes,Yes,,,Guildwood
1735,Major Arterial,Etobicoke York,Mid-Block,No Control,Clear,Daylight,Wet,Fatal,Pedestrian Collisions,Pedestrian,85 to 89,Fatal,South,,,Pedestrian hit at mid-block,"Crossing, no Traffic Control",Inattentive,,,,Yes,,Yes,,,,,,,,,Mount Dennis
1735,Major Arterial,Etobicoke York,Mid-Block,No Control,Clear,Daylight,Wet,Fatal,Pedestrian Collisions,Driver,65 to 69,,West,Going Ahead,Driving Properly,,,,,,,Yes,,Yes,,,,,,,,,Mount Dennis
2151,Major Arterial,Etobicoke York,Intersection,Traffic Signal,Clear,"Dark, artificial",Dry,Non-Fatal Injury,Pedestrian Collisions,Pedestrian,35 to 39,Major,West,,,Vehicle is going straight thru inter.while ped cross with ROW,Crossing with right of way,Normal,,,,Yes,,Yes,,,,,,Yes,Yes,,Humbermede
2151,Major Arterial,Etobicoke York,Intersection,Traffic Signal,Clear,"Dark, artificial",Dry,Non-Fatal Injury,Pedestrian Collisions,Driver,70 to 74,,South,Going Ahead,Disobeyed Traffic Control,,,,,,,Yes,,Yes,,,,,,Yes,Yes,,Humbermede
603,Minor Arterial,Toronto and East York,Intersection,Traffic Signal,Clear,Dark,Wet,Non-Fatal Injury,Pedestrian Collisions,Pedestrian,70 to 74,Major,South,,,Vehicle turns left while ped crosses with ROW at inter.,Crossing with right of way,Normal,,,,Yes,,,,Yes,,,,Yes,,,Greenwood-Coxwell
603,Minor Arterial,Toronto and East York,Intersection,Traffic Signal,Clear,Dark,Wet,Non-Fatal Injury,Pedestrian Collisions,Truck Driver,30 to 34,,South,Turning Left,Failed to Yield Right of Way,,,,,,,Yes,,,,Yes,,,,Yes,,,Greenwood-Coxwell
1651,Major Arterial,Etobicoke York,Intersection,Traffic Signal,Clear,"Dark, artificial",Dry,Non-Fatal Injury,Angle,Passenger,0 to 4,Minimal,,,,,,,,,,,,Yes,,,,Yes,,Yes,Yes,,West Humber-Clairville
2354,Major Arterial,Etobicoke York,Mid-Block,No Control,,Dark,,Fatal,Pedestrian Collisions,Pedestrian,60 to 64,Fatal,North,,,Pedestrian hit at mid-block,"Crossing, no Traffic Control",Unknown,,,,Yes,,Yes,,,,,,,,,West Humber-Clairville
2302,Major Arterial,Scarborough,Intersection,Traffic Signal,Clear,"Dark, artificial",Dry,Non-Fatal Injury,Pedestrian Collisions,Driver,50 to 54,,East,Going Ahead,Driving Properly,,,,,,,Yes,,Yes,,,,,,,,,Dorset Park
1515,Major Arterial,Scarborough,Intersection,Traffic Signal,Snow,Daylight,Loose Snow,Non-Fatal Injury,Other,Driver,45 to 49,,East,Going Ahead,Driving Properly,,,,,,,,,Yes,,,Yes,Yes,,Yes,,,Clairlea-Birchmount
331,Major Arterial,North York,Mid-Block,No Control,Clear,Dark,Dry,Fatal,Pedestrian Collisions,Pedestrian,20 to 24,Fatal,West,,,Pedestrian hit at mid-block,"Crossing, no Traffic Control",Normal,,,,Yes,,Yes,,,,,,,,,Lawrence Park North
313,Major Arterial,Toronto and East York,Intersection,Traffic Signal,Clear,"Dark, artificial",Slush,Non-Fatal Injury,Pedestrian Collisions,Passenger,35 to 39,,,,,,,,,,,Yes,,Yes,,,,Yes,,Yes,Yes,,Wellington Place
2354,Major Arterial,Etobicoke York,Mid-Block,No Control,,Dark,,Fatal,Pedestrian Collisions,Driver,25 to 29,,West,Going Ahead,Driving Properly,,,,,,,Yes,,Yes,,,,,,,,,West Humber-Clairville
1555,Minor Arterial,Scarborough,Mid-Block,No Control,Clear,Daylight,Dry,Non-Fatal Injury,Pedestrian Collisions,Driver,50 to 54,,South,Going Ahead,Driving Properly,,,,,,,Yes,,,,,Yes,,,,,,Woodbine Corridor
1225,Major Arterial,Toronto and East York,Mid-Block,No Control,Clear,Daylight,Dry,Non-Fatal Injury,Turning Movement,Driver,20 to 24,,East,Turning Left,Failed to Yield Right of Way,,,,,,,,,Yes,Yes,,,,,Yes,,,Junction-Wallace Emerson
1515,Major Arterial,Scarborough,Intersection,Traffic Signal,Snow,Daylight,Loose Snow,Non-Fatal Injury,Other,Driver - Not Hit,unknown,,,,,,,,,,,,,Yes,,,Yes,Yes,,Yes,,,Clairlea-Birchmount
331,Major Arterial,North York,Mid-Block,No Control,Clear,Dark,Dry,Fatal,Pedestrian Collisions,Pedestrian,unknown,,West,,,Pedestrian hit at mid-block,"Crossing, no Traffic Control",Normal,,,,Yes,,Yes,,,,,,,,,Lawrence Park North
313,Major Arterial,Toronto and East York,Intersection,Traffic Signal,Clear,"Dark, artificial",Slush,Non-Fatal Injury,Pedestrian Collisions,Passenger,25 to 29,,,,,,,,,,,Yes,,Yes,,,,Yes,,Yes,Yes,,Wellington Place
407,Major Arterial,Scarborough,Intersection,Traffic Signal,Clear,"Dark, artificial",Dry,Non-Fatal Injury,Angle,Driver,20 to 24,Minimal,West,Going Ahead,Failed to Yield Right of Way,,,,,,,,,Yes,,,,Yes,,Yes,,,Dorset Park
331,Major Arterial,North York,Mid-Block,No Control,Clear,Dark,Dry,Fatal,Pedestrian Collisions,Driver,25 to 29,,South,Changing Lanes,Improper Lane Change,,,,,,,Yes,,Yes,,,,,,,,,Lawrence Park North
1130,Major Arterial,North York,Intersection,No Control,Clear,Daylight,Dry,Non-Fatal Injury,Pedestrian Collisions,Pedestrian,70 to 74,Major,South,,,Vehicle hits the pedestrian walking or running out from between parked vehicles at mid-block,Coming From Behind Parked Vehicle,Inattentive,,,,Yes,,Yes,,,,,,,,,Kensington-Chinatown
313,Major Arterial,Toronto and East York,Intersection,Traffic Signal,Clear,"Dark, artificial",Slush,Non-Fatal Injury,Pedestrian Collisions,Driver,40 to 44,,North,Going Ahead,Disobeyed Traffic Control,,,,,,,Yes,,Yes,,,,Yes,,Yes,Yes,,Wellington Place
1225,Major Arterial,Toronto and East York,Mid-Block,No Control,Clear,Daylight,Dry,Non-Fatal Injury,Turning Movement,Motorcycle Driver,30 to 34,Major,West,Going Ahead,Driving Properly,,,,,,,,,Yes,Yes,,,,,Yes,,,Junction-Wallace Emerson
2302,Major Arterial,Scarborough,Intersection,Traffic Signal,Clear,"Dark, artificial",Dry,Non-Fatal Injury,Pedestrian Collisions,Pedestrian,25 to 29,Major,South,,,Vehicle is going straight thru inter.while ped cross without ROW,Crossing without right of way,"Ability Impaired, Drugs",,,,Yes,,Yes,,,,,,,,,Dorset Park
1745,Major Arterial,Scarborough,Mid-Block,No Control,Clear,"Daylight, artificial",Wet,Non-Fatal Injury,Pedestrian Collisions,Passenger,65 to 69,,,,,,,,,,,Yes,,Yes,,,,Yes,,,,,Tam O'Shanter-Sullivan
407,Major Arterial,Scarborough,Intersection,Traffic Signal,Clear,"Dark, artificial",Dry,Non-Fatal Injury,Angle,Driver,25 to 29,Minimal,North,Going Ahead,Driving Properly,,,,,,,,,Yes,,,,Yes,,Yes,,,Dorset Park
1745,Major Arterial,Scarborough,Mid-Block,No Control,Clear,"Daylight, artificial",Wet,Non-Fatal Injury,Pedestrian Collisions,Pedestrian,unknown,Major,South,,,Pedestrian hit at mid-block,"Crossing, no Traffic Control",Normal,,,,Yes,,Yes,,,,Yes,,,,,Tam O'Shanter-Sullivan
1310,Major Arterial,Scarborough,Mid-Block,No Control,Clear,Daylight,Dry,Non-Fatal Injury,Pedestrian Collisions,Pedestrian,60 to 64,Major,South,,,Pedestrian hit on sidewalk or shoulder,On Sidewalk or Shoulder,Normal,,,,Yes,,Yes,,,,,,,,,Clairlea-Birchmount
943,Minor Arterial,Toronto and East York,Intersection,Traffic Signal,Clear,Daylight,Wet,Non-Fatal Injury,Pedestrian Collisions,Pedestrian,25 to 29,Major,West,,,Vehicle turns left while ped crosses with ROW at inter.,Crossing with right of way,Normal,,,,Yes,,Yes,,,,,,Yes,,,Dovercourt Village
1130,Major Arterial,North York,Intersection,No Control,Clear,Daylight,Dry,Non-Fatal Injury,Pedestrian Collisions,Driver,30 to 34,,East,Going Ahead,Driving Properly,,,,,,,Yes,,Yes,,,,,,,,,Kensington-Chinatown
1310,Local,North York,Mid-Block,No Control,Clear,Daylight,Dry,Non-Fatal Injury,Cyclist Collisions,Cyclist,30 to 34,Major,South,Going Ahead,,,,,"Cyclist without ROW rides into path of motorist at inter, lnwy, dwy-Cyclist not turn.",Failed to Yield Right of Way,Inattentive,,Yes,Yes,,,,Yes,,,,,Downsview
1720,Minor Arterial,Etobicoke York,Intersection,Traffic Signal,Clear,Daylight,Dry,Non-Fatal Injury,Turning Movement,Driver,45 to 49,,West,Turning Left,Failed to Yield Right of Way,,,,,,,,,Yes,Yes,,,,,Yes,,,Etobicoke West Mall
1745,Major Arterial,Scarborough,Mid-Block,No Control,Clear,"Daylight, artificial",Wet,Non-Fatal Injury,Pedestrian Collisions,Driver,70 to 74,,East,Going Ahead,Driving Properly,,,,,,,Yes,,Yes,,,,Yes,,,,,Tam O'Shanter-Sullivan
1310,Major Arterial,Scarborough,Mid-Block,No Control,Clear,Daylight,Dry,Non-Fatal Injury,Pedestrian Collisions,Pedestrian,65 to 69,Minor,South,,,Pedestrian hit on sidewalk or shoulder,On Sidewalk or Shoulder,Normal,,,,Yes,,Yes,,,,,,,,,Clairlea-Birchmount
943,Minor Arterial,Toronto and East York,Intersection,Traffic Signal,Clear,Daylight,Wet,Non-Fatal Injury,Pedestrian Collisions,Driver,60 to 64,,East,Turning Left,Failed to Yield Right of Way,,,,,,,Yes,,Yes,,,,,,Yes,,,Dovercourt Village
1310,Local,North York,Mid-Block,No Control,Clear,Daylight,Dry,Non-Fatal Injury,Cyclist Collisions,Driver,30 to 34,,East,Going Ahead,Driving Properly,,,,,,,,Yes,Yes,,,,Yes,,,,,Downsview
1720,Minor Arterial,Etobicoke York,Intersection,Traffic Signal,Clear,Daylight,Dry,Non-Fatal Injury,Turning Movement,Motorcycle Driver,40 to 44,Major,East,Going Ahead,Driving Properly,,,,,,,,,Yes,Yes,,,,,Yes,,,Etobicoke West Mall
125,Major Arterial,North York,Mid-Block,No Control,Clear,"Dark, artificial",Dry,Fatal,SMV Other,Driver,35 to 39,Fatal,South,Going Ahead,Speed too Fast For Condition,,,,,,,,,Yes,,,,,Yes,Yes,,,Leaside-Bennington
1310,Major Arterial,Scarborough,Mid-Block,No Control,Clear,Daylight,Dry,Non-Fatal Injury,Pedestrian Collisions,Driver,65 to 69,,East,Turning Right,Lost control,,,,,,,Yes,,Yes,,,,,,,,,Clairlea-Birchmount
407,Major Arterial,Scarborough,Intersection,Traffic Signal,Clear,"Dark, artificial",Dry,Non-Fatal Injury,Angle,Passenger,25 to 29,Major,,,,,,,,,,,,Yes,,,,Yes,,Yes,,,Dorset Park
1125,Major Arterial,Toronto and East York,Mid-Block,No Control,Snow,Daylight,Loose Snow,Non-Fatal Injury,Pedestrian Collisions,Pedestrian,75 to 79,Major,East,,,Vehicle is reversing and hits pedestrian,Other,Inattentive,,,,Yes,,Yes,,,,,,,,,St Lawrence-East Bayfront-The Islands
1820,Major Arterial,North York,Intersection,Traffic Signal,Clear,Daylight,Dry,Non-Fatal Injury,Pedestrian Collisions,Motorcycle Driver,55 to 59,,North,Going Ahead,Driving Properly,,,,,,,Yes,,,Yes,,,,,,,,Bedford Park-Nortown
1310,Local,North York,Mid-Block,No Control,Clear,Daylight,Dry,Non-Fatal Injury,Cyclist Collisions,Passenger,45 to 49,,,,,,,,,,,,Yes,Yes,,,,Yes,,,,,Downsview
1125,Major Arterial,Toronto and East York,Mid-Block,No Control,Snow,Daylight,Loose Snow,Non-Fatal Injury,Pedestrian Collisions,Driver,25 to 29,,North,Reversing,Other,,,,,,,Yes,,Yes,,,,,,,,,St Lawrence-East Bayfront-The Islands
1330,Major Arterial,Toronto and East York,Mid-Block,Traffic Signal,Clear,Daylight,Dry,Non-Fatal Injury,Turning Movement,Motorcycle Driver,30 to 34,Major,West,Going Ahead,Driving Properly,,,,,,,,,Yes,Yes,,,,,,,,Wellington Place
137,Minor Arterial,Scarborough,Intersection,Traffic Signal,Clear,"Dark, artificial",Dry,Non-Fatal Injury,Angle,Passenger,20 to 24,Major,,,,,,,,,,,,Yes,,,,Yes,Yes,Yes,Yes,,Malvern East
1803,Major Arterial,Etobicoke York,Mid-Block,Stop Sign,Clear,Daylight,Dry,Non-Fatal Injury,Pedestrian Collisions,Pedestrian,80 to 84,Major,East,,,Pedestrian hit at mid-block,"Crossing, no Traffic Control",Normal,,,,Yes,,Yes,,,,,,,,,Brookhaven-Amesbury
1820,Major Arterial,North York,Intersection,Traffic Signal,Clear,Daylight,Dry,Non-Fatal Injury,Pedestrian Collisions,Pedestrian,55 to 59,Major,North,,,Vehicle is going straight thru inter.while ped cross without ROW,Crossing without right of way,Inattentive,,,,Yes,,,Yes,,,,,,,,Bedford Park-Nortown
226,Major Arterial,Toronto and East York,Intersection,Traffic Signal,Clear,"Dark, artificial",Dry,Fatal,Pedestrian Collisions,Driver,15 to 19,,North,Going Ahead,Failed to Yield Right of Way,,,,,,,Yes,,Yes,,,,,Yes,Yes,,Yes,Kensington-Chinatown
729,Major Arterial,North York,Intersection,Traffic Signal,Clear,Daylight,Dry,Non-Fatal Injury,Pedestrian Collisions,Driver,55 to 59,Minimal,East,Going Ahead,Lost control,,,,,,,Yes,,Yes,,,,,,,,,Henry Farm
137,Minor Arterial,Scarborough,Intersection,Traffic Signal,Clear,"Dark, artificial",Dry,Non-Fatal Injury,Angle,Passenger,75 to 79,Minimal,,,,,,,,,,,,Yes,,,,Yes,Yes,Yes,Yes,,Malvern East
1330,Major Arterial,Toronto and East York,Mid-Block,Traffic Signal,Clear,Daylight,Dry,Non-Fatal Injury,Turning Movement,Driver,30 to 34,,West,Making U Turn,Improper Turn,,,,,,,,,Yes,Yes,,,,,,,,Wellington Place
1803,Major Arterial,Etobicoke York,Mid-Block,Stop Sign,Clear,Daylight,Dry,Non-Fatal Injury,Pedestrian Collisions,Driver,40 to 44,,South,Going Ahead,Driving Properly,,,,,,,Yes,,Yes,,,,,,,,,Brookhaven-Amesbury
2215,Major Arterial,Scarborough,Intersection,Traffic Signal,Clear,"Dark, artificial",Dry,Non-Fatal Injury,Turning Movement,Passenger,5 to 9,Major,,,,,,,,,,,,Yes,,,,Yes,,Yes,,,Golfdale-Cedarbrae-Woburn
226,Major Arterial,Toronto and East York,Intersection,Traffic Signal,Clear,"Dark, artificial",Dry,Fatal,Pedestrian Collisions,Pedestrian,20 to 24,Fatal,West,,,Vehicle is going straight thru inter.while ped cross with ROW,Crossing with right of way,Normal,,,,Yes,,Yes,,,,,Yes,Yes,,Yes,Kensington-Chinatown
729,Major Arterial,North York,Intersection,Traffic Signal,Clear,Daylight,Dry,Non-Fatal Injury,Pedestrian Collisions,Driver,40 to 44,,South,Going Ahead,Driving Properly,,,,,,,Yes,,Yes,,,,,,,,,Henry Farm
34,Major Arterial,Toronto and East York,Intersection,No Control,Drifting Snow,"Dark, artificial",Wet,Non-Fatal Injury,Pedestrian Collisions,Pedestrian,40 to 44,Major,West,,,Pedestrian hit at mid-block,"Crossing, no Traffic Control",Inattentive,,,,Yes,,Yes,,,,,Yes,Yes,,Yes,Kensington-Chinatown
137,Minor Arterial,Scarborough,Intersection,Traffic Signal,Clear,"Dark, artificial",Dry,Non-Fatal Injury,Angle,Passenger,75 to 79,Minimal,,,,,,,,,,,,Yes,,,,Yes,Yes,Yes,Yes,,Malvern East
1825,Major Arterial,North York,Intersection,Traffic Signal,Clear,Daylight,Dry,Non-Fatal Injury,Pedestrian Collisions,Pedestrian,60 to 64,Major,Unknown,,,Pedestrian hit on sidewalk or shoulder,On Sidewalk or Shoulder,Normal,,,,Yes,,Yes,,,,Yes,,Yes,Yes,,Bayview Village
137,Minor Arterial,Scarborough,Intersection,Traffic Signal,Clear,"Dark, artificial",Dry,Non-Fatal Injury,Angle,Passenger,75 to 79,Minimal,,,,,,,,,,,,Yes,,,,Yes,Yes,Yes,Yes,,Malvern East
740,Local,Etobicoke York,Mid-Block,No Control,Clear,Daylight,Dry,Non-Fatal Injury,Pedestrian Collisions,Driver,75 to 79,,East,Going Ahead,Driving Properly,,,,,,,Yes,,Yes,,,,,,,,,Glenfield-Jane Heights