TIME,ROAD_CLASS,DISTRICT,LOCCOORD,TRAFFCTL,VISIBILITY,LIGHT,RDSFCOND,ACCLASS,IMPACTYPE,INVTYPE,INVAGE,INJURY,INITDIR,MANOEUVER,DRIVACT,PEDTYPE,PEDACT,PEDCOND,CYCLISTYPE,CYCACT,CYCCOND,PEDESTRIAN,CYCLIST,AUTOMOBILE,MOTORCYCLE,TRUCK,TRSN_CITY_VEH,PASSENGER,SPEEDING,AG_DRIV,REDLIGHT,ALCOHOL,NEIGHBOURHOOD_158
1412,Major Arterial,North York,Intersection,Traffic Controller,Clear,Daylight,Dry,Non-Fatal Injury,Pedestrian Collisions,Pedestrian,30 to 34,Major,East,,,Vehicle turns left while ped crosses with ROW at inter.,Crossing with right of way,Normal,,,,Yes,,Yes,,,,,,Yes,,,Bedford Park-Nortown
2200,Major Arterial,Toronto and East York,Intersection,Traffic Signal,Clear,"Dark, artificial",Dry,Non-Fatal Injury,Angle,Driver,50 to 54,Major,South,Going Ahead,Failed to Yield Right of Way,,,,,,,,,Yes,,,,Yes,,Yes,,,Kensington-Chinatown
1800,Major Arterial,North York,Intersection,Traffic Signal,Clear,"Dark, artificial",Dry,Non-Fatal Injury,Turning Movement,Passenger,35 to 39,Minor,,,,,,,,,,,,Yes,,,,Yes,,Yes,Yes,,Banbury-Don Mills
1140,Major Arterial,Etobicoke York,Mid-Block,No Control,Clear,Daylight,Dry,Non-Fatal Injury,Sideswipe,Passenger,20 to 24,Minimal,,,,,,,,,,,,Yes,,,,Yes,,,,,Kingsview Village-The Westway
711,Minor Arterial,Toronto and East York,Intersection,Pedestrian Crossover,Clear,Daylight,Dry,Non-Fatal Injury,Pedestrian Collisions,Pedestrian,40 to 44,Major,West,,,Pedestrian hit a PXO/ped. Mid-block signal,"Crossing, Pedestrian Crossover",Normal,,,,Yes,,Yes,,,,,,Yes,,,Broadview North
1140,Major Arterial,Etobicoke York,Mid-Block,No Control,Clear,Daylight,Dry,Non-Fatal Injury,Sideswipe,Driver,55 to 59,Major,South,Going Ahead,Driving Properly,,,,,,,,,Yes,,,,Yes,,,,,Kingsview Village-The Westway
331,,Etobicoke York,Mid-Block,No Control,Clear,"Dark, artificial",Dry,Fatal,Rear End,Driver,30 to 34,Minor,West,Going Ahead,Exceeding Speed Limit,,,,,,,,,Yes,,,,Yes,Yes,Yes,,,Mimico-Queensway
209,Local,Etobicoke York,Mid-Block,No Control,Clear,Dark,Dry,Non-Fatal Injury,SMV Other,Passenger,25 to 29,Minor,,,,,,,,,,,,Yes,,,,Yes,Yes,Yes,,,Mount Olive-Silverstone-Jamestown
1412,Major Arterial,North York,Intersection,Traffic Controller,Clear,Daylight,Dry,Non-Fatal Injury,Pedestrian Collisions,Pedestrian,25 to 29,Minimal,East,,,Vehicle turns left while ped crosses with ROW at inter.,Crossing with right of way,Normal,,,,Yes,,Yes,,,,,,Yes,,,Bedford Park-Nortown
2200,Major Arterial,Toronto and East York,Intersection,Traffic Signal,Clear,"Dark, artificial",Dry,Non-Fatal Injury,Angle,Driver,35 to 39,,West,Going Ahead,Driving Properly,,,,,,,,,Yes,,,,Yes,,Yes,,,Kensington-Chinatown
1800,Major Arterial,North York,Intersection,Traffic Signal,Clear,"Dark, artificial",Dry,Non-Fatal Injury,Turning Movement,Driver,35 to 39,Minor,South,Going Ahead,Disobeyed Traffic Control,,,,,,,,,Yes,,,,Yes,,Yes,Yes,,Banbury-Don Mills
529,Major Arterial,Toronto and East York,Intersection,No Control,Clear,"Dawn, artificial",Dry,Non-Fatal Injury,SMV Other,Driver,65 to 69,Major,West,Going Ahead,Lost control,,,,,,,,,Yes,,,,,Yes,Yes,,,Junction-Wallace Emerson
331,,Etobicoke York,Mid-Block,No Control,Clear,"Dark, artificial",Dry,Fatal,Rear End,Driver,20 to 24,Minor,West,Pulling Away from Shoulder or Curb,Improper Lane Change,,,,,,,,,Yes,,,,Yes,Yes,Yes,,,Mimico-Queensway
1140,Major Arterial,Etobicoke York,Mid-Block,No Control,Clear,Daylight,Dry,Non-Fatal Injury,Sideswipe,Driver,45 to 49,,North,Going Ahead,Driving Properly,,,,,,,,,Yes,,,,Yes,,,,,Kingsview Village-The Westway
1455,Collector,North York,Mid-Block,No Control,Clear,Daylight,Dry,Non-Fatal Injury,Turning Movement,Driver,20 to 24,Major,West,Going Ahead,Driving Properly,,,,,,,,,Yes,,,,,,Yes,,,Victoria Village
1800,Major Arterial,North York,Intersection,Traffic Signal,Clear,"Dark, artificial",Dry,Non-Fatal Injury,Turning Movement,Driver,50 to 54,Minor,North,Turning Left,Improper Turn,,,,,,,,,Yes,,,,Yes,,Yes,Yes,,Banbury-Don Mills
1548,Major Arterial,North York,Intersection,Traffic Signal,Clear,Daylight,Dry,Non-Fatal Injury,Turning Movement,Passenger,70 to 74,Minor,,,,,,,,,,,,Yes,,,,Yes,,,,,Banbury-Don Mills
1720,Major Arterial,Etobicoke York,Intersection,Traffic Signal,Clear,Daylight,Dry,Non-Fatal Injury,Angle,Driver,40 to 44,,East,Going Ahead,Disobeyed Traffic Control,,,,,,,,,Yes,,,,,,Yes,Yes,,Brookhaven-Amesbury
1140,Major Arterial,Etobicoke York,Mid-Block,No Control,Clear,Daylight,Dry,Non-Fatal Injury,Sideswipe,Driver,15 to 19,,North,Changing Lanes,Improper Lane Change,,,,,,,,,Yes,,,,Yes,,,,,Kingsview Village-The Westway
1455,Collector,North York,Mid-Block,No Control,Clear,Daylight,Dry,Non-Fatal Injury,Turning Movement,Driver,50 to 54,,East,Turning Left,Failed to Yield Right of Way,,,,,,,,,Yes,,,,,,Yes,,,Victoria Village
1548,Major Arterial,North York,Intersection,Traffic Signal,Clear,Daylight,Dry,Non-Fatal Injury,Turning Movement,Passenger,60 to 64,Major,,,,,,,,,,,,Yes,,,,Yes,,,,,Banbury-Don Mills
1720,Major Arterial,Etobicoke York,Intersection,Traffic Signal,Clear,Daylight,Dry,Non-Fatal Injury,Angle,Driver,55 to 59,Major,North,Going Ahead,Driving Properly,,,,,,,,,Yes,,,,,,Yes,Yes,,Brookhaven-Amesbury
1847,Minor Arterial,Toronto and East York,Intersection,Traffic Signal,Clear,"Dark, artificial",Dry,Non-Fatal Injury,SMV Other,Driver,60 to 64,Major,East,Going Ahead,Lost control,,,,,,,,,,,,Yes,,,,,,Moss Park
1816,Major Arterial,Etobicoke York,Mid-Block,Traffic Signal,Other,Daylight,Other,Fatal,Approaching,Driver,25 to 29,,East,Going Ahead,Failed to Yield Right of Way,,,,,,,,,Yes,,,,,,Yes,,Yes,Edenbridge-Humber Valley
209,Local,Etobicoke York,Mid-Block,No Control,Clear,Dark,Dry,Non-Fatal Injury,SMV Other,Driver,35 to 39,Major,North,Going Ahead,Exceeding Speed Limit,,,,,,,,,Yes,,,,Yes,Yes,Yes,,,Mount Olive-Silverstone-Jamestown
935,Major Arterial,North York,Intersection,Traffic Signal,,Daylight,,Fatal,Pedestrian Collisions,Driver,85 to 89,,North,Turning Right,Failed to Yield Right of Way,,,,,,,Yes,,Yes,,,,,,Yes,,,Lawrence Park South
2200,Major Arterial,Toronto and East York,Intersection,Traffic Signal,Clear,"Dark, artificial",Dry,Non-Fatal Injury,Angle,Passenger,45 to 49,,,,,,,,,,,,,Yes,,,,Yes,,Yes,,,Kensington-Chinatown
1548,Major Arterial,North York,Intersection,Traffic Signal,Clear,Daylight,Dry,Non-Fatal Injury,Turning Movement,Passenger,45 to 49,Minor,,,,,,,,,,,,Yes,,,,Yes,,,,,Banbury-Don Mills
1928,Collector,North York,Intersection,Stop Sign,Rain,"Dark, artificial",Wet,Non-Fatal Injury,Pedestrian Collisions,Pedestrian,80 to 84,Major,North,,,Vehicle turns left while ped crosses with ROW at inter.,Crossing with right of way,Normal,,,,Yes,,Yes,,,,,,Yes,,,Forest Hill North
2305,Minor Arterial,Toronto and East York,Mid-Block,No Control,Clear,"Dark, artificial",Dry,Non-Fatal Injury,Pedestrian Collisions,Pedestrian,45 to 49,Major,South,,,Pedestrian hit at mid-block,Running onto Roadway,Inattentive,,,,Yes,,Yes,,,,,,,,,Harbourfront-CityPlace
1816,Major Arterial,Etobicoke York,Mid-Block,Traffic Signal,Other,Daylight,Other,Fatal,Approaching,Driver,85 to 89,Fatal,West,Going Ahead,Driving Properly,,,,,,,,,Yes,,,,,,Yes,,Yes,Edenbridge-Humber Valley
935,Major Arterial,North York,Intersection,Traffic Signal,,Daylight,,Fatal,Pedestrian Collisions,Pedestrian,70 to 74,Fatal,Unknown,,,Vehicle turns right while ped crosses with ROW at inter.,Crossing with right of way,,,,,Yes,,Yes,,,,,,Yes,,,Lawrence Park South
1558,Major Arterial,Toronto and East York,Intersection,Traffic Signal,Clear,Daylight,Dry,Fatal,Cyclist Collisions,Driver,25 to 29,,East,Going Ahead,Disobeyed Traffic Control,,,,,,,,Yes,Yes,,,,,,Yes,Yes,,South Parkdale
1548,Major Arterial,North York,Intersection,Traffic Signal,Clear,Daylight,Dry,Non-Fatal Injury,Turning Movement,Passenger,10 to 14,Minor,,,,,,,,,,,,Yes,,,,Yes,,,,,Banbury-Don Mills
2130,Major Arterial,Etobicoke York,Mid-Block,No Control,Clear,"Dark, artificial",Dry,Non-Fatal Injury,SMV Other,Driver,50 to 54,,East,Going Ahead,Lost control,,,,,,,,,Yes,,,,Yes,,,,Yes,Mimico-Queensway
1928,Collector,North York,Intersection,Stop Sign,Rain,"Dark, artificial",Wet,Non-Fatal Injury,Pedestrian Collisions,Driver,55 to 59,,North,Turning Left,Failed to Yield Right of Way,,,,,,,Yes,,Yes,,,,,,Yes,,,Forest Hill North
2305,Minor Arterial,Toronto and East York,Mid-Block,No Control,Clear,"Dark, artificial",Dry,Non-Fatal Injury,Pedestrian Collisions,Driver,65 to 69,,East,Going Ahead,Driving Properly,,,,,,,Yes,,Yes,,,,,,,,,Harbourfront-CityPlace
2151,Major Arterial,Scarborough,Intersection,No Control,Other,Dark,Other,Fatal,Pedestrian Collisions,Driver,60 to 64,,West,Going Ahead,Driving Properly,,,,,,,Yes,,Yes,,,,,,,,,Morningside Heights
1115,Major Arterial,North York,Intersection,Traffic Signal,Clear,Daylight,Dry,Non-Fatal Injury,Pedestrian Collisions,Driver,80 to 84,,East,Going Ahead,Disobeyed Traffic Control,,,,,,,Yes,,Yes,,,,,,Yes,Yes,,Banbury-Don Mills
1558,Major Arterial,Toronto and East York,Intersection,Traffic Signal,Clear,Daylight,Dry,Fatal,Cyclist Collisions,Cyclist,35 to 39,Fatal,South,Going Ahead,,,,,"Motorist without ROW drives into path of cyclist at inter, lnwy, dwy-Driver not turn.",Driving Properly,Normal,,Yes,Yes,,,,,,Yes,Yes,,South Parkdale
1548,Major Arterial,North York,Intersection,Traffic Signal,Clear,Daylight,Dry,Non-Fatal Injury,Turning Movement,Driver,40 to 44,,North,Turning Left,Improper Turn,,,,,,,,,Yes,,,,Yes,,,,,Banbury-Don Mills
1800,Major Arterial,Scarborough,Intersection,Traffic Signal,Clear,"Dark, artificial",Dry,Non-Fatal Injury,Turning Movement,Passenger,45 to 49,Major,,,,,,,,,,,,Yes,,,,Yes,,Yes,Yes,,Golfdale-Cedarbrae-Woburn
2151,Major Arterial,Scarborough,Intersection,No Control,Other,Dark,Other,Fatal,Pedestrian Collisions,Pedestrian,20 to 24,Fatal,North,,,Pedestrian hit at mid-block,"Crossing, no Traffic Control",Unknown,,,,Yes,,Yes,,,,,,,,,Morningside Heights
1817,Major Arterial,Scarborough,Mid-Block,No Control,Clear,Dark,Wet,Fatal,Pedestrian Collisions,Driver,45 to 49,,West,Going Ahead,Driving Properly,,,,,,,Yes,,Yes,,,,,,,,,Ionview
2237,Major Arterial,Etobicoke York,Intersection,No Control,,Dark,,Fatal,Sideswipe,Driver,20 to 24,,East,Changing Lanes,Improper Lane Change,,,,,,,,,Yes,,,,Yes,Yes,Yes,,Yes,New Toronto
1548,Major Arterial,North York,Intersection,Traffic Signal,Clear,Daylight,Dry,Non-Fatal Injury,Turning Movement,Driver,25 to 29,Minor,South,Going Ahead,Driving Properly,,,,,,,,,Yes,,,,Yes,,,,,Banbury-Don Mills
2130,Major Arterial,Etobicoke York,Mid-Block,No Control,Clear,"Dark, artificial",Dry,Non-Fatal Injury,SMV Other,Passenger,50 to 54,Major,,,,,,,,,,,,Yes,,,,Yes,,,,Yes,Mimico-Queensway
1800,Major Arterial,Scarborough,Intersection,Traffic Signal,Clear,"Dark, artificial",Dry,Non-Fatal Injury,Turning Movement,Passenger,15 to 19,,,,,,,,,,,,,Yes,,,,Yes,,Yes,Yes,,Golfdale-Cedarbrae-Woburn
2319,Major Arterial,North York,Mid-Block,No Control,,Dark,,Fatal,SMV Other,Driver,45 to 49,Fatal,West,Going Ahead,Exceeding Speed Limit,,,,,,,,,Yes,,,,,Yes,Yes,,,Bayview Woods-Steeles
1700,Major Arterial,North York,Mid-Block,No Control,Clear,Daylight,Dry,Non-Fatal Injury,Pedestrian Collisions,Driver,unknown,,North,Changing Lanes,Driving Properly,,,,,,,Yes,,Yes,,,,,,,,,Bridle Path-Sunnybrook-York Mills
1115,Major Arterial,North York,Intersection,Traffic Signal,Clear,Daylight,Dry,Non-Fatal Injury,Pedestrian Collisions,Driver,60 to 64,,North,Going Ahead,Driving Properly,,,,,,,Yes,,Yes,,,,,,Yes,Yes,,Banbury-Don Mills
1800,Major Arterial,Scarborough,Intersection,Traffic Signal,Clear,"Dark, artificial",Dry,Non-Fatal Injury,Turning Movement,Driver,50 to 54,Minor,West,Turning Left,Driving Properly,,,,,,,,,Yes,,,,Yes,,Yes,Yes,,Golfdale-Cedarbrae-Woburn
1817,Major Arterial,Scarborough,Mid-Block,No Control,Clear,Dark,Wet,Fatal,Pedestrian Collisions,Pedestrian,70 to 74,Fatal,North,,,Pedestrian hit at mid-block,"Crossing, no Traffic Control",Normal,,,,Yes,,Yes,,,,,,,,,Ionview
2046,Major Arterial,Scarborough,Intersection,No Control,Clear,"Dark, artificial",Dry,Non-Fatal Injury,SMV Other,Motorcycle Driver,20 to 24,Major,West,Going Ahead,Lost control,,,,,,,,,,Yes,,,,,,,,Morningside
2237,Major Arterial,Etobicoke York,Intersection,No Control,,Dark,,Fatal,Sideswipe,Passenger,25 to 29,Fatal,,,,,,,,,,,,Yes,,,,Yes,Yes,Yes,,Yes,New Toronto
1442,Major Arterial,Etobicoke York,Intersection,Traffic Signal,Clear,Daylight,Dry,Non-Fatal Injury,Turning Movement,Driver,35 to 39,,East,Turning Right,Disobeyed Traffic Control,,,,,,,,,Yes,,,,Yes,,Yes,Yes,,Pelmo Park-Humberlea
2237,Major Arterial,Etobicoke York,Intersection,No Control,,Dark,,Fatal,Sideswipe,Other,unknown,,East,Parked,,,,,,,,,,Yes,,,,Yes,Yes,Yes,,Yes,New Toronto
1700,Major Arterial,North York,Mid-Block,No Control,Clear,Daylight,Dry,Non-Fatal Injury,Pedestrian Collisions,Pedestrian,25 to 29,Major,Unknown,,,Pedestrian hit at mid-block,Other,Unknown,,,,Yes,,Yes,,,,,,,,,Bridle Path-Sunnybrook-York Mills
1115,Major Arterial,North York,Intersection,Traffic Signal,Clear,Daylight,Dry,Non-Fatal Injury,Pedestrian Collisions,Pedestrian,80 to 84,Major,North,,,Vehicle is going straight thru inter.while ped cross with ROW,Crossing with right of way,Normal,,,,Yes,,Yes,,,,,,Yes,Yes,,Banbury-Don Mills
1800,Major Arterial,Scarborough,Intersection,Traffic Signal,Clear,"Dark, artificial",Dry,Non-Fatal Injury,Turning Movement,Driver,45 to 49,Minor,East,Going Ahead,Disobeyed Traffic Control,,,,,,,,,Yes,,,,Yes,,Yes,Yes,,Golfdale-Cedarbrae-Woburn
923,Major Arterial,North York,Intersection,Traffic Signal,Clear,Daylight,Wet,Non-Fatal Injury,Pedestrian Collisions,Pedestrian,70 to 74,Major,East,,,Vehicle turns left while ped crosses with ROW at inter.,Crossing with right of way,Inattentive,,,,Yes,,Yes,,,,,,,,,Lawrence Park North
1505,Minor Arterial,Toronto and East York,Intersection,Traffic Signal,Clear,Daylight,Dry,Non-Fatal Injury,Pedestrian Collisions,Driver,60 to 64,,North,Turning Left,Failed to Yield Right of Way,,,,,,,Yes,,Yes,,,,,,Yes,,,Yonge-Bay Corridor
55,Major Arterial,Toronto and East York,Intersection,Traffic Signal,Clear,"Dark, artificial",Dry,Non-Fatal Injury,Cyclist Collisions,Driver,55 to 59,,East,Turning Right,Driving Properly,,,,,,,,Yes,,,,Yes,,,,,,Moss Park
1914,Major Arterial,North York,Mid-Block,No Control,Clear,Daylight,Dry,Non-Fatal Injury,Approaching,Driver,35 to 39,Major,South,Going Ahead,Driving Properly,,,,,,,,,Yes,,,,,Yes,Yes,,,Black Creek
1205,Major Arterial,North York,Intersection,Traffic Signal,Clear,Daylight,Dry,Non-Fatal Injury,Pedestrian Collisions,Driver,60 to 64,Minimal,East,Going Ahead,Disobeyed Traffic Control,,,,,,,Yes,,Yes,,Yes,,,,Yes,Yes,,Oakwood Village
1143,Minor Arterial,Toronto and East York,Intersection,Traffic Signal,Clear,Daylight,Dry,Non-Fatal Injury,Pedestrian Collisions,Driver,65 to 69,,South,Turning Left,Failed to Yield Right of Way,,,,,,,Yes,,Yes,,,,,,Yes,,,Danforth East York
923,Major Arterial,North York,Intersection,Traffic Signal,Clear,Daylight,Wet,Non-Fatal Injury,Pedestrian Collisions,Driver,50 to 54,,West,Turning Left,Improper Turn,,,,,,,Yes,,Yes,,,,,,,,,Lawrence Park North
1505,Minor Arterial,Toronto and East York,Intersection,Traffic Signal,Clear,Daylight,Dry,Non-Fatal Injury,Pedestrian Collisions,Pedestrian,25 to 29,Major,South,,,Vehicle turns left while ped crosses with ROW at inter.,Crossing with right of way,Normal,,,,Yes,,Yes,,,,,,Yes,,,Yonge-Bay Corridor
55,Major Arterial,Toronto and East York,Intersection,Traffic Signal,Clear,"Dark, artificial",Dry,Non-Fatal Injury,Cyclist Collisions,Cyclist,30 to 34,Major,West,Going Ahead,,,,,"Cyclist without ROW rides into path of motorist at inter, lnwy, dwy-Cyclist not turn.",Disobeyed Traffic Control,Unknown,,Yes,,,,Yes,,,,,,Moss Park
1442,Major Arterial,Etobicoke York,Intersection,Traffic Signal,Clear,Daylight,Dry,Non-Fatal Injury,Turning Movement,Driver,20 to 24,Minor,South,Going Ahead,Driving Properly,,,,,,,,,Yes,,,,Yes,,Yes,Yes,,Pelmo Park-Humberlea
1914,Major Arterial,North York,Mid-Block,No Control,Clear,Daylight,Dry,Non-Fatal Injury,Approaching,Driver,20 to 24,Major,North,Going Ahead,Exceeding Speed Limit,,,,,,,,,Yes,,,,,Yes,Yes,,,Black Creek
1604,Minor Arterial,Scarborough,Intersection,Traffic Signal,Clear,Daylight,Dry,Non-Fatal Injury,Pedestrian Collisions,Pedestrian,80 to 84,Major,East,,,Vehicle turns left while ped crosses with ROW at inter.,Crossing with right of way,Normal,,,,Yes,,Yes,,,,,,Yes,,,L'Amoreaux West
1143,Minor Arterial,Toronto and East York,Intersection,Traffic Signal,Clear,Daylight,Dry,Non-Fatal Injury,Pedestrian Collisions,Pedestrian,85 to 89,Major,North,,,Vehicle turns left while ped crosses with ROW at inter.,Crossing with right of way,Normal,,,,Yes,,Yes,,,,,,Yes,,,Danforth East York
1727,Major Arterial,Toronto and East York,Intersection,Traffic Signal,Rain,"Dark, artificial",Wet,Non-Fatal Injury,Pedestrian Collisions,Pedestrian,60 to 64,Major,North,,,Pedestrian involved in a collision with transit vehicle anywhere along roadway,Crossing without right of way,Inattentive,,,,Yes,,,,,Yes,,,,,,South Eglinton-Davisville
45,Minor Arterial,North York,Mid-Block,No Control,Clear,"Dark, artificial",Wet,Fatal,SMV Other,Driver,20 to 24,Fatal,North,Going Ahead,Exceeding Speed Limit,,,,,,,,,Yes,,,,,Yes,Yes,,,Yonge-Doris
800,Minor Arterial,Toronto and East York,Intersection,Traffic Signal,Clear,Daylight,Dry,Fatal,Cyclist Collisions,Truck Driver,25 to 29,,West,Turning Right,Failed to Yield Right of Way,,,,,,,,Yes,,,Yes,,,,Yes,,,South Riverdale
1442,Major Arterial,Etobicoke York,Intersection,Traffic Signal,Clear,Daylight,Dry,Non-Fatal Injury,Turning Movement,Driver,35 to 39,Major,North,Changing Lanes,Driving Properly,,,,,,,,,Yes,,,,Yes,,Yes,Yes,,Pelmo Park-Humberlea
1205,Major Arterial,North York,Intersection,Traffic Signal,Clear,Daylight,Dry,Non-Fatal Injury,Pedestrian Collisions,Truck Driver,45 to 49,Minimal,North,Going Ahead,Driving Properly,,,,,,,Yes,,Yes,,Yes,,,,Yes,Yes,,Oakwood Village
906,Major Arterial,Toronto and East York,Intersection,Stop Sign,Clear,Daylight,Dry,Fatal,Cyclist Collisions,Cyclist,35 to 39,Fatal,East,Going Ahead,,,,,"Motorist without ROW drives into path of cyclist at inter, lnwy, dwy-Driver not turn.",Driving Properly,Normal,,Yes,Yes,,,Yes,,,Yes,,,South Parkdale
1727,Major Arterial,Toronto and East York,Intersection,Traffic Signal,Rain,"Dark, artificial",Wet,Non-Fatal Injury,Pedestrian Collisions,Driver,45 to 49,,West,Going Ahead,Driving Properly,,,,,,,Yes,,,,,Yes,,,,,,South Eglinton-Davisville
58,Major Arterial,North York,Intersection,Traffic Signal,Clear,Dark,Dry,Fatal,Pedestrian Collisions,Truck Driver,35 to 39,,West,Going Ahead,Failed to Yield Right of Way,,,,,,,Yes,,,,Yes,,,,Yes,,,Oakwood Village
58,Major Arterial,North York,Intersection,Traffic Signal,Clear,Dark,Dry,Fatal,Pedestrian Collisions,Pedestrian,55 to 59,Fatal,South,,,Vehicle is going straight thru inter.while ped cross with ROW,Crossing with right of way,Unknown,,,,Yes,,,,Yes,,,,Yes,,,Oakwood Village
1442,Major Arterial,Etobicoke York,Intersection,Traffic Signal,Clear,Daylight,Dry,Non-Fatal Injury,Turning Movement,Driver,85 to 89,,North,Slowing or Stopping,Driving Properly,,,,,,,,,Yes,,,,Yes,,Yes,Yes,,Pelmo Park-Humberlea
1205,Major Arterial,North York,Intersection,Traffic Signal,Clear,Daylight,Dry,Non-Fatal Injury,Pedestrian Collisions,Driver,55 to 59,,West,Stopped,Driving Properly,,,,,,,Yes,,Yes,,Yes,,,,Yes,Yes,,Oakwood Village
906,Major Arterial,Toronto and East York,Intersection,Stop Sign,Clear,Daylight,Dry,Fatal,Cyclist Collisions,Driver,25 to 29,,South,Going Ahead,Failed to Yield Right of Way,,,,,,,,Yes,Yes,,,Yes,,,Yes,,,South Parkdale
1740,Major Arterial,Scarborough,Intersection,Traffic Signal,Clear,"Dark, artificial",Dry,Non-Fatal Injury,Pedestrian Collisions,Pedestrian,70 to 74,Major,North,,,Vehicle turns right while ped crosses with ROW at inter.,Crossing with right of way,Normal,,,,Yes,,Yes,,,,,,Yes,,,L'Amoreaux West
1604,Minor Arterial,Scarborough,Intersection,Traffic Signal,Clear,Daylight,Dry,Non-Fatal Injury,Pedestrian Collisions,Driver,40 to 44,,West,Turning Left,Failed to Yield Right of Way,,,,,,,Yes,,Yes,,,,,,Yes,,,L'Amoreaux West
800,Minor Arterial,Toronto and East York,Intersection,Traffic Signal,Clear,Daylight,Dry,Fatal,Cyclist Collisions,Cyclist,50 to 54,Fatal,West,Going Ahead,,,,,Motorist turning right on green or amber at signalized intersection strikes cyclist.,Driving Properly,Normal,,Yes,,,Yes,,,,Yes,,,South Riverdale
1515,Minor Arterial,Toronto and East York,Intersection,No Control,Rain,"Daylight, artificial",Wet,Non-Fatal Injury,Cyclist Collisions,Driver,45 to 49,,North,Turning Left,Failed to Yield Right of Way,,,,,,,,Yes,Yes,,,,,,Yes,,,Wychwood
1442,Major Arterial,Etobicoke York,Intersection,Traffic Signal,Clear,Daylight,Dry,Non-Fatal Injury,Turning Movement,Passenger,80 to 84,,,,,,,,,,,,,Yes,,,,Yes,,Yes,Yes,,Pelmo Park-Humberlea
1205,Major Arterial,North York,Intersection,Traffic Signal,Clear,Daylight,Dry,Non-Fatal Injury,Pedestrian Collisions,Pedestrian,70 to 74,Major,Unknown,,,Other / Undefined,Other,Other,,,,Yes,,Yes,,Yes,,,,Yes,Yes,,Oakwood Village
906,Major Arterial,Toronto and East York,Intersection,Stop Sign,Clear,Daylight,Dry,Fatal,Cyclist Collisions,Driver,50 to 54,,West,Going Ahead,Driving Properly,,,,,,,,Yes,Yes,,,Yes,,,Yes,,,South Parkdale
1749,Major Arterial,Toronto and East York,Mid-Block,No Control,Clear,Daylight,Dry,Fatal,Turning Movement,Driver,15 to 19,,North,Making U Turn,Improper Turn,,,,,,,,,Yes,Yes,,,,Yes,Yes,,,Rosedale-Moore Park
1550,Local,Etobicoke York,Intersection,No Control,Clear,Daylight,Dry,Non-Fatal Injury,Pedestrian Collisions,Driver,25 to 29,,East,Going Ahead,Driving Properly,,,,,,,Yes,,Yes,,,,Yes,,,,,Mimico-Queensway
1515,Minor Arterial,Toronto and East York,Intersection,No Control,Rain,"Daylight, artificial",Wet,Non-Fatal Injury,Cyclist Collisions,Cyclist,40 to 44,Major,South,Going Ahead,,,,,Motorist turned left across cyclists path.,Driving Properly,Normal,,Yes,Yes,,,,,,Yes,,,Wychwood
1827,Major Arterial,North York,Intersection,No Control,Clear,"Dusk, artificial",Dry,Non-Fatal Injury,Pedestrian Collisions,Driver,40 to 44,,North,Going Ahead,Driving Properly,,,,,,,Yes,,Yes,,,,,,,,,North Toronto
2300,Major Arterial,Scarborough,Intersection,Traffic Signal,Clear,"Dark, artificial",Dry,Non-Fatal Injury,Pedestrian Collisions,Driver,30 to 34,,North,Going Ahead,Driving Properly,,,,,,,Yes,,Yes,,,,,,,,,Woburn North
2318,Major Arterial,Etobicoke York,Intersection,Traffic Signal,Clear,"Dusk, artificial",Dry,Non-Fatal Injury,Pedestrian Collisions,Pedestrian,45 to 49,Major,West,,,Vehicle turns left while ped crosses with ROW at inter.,Crossing with right of way,Normal,,,,Yes,,Yes,,,,,,Yes,,,Etobicoke City Centre
1740,Major Arterial,Scarborough,Intersection,Traffic Signal,Clear,"Dark, artificial",Dry,Non-Fatal Injury,Pedestrian Collisions,Driver,unknown,,South,Turning Right,Failed to Yield Right of Way,,,,,,,Yes,,Yes,,,,,,Yes,,,L'Amoreaux West
2300,Major Arterial,Scarborough,Intersection,Traffic Signal,Clear,"Dark, artificial",Dry,Non-Fatal Injury,Pedestrian Collisions,Pedestrian,50 to 54,Major,East,,,Vehicle is going straight thru inter.while ped cross without ROW,Crossing without right of way,Inattentive,,,,Yes,,Yes,,,,,,,,,Woburn North
1749,Major Arterial,Toronto and East York,Mid-Block,No Control,Clear,Daylight,Dry,Fatal,Turning Movement,Motorcycle Driver,35 to 39,Fatal,North,Going Ahead,Improper Passing,,,,,,,,,Yes,Yes,,,,Yes,Yes,,,Rosedale-Moore Park
330,Major Arterial,North York,Intersection,Traffic Signal,Clear,Daylight,Dry,Non-Fatal Injury,Pedestrian Collisions,Driver,unknown,,West,Turning Left,Failed to Yield Right of Way,,,,,,,Yes,,Yes,,,,,,Yes,,,York University Heights
1550,Local,Etobicoke York,Intersection,No Control,Clear,Daylight,Dry,Non-Fatal Injury,Pedestrian Collisions,Passenger,25 to 29,,,,,,,,,,,Yes,,Yes,,,,Yes,,,,,Mimico-Queensway
1827,Major Arterial,North York,Intersection,No Control,Clear,"Dusk, artificial",Dry,Non-Fatal Injury,Pedestrian Collisions,Pedestrian,45 to 49,Major,West,,,Pedestrian hit at mid-block,"Crossing, no Traffic Control",Inattentive,,,,Yes,,Yes,,,,,,,,,North Toronto