TIME,ROAD_CLASS,DISTRICT,LOCCOORD,TRAFFCTL,VISIBILITY,LIGHT,RDSFCOND,ACCLASS,IMPACTYPE,INVTYPE,INVAGE,INJURY,INITDIR,MANOEUVER,DRIVACT,PEDTYPE,PEDACT,PEDCOND,CYCLISTYPE,CYCACT,CYCCOND,PEDESTRIAN,CYCLIST,AUTOMOBILE,MOTORCYCLE,TRUCK,TRSN_CITY_VEH,PASSENGER,SPEEDING,AG_DRIV,REDLIGHT,ALCOHOL,NEIGHBOURHOOD_158
2318,Major Arterial,Etobicoke York,Intersection,Traffic Signal,Clear,"Dusk, artificial",Dry,Non-Fatal Injury,Pedestrian Collisions,Driver,60 to 64,,East,Turning Left,Failed to Yield Right of Way,,,,,,,Yes,,Yes,,,,,,Yes,,,Etobicoke City Centre
1901,Major Arterial,Scarborough,Intersection,Traffic Signal,Freezing Rain,"Dark, artificial",Ice,Non-Fatal Injury,SMV Other,Passenger,50 to 54,Minor,,,,,,,,,,,,Yes,,,,Yes,,,,,Woburn North
50,Major Arterial,Toronto and East York,Intersection,No Control,Clear,"Dark, artificial",Dry,Non-Fatal Injury,Cyclist Collisions,Driver,45 to 49,,North,Making U Turn,Improper Turn,,,,,,,,Yes,Yes,,,,,,,,,Junction-Wallace Emerson
1221,Major Arterial,North York,Intersection,Traffic Signal,Rain,Daylight,Wet,Fatal,Pedestrian Collisions,Passenger,90 to 94,,,,,,,,,,,Yes,,Yes,,,,Yes,,,,,Oakdale-Beverley Heights
330,Major Arterial,North York,Intersection,Traffic Signal,Clear,Daylight,Dry,Non-Fatal Injury,Pedestrian Collisions,Pedestrian,15 to 19,Major,West,,,Vehicle turns left while ped crosses with ROW at inter.,Crossing with right of way,Normal,,,,Yes,,Yes,,,,,,Yes,,,York University Heights
1029,Collector,Etobicoke York,Mid-Block,No Control,Clear,Daylight,Dry,Fatal,SMV Other,Motorcycle Driver,45 to 49,Fatal,East,Going Ahead,Lost control,,,,,,,,,,Yes,,,,,,,,Etobicoke City Centre
1550,Local,Etobicoke York,Intersection,No Control,Clear,Daylight,Dry,Non-Fatal Injury,Pedestrian Collisions,Passenger,20 to 24,,,,,,,,,,,Yes,,Yes,,,,Yes,,,,,Mimico-Queensway
1221,Major Arterial,North York,Intersection,Traffic Signal,Rain,Daylight,Wet,Fatal,Pedestrian Collisions,Pedestrian,75 to 79,Fatal,North,,,Vehicle is going straight thru inter.while ped cross without ROW,"Crossing, no Traffic Control",Inattentive,,,,Yes,,Yes,,,,Yes,,,,,Oakdale-Beverley Heights
602,Collector,Scarborough,Mid-Block,No Control,Clear,"Dark, artificial",Dry,Non-Fatal Injury,SMV Other,Driver,25 to 29,Major,East,Going Ahead,Lost control,,,,,,,,,Yes,,,,,,Yes,,Yes,Golfdale-Cedarbrae-Woburn
1901,Major Arterial,Scarborough,Intersection,Traffic Signal,Freezing Rain,"Dark, artificial",Ice,Non-Fatal Injury,SMV Other,Passenger,15 to 19,Minor,,,,,,,,,,,,Yes,,,,Yes,,,,,Woburn North
2122,Major Arterial,North York,Mid-Block,No Control,Clear,Dark,Dry,Non-Fatal Injury,Pedestrian Collisions,Driver,60 to 64,,East,Going Ahead,Driving Properly,,,,,,,Yes,,Yes,,,,Yes,,,,,South Riverdale
648,Major Arterial,Etobicoke York,Mid-Block,No Control,Clear,"Dark, artificial",Dry,Non-Fatal Injury,SMV Other,Passenger,20 to 24,Major,,,,,,,,,,,,Yes,,,,Yes,,,,,Princess-Rosethorn
1550,Local,Etobicoke York,Intersection,No Control,Clear,Daylight,Dry,Non-Fatal Injury,Pedestrian Collisions,Pedestrian,5 to 9,Major,North,,,Vehicle hits the pedestrian walking or running out from between parked vehicles at mid-block,Coming From Behind Parked Vehicle,Normal,,,,Yes,,Yes,,,,Yes,,,,,Mimico-Queensway
1221,Major Arterial,North York,Intersection,Traffic Signal,Rain,Daylight,Wet,Fatal,Pedestrian Collisions,Driver,50 to 54,,West,Going Ahead,Driving Properly,,,,,,,Yes,,Yes,,,,Yes,,,,,Oakdale-Beverley Heights
617,Major Arterial,North York,Mid-Block,No Control,Clear,"Dark, artificial",Dry,Non-Fatal Injury,Approaching,Driver,60 to 64,Minor,West,Slowing or Stopping,Driving Properly,,,,,,,,,Yes,,,,,,Yes,,,Westminster-Branson
1901,Major Arterial,Scarborough,Intersection,Traffic Signal,Freezing Rain,"Dark, artificial",Ice,Non-Fatal Injury,SMV Other,Driver,40 to 44,Major,North,Going Ahead,Lost control,,,,,,,,,Yes,,,,Yes,,,,,Woburn North
50,Major Arterial,Toronto and East York,Intersection,No Control,Clear,"Dark, artificial",Dry,Non-Fatal Injury,Cyclist Collisions,Cyclist,45 to 49,Major,North,Going Ahead,,,,,Motorist makes u-turn in-front of cyclist.,Driving Properly,Normal,,Yes,Yes,,,,,,,,,Junction-Wallace Emerson
2122,Major Arterial,North York,Mid-Block,No Control,Clear,Dark,Dry,Non-Fatal Injury,Pedestrian Collisions,Passenger,50 to 54,,,,,,,,,,,Yes,,Yes,,,,Yes,,,,,South Riverdale
648,Major Arterial,Etobicoke York,Mid-Block,No Control,Clear,"Dark, artificial",Dry,Non-Fatal Injury,SMV Other,Driver,15 to 19,,West,Pulling Onto Shoulder or towardCurb,Lost control,,,,,,,,,Yes,,,,Yes,,,,,Princess-Rosethorn
2226,Major Arterial,North York,Intersection,Traffic Controller,Rain,"Daylight, artificial",Wet,Non-Fatal Injury,Pedestrian Collisions,Pedestrian,35 to 39,Major,East,,,Vehicle turns right while ped crosses with ROW at inter.,Crossing with right of way,Normal,,,,Yes,,Yes,,,,,,Yes,,,Henry Farm
1434,Minor Arterial,Scarborough,Mid-Block,No Control,Clear,Daylight,Dry,Non-Fatal Injury,SMV Other,Driver,40 to 44,Major,North,Going Ahead,Lost control,,,,,,,,,Yes,,,,,Yes,Yes,,,Malvern West
1310,Major Arterial,Etobicoke York,Intersection,Traffic Signal,Clear,Daylight,Dry,Non-Fatal Injury,Turning Movement,Passenger,70 to 74,Minimal,,,,,,,,,,,,Yes,Yes,,,Yes,,Yes,,,Long Branch
2226,Major Arterial,North York,Intersection,Traffic Controller,Rain,"Daylight, artificial",Wet,Non-Fatal Injury,Pedestrian Collisions,Driver,45 to 49,,West,Turning Right,Failed to Yield Right of Way,,,,,,,Yes,,Yes,,,,,,Yes,,,Henry Farm
617,Major Arterial,North York,Mid-Block,No Control,Clear,"Dark, artificial",Dry,Non-Fatal Injury,Approaching,Driver,45 to 49,Major,West,Stopped,Driving Properly,,,,,,,,,Yes,,,,,,Yes,,,Westminster-Branson
1059,Major Arterial,Etobicoke York,Mid-Block,No Control,Clear,Daylight,Dry,Non-Fatal Injury,Approaching,Driver,25 to 29,,East,Going Ahead,Failed to Yield Right of Way,,,,,,,,,Yes,,,,Yes,,Yes,,,Stonegate-Queensway
50,Major Arterial,Toronto and East York,Intersection,No Control,Clear,"Dark, artificial",Dry,Non-Fatal Injury,Cyclist Collisions,Cyclist,30 to 34,Minor,North,Going Ahead,,,,,Motorist makes u-turn in-front of cyclist.,Driving Properly,Normal,,Yes,Yes,,,,,,,,,Junction-Wallace Emerson
2122,Major Arterial,North York,Mid-Block,No Control,Clear,Dark,Dry,Non-Fatal Injury,Pedestrian Collisions,Pedestrian,45 to 49,Major,North,,,Pedestrian hit at mid-block,"Crossing, no Traffic Control",Normal,,,,Yes,,Yes,,,,Yes,,,,,South Riverdale
2117,Collector,Scarborough,Intersection,No Control,Clear,"Dusk, artificial",Dry,Non-Fatal Injury,Pedestrian Collisions,Pedestrian,80 to 84,Minimal,South,,,Vehicle turns left while ped crosses with ROW at inter.,Crossing with right of way,Normal,,,,Yes,,Yes,,,,,,Yes,,,Steeles
2117,Collector,Scarborough,Intersection,No Control,Clear,"Dusk, artificial",Dry,Non-Fatal Injury,Pedestrian Collisions,Pedestrian,75 to 79,Major,South,,,Vehicle turns left while ped crosses with ROW at inter.,Crossing with right of way,Normal,,,,Yes,,Yes,,,,,,Yes,,,Steeles
1310,Major Arterial,North York,Intersection,No Control,Clear,Daylight,Dry,Non-Fatal Injury,Pedestrian Collisions,Pedestrian,50 to 54,Major,North,,,Pedestrian hit at mid-block,"Crossing, no Traffic Control",Inattentive,,,,Yes,,Yes,,,,,,,,,Newtonbrook East
1059,Major Arterial,Etobicoke York,Mid-Block,No Control,Clear,Daylight,Dry,Non-Fatal Injury,Approaching,Driver,unknown,Major,West,Going Ahead,Driving Properly,,,,,,,,,Yes,,,,Yes,,Yes,,,Stonegate-Queensway
1238,Minor Arterial,Scarborough,Mid-Block,No Control,Clear,Daylight,Dry,Non-Fatal Injury,Turning Movement,Driver,40 to 44,Major,East,Turning Left,Failed to Yield Right of Way,,,,,,,,,Yes,Yes,,,,,Yes,,,Malvern West
240,Major Arterial,Toronto and East York,Mid-Block,No Control,Clear,Dark,Dry,Fatal,Approaching,Driver,25 to 29,,South,Going Ahead,Lost control,,,,,,,,,Yes,Yes,,,Yes,,,,,High Park-Swansea
617,Major Arterial,North York,Mid-Block,No Control,Clear,"Dark, artificial",Dry,Non-Fatal Injury,Approaching,Driver,25 to 29,Minor,East,Going Ahead,Lost control,,,,,,,,,Yes,,,,,,Yes,,,Westminster-Branson
1310,Major Arterial,Etobicoke York,Intersection,Traffic Signal,Clear,Daylight,Dry,Non-Fatal Injury,Turning Movement,Motorcycle Driver,25 to 29,Major,West,Going Ahead,Driving Properly,,,,,,,,,Yes,Yes,,,Yes,,Yes,,,Long Branch
2117,Collector,Scarborough,Intersection,No Control,Clear,"Dusk, artificial",Dry,Non-Fatal Injury,Pedestrian Collisions,Driver,50 to 54,,South,Turning Left,Failed to Yield Right of Way,,,,,,,Yes,,Yes,,,,,,Yes,,,Steeles
1059,Major Arterial,Etobicoke York,Mid-Block,No Control,Clear,Daylight,Dry,Non-Fatal Injury,Approaching,Passenger,35 to 39,,,,,,,,,,,,,Yes,,,,Yes,,Yes,,,Stonegate-Queensway
1238,Minor Arterial,Scarborough,Mid-Block,No Control,Clear,Daylight,Dry,Non-Fatal Injury,Turning Movement,Motorcycle Driver,35 to 39,Minor,West,Going Ahead,Driving Properly,,,,,,,,,Yes,Yes,,,,,Yes,,,Malvern West
1427,Major Arterial,Scarborough,Intersection,Traffic Signal,Clear,Daylight,Dry,Fatal,Pedestrian Collisions,Driver,35 to 39,,East,Turning Left,Improper Turn,,,,,,,Yes,,Yes,,,,,,,,,Clairlea-Birchmount
1640,Major Arterial,North York,Intersection,Pedestrian Crossover,Clear,"Dusk, artificial",Wet,Non-Fatal Injury,Pedestrian Collisions,Driver,65 to 69,,East,Going Ahead,Failed to Yield Right of Way,,,,,,,Yes,,Yes,,,,,,Yes,,,Moss Park
1310,Major Arterial,Etobicoke York,Intersection,Traffic Signal,Clear,Daylight,Dry,Non-Fatal Injury,Turning Movement,Driver,70 to 74,Minimal,East,Turning Left,Failed to Yield Right of Way,,,,,,,,,Yes,Yes,,,Yes,,Yes,,,Long Branch
2307,Major Arterial,Etobicoke York,Mid-Block,No Control,Clear,"Dark, artificial",Dry,Fatal,Approaching,Driver,40 to 44,Fatal,West,Changing Lanes,Improper Lane Change,,,,,,,,,Yes,,,,Yes,Yes,Yes,,,Clanton Park
1059,Major Arterial,Etobicoke York,Mid-Block,No Control,Clear,Daylight,Dry,Non-Fatal Injury,Approaching,Passenger,5 to 9,Minimal,,,,,,,,,,,,Yes,,,,Yes,,Yes,,,Stonegate-Queensway
1310,Major Arterial,North York,Intersection,No Control,Clear,Daylight,Dry,Non-Fatal Injury,Pedestrian Collisions,Driver,50 to 54,,West,Going Ahead,Driving Properly,,,,,,,Yes,,Yes,,,,,,,,,Newtonbrook East
1520,Local,North York,Mid-Block,No Control,Snow,Daylight,Loose Snow,Fatal,Pedestrian Collisions,,unknown,,East,Going Ahead,,,,,,,,Yes,,Yes,,,,,,,,,Downsview
1427,Major Arterial,Scarborough,Intersection,Traffic Signal,Clear,Daylight,Dry,Fatal,Pedestrian Collisions,Pedestrian,65 to 69,Fatal,East,,,Vehicle turns left while ped crosses with ROW at inter.,Crossing with right of way,Normal,,,,Yes,,Yes,,,,,,,,,Clairlea-Birchmount
1640,Major Arterial,North York,Intersection,Pedestrian Crossover,Clear,"Dusk, artificial",Wet,Non-Fatal Injury,Pedestrian Collisions,Pedestrian,25 to 29,Major,North,,,Pedestrian hit a PXO/ped. Mid-block signal,"Crossing, Pedestrian Crossover",Normal,,,,Yes,,Yes,,,,,,Yes,,,Moss Park
2200,Minor Arterial,North York,Mid-Block,No Control,Clear,"Dark, artificial",Dry,Non-Fatal Injury,Cyclist Collisions,Cyclist,30 to 34,Major,East,Going Ahead,,,,,Cyclist and Driver travelling in same direction. One vehicle rear-ended the other.,Driving Properly,Unknown,,Yes,Yes,,,,,,,,,Newtonbrook East
2307,Major Arterial,Etobicoke York,Mid-Block,No Control,Clear,"Dark, artificial",Dry,Fatal,Approaching,Driver,40 to 44,Minor,East,Going Ahead,Driving Properly,,,,,,,,,Yes,,,,Yes,Yes,Yes,,,Clanton Park
2220,Major Arterial,Toronto and East York,Mid-Block,No Control,Rain,"Dark, artificial",Wet,Non-Fatal Injury,Pedestrian Collisions,Pedestrian,40 to 44,Major,Unknown,,,Pedestrian involved in a collision with transit vehicle anywhere along roadway,"Crossing, no Traffic Control",Had Been Drinking,,,,Yes,,,,,Yes,,,,,,Fort York-Liberty Village
2220,Major Arterial,Toronto and East York,Mid-Block,No Control,Rain,"Dark, artificial",Wet,Non-Fatal Injury,Pedestrian Collisions,Driver,20 to 24,,East,Going Ahead,Driving Properly,,,,,,,Yes,,,,,Yes,,,,,,Fort York-Liberty Village
1755,Major Arterial,North York,Mid-Block,No Control,Clear,Daylight,Dry,Non-Fatal Injury,Pedestrian Collisions,Driver,40 to 44,,East,Going Ahead,Driving Properly,,,,,,,Yes,,Yes,,,,Yes,,,,,Newtonbrook West
1645,Major Arterial,North York,Intersection,Traffic Signal,Rain,Daylight,Wet,Fatal,Pedestrian Collisions,Pedestrian,65 to 69,Fatal,West,,,Vehicle turns left while ped crosses with ROW at inter.,Crossing with right of way,Normal,,,,Yes,,,,Yes,,,,Yes,,,Willowdale West
2200,Minor Arterial,North York,Mid-Block,No Control,Clear,"Dark, artificial",Dry,Non-Fatal Injury,Cyclist Collisions,Driver,unknown,,East,Going Ahead,Lost control,,,,,,,,Yes,Yes,,,,,,,,,Newtonbrook East
2307,Major Arterial,Etobicoke York,Mid-Block,No Control,Clear,"Dark, artificial",Dry,Fatal,Approaching,Passenger,35 to 39,Major,,,,,,,,,,,,Yes,,,,Yes,Yes,Yes,,,Clanton Park
240,Major Arterial,Toronto and East York,Mid-Block,No Control,Clear,Dark,Dry,Fatal,Approaching,Motorcycle Driver,45 to 49,Fatal,North,Going Ahead,Driving Properly,,,,,,,,,Yes,Yes,,,Yes,,,,,High Park-Swansea
1520,Local,North York,Mid-Block,No Control,Snow,Daylight,Loose Snow,Fatal,Pedestrian Collisions,Pedestrian,40 to 44,Minimal,Unknown,,,Pedestrian hit at mid-block,Person Getting on/off Vehicle,Normal,,,,Yes,,Yes,,,,,,,,,Downsview
1755,Major Arterial,North York,Mid-Block,No Control,Clear,Daylight,Dry,Non-Fatal Injury,Pedestrian Collisions,Pedestrian,45 to 49,Major,North,,,Pedestrian hit at mid-block,"Crossing, no Traffic Control",Inattentive,,,,Yes,,Yes,,,,Yes,,,,,Newtonbrook West
14,Major Arterial,Scarborough,Intersection,Traffic Signal,Clear,"Dusk, artificial",Dry,Non-Fatal Injury,Pedestrian Collisions,Pedestrian,35 to 39,Major,West,,,Vehicle is going straight thru inter.while ped cross without ROW,Crossing without right of way,Had Been Drinking,,,,Yes,,Yes,,,,,,,,,Woburn North
1645,Major Arterial,North York,Intersection,Traffic Signal,Rain,Daylight,Wet,Fatal,Pedestrian Collisions,Truck Driver,20 to 24,,East,Turning Left,Failed to Yield Right of Way,,,,,,,Yes,,,,Yes,,,,Yes,,,Willowdale West
2307,Major Arterial,Etobicoke York,Mid-Block,No Control,Clear,"Dark, artificial",Dry,Fatal,Approaching,Passenger,10 to 14,Major,,,,,,,,,,,,Yes,,,,Yes,Yes,Yes,,,Clanton Park
2307,Major Arterial,Etobicoke York,Mid-Block,No Control,Clear,"Dark, artificial",Dry,Fatal,Approaching,Passenger,10 to 14,Major,,,,,,,,,,,,Yes,,,,Yes,Yes,Yes,,,Clanton Park
1520,Local,North York,Mid-Block,No Control,Snow,Daylight,Loose Snow,Fatal,Pedestrian Collisions,Pedestrian,5 to 9,Fatal,Unknown,,,Pedestrian hit at mid-block,Person Getting on/off Vehicle,Normal,,,,Yes,,Yes,,,,,,,,,Downsview
1755,Major Arterial,North York,Mid-Block,No Control,Clear,Daylight,Dry,Non-Fatal Injury,Pedestrian Collisions,Passenger,40 to 44,,,,,,,,,,,Yes,,Yes,,,,Yes,,,,,Newtonbrook West
14,Major Arterial,Scarborough,Intersection,Traffic Signal,Clear,"Dusk, artificial",Dry,Non-Fatal Injury,Pedestrian Collisions,Driver,35 to 39,,South,Going Ahead,Driving Properly,,,,,,,Yes,,Yes,,,,,,,,,Woburn North
1838,Collector,Scarborough,Mid-Block,No Control,Clear,"Dark, artificial",Dry,Fatal,Pedestrian Collisions,Pedestrian,40 to 44,Fatal,North,,,Pedestrian hit at mid-block,"Crossing, no Traffic Control",Inattentive,,,,Yes,,,,Yes,,,,,,,Dorset Park
1630,Major Arterial,North York,Mid-Block,No Control,Clear,Daylight,Dry,Non-Fatal Injury,SMV Other,Motorcycle Driver,30 to 34,Major,South,Going Ahead,Lost control,,,,,,,,,,Yes,,,,,,,,Newtonbrook West
2020,Major Arterial,North York,Mid-Block,No Control,Clear,"Dark, artificial",Dry,Non-Fatal Injury,Rear End,Passenger,20 to 24,Minor,,,,,,,,,,,,Yes,,,,Yes,Yes,Yes,,,West Humber-Clairville
240,Major Arterial,Toronto and East York,Mid-Block,No Control,Clear,Dark,Dry,Fatal,Approaching,Passenger,unknown,Major,,,,,,,,,,,,Yes,Yes,,,Yes,,,,,High Park-Swansea
1623,Major Arterial,Toronto and East York,Intersection,No Control,Snow,Daylight,Loose Snow,Non-Fatal Injury,Pedestrian Collisions,Pedestrian,45 to 49,Major,East,,,Pedestrian hit at mid-block,"Crossing, no Traffic Control",Normal,,,,Yes,,Yes,,,,,,Yes,,,Downtown Yonge East
150,Minor Arterial,Etobicoke York,Mid-Block,No Control,Clear,"Dark, artificial",Dry,Non-Fatal Injury,SMV Unattended Vehicle,Motorcycle Driver,25 to 29,Major,North,Going Ahead,Exceeding Speed Limit,,,,,,,,,,Yes,,,,Yes,Yes,,,Weston
1838,Collector,Scarborough,Mid-Block,No Control,Clear,"Dark, artificial",Dry,Fatal,Pedestrian Collisions,Truck Driver,30 to 34,,East,Going Ahead,Driving Properly,,,,,,,Yes,,,,Yes,,,,,,,Dorset Park
2030,Major Arterial,Etobicoke York,Intersection,Traffic Signal,Clear,"Dark, artificial",Dry,Non-Fatal Injury,Rear End,Passenger,10 to 14,Major,,,,,,,,,,,,Yes,,,,Yes,,Yes,,,Humbermede
2030,Major Arterial,Etobicoke York,Intersection,Traffic Signal,Clear,"Dark, artificial",Dry,Non-Fatal Injury,Rear End,Passenger,45 to 49,Minor,,,,,,,,,,,,Yes,,,,Yes,,Yes,,,Humbermede
940,Major Arterial,Toronto and East York,Mid-Block,No Control,Rain,Daylight,Wet,Non-Fatal Injury,Pedestrian Collisions,Driver,75 to 79,,East,Reversing,Other,,,,,,,Yes,,Yes,,,,,,,,,Wychwood
1623,Major Arterial,Toronto and East York,Intersection,No Control,Snow,Daylight,Loose Snow,Non-Fatal Injury,Pedestrian Collisions,Driver,45 to 49,,North,Going Ahead,Failed to Yield Right of Way,,,,,,,Yes,,Yes,,,,,,Yes,,,Downtown Yonge East
150,Minor Arterial,Etobicoke York,Mid-Block,No Control,Clear,"Dark, artificial",Dry,Non-Fatal Injury,SMV Unattended Vehicle,Other,unknown,,North,Parked,,,,,,,,,,,Yes,,,,Yes,Yes,,,Weston
1430,Major Arterial,North York,Intersection,Stop Sign,Clear,Daylight,Dry,Non-Fatal Injury,Angle,Driver,60 to 64,,West,Going Ahead,Failed to Yield Right of Way,,,,,,,,,Yes,,,,Yes,,Yes,,,Yonge-Eglinton
1350,Major Arterial,North York,Intersection,No Control,Clear,Daylight,Dry,Non-Fatal Injury,Sideswipe,Motorcycle Driver,55 to 59,Major,South,Going Ahead,Driving Properly,,,,,,,,,Yes,Yes,,,,,,,,Bedford Park-Nortown
2030,Major Arterial,Etobicoke York,Intersection,Traffic Signal,Clear,"Dark, artificial",Dry,Non-Fatal Injury,Rear End,Passenger,40 to 44,Minor,,,,,,,,,,,,Yes,,,,Yes,,Yes,,,Humbermede
2020,Major Arterial,North York,Mid-Block,No Control,Clear,"Dark, artificial",Dry,Non-Fatal Injury,Rear End,Passenger,20 to 24,Minor,,,,,,,,,,,,Yes,,,,Yes,Yes,Yes,,,West Humber-Clairville
940,Major Arterial,Toronto and East York,Mid-Block,No Control,Rain,Daylight,Wet,Non-Fatal Injury,Pedestrian Collisions,Pedestrian,75 to 79,Major,Unknown,,,Vehicle is reversing and hits pedestrian,Other,Normal,,,,Yes,,Yes,,,,,,,,,Wychwood
1800,Major Arterial,North York,Intersection,Stop Sign,Clear,"Dark, artificial",Dry,Non-Fatal Injury,Angle,Driver,85 to 89,,North,Going Ahead,Failed to Yield Right of Way,,,,,,,,,Yes,,,,Yes,,Yes,,,East Willowdale
1430,Major Arterial,North York,Intersection,Stop Sign,Clear,Daylight,Dry,Non-Fatal Injury,Angle,Driver,75 to 79,Minor,South,Going Ahead,Driving Properly,,,,,,,,,Yes,,,,Yes,,Yes,,,Yonge-Eglinton
2100,Major Arterial,Etobicoke York,Intersection,Traffic Signal,Clear,"Dark, artificial",Dry,Non-Fatal Injury,Pedestrian Collisions,Driver,15 to 19,,South,Going Ahead,Driving Properly,,,,,,,Yes,,Yes,,,,,,,,,Glenfield-Jane Heights
1350,Major Arterial,North York,Intersection,No Control,Clear,Daylight,Dry,Non-Fatal Injury,Sideswipe,Driver,45 to 49,,South,Changing Lanes,Improper Lane Change,,,,,,,,,Yes,Yes,,,,,,,,Bedford Park-Nortown
2100,Major Arterial,Etobicoke York,Intersection,Traffic Signal,Clear,"Dark, artificial",Dry,Non-Fatal Injury,Pedestrian Collisions,Pedestrian,65 to 69,Major,West,,,Vehicle is going straight thru inter.while ped cross without ROW,Crossing without right of way,Normal,,,,Yes,,Yes,,,,,,,,,Glenfield-Jane Heights
2030,Major Arterial,Etobicoke York,Intersection,Traffic Signal,Clear,"Dark, artificial",Dry,Non-Fatal Injury,Rear End,Driver,60 to 64,Minor,East,Stopped,Driving Properly,,,,,,,,,Yes,,,,Yes,,Yes,,,Humbermede
2020,Major Arterial,North York,Mid-Block,No Control,Clear,"Dark, artificial",Dry,Non-Fatal Injury,Rear End,Passenger,40 to 44,Minor,,,,,,,,,,,,Yes,,,,Yes,Yes,Yes,,,West Humber-Clairville
1400,Major Arterial,North York,Intersection,Traffic Signal,Clear,Daylight,Dry,Non-Fatal Injury,Pedestrian Collisions,Driver,35 to 39,,South,Turning Left,Other,,,,,,,Yes,,Yes,,,,,,,,,Corso Italia-Davenport
1800,Major Arterial,North York,Intersection,Stop Sign,Clear,"Dark, artificial",Dry,Non-Fatal Injury,Angle,Driver,25 to 29,Minor,West,Going Ahead,Driving Properly,,,,,,,,,Yes,,,,Yes,,Yes,,,East Willowdale
1430,Major Arterial,North York,Intersection,Stop Sign,Clear,Daylight,Dry,Non-Fatal Injury,Angle,Passenger,80 to 84,Major,,,,,,,,,,,,Yes,,,,Yes,,Yes,,,Yonge-Eglinton
2007,Major Arterial,Toronto and East York,Mid-Block,No Control,Clear,"Dark, artificial",Dry,Non-Fatal Injury,Pedestrian Collisions,Pedestrian,25 to 29,Major,North,,,Pedestrian involved in a collision with transit vehicle anywhere along roadway,"Crossing, no Traffic Control",Had Been Drinking,,,,Yes,,,,,Yes,,,,,,West Queen West
1300,Major Arterial,Toronto and East York,Mid-Block,No Control,Clear,Daylight,Dry,Non-Fatal Injury,Cyclist Collisions,Driver,unknown,,West,Pulling Onto Shoulder or towardCurb,Failed to Yield Right of Way,,,,,,,,Yes,Yes,,,,,,Yes,,,Palmerston-Little Italy
2030,Major Arterial,Etobicoke York,Intersection,Traffic Signal,Clear,"Dark, artificial",Dry,Non-Fatal Injury,Rear End,Driver,40 to 44,Minor,East,Stopped,Driving Properly,,,,,,,,,Yes,,,,Yes,,Yes,,,Humbermede
2020,Major Arterial,North York,Mid-Block,No Control,Clear,"Dark, artificial",Dry,Non-Fatal Injury,Rear End,Passenger,15 to 19,Minor,,,,,,,,,,,,Yes,,,,Yes,Yes,Yes,,,West Humber-Clairville
1400,Major Arterial,North York,Intersection,Traffic Signal,Clear,Daylight,Dry,Non-Fatal Injury,Pedestrian Collisions,Pedestrian,65 to 69,Major,North,,,Vehicle turns left while ped crosses with ROW at inter.,Other,Normal,,,,Yes,,Yes,,,,,,,,,Corso Italia-Davenport
118,Minor Arterial,Scarborough,Intersection,Traffic Signal,Clear,"Dark, artificial",Dry,Non-Fatal Injury,SMV Other,Passenger,20 to 24,Major,,,,,,,,,,,,Yes,,,,Yes,,,,Yes,Woburn North
2007,Major Arterial,Toronto and East York,Mid-Block,No Control,Clear,"Dark, artificial",Dry,Non-Fatal Injury,Pedestrian Collisions,Driver,55 to 59,,West,Going Ahead,Driving Properly,,,,,,,Yes,,,,,Yes,,,,,,West Queen West
1800,Major Arterial,North York,Intersection,Stop Sign,Clear,"Dark, artificial",Dry,Non-Fatal Injury,Angle,Driver,40 to 44,,South,Stopped,Driving Properly,,,,,,,,,Yes,,,,Yes,,Yes,,,East Willowdale
2030,Major Arterial,Etobicoke York,Intersection,Traffic Signal,Clear,"Dark, artificial",Dry,Non-Fatal Injury,Rear End,Driver,30 to 34,,East,Going Ahead,Following too Close,,,,,,,,,Yes,,,,Yes,,Yes,,,Humbermede
1300,Major Arterial,Toronto and East York,Mid-Block,No Control,Clear,Daylight,Dry,Non-Fatal Injury,Cyclist Collisions,Cyclist,45 to 49,Major,West,Going Ahead,,,,,Cyclist and Driver travelling in same direction. One vehicle sideswipes the other.,Driving Properly,Normal,,Yes,Yes,,,,,,Yes,,,Palmerston-Little Italy
2256,Major Arterial,Etobicoke York,Intersection,No Control,Clear,"Dark, artificial",Dry,Non-Fatal Injury,Pedestrian Collisions,Driver,60 to 64,,East,Going Ahead,Driving Properly,,,,,,,Yes,,Yes,,,,,,,,,Runnymede-Bloor West Village
2020,Major Arterial,North York,Mid-Block,No Control,Clear,"Dark, artificial",Dry,Non-Fatal Injury,Rear End,Passenger,15 to 19,Minimal,,,,,,,,,,,,Yes,,,,Yes,Yes,Yes,,,West Humber-Clairville
1625,Major Arterial,Etobicoke York,Mid-Block,No Control,Clear,Daylight,Dry,Non-Fatal Injury,Turning Movement,Driver,50 to 54,,West,Turning Left,Failed to Yield Right of Way,,,,,,,,,Yes,Yes,,,,,Yes,,,Kingsview Village-The Westway
118,Minor Arterial,Scarborough,Intersection,Traffic Signal,Clear,"Dark, artificial",Dry,Non-Fatal Injury,SMV Other,Passenger,20 to 24,Major,,,,,,,,,,,,Yes,,,,Yes,,,,Yes,Woburn North