TIME,ROAD_CLASS,DISTRICT,LOCCOORD,TRAFFCTL,VISIBILITY,LIGHT,RDSFCOND,ACCLASS,IMPACTYPE,INVTYPE,INVAGE,INJURY,INITDIR,MANOEUVER,DRIVACT,PEDTYPE,PEDACT,PEDCOND,CYCLISTYPE,CYCACT,CYCCOND,PEDESTRIAN,CYCLIST,AUTOMOBILE,MOTORCYCLE,TRUCK,TRSN_CITY_VEH,PASSENGER,SPEEDING,AG_DRIV,REDLIGHT,ALCOHOL,NEIGHBOURHOOD_158
1604,Major Arterial,Etobicoke York,Intersection,Traffic Signal,Clear,Daylight,Dry,Non-Fatal Injury,Pedestrian Collisions,Driver,25 to 29,,West,Turning Right,Failed to Yield Right of Way,,,,,,,Yes,,Yes,,,,,,Yes,,,Weston
1635,Major Arterial,Scarborough,Mid-Block,Stop Sign,Clear,Daylight,Dry,Non-Fatal Injury,Turning Movement,Motorcycle Driver,15 to 19,Major,East,Going Ahead,Driving Properly,,,,,,,,,Yes,Yes,,,,,Yes,,,Scarborough Village
1220,Major Arterial,Toronto and East York,Intersection,Traffic Signal,Clear,Daylight,Dry,Non-Fatal Injury,Pedestrian Collisions,Driver,35 to 39,,East,Turning Left,Failed to Yield Right of Way,,,,,,,Yes,,Yes,,,,,,Yes,,,Bay-Cloverhill
2054,Minor Arterial,Scarborough,Intersection,No Control,Clear,Daylight,Wet,Non-Fatal Injury,Pedestrian Collisions,Passenger,40 to 44,,,,,,,,,,,Yes,,Yes,,,,Yes,,,,,West Hill
913,Local,North York,Mid-Block,No Control,Clear,Daylight,Wet,Non-Fatal Injury,Approaching,Driver,35 to 39,Major,North,Going Ahead,Lost control,,,,,,,,,Yes,,,,,Yes,Yes,,,Downsview
1838,Minor Arterial,Etobicoke York,Intersection,No Control,Clear,"Dark, artificial",Dry,Non-Fatal Injury,Cyclist Collisions,Cyclist,55 to 59,Major,West,Going Ahead,,,,,Cyclist and Driver travelling in same direction. One vehicle rear-ended the other.,Driving Properly,Normal,,Yes,Yes,,,,,,Yes,,,Beechborough-Greenbrook
1655,Major Arterial,Etobicoke York,Mid-Block,Stop Sign,Clear,Daylight,Dry,Non-Fatal Injury,Turning Movement,Motorcycle Driver,35 to 39,Major,East,Going Ahead,Driving Properly,,,,,,,,,Yes,Yes,,,,,Yes,,,Edenbridge-Humber Valley
1220,Major Arterial,Toronto and East York,Intersection,Traffic Signal,Clear,Daylight,Dry,Non-Fatal Injury,Pedestrian Collisions,Pedestrian,85 to 89,Major,West,,,Vehicle turns left while ped crosses with ROW at inter.,Crossing with right of way,Normal,,,,Yes,,Yes,,,,,,Yes,,,Bay-Cloverhill
1111,Minor Arterial,Toronto and East York,Mid-Block,No Control,Clear,Daylight,Dry,Non-Fatal Injury,Turning Movement,Passenger,20 to 24,,,,,,,,,,,,,Yes,,Yes,,Yes,,,,,Yonge-Bay Corridor
2054,Minor Arterial,Scarborough,Intersection,No Control,Clear,Daylight,Wet,Non-Fatal Injury,Pedestrian Collisions,Passenger,0 to 4,,,,,,,,,,,Yes,,Yes,,,,Yes,,,,,West Hill
1655,Major Arterial,Etobicoke York,Mid-Block,Stop Sign,Clear,Daylight,Dry,Non-Fatal Injury,Turning Movement,Driver,45 to 49,,North,Turning Right,Failed to Yield Right of Way,,,,,,,,,Yes,Yes,,,,,Yes,,,Edenbridge-Humber Valley
1430,Major Arterial,North York,Intersection,Traffic Signal,Clear,Daylight,Dry,Non-Fatal Injury,Cyclist Collisions,Driver,unknown,,North,Going Ahead,Failed to Yield Right of Way,,,,,,,,Yes,Yes,,,,,,Yes,,,Downtown Yonge East
1515,Major Arterial,North York,Intersection,Traffic Signal,Clear,Daylight,Dry,Non-Fatal Injury,Angle,Driver,45 to 49,,West,Going Ahead,Failed to Yield Right of Way,,,,,,,,,Yes,,,,Yes,,Yes,,,Newtonbrook West
1845,Local,North York,Intersection,Stop Sign,Clear,Daylight,Dry,Non-Fatal Injury,Pedestrian Collisions,Driver,55 to 59,,West,Going Ahead,Failed to Yield Right of Way,,,,,,,Yes,,Yes,,,,,,Yes,,,Trinity-Bellwoods
2358,Major Arterial,Toronto and East York,Intersection,Traffic Signal,Rain,"Dark, artificial",Wet,Non-Fatal Injury,Pedestrian Collisions,Pedestrian,60 to 64,Major,East,,,Vehicle turns left while ped crosses with ROW at inter.,Crossing with right of way,Medical or Physical Disability,,,,Yes,,Yes,,,,,,Yes,,,Dufferin Grove
1430,Major Arterial,North York,Intersection,Traffic Signal,Clear,Daylight,Dry,Non-Fatal Injury,Cyclist Collisions,Cyclist,20 to 24,Major,North,Slowing or Stopping,,,,,Cyclist and Driver travelling in same direction. One vehicle rear-ended the other.,Driving Properly,Normal,,Yes,Yes,,,,,,Yes,,,Downtown Yonge East
1515,Major Arterial,North York,Intersection,Traffic Signal,Clear,Daylight,Dry,Non-Fatal Injury,Angle,Driver,80 to 84,Minimal,North,Going Ahead,Driving Properly,,,,,,,,,Yes,,,,Yes,,Yes,,,Newtonbrook West
1845,Local,North York,Intersection,Stop Sign,Clear,Daylight,Dry,Non-Fatal Injury,Pedestrian Collisions,Pedestrian,0 to 4,Major,South,,,Vehicle is going straight thru inter.while ped cross with ROW,Playing or Working on Highway,Normal,,,,Yes,,Yes,,,,,,Yes,,,Trinity-Bellwoods
2358,Major Arterial,Toronto and East York,Intersection,Traffic Signal,Rain,"Dark, artificial",Wet,Non-Fatal Injury,Pedestrian Collisions,Driver,70 to 74,,East,Turning Left,Failed to Yield Right of Way,,,,,,,Yes,,Yes,,,,,,Yes,,,Dufferin Grove
1735,Major Arterial,Toronto and East York,Intersection,No Control,Clear,Daylight,Dry,Non-Fatal Injury,Cyclist Collisions,Driver,45 to 49,,West,Turning Left,Failed to Yield Right of Way,,,,,,,,Yes,Yes,,,,,,Yes,,,Greenwood-Coxwell
1515,Major Arterial,North York,Intersection,Traffic Signal,Clear,Daylight,Dry,Non-Fatal Injury,Angle,Passenger,75 to 79,Major,,,,,,,,,,,,Yes,,,,Yes,,Yes,,,Newtonbrook West
820,Major Arterial,North York,Intersection,Traffic Signal,Clear,Daylight,Dry,Non-Fatal Injury,Pedestrian Collisions,Pedestrian,75 to 79,Major,East,,,Pedestrian hit at mid-block,"Crossing, no Traffic Control",Normal,,,,Yes,,Yes,,,,Yes,,,,,Briar Hill-Belgravia
1401,Major Arterial,North York,Intersection,Traffic Signal,Clear,Daylight,Dry,Non-Fatal Injury,Turning Movement,Driver,45 to 49,,South,Going Ahead,Driving Properly,,,,,,,,,Yes,,,,,,Yes,,,Wexford/Maryvale
1735,Major Arterial,Toronto and East York,Intersection,No Control,Clear,Daylight,Dry,Non-Fatal Injury,Cyclist Collisions,Cyclist,70 to 74,Major,East,Going Ahead,,,,,Motorist turned left across cyclists path.,Driving Properly,Normal,,Yes,Yes,,,,,,Yes,,,Greenwood-Coxwell
1401,Major Arterial,North York,Intersection,Traffic Signal,Clear,Daylight,Dry,Non-Fatal Injury,Turning Movement,Driver,40 to 44,Major,North,Turning Left,Failed to Yield Right of Way,,,,,,,,,Yes,,,,,,Yes,,,Wexford/Maryvale
1903,Major Arterial,North York,Mid-Block,No Control,Clear,Daylight,Dry,Fatal,Approaching,Motorcycle Driver,50 to 54,Fatal,East,Going Ahead,Driving Properly,,,,,,,,,Yes,Yes,,,,,,,,Fort York-Liberty Village
820,Major Arterial,North York,Intersection,Traffic Signal,Clear,Daylight,Dry,Non-Fatal Injury,Pedestrian Collisions,Passenger,50 to 54,,,,,,,,,,,Yes,,Yes,,,,Yes,,,,,Briar Hill-Belgravia
2228,Major Arterial,Etobicoke York,Intersection,Traffic Signal,Clear,"Dark, artificial",Dry,Non-Fatal Injury,Cyclist Collisions,Driver,55 to 59,,North,Turning Right,Failed to Yield Right of Way,,,,,,,,Yes,Yes,,,,,,Yes,,,Eringate-Centennial-West Deane
1100,Major Arterial,North York,Intersection,Stop Sign,Rain,Daylight,Wet,Non-Fatal Injury,Pedestrian Collisions,Pedestrian,75 to 79,Major,South,,,Vehicle turns right while ped crosses with ROW at inter.,Crossing with right of way,Normal,,,,Yes,,Yes,,,,,,Yes,,,Lansing-Westgate
1903,Major Arterial,North York,Mid-Block,No Control,Clear,Daylight,Dry,Fatal,Approaching,Driver,30 to 34,,East,Going Ahead,Driving Properly,,,,,,,,,Yes,Yes,,,,,,,,Fort York-Liberty Village
820,Major Arterial,North York,Intersection,Traffic Signal,Clear,Daylight,Dry,Non-Fatal Injury,Pedestrian Collisions,Passenger,20 to 24,,,,,,,,,,,Yes,,Yes,,,,Yes,,,,,Briar Hill-Belgravia
820,Major Arterial,North York,Intersection,Traffic Signal,Clear,Daylight,Dry,Non-Fatal Injury,Pedestrian Collisions,Driver,50 to 54,,South,Slowing or Stopping,Driving Properly,,,,,,,Yes,,Yes,,,,Yes,,,,,Briar Hill-Belgravia
1100,Major Arterial,North York,Intersection,Stop Sign,Rain,Daylight,Wet,Non-Fatal Injury,Pedestrian Collisions,Driver,unknown,,East,Turning Right,Failed to Yield Right of Way,,,,,,,Yes,,Yes,,,,,,Yes,,,Lansing-Westgate
1903,Major Arterial,North York,Mid-Block,No Control,Clear,Daylight,Dry,Fatal,Approaching,Driver,30 to 34,,East,Going Ahead,Driving Properly,,,,,,,,,Yes,Yes,,,,,,,,Fort York-Liberty Village
2228,Major Arterial,Etobicoke York,Intersection,Traffic Signal,Clear,"Dark, artificial",Dry,Non-Fatal Injury,Cyclist Collisions,Cyclist,35 to 39,Major,East,Going Ahead,,,,,Motorist turning right on red at signalized intersection strikes cyclist.,Driving Properly,Normal,,Yes,Yes,,,,,,Yes,,,Eringate-Centennial-West Deane
1505,Major Arterial,Toronto and East York,Mid-Block,No Control,Clear,Daylight,Dry,Non-Fatal Injury,Rear End,Driver,70 to 74,Minimal,North,Going Ahead,Following too Close,,,,,,,,,Yes,,,,Yes,,Yes,,,Forest Hill South
1903,Major Arterial,North York,Mid-Block,No Control,Clear,Daylight,Dry,Fatal,Approaching,Driver,55 to 59,,West,Going Ahead,Lost control,,,,,,,,,Yes,Yes,,,,,,,,Fort York-Liberty Village
105,Major Arterial,Etobicoke York,Intersection,Traffic Signal,Rain,"Dark, artificial",Wet,Non-Fatal Injury,Turning Movement,Driver,20 to 24,Major,North,Going Ahead,Exceeding Speed Limit,,,,,,,,,Yes,,,Yes,Yes,Yes,Yes,,,Humber Heights-Westmount
1143,Major Arterial,Toronto and East York,Intersection,No Control,Clear,Daylight,Dry,Non-Fatal Injury,Rear End,Driver,30 to 34,Major,North,Other,Other,,,,,,,,,Yes,,,,,,,,,Blake-Jones
1505,Major Arterial,Toronto and East York,Mid-Block,No Control,Clear,Daylight,Dry,Non-Fatal Injury,Rear End,Driver,25 to 29,,North,Going Ahead,Driving Properly,,,,,,,,,Yes,,,,Yes,,Yes,,,Forest Hill South
1143,Major Arterial,Toronto and East York,Intersection,No Control,Clear,Daylight,Dry,Non-Fatal Injury,Rear End,Driver,45 to 49,,North,Going Ahead,Driving Properly,,,,,,,,,Yes,,,,,,,,,Blake-Jones
1505,Major Arterial,Toronto and East York,Mid-Block,No Control,Clear,Daylight,Dry,Non-Fatal Injury,Rear End,Driver,45 to 49,,North,Going Ahead,Driving Properly,,,,,,,,,Yes,,,,Yes,,Yes,,,Forest Hill South
105,Major Arterial,Etobicoke York,Intersection,Traffic Signal,Rain,"Dark, artificial",Wet,Non-Fatal Injury,Turning Movement,Driver,50 to 54,,South,Turning Left,Driving Properly,,,,,,,,,Yes,,,Yes,Yes,Yes,Yes,,,Humber Heights-Westmount
645,Major Arterial,Toronto and East York,Intersection,Traffic Signal,Clear,"Dawn, artificial",Dry,Non-Fatal Injury,Pedestrian Collisions,Driver,55 to 59,,West,Turning Left,Failed to Yield Right of Way,,,,,,,Yes,,Yes,,,,,,Yes,,,Yonge-Bay Corridor
1505,Major Arterial,Toronto and East York,Mid-Block,No Control,Clear,Daylight,Dry,Non-Fatal Injury,Rear End,Passenger,20 to 24,,,,,,,,,,,,,Yes,,,,Yes,,Yes,,,Forest Hill South
105,Major Arterial,Etobicoke York,Intersection,Traffic Signal,Rain,"Dark, artificial",Wet,Non-Fatal Injury,Turning Movement,Passenger,unknown,Minor,,,,,,,,,,,,Yes,,,Yes,Yes,Yes,Yes,,,Humber Heights-Westmount
645,Major Arterial,Toronto and East York,Intersection,Traffic Signal,Clear,"Dawn, artificial",Dry,Non-Fatal Injury,Pedestrian Collisions,Pedestrian,55 to 59,Major,East,,,Vehicle turns left while ped crosses with ROW at inter.,Crossing with right of way,Normal,,,,Yes,,Yes,,,,,,Yes,,,Yonge-Bay Corridor
1505,Major Arterial,Toronto and East York,Mid-Block,No Control,Clear,Daylight,Dry,Non-Fatal Injury,Rear End,Passenger,50 to 54,Major,,,,,,,,,,,,Yes,,,,Yes,,Yes,,,Forest Hill South
105,Major Arterial,Etobicoke York,Intersection,Traffic Signal,Rain,"Dark, artificial",Wet,Non-Fatal Injury,Turning Movement,Passenger,20 to 24,Minor,,,,,,,,,,,,Yes,,,Yes,Yes,Yes,Yes,,,Humber Heights-Westmount
709,Minor Arterial,Scarborough,Intersection,Traffic Signal,Clear,Daylight,Dry,Fatal,Pedestrian Collisions,Pedestrian,60 to 64,Fatal,North,,,Vehicle is going straight thru inter.while ped cross with ROW,Crossing with right of way,Unknown,,,,Yes,,Yes,,,,,,Yes,Yes,,Cliffcrest
709,Minor Arterial,Scarborough,Intersection,Traffic Signal,Clear,Daylight,Dry,Fatal,Pedestrian Collisions,Driver,unknown,,East,Going Ahead,Disobeyed Traffic Control,,,,,,,Yes,,Yes,,,,,,Yes,Yes,,Cliffcrest
105,Major Arterial,Etobicoke York,Intersection,Traffic Signal,Rain,"Dark, artificial",Wet,Non-Fatal Injury,Turning Movement,Passenger,60 to 64,Minor,,,,,,,,,,,,Yes,,,Yes,Yes,Yes,Yes,,,Humber Heights-Westmount
1505,Major Arterial,Toronto and East York,Mid-Block,No Control,Clear,Daylight,Dry,Non-Fatal Injury,Rear End,Passenger,10 to 14,,,,,,,,,,,,,Yes,,,,Yes,,Yes,,,Forest Hill South
900,Minor Arterial,Toronto and East York,Intersection,No Control,Clear,Daylight,Dry,Non-Fatal Injury,Cyclist Collisions,Driver,35 to 39,,North,Turning Left,Driving Properly,,,,,,,,Yes,Yes,,,,,,,,,Wychwood
1942,Major Arterial,Etobicoke York,Intersection,Traffic Signal,Clear,"Dusk, artificial",Dry,Non-Fatal Injury,Turning Movement,Driver,25 to 29,,South,Turning Left,Failed to Yield Right of Way,,,,,,,,,Yes,,,,Yes,,Yes,,,Thistletown-Beaumond Heights
1505,Major Arterial,Toronto and East York,Mid-Block,No Control,Clear,Daylight,Dry,Non-Fatal Injury,Rear End,Passenger,15 to 19,,,,,,,,,,,,,Yes,,,,Yes,,Yes,,,Forest Hill South
900,Minor Arterial,Toronto and East York,Intersection,No Control,Clear,Daylight,Dry,Non-Fatal Injury,Cyclist Collisions,Cyclist,20 to 24,Major,South,Going Ahead,,,,,"Cyclist without ROW rides into path of motorist at inter, lnwy, dwy-Cyclist not turn.",Speed too Fast For Condition,Normal,,Yes,Yes,,,,,,,,,Wychwood
1525,Major Arterial,Etobicoke York,Mid-Block,No Control,Clear,Daylight,Dry,Non-Fatal Injury,Approaching,Driver,20 to 24,Major,West,Going Ahead,Lost control,,,,,,,,,Yes,,,,,Yes,Yes,,,Princess-Rosethorn
1942,Major Arterial,Etobicoke York,Intersection,Traffic Signal,Clear,"Dusk, artificial",Dry,Non-Fatal Injury,Turning Movement,Driver,20 to 24,Major,North,Going Ahead,Driving Properly,,,,,,,,,Yes,,,,Yes,,Yes,,,Thistletown-Beaumond Heights
1755,Major Arterial,Scarborough,Intersection,Traffic Signal,Clear,Daylight,Dry,Non-Fatal Injury,Cyclist Collisions,Cyclist,30 to 34,Major,South,Turning Left,,,,,Cyclist turned left across motorists path.,Failed to Yield Right of Way,Inattentive,,Yes,Yes,,,,,,,,,Agincourt North
1525,Major Arterial,Etobicoke York,Mid-Block,No Control,Clear,Daylight,Dry,Non-Fatal Injury,Approaching,Driver,55 to 59,Major,East,Going Ahead,Driving Properly,,,,,,,,,Yes,,,,,Yes,Yes,,,Princess-Rosethorn
1525,Major Arterial,Etobicoke York,Mid-Block,No Control,Clear,Daylight,Dry,Non-Fatal Injury,Approaching,Driver,60 to 64,Minor,East,Going Ahead,Driving Properly,,,,,,,,,Yes,,,,,Yes,Yes,,,Princess-Rosethorn
1755,Major Arterial,Scarborough,Intersection,Traffic Signal,Clear,Daylight,Dry,Non-Fatal Injury,Cyclist Collisions,Driver,45 to 49,,North,Going Ahead,Driving Properly,,,,,,,,Yes,Yes,,,,,,,,,Agincourt North
1525,Major Arterial,Etobicoke York,Mid-Block,No Control,Clear,Daylight,Dry,Non-Fatal Injury,Approaching,Driver,25 to 29,,East,Going Ahead,Driving Properly,,,,,,,,,Yes,,,,,Yes,Yes,,,Princess-Rosethorn
1942,Major Arterial,Etobicoke York,Intersection,Traffic Signal,Clear,"Dusk, artificial",Dry,Non-Fatal Injury,Turning Movement,Passenger,25 to 29,,,,,,,,,,,,,Yes,,,,Yes,,Yes,,,Thistletown-Beaumond Heights
1942,Major Arterial,Etobicoke York,Intersection,Traffic Signal,Clear,"Dusk, artificial",Dry,Non-Fatal Injury,Turning Movement,Passenger,0 to 4,Minor,,,,,,,,,,,,Yes,,,,Yes,,Yes,,,Thistletown-Beaumond Heights
1942,Major Arterial,Etobicoke York,Intersection,Traffic Signal,Clear,"Dusk, artificial",Dry,Non-Fatal Injury,Turning Movement,Passenger,5 to 9,,,,,,,,,,,,,Yes,,,,Yes,,Yes,,,Thistletown-Beaumond Heights
1942,Major Arterial,Etobicoke York,Intersection,Traffic Signal,Clear,"Dusk, artificial",Dry,Non-Fatal Injury,Turning Movement,Passenger,5 to 9,,,,,,,,,,,,,Yes,,,,Yes,,Yes,,,Thistletown-Beaumond Heights
1942,Major Arterial,Etobicoke York,Intersection,Traffic Signal,Clear,"Dusk, artificial",Dry,Non-Fatal Injury,Turning Movement,Passenger,20 to 24,,,,,,,,,,,,,Yes,,,,Yes,,Yes,,,Thistletown-Beaumond Heights
1903,Major Arterial,Toronto and East York,Intersection,Traffic Signal,Clear,Dark,Dry,Non-Fatal Injury,Cyclist Collisions,Cyclist,45 to 49,Major,West,Going Ahead,,,,,Cyclist and Driver travelling in same direction. One vehicle rear-ended the other.,Following too Close,Normal,,Yes,Yes,,,,,,,,,Wellington Place
1903,Major Arterial,Toronto and East York,Intersection,Traffic Signal,Clear,Dark,Dry,Non-Fatal Injury,Cyclist Collisions,Driver,30 to 34,,West,Going Ahead,Driving Properly,,,,,,,,Yes,Yes,,,,,,,,,Wellington Place
1755,Expressway Ramp,Toronto and East York,Mid-Block,No Control,Clear,Daylight,Dry,Non-Fatal Injury,Pedestrian Collisions,Driver,25 to 29,,East,Going Ahead,Driving Properly,,,,,,,Yes,,Yes,,,,,,,,,St Lawrence-East Bayfront-The Islands
1910,Minor Arterial,Etobicoke York,Mid-Block,No Control,Clear,Daylight,Dry,Non-Fatal Injury,Pedestrian Collisions,Driver,25 to 29,,South,Going Ahead,Lost control,,,,,,,Yes,,Yes,,,,,,,,,Junction-Wallace Emerson
1910,Minor Arterial,Etobicoke York,Mid-Block,No Control,Clear,Daylight,Dry,Non-Fatal Injury,Pedestrian Collisions,Pedestrian,25 to 29,Major,North,,,,On Sidewalk or Shoulder,Normal,,,,Yes,,Yes,,,,,,,,,Junction-Wallace Emerson
547,Major Arterial,Etobicoke York,Intersection,Traffic Signal,Clear,"Dark, artificial",Dry,Non-Fatal Injury,Approaching,Driver,60 to 64,Major,South,Going Ahead,Lost control,,,,,,,,,Yes,,,Yes,,,,,,West Humber-Clairville
800,Major Arterial,North York,Intersection,No Control,Clear,Daylight,Dry,Non-Fatal Injury,Cyclist Collisions,Driver,55 to 59,Minimal,East,Turning Right,Failed to Yield Right of Way,,,,,,,,Yes,Yes,,,,,,Yes,,,Victoria Village
547,Major Arterial,Etobicoke York,Intersection,Traffic Signal,Clear,"Dark, artificial",Dry,Non-Fatal Injury,Approaching,Driver,45 to 49,Minimal,North,Going Ahead,Driving Properly,,,,,,,,,Yes,,,Yes,,,,,,West Humber-Clairville
800,Major Arterial,North York,Intersection,No Control,Clear,Daylight,Dry,Non-Fatal Injury,Cyclist Collisions,Cyclist,10 to 14,Major,North,Going Ahead,,,,,"Motorist turns right at non-signal Inter.(stop, yield, no cont.,and dwy) and strikes cyclist.",Driving Properly,Normal,,Yes,Yes,,,,,,Yes,,,Victoria Village
547,Major Arterial,Etobicoke York,Intersection,Traffic Signal,Clear,"Dark, artificial",Dry,Non-Fatal Injury,Approaching,Driver,45 to 49,Minimal,North,Going Ahead,Driving Properly,,,,,,,,,Yes,,,Yes,,,,,,West Humber-Clairville
45,Major Arterial,Etobicoke York,Intersection,Traffic Signal,Clear,"Dark, artificial",Dry,Non-Fatal Injury,Rear End,Driver,35 to 39,Major,North,Going Ahead,Speed too Fast For Condition,,,,,,,,,Yes,,,,,Yes,Yes,,Yes,Brookhaven-Amesbury
2053,Major Arterial,Scarborough,Mid-Block,No Control,Clear,"Dark, artificial",Dry,Fatal,Pedestrian Collisions,Driver,unknown,,East,Going Ahead,Failed to Yield Right of Way,,,,,,,Yes,,Yes,,,,,,Yes,,,Tam O'Shanter-Sullivan
1100,Major Arterial,Toronto and East York,Mid-Block,No Control,Rain,"Daylight, artificial",Wet,Non-Fatal Injury,Sideswipe,Driver,35 to 39,,East,Going Ahead,Lost control,,,,,,,,,Yes,,,,Yes,,,,,South Parkdale
1722,Major Arterial,North York,Intersection,Traffic Signal,Clear,Daylight,Dry,Non-Fatal Injury,Angle,Driver,50 to 54,Major,North,Going Ahead,Disobeyed Traffic Control,,,,,,,,,Yes,,,,Yes,Yes,Yes,Yes,Yes,Victoria Village
1722,Major Arterial,North York,Intersection,Traffic Signal,Clear,Daylight,Dry,Non-Fatal Injury,Angle,Driver,50 to 54,,East,Going Ahead,Driving Properly,,,,,,,,,Yes,,,,Yes,Yes,Yes,Yes,Yes,Victoria Village
1722,Major Arterial,North York,Intersection,Traffic Signal,Clear,Daylight,Dry,Non-Fatal Injury,Angle,Passenger,45 to 49,Minimal,,,,,,,,,,,,Yes,,,,Yes,Yes,Yes,Yes,Yes,Victoria Village
2307,Major Arterial,Etobicoke York,Intersection,Traffic Signal,Clear,"Dark, artificial",Dry,Non-Fatal Injury,Turning Movement,Driver,25 to 29,,South,Turning Left,Failed to Yield Right of Way,,,,,,,,,,Yes,,Yes,,,Yes,,,Rockcliffe-Smythe
2307,Major Arterial,Etobicoke York,Intersection,Traffic Signal,Clear,"Dark, artificial",Dry,Non-Fatal Injury,Turning Movement,Motorcycle Driver,40 to 44,Major,North,Going Ahead,Driving Properly,,,,,,,,,,Yes,,Yes,,,Yes,,,Rockcliffe-Smythe
630,Major Arterial,Scarborough,Mid-Block,No Control,Clear,Daylight,Dry,Fatal,Pedestrian Collisions,Pedestrian,Over 95,Fatal,West,,,Pedestrian hit at mid-block,"Crossing, no Traffic Control",Inattentive,,,,Yes,,Yes,,,,,,,,,Steeles
630,Major Arterial,Scarborough,Mid-Block,No Control,Clear,Daylight,Dry,Fatal,Pedestrian Collisions,Driver,25 to 29,,South,Going Ahead,Driving Properly,,,,,,,Yes,,Yes,,,,,,,,,Steeles
1617,Major Arterial,Etobicoke York,Intersection,Traffic Signal,Clear,Daylight,Dry,Fatal,Pedestrian Collisions,Pedestrian,75 to 79,Fatal,South,,,Vehicle is going straight thru inter.while ped cross without ROW,Crossing without right of way,Unknown,,,,Yes,,Yes,,,,,,,,,Kingsview Village-The Westway
1617,Major Arterial,Etobicoke York,Intersection,Traffic Signal,Clear,Daylight,Dry,Fatal,Pedestrian Collisions,Driver,45 to 49,,West,Going Ahead,Driving Properly,,,,,,,Yes,,Yes,,,,,,,,,Kingsview Village-The Westway
1740,Major Arterial,Toronto and East York,Mid-Block,No Control,Clear,Daylight,Wet,Non-Fatal Injury,Pedestrian Collisions,Driver,45 to 49,Minimal,West,Turning Right,Lost control,,,,,,,Yes,,Yes,,,,,,,,,Yonge-Bay Corridor
1740,Major Arterial,Toronto and East York,Mid-Block,No Control,Clear,Daylight,Wet,Non-Fatal Injury,Pedestrian Collisions,Pedestrian,50 to 54,Major,Unknown,,,Pedestrian hit on sidewalk or shoulder,On Sidewalk or Shoulder,Normal,,,,Yes,,Yes,,,,,,,,,Yonge-Bay Corridor
17,Major Arterial,North York,Intersection,Traffic Signal,Clear,Dark,Dry,Fatal,Turning Movement,Driver,40 to 44,,East,Turning Left,Failed to Yield Right of Way,,,,,,,,,Yes,Yes,,,,Yes,Yes,,,Victoria Village
17,Major Arterial,North York,Intersection,Traffic Signal,Clear,Dark,Dry,Fatal,Turning Movement,Motorcycle Driver,20 to 24,Fatal,West,Going Ahead,Speed too Fast For Condition,,,,,,,,,Yes,Yes,,,,Yes,Yes,,,Victoria Village
1244,Local,Etobicoke York,Intersection,No Control,Clear,Daylight,Dry,Non-Fatal Injury,Cyclist Collisions,Truck Driver,50 to 54,,West,Overtaking,Driving Properly,,,,,,,,Yes,,,Yes,,,,,,,Long Branch
1244,Local,Etobicoke York,Intersection,No Control,Clear,Daylight,Dry,Non-Fatal Injury,Cyclist Collisions,Cyclist,50 to 54,Major,West,Unknown,,,,,Cyclist and Driver travelling in same direction. One vehicle sideswipes the other.,Other,Normal,,Yes,,,Yes,,,,,,,Long Branch
106,Major Arterial,Toronto and East York,Intersection,Traffic Signal,Clear,Dark,Dry,Non-Fatal Injury,Cyclist Collisions,Driver,20 to 24,,East,Turning Right,Lost control,,,,,,,,Yes,Yes,,,,,,,,Yes,Wellington Place
106,Major Arterial,Toronto and East York,Intersection,Traffic Signal,Clear,Dark,Dry,Non-Fatal Injury,Cyclist Collisions,Cyclist,45 to 49,Major,South,Going Ahead,,,,,Motorist turning right on red at signalized intersection strikes cyclist.,Driving Properly,Normal,,Yes,Yes,,,,,,,,Yes,Wellington Place
1515,Major Arterial,Scarborough,Intersection,Traffic Signal,Clear,Daylight,Dry,Non-Fatal Injury,Turning Movement,Driver,30 to 34,Minimal,East,Going Ahead,Disobeyed Traffic Control,,,,,,,,,Yes,,,,Yes,,Yes,Yes,,Steeles
1515,Major Arterial,Scarborough,Intersection,Traffic Signal,Clear,Daylight,Dry,Non-Fatal Injury,Turning Movement,Driver,65 to 69,Major,West,Turning Left,Driving Properly,,,,,,,,,Yes,,,,Yes,,Yes,Yes,,Steeles
1515,Major Arterial,Scarborough,Intersection,Traffic Signal,Clear,Daylight,Dry,Non-Fatal Injury,Turning Movement,Passenger,30 to 34,Minimal,,,,,,,,,,,,Yes,,,,Yes,,Yes,Yes,,Steeles
1515,Major Arterial,Scarborough,Intersection,Traffic Signal,Clear,Daylight,Dry,Non-Fatal Injury,Turning Movement,Passenger,0 to 4,Minimal,,,,,,,,,,,,Yes,,,,Yes,,Yes,Yes,,Steeles
1515,Major Arterial,Scarborough,Intersection,Traffic Signal,Clear,Daylight,Dry,Non-Fatal Injury,Turning Movement,Passenger,5 to 9,,,,,,,,,,,,,Yes,,,,Yes,,Yes,Yes,,Steeles
1515,Major Arterial,Scarborough,Intersection,Traffic Signal,Clear,Daylight,Dry,Non-Fatal Injury,Turning Movement,Passenger,65 to 69,Major,,,,,,,,,,,,Yes,,,,Yes,,Yes,Yes,,Steeles