TIME,ROAD_CLASS,DISTRICT,LOCCOORD,TRAFFCTL,VISIBILITY,LIGHT,RDSFCOND,ACCLASS,IMPACTYPE,INVTYPE,INVAGE,INJURY,INITDIR,MANOEUVER,DRIVACT,PEDTYPE,PEDACT,PEDCOND,CYCLISTYPE,CYCACT,CYCCOND,PEDESTRIAN,CYCLIST,AUTOMOBILE,MOTORCYCLE,TRUCK,TRSN_CITY_VEH,PASSENGER,SPEEDING,AG_DRIV,REDLIGHT,ALCOHOL,NEIGHBOURHOOD_158
1936,Major Arterial,Scarborough,Intersection,Traffic Signal,Clear,Daylight,Dry,Non-Fatal Injury,Cyclist Collisions,Cyclist,25 to 29,Minimal,East,Going Ahead,,,,,Motorist turning right on green or amber at signalized intersection strikes cyclist.,Driving Properly,Normal,,Yes,Yes,,,,,,Yes,,,Fort York-Liberty Village
1900,Minor Arterial,Scarborough,Intersection,Traffic Signal,Clear,"Dark, artificial",Dry,Non-Fatal Injury,Pedestrian Collisions,Passenger,20 to 24,,,,,,,,,,,Yes,,Yes,,,,Yes,,Yes,,,Malvern East
600,Major Arterial,Scarborough,Intersection,Traffic Signal,Rain,"Dark, artificial",Wet,Non-Fatal Injury,Sideswipe,Driver,unknown,,East,Changing Lanes,Improper Lane Change,,,,,,,,,,Yes,,,,,,,,Steeles
912,Major Arterial,Scarborough,Intersection,Traffic Signal,Rain,Daylight,Wet,Non-Fatal Injury,Pedestrian Collisions,Pedestrian,75 to 79,Major,East,,,Vehicle turns left while ped crosses with ROW at inter.,Crossing with right of way,Normal,,,,Yes,,Yes,,,,,,,,,Tam O'Shanter-Sullivan
41,Minor Arterial,Toronto and East York,Intersection,Traffic Signal,Clear,"Dark, artificial",Dry,Non-Fatal Injury,Angle,Driver,25 to 29,Minimal,West,Going Ahead,Disobeyed Traffic Control,,,,,,,,,Yes,,,,Yes,Yes,Yes,Yes,,Regent Park
1555,Minor Arterial,Scarborough,Intersection,Traffic Signal,Clear,Daylight,Dry,Non-Fatal Injury,Turning Movement,Passenger,15 to 19,Major,,,,,,,,,,,,Yes,,,,Yes,Yes,Yes,,,Kennedy Park
2145,Major Arterial,Toronto and East York,Intersection,Traffic Signal,Rain,"Dark, artificial",Wet,Non-Fatal Injury,Pedestrian Collisions,Driver,25 to 29,,West,Going Ahead,Disobeyed Traffic Control,,,,,,,Yes,,Yes,,,,,,Yes,Yes,,South Parkdale
1040,Major Arterial,Etobicoke York,Intersection,Traffic Signal,Clear,Daylight,Dry,Non-Fatal Injury,Turning Movement,Truck Driver,40 to 44,,North,Turning Left,Improper Turn,,,,,,,,,,Yes,Yes,,Yes,,,,,Brookhaven-Amesbury
555,Major Arterial,Toronto and East York,Mid-Block,No Control,Clear,"Dark, artificial",Dry,Fatal,Pedestrian Collisions,Pedestrian,55 to 59,Fatal,Unknown,,,Vehicle is reversing and hits pedestrian,Other,Normal,,,,Yes,,,,Yes,,,,,,,Yonge-Bay Corridor
1550,Minor Arterial,North York,Intersection,Traffic Signal,Clear,Daylight,Dry,Non-Fatal Injury,Pedestrian Collisions,Driver,60 to 64,Minimal,North,Going Ahead,Driving Properly,,,,,,,Yes,,Yes,,,,,,,,,Newtonbrook East
600,Major Arterial,Scarborough,Intersection,Traffic Signal,Rain,"Dark, artificial",Wet,Non-Fatal Injury,Sideswipe,Motorcycle Driver,25 to 29,Major,East,Going Ahead,Driving Properly,,,,,,,,,,Yes,,,,,,,,Steeles
1040,Major Arterial,Etobicoke York,Intersection,Traffic Signal,Clear,Daylight,Dry,Non-Fatal Injury,Turning Movement,Motorcycle Driver,50 to 54,Major,South,Going Ahead,Driving Properly,,,,,,,,,,Yes,Yes,,Yes,,,,,Brookhaven-Amesbury
1855,Major Arterial,North York,Intersection,No Control,Clear,"Dark, artificial",Wet,Non-Fatal Injury,Pedestrian Collisions,Driver,70 to 74,,South,Going Ahead,Driving Properly,,,,,,,Yes,,Yes,,,,,,,,,Yorkdale-Glen Park
555,Minor Arterial,Scarborough,Mid-Block,No Control,Clear,Dark,Ice,Non-Fatal Injury,Approaching,Passenger,40 to 44,Minimal,,,,,,,,,,,,Yes,,,,Yes,Yes,Yes,,,Morningside Heights
1555,Minor Arterial,Scarborough,Intersection,Traffic Signal,Clear,Daylight,Dry,Non-Fatal Injury,Turning Movement,Passenger,15 to 19,Minor,,,,,,,,,,,,Yes,,,,Yes,Yes,Yes,,,Kennedy Park
1550,Minor Arterial,North York,Intersection,Traffic Signal,Clear,Daylight,Dry,Non-Fatal Injury,Pedestrian Collisions,Pedestrian,70 to 74,Major,South,,,Pedestrian hit at mid-block,"Crossing, no Traffic Control",Inattentive,,,,Yes,,Yes,,,,,,,,,Newtonbrook East
555,Major Arterial,Toronto and East York,Mid-Block,No Control,Clear,"Dark, artificial",Dry,Fatal,Pedestrian Collisions,Driver,25 to 29,,West,Reversing,Other,,,,,,,Yes,,,,Yes,,,,,,,Yonge-Bay Corridor
41,Minor Arterial,Toronto and East York,Intersection,Traffic Signal,Clear,"Dark, artificial",Dry,Non-Fatal Injury,Angle,Driver,20 to 24,Minor,North,Going Ahead,Driving Properly,,,,,,,,,Yes,,,,Yes,Yes,Yes,Yes,,Regent Park
622,Major Arterial,Toronto and East York,Mid-Block,No Control,Rain,"Daylight, artificial",Wet,Fatal,Pedestrian Collisions,Driver,35 to 39,,East,Going Ahead,Driving Properly,,,,,,,Yes,,,,,Yes,,,,,,High Park-Swansea
2145,Major Arterial,Toronto and East York,Intersection,Traffic Signal,Rain,"Dark, artificial",Wet,Non-Fatal Injury,Pedestrian Collisions,Pedestrian,25 to 29,Major,North,,,Vehicle is going straight thru inter.while ped cross with ROW,Crossing with right of way,Normal,,,,Yes,,Yes,,,,,,Yes,Yes,,South Parkdale
1040,Major Arterial,Etobicoke York,Intersection,Traffic Signal,Clear,Daylight,Dry,Non-Fatal Injury,Turning Movement,Motorcycle Passenger,20 to 24,Major,,,,,,,,,,,,,Yes,Yes,,Yes,,,,,Brookhaven-Amesbury
1855,Major Arterial,North York,Intersection,No Control,Clear,"Dark, artificial",Wet,Non-Fatal Injury,Pedestrian Collisions,Pedestrian,65 to 69,Major,West,,,Pedestrian hit at mid-block,"Crossing, no Traffic Control",Inattentive,,,,Yes,,Yes,,,,,,,,,Yorkdale-Glen Park
555,Minor Arterial,Scarborough,Mid-Block,No Control,Clear,Dark,Ice,Non-Fatal Injury,Approaching,Passenger,50 to 54,Major,,,,,,,,,,,,Yes,,,,Yes,Yes,Yes,,,Morningside Heights
1555,Minor Arterial,Scarborough,Intersection,Traffic Signal,Clear,Daylight,Dry,Non-Fatal Injury,Turning Movement,Passenger,55 to 59,Major,,,,,,,,,,,,Yes,,,,Yes,Yes,Yes,,,Kennedy Park
1303,Major Arterial,North York,Intersection,Traffic Signal,Clear,Daylight,Dry,Fatal,Pedestrian Collisions,Pedestrian,40 to 44,Fatal,Unknown,,,Vehicle turns right while ped crosses with ROW at inter.,Crossing with right of way,Normal,,,,Yes,,,,Yes,,,,,,,Yorkdale-Glen Park
41,Minor Arterial,Toronto and East York,Intersection,Traffic Signal,Clear,"Dark, artificial",Dry,Non-Fatal Injury,Angle,Passenger,20 to 24,Minor,,,,,,,,,,,,Yes,,,,Yes,Yes,Yes,Yes,,Regent Park
622,Major Arterial,Toronto and East York,Mid-Block,No Control,Rain,"Daylight, artificial",Wet,Fatal,Pedestrian Collisions,Pedestrian,50 to 54,Fatal,East,,,Pedestrian involved in a collision with transit vehicle anywhere along roadway,Walking on Roadway with Traffic,Inattentive,,,,Yes,,,,,Yes,,,,,,High Park-Swansea
108,Expressway,Etobicoke York,Mid-Block,No Control,Clear,"Dark, artificial",Dry,Non-Fatal Injury,Sideswipe,Driver,20 to 24,,West,Changing Lanes,Improper Lane Change,,,,,,,,,Yes,,,,Yes,Yes,Yes,,,Mimico-Queensway
1221,Minor Arterial,North York,Mid-Block,No Control,Clear,Daylight,Dry,Fatal,Pedestrian Collisions,Pedestrian,60 to 64,Major,South,,,Pedestrian hit at mid-block,"Crossing, no Traffic Control",Normal,,,,Yes,,Yes,,,,,,,,,Black Creek
2315,Major Arterial,North York,Intersection,Traffic Signal,Rain,"Dark, artificial",Wet,Non-Fatal Injury,Cyclist Collisions,Driver,20 to 24,,East,Turning Left,Improper Turn,,,,,,,,Yes,Yes,,,,,,,,,York University Heights
2124,Major Arterial,North York,Intersection,Traffic Signal,Clear,Dark,Dry,Fatal,Turning Movement,Motorcycle Driver,30 to 34,Fatal,West,Going Ahead,Disobeyed Traffic Control,,,,,,,,,Yes,Yes,,,,,Yes,Yes,,Clanton Park
555,Minor Arterial,Scarborough,Mid-Block,No Control,Clear,Dark,Ice,Non-Fatal Injury,Approaching,Passenger,50 to 54,Minor,,,,,,,,,,,,Yes,,,,Yes,Yes,Yes,,,Morningside Heights
1932,Major Arterial,Scarborough,Mid-Block,No Control,Clear,Dark,Dry,Fatal,Pedestrian Collisions,Driver,50 to 54,,South,Going Ahead,Driving Properly,,,,,,,Yes,,Yes,,,,,,Yes,,,Bendale-Glen Andrew
41,Minor Arterial,Toronto and East York,Intersection,Traffic Signal,Clear,"Dark, artificial",Dry,Non-Fatal Injury,Angle,Passenger,20 to 24,Major,,,,,,,,,,,,Yes,,,,Yes,Yes,Yes,Yes,,Regent Park
1303,Major Arterial,North York,Intersection,Traffic Signal,Clear,Daylight,Dry,Fatal,Pedestrian Collisions,Driver,unknown,,South,Turning Right,Improper Turn,,,,,,,Yes,,,,Yes,,,,,,,Yorkdale-Glen Park
700,Minor Arterial,Toronto and East York,Mid-Block,No Control,Rain,Dawn,Wet,Non-Fatal Injury,Cyclist Collisions,Driver,25 to 29,,East,Changing Lanes,Improper Lane Change,,,,,,,,Yes,Yes,,,,,,,,,South Riverdale
1332,Major Arterial,Toronto and East York,Mid-Block,No Control,Clear,Daylight,Dry,Fatal,Pedestrian Collisions,Pedestrian,75 to 79,Fatal,East,,,Pedestrian hit at mid-block,"Crossing, no Traffic Control",Had Been Drinking,,,,Yes,,,,Yes,,,,,,,Oakwood Village
108,Expressway,Etobicoke York,Mid-Block,No Control,Clear,"Dark, artificial",Dry,Non-Fatal Injury,Sideswipe,Driver,15 to 19,Major,West,Going Ahead,Lost control,,,,,,,,,Yes,,,,Yes,Yes,Yes,,,Mimico-Queensway
1221,Minor Arterial,North York,Mid-Block,No Control,Clear,Daylight,Dry,Fatal,Pedestrian Collisions,Driver,25 to 29,,West,Going Ahead,Driving Properly,,,,,,,Yes,,Yes,,,,,,,,,Black Creek
2315,Major Arterial,North York,Intersection,Traffic Signal,Rain,"Dark, artificial",Wet,Non-Fatal Injury,Cyclist Collisions,Cyclist,15 to 19,Major,East,Going Ahead,,,,,Motorist turned left across cyclists path.,Driving Properly,Normal,,Yes,Yes,,,,,,,,,York University Heights
915,Minor Arterial,Etobicoke York,Intersection,No Control,Clear,Daylight,Dry,Non-Fatal Injury,Approaching,Driver,35 to 39,Minor,South,Overtaking,Improper Passing,,,,,,,,,Yes,,,,,,Yes,,,Kingsway South
1932,Major Arterial,Scarborough,Mid-Block,No Control,Clear,Dark,Dry,Fatal,Pedestrian Collisions,Pedestrian,55 to 59,Fatal,East,,,Pedestrian hit at mid-block,"Crossing, no Traffic Control",Normal,,,,Yes,,Yes,,,,,,Yes,,,Bendale-Glen Andrew
700,Minor Arterial,Toronto and East York,Mid-Block,No Control,Rain,Dawn,Wet,Non-Fatal Injury,Cyclist Collisions,Cyclist,20 to 24,Major,East,Going Ahead,,,,,Cyclist and Driver travelling in same direction. One vehicle sideswipes the other.,Driving Properly,Normal,,Yes,Yes,,,,,,,,,South Riverdale
41,Minor Arterial,Toronto and East York,Intersection,Traffic Signal,Clear,"Dark, artificial",Dry,Non-Fatal Injury,Angle,Other,unknown,,,,,,,,,,,,,Yes,,,,Yes,Yes,Yes,Yes,,Regent Park
27,Major Arterial,North York,Intersection,No Control,Snow,"Dark, artificial",Wet,Non-Fatal Injury,Approaching,Driver,35 to 39,Major,South,Going Ahead,Lost control,,,,,,,,,Yes,,,,,,,,,Bayview Village
108,Expressway,Etobicoke York,Mid-Block,No Control,Clear,"Dark, artificial",Dry,Non-Fatal Injury,Sideswipe,Passenger,15 to 19,Minimal,,,,,,,,,,,,Yes,,,,Yes,Yes,Yes,,,Mimico-Queensway
1850,Minor Arterial,Scarborough,Intersection,No Control,Clear,"Dark, artificial",Dry,Non-Fatal Injury,Pedestrian Collisions,Driver,80 to 84,,North,Going Ahead,Driving Properly,,,,,,,Yes,,Yes,,,,,,,,,Milliken
915,Minor Arterial,Etobicoke York,Intersection,No Control,Clear,Daylight,Dry,Non-Fatal Injury,Approaching,Driver,15 to 19,,North,Going Ahead,Driving Properly,,,,,,,,,Yes,,,,,,Yes,,,Kingsway South
1630,Major Arterial,Etobicoke York,Mid-Block,No Control,Clear,Daylight,Dry,Non-Fatal Injury,Pedestrian Collisions,Truck Driver,55 to 59,,West,Going Ahead,Driving Properly,,,,,,,Yes,,,,Yes,,,,,,,Humber Summit
1221,Minor Arterial,North York,Mid-Block,No Control,Clear,Daylight,Dry,Fatal,Pedestrian Collisions,Pedestrian,60 to 64,Fatal,South,,,Pedestrian hit at mid-block,"Crossing, no Traffic Control",Unknown,,,,Yes,,Yes,,,,,,,,,Black Creek
1645,Major Arterial,North York,Intersection,Traffic Signal,Clear,Daylight,Dry,Fatal,Turning Movement,Driver,40 to 44,Minimal,East,Turning Left,Failed to Yield Right of Way,,,,,,,,,Yes,Yes,,,,Yes,Yes,,,Bayview Woods-Steeles
1332,Major Arterial,Toronto and East York,Mid-Block,No Control,Clear,Daylight,Dry,Fatal,Pedestrian Collisions,Driver,25 to 29,,South,Going Ahead,Driving Properly,,,,,,,Yes,,,,Yes,,,,,,,Oakwood Village
2124,Major Arterial,North York,Intersection,Traffic Signal,Clear,Dark,Dry,Fatal,Turning Movement,Driver,85 to 89,Minimal,East,Turning Left,Improper Turn,,,,,,,,,Yes,Yes,,,,,Yes,Yes,,Clanton Park
27,Major Arterial,North York,Intersection,No Control,Snow,"Dark, artificial",Wet,Non-Fatal Injury,Approaching,Driver,20 to 24,Minor,North,Going Ahead,Driving Properly,,,,,,,,,Yes,,,,,,,,,Bayview Village
108,Expressway,Etobicoke York,Mid-Block,No Control,Clear,"Dark, artificial",Dry,Non-Fatal Injury,Sideswipe,Passenger,15 to 19,Major,,,,,,,,,,,,Yes,,,,Yes,Yes,Yes,,,Mimico-Queensway
1850,Minor Arterial,Scarborough,Intersection,No Control,Clear,"Dark, artificial",Dry,Non-Fatal Injury,Pedestrian Collisions,Pedestrian,65 to 69,Major,East,,,Pedestrian hit at mid-block,"Crossing, no Traffic Control",Inattentive,,,,Yes,,Yes,,,,,,,,,Milliken
915,Minor Arterial,Etobicoke York,Intersection,No Control,Clear,Daylight,Dry,Non-Fatal Injury,Approaching,Driver,70 to 74,Major,South,Going Ahead,Driving Properly,,,,,,,,,Yes,,,,,,Yes,,,Kingsway South
1630,Major Arterial,Etobicoke York,Mid-Block,No Control,Clear,Daylight,Dry,Non-Fatal Injury,Pedestrian Collisions,Pedestrian,50 to 54,Major,South,,,Pedestrian hit at mid-block,"Crossing, no Traffic Control",Normal,,,,Yes,,,,Yes,,,,,,,Humber Summit
1645,Major Arterial,North York,Intersection,Traffic Signal,Clear,Daylight,Dry,Fatal,Turning Movement,Motorcycle Driver,25 to 29,Fatal,West,Going Ahead,Exceeding Speed Limit,,,,,,,,,Yes,Yes,,,,Yes,Yes,,,Bayview Woods-Steeles
1900,Minor Arterial,Scarborough,Intersection,No Control,Clear,"Dark, artificial",Dry,Non-Fatal Injury,Pedestrian Collisions,Driver,unknown,,North,Turning Left,Failed to Yield Right of Way,,,,,,,Yes,,Yes,,,,,,Yes,,,Oakridge
1925,Major Arterial,Toronto and East York,Mid-Block,No Control,Clear,"Daylight, artificial",Dry,Non-Fatal Injury,Pedestrian Collisions,Driver,40 to 44,,East,Going Ahead,Driving Properly,,,,,,,Yes,,Yes,,,,Yes,,,,,Woodbine Corridor
27,Major Arterial,North York,Intersection,No Control,Snow,"Dark, artificial",Wet,Non-Fatal Injury,Approaching,Driver,25 to 29,,North,Going Ahead,Driving Properly,,,,,,,,,Yes,,,,,,,,,Bayview Village
552,Major Arterial,Toronto and East York,Intersection,No Control,Clear,"Dark, artificial",Dry,Non-Fatal Injury,Turning Movement,Driver,50 to 54,,East,Making U Turn,Improper Turn,,,,,,,,,Yes,Yes,,,,,,,,Taylor-Massey
1400,Minor Arterial,Etobicoke York,Intersection,Traffic Signal,Clear,"Daylight, artificial",Dry,Non-Fatal Injury,Pedestrian Collisions,Driver,30 to 34,,West,Turning Left,Failed to Yield Right of Way,,,,,,,Yes,,Yes,,,,,,Yes,,,Humber Heights-Westmount
1415,Major Arterial,North York,Intersection,Traffic Signal,Clear,Daylight,Dry,Non-Fatal Injury,Pedestrian Collisions,Driver,80 to 84,,South,Going Ahead,Failed to Yield Right of Way,,,,,,,Yes,,Yes,,,,,,Yes,,,Bathurst Manor
1650,Major Arterial,Toronto and East York,Intersection,Traffic Signal,Clear,Daylight,Dry,Non-Fatal Injury,Pedestrian Collisions,Driver,55 to 59,,South,Going Ahead,Driving Properly,,,,,,,Yes,,,,,Yes,,,,,,Yonge-Bay Corridor
1515,Minor Arterial,Toronto and East York,Intersection,Traffic Signal,Clear,Daylight,Dry,Non-Fatal Injury,SMV Other,Driver,30 to 34,,West,Going Ahead,Speed too Fast For Condition,,,,,,,,,Yes,,,,Yes,Yes,Yes,,,Woodbine Corridor
1900,Minor Arterial,Scarborough,Intersection,No Control,Clear,"Dark, artificial",Dry,Non-Fatal Injury,Pedestrian Collisions,Pedestrian,65 to 69,Major,South,,,Vehicle turns left while ped crosses with ROW at inter.,Crossing with right of way,Normal,,,,Yes,,Yes,,,,,,Yes,,,Oakridge
300,Minor Arterial,Toronto and East York,Mid-Block,No Control,Drifting Snow,"Dark, artificial",Loose Snow,Non-Fatal Injury,Cyclist Collisions,Driver,unknown,,South,Going Ahead,Other,,,,,,,,Yes,Yes,,,,,,,,,South Riverdale
2220,Major Arterial,Scarborough,Mid-Block,No Control,Clear,"Dark, artificial",Dry,Non-Fatal Injury,Rear End,Motorcycle Driver,20 to 24,Major,North,Going Ahead,Lost control,,,,,,,,,Yes,Yes,,,,Yes,Yes,,,Wexford/Maryvale
1925,Major Arterial,Toronto and East York,Mid-Block,No Control,Clear,"Daylight, artificial",Dry,Non-Fatal Injury,Pedestrian Collisions,Passenger,35 to 39,,,,,,,,,,,Yes,,Yes,,,,Yes,,,,,Woodbine Corridor
552,Major Arterial,Toronto and East York,Intersection,No Control,Clear,"Dark, artificial",Dry,Non-Fatal Injury,Turning Movement,Motorcycle Driver,25 to 29,Major,East,Going Ahead,Driving Properly,,,,,,,,,Yes,Yes,,,,,,,,Taylor-Massey
2220,Major Arterial,Scarborough,Mid-Block,No Control,Clear,"Dark, artificial",Dry,Non-Fatal Injury,Rear End,Driver,25 to 29,,North,Going Ahead,Driving Properly,,,,,,,,,Yes,Yes,,,,Yes,Yes,,,Wexford/Maryvale
300,Minor Arterial,Toronto and East York,Mid-Block,No Control,Drifting Snow,"Dark, artificial",Loose Snow,Non-Fatal Injury,Cyclist Collisions,Cyclist,40 to 44,Major,South,Going Ahead,,,,,Cyclist and Driver travelling in same direction. One vehicle sideswipes the other.,Driving Properly,Normal,,Yes,Yes,,,,,,,,,South Riverdale
1400,Minor Arterial,Etobicoke York,Intersection,Traffic Signal,Clear,"Daylight, artificial",Dry,Non-Fatal Injury,Pedestrian Collisions,Pedestrian,65 to 69,Major,West,,,Vehicle turns left while ped crosses with ROW at inter.,Crossing with right of way,Normal,,,,Yes,,Yes,,,,,,Yes,,,Humber Heights-Westmount
1415,Major Arterial,North York,Intersection,Traffic Signal,Clear,Daylight,Dry,Non-Fatal Injury,Pedestrian Collisions,Pedestrian,20 to 24,Major,East,,,Vehicle is going straight thru inter.while ped cross with ROW,Crossing with right of way,Normal,,,,Yes,,Yes,,,,,,Yes,,,Bathurst Manor
1650,Major Arterial,Toronto and East York,Intersection,Traffic Signal,Clear,Daylight,Dry,Non-Fatal Injury,Pedestrian Collisions,Pedestrian,50 to 54,Major,East,,,Pedestrian involved in a collision with transit vehicle anywhere along roadway,Crossing without right of way,Other,,,,Yes,,,,,Yes,,,,,,Yonge-Bay Corridor
1515,Minor Arterial,Toronto and East York,Intersection,Traffic Signal,Clear,Daylight,Dry,Non-Fatal Injury,SMV Other,Passenger,25 to 29,Major,,,,,,,,,,,,Yes,,,,Yes,Yes,Yes,,,Woodbine Corridor
2122,Major Arterial,Toronto and East York,Intersection,Traffic Signal,Clear,"Dark, artificial",Dry,Fatal,Pedestrian Collisions,Pedestrian,65 to 69,Fatal,North,,,Vehicle turns right while ped crosses with ROW at inter.,Other,Had Been Drinking,,,,Yes,,,,Yes,,,,Yes,,,University
1632,Collector,Scarborough,Mid-Block,No Control,Clear,Daylight,Dry,Non-Fatal Injury,Pedestrian Collisions,Driver,20 to 24,,East,Going Ahead,Driving Properly,,,,,,,Yes,,Yes,,,,,,,,,Cliffcrest
1820,Collector,Etobicoke York,Mid-Block,No Control,Clear,Daylight,Dry,Non-Fatal Injury,Turning Movement,Driver,15 to 19,,West,Turning Left,Failed to Yield Right of Way,,,,,,,,,Yes,Yes,,,,,Yes,,,Humber Summit
1925,Major Arterial,Toronto and East York,Mid-Block,No Control,Clear,"Daylight, artificial",Dry,Non-Fatal Injury,Pedestrian Collisions,Pedestrian,55 to 59,Major,North,,,Pedestrian hit at mid-block,"Crossing, no Traffic Control",Normal,,,,Yes,,Yes,,,,Yes,,,,,Woodbine Corridor
1852,Major Arterial,Etobicoke York,Mid-Block,No Control,Clear,Daylight,Dry,Fatal,Turning Movement,Driver,45 to 49,,North,Going Ahead,Driving Properly,,,,,,,,,Yes,Yes,,,,,Yes,,,Humber Heights-Westmount
2122,Major Arterial,Toronto and East York,Intersection,Traffic Signal,Clear,"Dark, artificial",Dry,Fatal,Pedestrian Collisions,Driver,55 to 59,,East,Turning Right,Failed to Yield Right of Way,,,,,,,Yes,,,,Yes,,,,Yes,,,University
1632,Collector,Scarborough,Mid-Block,No Control,Clear,Daylight,Dry,Non-Fatal Injury,Pedestrian Collisions,Pedestrian,0 to 4,Major,South,,,Vehicle hits the pedestrian walking or running out from between parked vehicles at mid-block,Coming From Behind Parked Vehicle,Normal,,,,Yes,,Yes,,,,,,,,,Cliffcrest
1820,Collector,Etobicoke York,Mid-Block,No Control,Clear,Daylight,Dry,Non-Fatal Injury,Turning Movement,Motorcycle Driver,35 to 39,Major,East,Going Ahead,Driving Properly,,,,,,,,,Yes,Yes,,,,,Yes,,,Humber Summit
600,Major Arterial,Etobicoke York,Mid-Block,No Control,Clear,"Dark, artificial",Dry,Non-Fatal Injury,Pedestrian Collisions,Driver,65 to 69,,North,Going Ahead,Driving Properly,,,,,,,Yes,,Yes,,,,,,,,,West Humber-Clairville
1900,Minor Arterial,Toronto and East York,Intersection,Traffic Signal,Clear,Dark,Dry,Non-Fatal Injury,Cyclist Collisions,Cyclist,20 to 24,Major,West,Turning Left,,,,,Cyclist turned left across motorists path.,Improper Turn,Normal,,Yes,Yes,,,,,,,,,Annex
2128,Major Arterial,Toronto and East York,Intersection,Traffic Signal,Clear,"Dark, artificial",Dry,Non-Fatal Injury,Pedestrian Collisions,Driver,70 to 74,,West,Turning Left,Improper Turn,,,,,,,Yes,,Yes,,,,,,,,,Kensington-Chinatown
945,Major Arterial,North York,Mid-Block,No Control,Clear,Daylight,Dry,Fatal,Pedestrian Collisions,Pedestrian,65 to 69,Fatal,East,,,Pedestrian hit on sidewalk or shoulder,On Sidewalk or Shoulder,Normal,,,,Yes,,Yes,,,,,,,,,Yonge-Doris
1852,Major Arterial,Etobicoke York,Mid-Block,No Control,Clear,Daylight,Dry,Fatal,Turning Movement,Motorcycle Driver,45 to 49,Fatal,South,Going Ahead,Driving Properly,,,,,,,,,Yes,Yes,,,,,Yes,,,Humber Heights-Westmount
600,Major Arterial,Etobicoke York,Mid-Block,No Control,Clear,"Dark, artificial",Dry,Non-Fatal Injury,Pedestrian Collisions,Pedestrian,25 to 29,Major,East,,,Pedestrian hit at mid-block,"Crossing, no Traffic Control",Inattentive,,,,Yes,,Yes,,,,,,,,,West Humber-Clairville
1309,Major Arterial,Scarborough,Intersection,No Control,Clear,Daylight,Dry,Non-Fatal Injury,Sideswipe,Motorcycle Driver,25 to 29,Major,West,Going Ahead,Exceeding Speed Limit,,,,,,,,,Yes,Yes,,,Yes,Yes,Yes,,,Wexford/Maryvale
1900,Minor Arterial,Toronto and East York,Intersection,Traffic Signal,Clear,Dark,Dry,Non-Fatal Injury,Cyclist Collisions,Driver,25 to 29,,West,Turning Left,Driving Properly,,,,,,,,Yes,Yes,,,,,,,,,Annex
1852,Major Arterial,Etobicoke York,Mid-Block,No Control,Clear,Daylight,Dry,Fatal,Turning Movement,Driver,55 to 59,,North,Turning Left,Improper Turn,,,,,,,,,Yes,Yes,,,,,Yes,,,Humber Heights-Westmount
945,Major Arterial,North York,Mid-Block,No Control,Clear,Daylight,Dry,Fatal,Pedestrian Collisions,Driver,35 to 39,Minor,East,Going Ahead,Lost control,,,,,,,Yes,,Yes,,,,,,,,,Yonge-Doris
530,Major Arterial,North York,Mid-Block,No Control,Clear,"Dark, artificial",Dry,Fatal,SMV Other,Driver,20 to 24,Fatal,South,Going Ahead,Speed too Fast For Condition,,,,,,,,,Yes,,,,Yes,Yes,Yes,,,Leaside-Bennington
1005,Major Arterial,Toronto and East York,Intersection,Traffic Signal,Clear,Daylight,Dry,Non-Fatal Injury,Pedestrian Collisions,Driver,60 to 64,,South,Turning Right,Improper Turn,,,,,,,Yes,,Yes,,,,,,,,,Yonge-Bay Corridor
1520,Major Arterial,Scarborough,Mid-Block,No Control,Clear,Daylight,Dry,Non-Fatal Injury,Rear End,Driver,45 to 49,Major,North,Going Ahead,Other,,,,,,,,,Yes,,,,Yes,,,,,Bendale-Glen Andrew
1309,Major Arterial,Scarborough,Intersection,No Control,Clear,Daylight,Dry,Non-Fatal Injury,Sideswipe,Driver,40 to 44,,West,Changing Lanes,Improper Lane Change,,,,,,,,,Yes,Yes,,,Yes,Yes,Yes,,,Wexford/Maryvale
650,Major Arterial,Scarborough,Mid-Block,No Control,Clear,"Dawn, artificial",Dry,Fatal,Pedestrian Collisions,Driver,unknown,,West,,,,,,,,,Yes,,Yes,,,Yes,,,,,,Wexford/Maryvale
2018,Major Arterial,Etobicoke York,Intersection,Traffic Signal,Clear,Dusk,Dry,Non-Fatal Injury,Pedestrian Collisions,Driver,unknown,,North,Turning Right,Failed to Yield Right of Way,,,,,,,Yes,,Yes,,,,,,Yes,,,Humbermede
2128,Major Arterial,Toronto and East York,Intersection,Traffic Signal,Clear,"Dark, artificial",Dry,Non-Fatal Injury,Pedestrian Collisions,Pedestrian,60 to 64,Major,West,,,Vehicle turns left while ped crosses with ROW at inter.,Crossing with right of way,Normal,,,,Yes,,Yes,,,,,,,,,Kensington-Chinatown
125,Collector,Scarborough,Intersection,Traffic Signal,Clear,"Dark, artificial",Dry,Non-Fatal Injury,SMV Other,Driver,20 to 24,Major,East,Unknown,Lost control,,,,,,,,,Yes,,,,Yes,Yes,Yes,,,West Rouge
530,Major Arterial,North York,Mid-Block,No Control,Clear,"Dark, artificial",Dry,Fatal,SMV Other,Passenger,20 to 24,,,,,,,,,,,,,Yes,,,,Yes,Yes,Yes,,,Leaside-Bennington