TIME,ROAD_CLASS,DISTRICT,LOCCOORD,TRAFFCTL,VISIBILITY,LIGHT,RDSFCOND,ACCLASS,IMPACTYPE,INVTYPE,INVAGE,INJURY,INITDIR,MANOEUVER,DRIVACT,PEDTYPE,PEDACT,PEDCOND,CYCLISTYPE,CYCACT,CYCCOND,PEDESTRIAN,CYCLIST,AUTOMOBILE,MOTORCYCLE,TRUCK,TRSN_CITY_VEH,PASSENGER,SPEEDING,AG_DRIV,REDLIGHT,ALCOHOL,NEIGHBOURHOOD_158
1005,Major Arterial,Toronto and East York,Intersection,Traffic Signal,Clear,Daylight,Dry,Non-Fatal Injury,Pedestrian Collisions,Pedestrian,35 to 39,Major,East,,,Vehicle turns right while ped crosses with ROW at inter.,Crossing with right of way,Fatigue,,,,Yes,,Yes,,,,,,,,,Yonge-Bay Corridor
650,Major Arterial,Scarborough,Mid-Block,No Control,Clear,"Dawn, artificial",Dry,Fatal,Pedestrian Collisions,Pedestrian,30 to 34,Major,Unknown,,,Pedestrian hit on sidewalk or shoulder,On Sidewalk or Shoulder,Normal,,,,Yes,,Yes,,,Yes,,,,,,Wexford/Maryvale
1309,Major Arterial,Scarborough,Intersection,No Control,Clear,Daylight,Dry,Non-Fatal Injury,Sideswipe,Passenger,35 to 39,,,,,,,,,,,,,Yes,Yes,,,Yes,Yes,Yes,,,Wexford/Maryvale
650,Major Arterial,Scarborough,Mid-Block,No Control,Clear,"Dawn, artificial",Dry,Fatal,Pedestrian Collisions,Driver,45 to 49,Minor,West,Going Ahead,Lost control,,,,,,,Yes,,Yes,,,Yes,,,,,,Wexford/Maryvale
1505,Major Arterial,Etobicoke York,Intersection,Traffic Signal,Clear,Daylight,Dry,Non-Fatal Injury,Turning Movement,Driver,25 to 29,,South,Turning Left,Improper Turn,,,,,,,,,Yes,,,,Yes,,,,,Oakdale-Beverley Heights
1520,Major Arterial,Scarborough,Mid-Block,No Control,Clear,Daylight,Dry,Non-Fatal Injury,Rear End,Driver,40 to 44,,North,Slowing or Stopping,Driving Properly,,,,,,,,,Yes,,,,Yes,,,,,Bendale-Glen Andrew
2018,Major Arterial,Etobicoke York,Intersection,Traffic Signal,Clear,Dusk,Dry,Non-Fatal Injury,Pedestrian Collisions,Pedestrian,35 to 39,Major,South,,,Vehicle turns left while ped crosses with ROW at inter.,Crossing with right of way,Normal,,,,Yes,,Yes,,,,,,Yes,,,Humbermede
2246,Major Arterial,Scarborough,Intersection,No Control,Rain,"Dark, artificial",Wet,Non-Fatal Injury,Pedestrian Collisions,Driver,80 to 84,,North,Going Ahead,Driving Properly,,,,,,,Yes,,Yes,,,,,,,,,Milliken
2115,Major Arterial,Toronto and East York,Intersection,Traffic Signal,Snow,"Dark, artificial",Packed Snow,Non-Fatal Injury,Pedestrian Collisions,Driver,25 to 29,,South,Going Ahead,Driving Properly,,,,,,,Yes,,Yes,,,,,,,,,Wellington Place
125,Collector,Scarborough,Intersection,Traffic Signal,Clear,"Dark, artificial",Dry,Non-Fatal Injury,SMV Other,Passenger,20 to 24,Minor,,,,,,,,,,,,Yes,,,,Yes,Yes,Yes,,,West Rouge
1500,Major Arterial,North York,Intersection,Traffic Signal,Clear,Daylight,Dry,Non-Fatal Injury,Turning Movement,Driver,35 to 39,Major,East,Going Ahead,Failed to Yield Right of Way,,,,,,,,,,,Yes,,,,Yes,,,Agincourt North
635,Major Arterial,Scarborough,Intersection,Traffic Signal,Rain,"Dawn, artificial",Wet,Non-Fatal Injury,Pedestrian Collisions,Driver,70 to 74,,North,Going Ahead,Driving Properly,,,,,,,Yes,,Yes,,,,,,,,,Oakridge
650,Major Arterial,Scarborough,Mid-Block,No Control,Clear,"Dawn, artificial",Dry,Fatal,Pedestrian Collisions,Pedestrian,55 to 59,Fatal,Unknown,,,Pedestrian hit on sidewalk or shoulder,On Sidewalk or Shoulder,Unknown,,,,Yes,,Yes,,,Yes,,,,,,Wexford/Maryvale
635,Major Arterial,Scarborough,Intersection,Traffic Signal,Rain,"Dawn, artificial",Wet,Non-Fatal Injury,Pedestrian Collisions,Pedestrian,25 to 29,Major,East,,,Vehicle is going straight thru inter.while ped cross without ROW,Crossing without right of way,Normal,,,,Yes,,Yes,,,,,,,,,Oakridge
1500,Major Arterial,North York,Intersection,Traffic Signal,Clear,Daylight,Dry,Non-Fatal Injury,Turning Movement,Truck Driver,60 to 64,,West,Turning Right,Driving Properly,,,,,,,,,,,Yes,,,,Yes,,,Agincourt North
1309,Major Arterial,Scarborough,Intersection,No Control,Clear,Daylight,Dry,Non-Fatal Injury,Sideswipe,Passenger,70 to 74,,,,,,,,,,,,,Yes,Yes,,,Yes,Yes,Yes,,,Wexford/Maryvale
235,Expressway,Etobicoke York,Mid-Block,No Control,Clear,"Dark, artificial",Dry,Non-Fatal Injury,SMV Other,Motorcycle Driver,25 to 29,Major,West,Merging,Lost control,,,,,,,,,,Yes,,,,,,,,South Parkdale
1520,Major Arterial,Scarborough,Mid-Block,No Control,Clear,Daylight,Dry,Non-Fatal Injury,Rear End,Driver,30 to 34,Minimal,North,Stopped,Driving Properly,,,,,,,,,Yes,,,,Yes,,,,,Bendale-Glen Andrew
2246,Major Arterial,Scarborough,Intersection,No Control,Rain,"Dark, artificial",Wet,Non-Fatal Injury,Pedestrian Collisions,Pedestrian,15 to 19,Major,East,,,Pedestrian hit at mid-block,"Crossing, no Traffic Control",Inattentive,,,,Yes,,Yes,,,,,,,,,Milliken
2115,Major Arterial,Toronto and East York,Intersection,Traffic Signal,Snow,"Dark, artificial",Packed Snow,Non-Fatal Injury,Pedestrian Collisions,Pedestrian,40 to 44,Major,Unknown,,,Vehicle is going straight thru inter.while ped cross without ROW,Crossing without right of way,Inattentive,,,,Yes,,Yes,,,,,,,,,Wellington Place
1505,Major Arterial,Etobicoke York,Intersection,Traffic Signal,Clear,Daylight,Dry,Non-Fatal Injury,Turning Movement,Driver,25 to 29,,North,Going Ahead,Driving Properly,,,,,,,,,Yes,,,,Yes,,,,,Oakdale-Beverley Heights
1420,Collector,Scarborough,Intersection,No Control,Clear,"Daylight, artificial",Dry,Non-Fatal Injury,Pedestrian Collisions,Driver,unknown,,North,Going Ahead,Exceeding Speed Limit,,,,,,,Yes,,Yes,,,,,Yes,Yes,,,West Hill
1630,Collector,North York,Intersection,No Control,Clear,Daylight,Dry,Non-Fatal Injury,SMV Other,Driver,30 to 34,Major,North,Going Ahead,Lost control,,,,,,,,,Yes,,,,,Yes,Yes,,,Westminster-Branson
309,Major Arterial,Toronto and East York,Intersection,No Control,Clear,"Dark, artificial",Dry,Non-Fatal Injury,SMV Other,Driver,25 to 29,Major,East,Going Ahead,Lost control,,,,,,,,,Yes,,,,,Yes,Yes,,,South Riverdale
1520,Major Arterial,Scarborough,Mid-Block,No Control,Clear,Daylight,Dry,Non-Fatal Injury,Rear End,Passenger,40 to 44,Minimal,,,,,,,,,,,,Yes,,,,Yes,,,,,Bendale-Glen Andrew
2155,Major Arterial,Toronto and East York,Intersection,Traffic Signal,Clear,"Dark, artificial",Wet,Non-Fatal Injury,Pedestrian Collisions,Driver,60 to 64,,North,Turning Left,Driving Properly,,,,,,,Yes,,Yes,,,,,,,,,Yonge-Bay Corridor
1309,Major Arterial,Scarborough,Intersection,No Control,Clear,Daylight,Dry,Non-Fatal Injury,Sideswipe,Passenger,0 to 4,,,,,,,,,,,,,Yes,Yes,,,Yes,Yes,Yes,,,Wexford/Maryvale
1812,Major Arterial Ramp,Etobicoke York,Mid-Block,No Control,Clear,Daylight,Dry,Non-Fatal Injury,SMV Other,Driver,25 to 29,Major,West,Going Ahead,Exceeding Speed Limit,,,,,,,,,Yes,,,,,Yes,Yes,,,High Park-Swansea
1505,Major Arterial,Etobicoke York,Intersection,Traffic Signal,Clear,Daylight,Dry,Non-Fatal Injury,Turning Movement,Driver,40 to 44,,South,Stopped,Driving Properly,,,,,,,,,Yes,,,,Yes,,,,,Oakdale-Beverley Heights
515,Major Arterial,Etobicoke York,Mid-Block,No Control,Snow,"Dark, artificial",Loose Snow,Non-Fatal Injury,Approaching,Driver,35 to 39,,West,Going Ahead,Lost control,,,,,,,,,Yes,,,,Yes,,,,,Thistletown-Beaumond Heights
1420,Collector,Scarborough,Intersection,No Control,Clear,"Daylight, artificial",Dry,Non-Fatal Injury,Pedestrian Collisions,Pedestrian,10 to 14,Major,West,,,Pedestrian hit at mid-block,"Crossing, no Traffic Control",Normal,,,,Yes,,Yes,,,,,Yes,Yes,,,West Hill
2155,Major Arterial,Toronto and East York,Intersection,Traffic Signal,Clear,"Dark, artificial",Wet,Non-Fatal Injury,Pedestrian Collisions,Pedestrian,50 to 54,Major,North,,,Vehicle turns left while ped crosses without ROW at inter.,Crossing without right of way,Inattentive,,,,Yes,,Yes,,,,,,,,,Yonge-Bay Corridor
1309,Major Arterial,Scarborough,Intersection,No Control,Clear,Daylight,Dry,Non-Fatal Injury,Sideswipe,Passenger,0 to 4,,,,,,,,,,,,,Yes,Yes,,,Yes,Yes,Yes,,,Wexford/Maryvale
1520,Major Arterial,Scarborough,Mid-Block,No Control,Clear,Daylight,Dry,Non-Fatal Injury,Rear End,Passenger,10 to 14,,,,,,,,,,,,,Yes,,,,Yes,,,,,Bendale-Glen Andrew
1850,Major Arterial,Scarborough,Intersection,Traffic Signal,Clear,Daylight,Dry,Non-Fatal Injury,Turning Movement,Motorcycle Driver,15 to 19,Major,West,Going Ahead,Speed too Fast For Condition,,,,,,,,,Yes,Yes,,,Yes,Yes,Yes,,,West Hill
515,Major Arterial,Etobicoke York,Mid-Block,No Control,Snow,"Dark, artificial",Loose Snow,Non-Fatal Injury,Approaching,Driver,55 to 59,Minor,East,Going Ahead,Driving Properly,,,,,,,,,Yes,,,,Yes,,,,,Thistletown-Beaumond Heights
1505,Major Arterial,Etobicoke York,Intersection,Traffic Signal,Clear,Daylight,Dry,Non-Fatal Injury,Turning Movement,Passenger,25 to 29,Major,,,,,,,,,,,,Yes,,,,Yes,,,,,Oakdale-Beverley Heights
1754,Major Arterial,Etobicoke York,Intersection,Traffic Signal,Clear,Dark,Dry,Non-Fatal Injury,Pedestrian Collisions,Driver,75 to 79,,North,Turning Left,Failed to Yield Right of Way,,,,,,,Yes,,Yes,,,,,,Yes,,,Weston
725,Local,Scarborough,Intersection,No Control,Clear,Daylight,Dry,Non-Fatal Injury,Pedestrian Collisions,Driver,40 to 44,,South,Going Ahead,Driving Properly,,,,,,,Yes,,,,,Yes,,,,,,Morningside Heights
2132,Minor Arterial,Toronto and East York,Intersection,No Control,Clear,"Dark, artificial",Dry,Non-Fatal Injury,Turning Movement,Motorcycle Driver,30 to 34,Major,East,Going Ahead,Driving Properly,,,,,,,,,Yes,Yes,,,,,,,,St Lawrence-East Bayfront-The Islands
1754,Major Arterial,Etobicoke York,Intersection,Traffic Signal,Clear,Dark,Dry,Non-Fatal Injury,Pedestrian Collisions,Pedestrian,55 to 59,Major,South,,,Vehicle turns left while ped crosses with ROW at inter.,Crossing with right of way,Normal,,,,Yes,,Yes,,,,,,Yes,,,Weston
630,Major Arterial,Toronto and East York,Mid-Block,No Control,Clear,"Dark, artificial",Dry,Non-Fatal Injury,SMV Other,Driver,20 to 24,,East,Going Ahead,Lost control,,,,,,,,,Yes,,,,Yes,Yes,Yes,,,Moss Park
1505,Major Arterial,Etobicoke York,Intersection,Traffic Signal,Clear,Daylight,Dry,Non-Fatal Injury,Turning Movement,Passenger,unknown,,,,,,,,,,,,,Yes,,,,Yes,,,,,Oakdale-Beverley Heights
1520,Major Arterial,Scarborough,Mid-Block,No Control,Clear,Daylight,Dry,Non-Fatal Injury,Rear End,Passenger,10 to 14,,,,,,,,,,,,,Yes,,,,Yes,,,,,Bendale-Glen Andrew
1850,Major Arterial,Scarborough,Intersection,Traffic Signal,Clear,Daylight,Dry,Non-Fatal Injury,Turning Movement,Driver,30 to 34,,East,Turning Left,Driving Properly,,,,,,,,,Yes,Yes,,,Yes,Yes,Yes,,,West Hill
515,Major Arterial,Etobicoke York,Mid-Block,No Control,Snow,"Dark, artificial",Loose Snow,Non-Fatal Injury,Approaching,Passenger,40 to 44,Major,,,,,,,,,,,,Yes,,,,Yes,,,,,Thistletown-Beaumond Heights
1830,Major Arterial,Scarborough,Intersection,No Control,Clear,Dark,Dry,Fatal,Pedestrian Collisions,Driver,60 to 64,,West,Going Ahead,Driving Properly,,,,,,,Yes,,Yes,,,,,,,,,East L'Amoreaux
1401,Local,North York,Intersection,No Control,Clear,Daylight,Dry,Fatal,Pedestrian Collisions,Pedestrian,65 to 69,Fatal,East,,,Vehicle turns left while ped crosses with ROW at inter.,Crossing with right of way,Normal,,,,Yes,,,,Yes,,,,Yes,,,Hillcrest Village
725,Local,Scarborough,Intersection,No Control,Clear,Daylight,Dry,Non-Fatal Injury,Pedestrian Collisions,Pedestrian,15 to 19,Major,Unknown,,,Pedestrian involved in a collision with transit vehicle anywhere along roadway,Running onto Roadway,Inattentive,,,,Yes,,,,,Yes,,,,,,Morningside Heights
2132,Minor Arterial,Toronto and East York,Intersection,No Control,Clear,"Dark, artificial",Dry,Non-Fatal Injury,Turning Movement,Driver,55 to 59,,East,Making U Turn,Improper Turn,,,,,,,,,Yes,Yes,,,,,,,,St Lawrence-East Bayfront-The Islands
1822,Major Arterial,Scarborough,Mid-Block,No Control,Clear,"Dark, artificial",Dry,Fatal,Pedestrian Collisions,Driver,75 to 79,,East,Going Ahead,Driving Properly,,,,,,,Yes,,Yes,,,,,,,,,Morningside
630,Major Arterial,Toronto and East York,Mid-Block,No Control,Clear,"Dark, artificial",Dry,Non-Fatal Injury,SMV Other,Passenger,20 to 24,Major,,,,,,,,,,,,Yes,,,,Yes,Yes,Yes,,,Moss Park
1505,Major Arterial,Etobicoke York,Intersection,Traffic Signal,Clear,Daylight,Dry,Non-Fatal Injury,Turning Movement,Passenger,5 to 9,,,,,,,,,,,,,Yes,,,,Yes,,,,,Oakdale-Beverley Heights
1850,Major Arterial,Scarborough,Intersection,Traffic Signal,Clear,Daylight,Dry,Non-Fatal Injury,Turning Movement,Motorcycle Passenger,15 to 19,Major,,,,,,,,,,,,Yes,Yes,,,Yes,Yes,Yes,,,West Hill
1125,Major Arterial,Toronto and East York,Intersection,Traffic Signal,Clear,Daylight,Dry,Non-Fatal Injury,Pedestrian Collisions,Driver,50 to 54,,North,Going Ahead,Disobeyed Traffic Control,,,,,,,Yes,,Yes,,,,,,Yes,Yes,,Yonge-Bay Corridor
1401,Local,North York,Intersection,No Control,Clear,Daylight,Dry,Fatal,Pedestrian Collisions,Driver,45 to 49,,East,Turning Left,Failed to Yield Right of Way,,,,,,,Yes,,,,Yes,,,,Yes,,,Hillcrest Village
1850,Major Arterial,Scarborough,Intersection,Traffic Signal,Clear,Daylight,Dry,Non-Fatal Injury,Turning Movement,Passenger,30 to 34,Minimal,,,,,,,,,,,,Yes,Yes,,,Yes,Yes,Yes,,,West Hill
1305,Major Arterial,Scarborough,Intersection,No Control,Clear,Daylight,Dry,Non-Fatal Injury,Pedestrian Collisions,Driver,55 to 59,,West,Going Ahead,Failed to Yield Right of Way,,,,,,,Yes,,Yes,,,,Yes,,Yes,,,Clairlea-Birchmount
1830,Major Arterial,Scarborough,Intersection,No Control,Clear,Dark,Dry,Fatal,Pedestrian Collisions,Pedestrian,80 to 84,Fatal,North,,,Pedestrian hit at mid-block,"Crossing, no Traffic Control",Normal,,,,Yes,,Yes,,,,,,,,,East L'Amoreaux
1634,Major Arterial,Scarborough,Intersection,Traffic Signal,Rain,Daylight,Wet,Non-Fatal Injury,Pedestrian Collisions,Driver,55 to 59,,East,Turning Left,Failed to Yield Right of Way,,,,,,,Yes,,Yes,,,,,,Yes,,,Clairlea-Birchmount
1822,Major Arterial,Scarborough,Mid-Block,No Control,Clear,"Dark, artificial",Dry,Fatal,Pedestrian Collisions,Pedestrian,50 to 54,Fatal,Unknown,,,Pedestrian hit at mid-block,Other,Unknown,,,,Yes,,Yes,,,,,,,,,Morningside
1601,Major Arterial,Etobicoke York,Mid-Block,No Control,Clear,Daylight,Dry,Non-Fatal Injury,Other,Driver,50 to 54,,West,Slowing or Stopping,Driving Properly,,,,,,,,,,,,Yes,Yes,,,,,Mount Olive-Silverstone-Jamestown
630,Major Arterial,Toronto and East York,Mid-Block,No Control,Clear,"Dark, artificial",Dry,Non-Fatal Injury,SMV Other,Passenger,15 to 19,,,,,,,,,,,,,Yes,,,,Yes,Yes,Yes,,,Moss Park
1125,Major Arterial,Toronto and East York,Intersection,Traffic Signal,Clear,Daylight,Dry,Non-Fatal Injury,Pedestrian Collisions,Pedestrian,65 to 69,Major,West,,,Vehicle is going straight thru inter.while ped cross with ROW,Crossing with right of way,Normal,,,,Yes,,Yes,,,,,,Yes,Yes,,Yonge-Bay Corridor
1044,Major Arterial,Scarborough,Intersection,Traffic Signal,Clear,Daylight,Dry,Non-Fatal Injury,Cyclist Collisions,Driver,20 to 24,,West,Turning Right,Failed to Yield Right of Way,,,,,,,,Yes,Yes,,,,,,Yes,,,Yonge-Bay Corridor
2240,Major Arterial,Etobicoke York,Intersection,No Control,Clear,"Dark, artificial",Dry,Fatal,Turning Movement,Driver,55 to 59,,West,Turning Left,Failed to Yield Right of Way,,,,,,,,,Yes,Yes,,,,,Yes,,,Kingsway South
305,Expressway,Toronto and East York,Mid-Block,No Control,Rain,"Dark, artificial",Wet,Non-Fatal Injury,Sideswipe,Driver,20 to 24,Major,North,Going Ahead,Speed too Fast For Condition,,,,,,,,,Yes,,,,Yes,Yes,Yes,,,South Riverdale
1305,Major Arterial,Scarborough,Intersection,No Control,Clear,Daylight,Dry,Non-Fatal Injury,Pedestrian Collisions,Passenger,55 to 59,,,,,,,,,,,Yes,,Yes,,,,Yes,,Yes,,,Clairlea-Birchmount
305,Expressway,Toronto and East York,Mid-Block,No Control,Rain,"Dark, artificial",Wet,Non-Fatal Injury,Sideswipe,Driver,25 to 29,,North,Going Ahead,Driving Properly,,,,,,,,,Yes,,,,Yes,Yes,Yes,,,South Riverdale
1634,Major Arterial,Scarborough,Intersection,Traffic Signal,Rain,Daylight,Wet,Non-Fatal Injury,Pedestrian Collisions,Pedestrian,15 to 19,Major,West,,,Vehicle turns left while ped crosses with ROW at inter.,Crossing with right of way,Normal,,,,Yes,,Yes,,,,,,Yes,,,Clairlea-Birchmount
827,Major Arterial,North York,Intersection,Traffic Signal,Clear,Daylight,Dry,Non-Fatal Injury,Pedestrian Collisions,Driver,20 to 24,Minimal,North,Turning Left,Failed to Yield Right of Way,,,,,,,Yes,,Yes,,,,,,Yes,Yes,,York University Heights
1044,Major Arterial,Scarborough,Intersection,Traffic Signal,Clear,Daylight,Dry,Non-Fatal Injury,Cyclist Collisions,Cyclist,45 to 49,Major,West,Going Ahead,,,,,Motorist turning right on green or amber at signalized intersection strikes cyclist.,Driving Properly,Normal,,Yes,Yes,,,,,,Yes,,,Yonge-Bay Corridor
914,Major Arterial,Toronto and East York,Intersection,Traffic Signal,Clear,Daylight,Dry,Non-Fatal Injury,Pedestrian Collisions,Driver,30 to 34,,East,Turning Right,Failed to Yield Right of Way,,,,,,,Yes,,Yes,,,,,,Yes,,,Blake-Jones
1601,Major Arterial,Etobicoke York,Mid-Block,No Control,Clear,Daylight,Dry,Non-Fatal Injury,Other,Passenger,50 to 54,Major,,,,,,,,,,,,,,,Yes,Yes,,,,,Mount Olive-Silverstone-Jamestown
639,Minor Arterial,Etobicoke York,Mid-Block,No Control,Freezing Rain,"Dark, artificial",Ice,Non-Fatal Injury,Pedestrian Collisions,Driver,25 to 29,,South,Going Ahead,Lost control,,,,,,,Yes,,Yes,,,,,,,,,Oakwood Village
305,Expressway,Toronto and East York,Mid-Block,No Control,Rain,"Dark, artificial",Wet,Non-Fatal Injury,Sideswipe,Passenger,20 to 24,,,,,,,,,,,,,Yes,,,,Yes,Yes,Yes,,,South Riverdale
1305,Major Arterial,Scarborough,Intersection,No Control,Clear,Daylight,Dry,Non-Fatal Injury,Pedestrian Collisions,Pedestrian,20 to 24,Major,North,,,Vehicle is going straight thru inter.while ped cross with ROW,Crossing with right of way,Normal,,,,Yes,,Yes,,,,Yes,,Yes,,,Clairlea-Birchmount
200,Major Arterial,Etobicoke York,Intersection,Traffic Signal,Clear,"Dark, artificial",Wet,Non-Fatal Injury,SMV Other,Driver,30 to 34,Major,West,Going Ahead,Lost control,,,,,,,,,Yes,,,,,,,,Yes,Alderwood
2240,Major Arterial,Etobicoke York,Intersection,No Control,Clear,"Dark, artificial",Dry,Fatal,Turning Movement,Motorcycle Driver,25 to 29,Fatal,East,Going Ahead,Driving Properly,,,,,,,,,Yes,Yes,,,,,Yes,,,Kingsway South
914,Major Arterial,Toronto and East York,Intersection,Traffic Signal,Clear,Daylight,Dry,Non-Fatal Injury,Pedestrian Collisions,Pedestrian,50 to 54,Major,West,,,Vehicle turns right while ped crosses with ROW at inter.,Crossing with right of way,Normal,,,,Yes,,Yes,,,,,,Yes,,,Blake-Jones
827,Major Arterial,North York,Intersection,Traffic Signal,Clear,Daylight,Dry,Non-Fatal Injury,Pedestrian Collisions,Driver,30 to 34,,South,Going Ahead,Disobeyed Traffic Control,,,,,,,Yes,,Yes,,,,,,Yes,Yes,,York University Heights
117,Major Arterial,North York,Mid-Block,No Control,Clear,"Dark, artificial",Dry,Fatal,Pedestrian Collisions,Pedestrian,30 to 34,Fatal,East,,,Pedestrian hit at mid-block,Playing or Working on Highway,Unknown,,,,Yes,,Yes,,,,,,,,,Avondale
2313,Major Arterial,Etobicoke York,Intersection,Traffic Signal,Clear,"Dark, artificial",Dry,Non-Fatal Injury,Pedestrian Collisions,Driver,20 to 24,,West,Going Ahead,Lost control,,,,,,,Yes,,Yes,,,,,,,,,Weston-Pelham Park
639,Minor Arterial,Etobicoke York,Mid-Block,No Control,Freezing Rain,"Dark, artificial",Ice,Non-Fatal Injury,Pedestrian Collisions,Pedestrian,50 to 54,Major,Unknown,,,Pedestrian hit at private driveway,Person Getting on/off Vehicle,Normal,,,,Yes,,Yes,,,,,,,,,Oakwood Village
1329,Major Arterial,Scarborough,Intersection,Traffic Signal,Clear,Daylight,Dry,Fatal,Turning Movement,Motorcycle Driver,40 to 44,Fatal,East,Going Ahead,Driving Properly,,,,,,,,,Yes,Yes,,,,,Yes,,,Milliken
1708,Major Arterial,Scarborough,Intersection,Traffic Signal,Clear,Daylight,Dry,Non-Fatal Injury,Pedestrian Collisions,Driver,40 to 44,,West,Turning Left,Failed to Yield Right of Way,,,,,,,Yes,,Yes,,,,,,Yes,,,Morningside Heights
1924,Major Arterial,Etobicoke York,Mid-Block,No Control,Clear,Daylight,Dry,Non-Fatal Injury,Turning Movement,Driver,35 to 39,,West,Turning Left,Improper Turn,,,,,,,,,Yes,,,,Yes,,,,,Glenfield-Jane Heights
49,Local,Etobicoke York,Intersection,No Control,Clear,"Dark, artificial",Dry,Non-Fatal Injury,SMV Other,Driver,25 to 29,Major,South,Going Ahead,Lost control,,,,,,,,,Yes,,,,,,,,,Eringate-Centennial-West Deane
1545,Major Arterial,North York,Intersection,Traffic Signal,Clear,Daylight,Dry,Non-Fatal Injury,Pedestrian Collisions,Driver,50 to 54,,North,Going Ahead,Driving Properly,,,,,,,Yes,,Yes,,,,Yes,,,,,Don Valley Village
827,Major Arterial,North York,Intersection,Traffic Signal,Clear,Daylight,Dry,Non-Fatal Injury,Pedestrian Collisions,Pedestrian,50 to 54,Major,Unknown,,,Pedestrian hit on sidewalk or shoulder,On Sidewalk or Shoulder,Normal,,,,Yes,,Yes,,,,,,Yes,Yes,,York University Heights
2313,Major Arterial,Etobicoke York,Intersection,Traffic Signal,Clear,"Dark, artificial",Dry,Non-Fatal Injury,Pedestrian Collisions,Pedestrian,75 to 79,Major,Unknown,,,Vehicle is going straight thru inter.while ped cross without ROW,Crossing without right of way,"Ability Impaired, Alcohol Over .80",,,,Yes,,Yes,,,,,,,,,Weston-Pelham Park
230,Major Arterial,Scarborough,Mid-Block,No Control,Clear,"Dark, artificial",Dry,Non-Fatal Injury,SMV Other,Driver,55 to 59,Major,North,Turning Left,Lost control,,,,,,,,,Yes,,,,,,,,Yes,Agincourt North
1329,Major Arterial,Scarborough,Intersection,Traffic Signal,Clear,Daylight,Dry,Fatal,Turning Movement,Driver,35 to 39,,West,Turning Left,Failed to Yield Right of Way,,,,,,,,,Yes,Yes,,,,,Yes,,,Milliken
1708,Major Arterial,Scarborough,Intersection,Traffic Signal,Clear,Daylight,Dry,Non-Fatal Injury,Pedestrian Collisions,Pedestrian,45 to 49,Major,Unknown,,,Vehicle turns left while ped crosses with ROW at inter.,Crossing with right of way,Normal,,,,Yes,,Yes,,,,,,Yes,,,Morningside Heights
1650,Major Arterial,North York,Mid-Block,No Control,Clear,Daylight,Dry,Non-Fatal Injury,SMV Unattended Vehicle,Driver,65 to 69,Major,West,Going Ahead,Lost control,,,,,,,,,Yes,,,,,,Yes,,,Lawrence Park South
1545,Major Arterial,North York,Intersection,Traffic Signal,Clear,Daylight,Dry,Non-Fatal Injury,Pedestrian Collisions,Passenger,45 to 49,,,,,,,,,,,Yes,,Yes,,,,Yes,,,,,Don Valley Village
1924,Major Arterial,Etobicoke York,Mid-Block,No Control,Clear,Daylight,Dry,Non-Fatal Injury,Turning Movement,Driver,70 to 74,,East,Going Ahead,Driving Properly,,,,,,,,,Yes,,,,Yes,,,,,Glenfield-Jane Heights
827,Major Arterial,North York,Intersection,Traffic Signal,Clear,Daylight,Dry,Non-Fatal Injury,Pedestrian Collisions,Pedestrian,10 to 14,Major,Unknown,,,Pedestrian hit on sidewalk or shoulder,On Sidewalk or Shoulder,Normal,,,,Yes,,Yes,,,,,,Yes,Yes,,York University Heights
1750,Major Arterial,Etobicoke York,Intersection,No Control,Clear,Daylight,Dry,Non-Fatal Injury,Pedestrian Collisions,Driver,55 to 59,,North,Turning Left,Failed to Yield Right of Way,,,,,,,Yes,,Yes,,,,,,Yes,,,Islington
117,Major Arterial,North York,Mid-Block,No Control,Clear,"Dark, artificial",Dry,Fatal,Pedestrian Collisions,Driver,unknown,,East,Going Ahead,Other,,,,,,,Yes,,Yes,,,,,,,,,Avondale
1748,Minor Arterial,Toronto and East York,Intersection,No Control,Clear,Daylight,Dry,Non-Fatal Injury,Cyclist Collisions,Driver,80 to 84,Minimal,East,Turning Left,Disobeyed Traffic Control,,,,,,,,Yes,Yes,,,,Yes,,Yes,,,Birchcliffe-Cliffside
2015,Major Arterial,Toronto and East York,Intersection,No Control,Clear,"Dusk, artificial",Dry,Fatal,Cyclist Collisions,Cyclist,60 to 64,Fatal,East,Going Ahead,,,,,Cyclist strikes a parked vehicle.,Lost control,Unknown,,Yes,Yes,,,Yes,,,,,,South Riverdale
1527,Minor Arterial,Scarborough,Intersection,Traffic Signal,Clear,Daylight,Wet,Non-Fatal Injury,Angle,Driver,50 to 54,Minor,North,Going Ahead,Disobeyed Traffic Control,,,,,,,,,Yes,,,,Yes,,Yes,Yes,,Tam O'Shanter-Sullivan
1755,Major Arterial,Etobicoke York,Intersection,Traffic Signal,Clear,Daylight,Dry,Non-Fatal Injury,Pedestrian Collisions,Driver,35 to 39,,North,Turning Left,Improper Turn,,,,,,,Yes,,Yes,,,,,,,,,Stonegate-Queensway
1650,Major Arterial,North York,Mid-Block,No Control,Clear,Daylight,Dry,Non-Fatal Injury,SMV Unattended Vehicle,Other,unknown,,West,Parked,,,,,,,,,,Yes,,,,,,Yes,,,Lawrence Park South