TIME,ROAD_CLASS,DISTRICT,LOCCOORD,TRAFFCTL,VISIBILITY,LIGHT,RDSFCOND,ACCLASS,IMPACTYPE,INVTYPE,INVAGE,INJURY,INITDIR,MANOEUVER,DRIVACT,PEDTYPE,PEDACT,PEDCOND,CYCLISTYPE,CYCACT,CYCCOND,PEDESTRIAN,CYCLIST,AUTOMOBILE,MOTORCYCLE,TRUCK,TRSN_CITY_VEH,PASSENGER,SPEEDING,AG_DRIV,REDLIGHT,ALCOHOL,NEIGHBOURHOOD_158
1545,Major Arterial,North York,Intersection,Traffic Signal,Clear,Daylight,Dry,Non-Fatal Injury,Pedestrian Collisions,Pedestrian,10 to 14,Major,East,,,Vehicle is going straight thru inter.while ped cross without ROW,Crossing without right of way,Inattentive,,,,Yes,,Yes,,,,Yes,,,,,Don Valley Village
1107,Major Arterial,North York,Intersection,Traffic Signal,Clear,Daylight,Dry,Non-Fatal Injury,Pedestrian Collisions,Truck Driver,45 to 49,,North,Turning Right,Failed to Yield Right of Way,,,,,,,Yes,,,,Yes,,,,Yes,,,Banbury-Don Mills
1107,Major Arterial,North York,Intersection,Traffic Signal,Clear,Daylight,Dry,Non-Fatal Injury,Pedestrian Collisions,Pedestrian,45 to 49,Major,North,,,Vehicle turns right while ped crosses with ROW at inter.,Crossing with right of way,Medical or Physical Disability,,,,Yes,,,,Yes,,,,Yes,,,Banbury-Don Mills
1750,Major Arterial,Etobicoke York,Intersection,No Control,Clear,Daylight,Dry,Non-Fatal Injury,Pedestrian Collisions,Pedestrian,20 to 24,Major,North,,,Unknown,"Crossing, no Traffic Control",Normal,,,,Yes,,Yes,,,,,,Yes,,,Islington
1527,Minor Arterial,Scarborough,Intersection,Traffic Signal,Clear,Daylight,Wet,Non-Fatal Injury,Angle,Driver,40 to 44,Minimal,East,Going Ahead,Driving Properly,,,,,,,,,Yes,,,,Yes,,Yes,Yes,,Tam O'Shanter-Sullivan
1924,Major Arterial,Etobicoke York,Mid-Block,No Control,Clear,Daylight,Dry,Non-Fatal Injury,Turning Movement,Passenger,15 to 19,,,,,,,,,,,,,Yes,,,,Yes,,,,,Glenfield-Jane Heights
2015,Major Arterial,Toronto and East York,Intersection,No Control,Clear,"Dusk, artificial",Dry,Fatal,Cyclist Collisions,Driver,30 to 34,,East,Going Ahead,Driving Properly,,,,,,,,Yes,Yes,,,Yes,,,,,,South Riverdale
1755,Major Arterial,Etobicoke York,Intersection,Traffic Signal,Clear,Daylight,Dry,Non-Fatal Injury,Pedestrian Collisions,Pedestrian,15 to 19,Major,North,,,Vehicle turns left while ped crosses with ROW at inter.,Crossing with right of way,Normal,,,,Yes,,Yes,,,,,,,,,Stonegate-Queensway
1617,Major Arterial,North York,Mid-Block,No Control,Clear,Daylight,Dry,Non-Fatal Injury,Pedestrian Collisions,Driver,50 to 54,,East,Going Ahead,Driving Properly,,,,,,,Yes,,Yes,,,,,,,,,Agincourt South-Malvern West
2016,Collector,Toronto and East York,Mid-Block,No Control,Clear,"Dark, artificial",Dry,Non-Fatal Injury,Cyclist Collisions,Driver,unknown,,West,Going Ahead,Failed to Yield Right of Way,,,,,,,,Yes,Yes,,,,,,Yes,,,Yonge-Bay Corridor
1011,Collector,North York,Intersection,Stop Sign,Snow,Daylight,Slush,Non-Fatal Injury,Pedestrian Collisions,Driver,25 to 29,,South,Turning Left,Improper Turn,,,,,,,Yes,,Yes,,,,,,,,,Englemount-Lawrence
1750,Major Arterial,Etobicoke York,Intersection,No Control,Clear,Daylight,Dry,Non-Fatal Injury,Pedestrian Collisions,Pedestrian,45 to 49,Minor,North,,,Unknown,"Crossing, no Traffic Control",Normal,,,,Yes,,Yes,,,,,,Yes,,,Islington
1527,Minor Arterial,Scarborough,Intersection,Traffic Signal,Clear,Daylight,Wet,Non-Fatal Injury,Angle,Passenger,25 to 29,Major,,,,,,,,,,,,Yes,,,,Yes,,Yes,Yes,,Tam O'Shanter-Sullivan
1527,Minor Arterial,Scarborough,Intersection,Traffic Signal,Clear,Daylight,Wet,Non-Fatal Injury,Angle,Passenger,0 to 4,Minor,,,,,,,,,,,,Yes,,,,Yes,,Yes,Yes,,Tam O'Shanter-Sullivan
1748,Minor Arterial,Toronto and East York,Intersection,No Control,Clear,Daylight,Dry,Non-Fatal Injury,Cyclist Collisions,Cyclist,45 to 49,Major,West,Going Ahead,,,,,Motorist turned left across cyclists path.,Driving Properly,Normal,,Yes,Yes,,,,Yes,,Yes,,,Birchcliffe-Cliffside
2015,Major Arterial,Toronto and East York,Intersection,No Control,Clear,"Dusk, artificial",Dry,Fatal,Cyclist Collisions,Other,unknown,,East,Parked,,,,,,,,,Yes,Yes,,,Yes,,,,,,South Riverdale
1940,Major Arterial,Etobicoke York,Intersection,No Control,Clear,Dusk,Dry,Non-Fatal Injury,Turning Movement,Driver,unknown,,North,Turning Left,Failed to Yield Right of Way,,,,,,,,,Yes,Yes,,,,,Yes,,,Junction-Wallace Emerson
1617,Major Arterial,North York,Mid-Block,No Control,Clear,Daylight,Dry,Non-Fatal Injury,Pedestrian Collisions,Pedestrian,20 to 24,Major,South,,,Pedestrian hit at mid-block,"Crossing, no Traffic Control",Normal,,,,Yes,,Yes,,,,,,,,,Agincourt South-Malvern West
2016,Collector,Toronto and East York,Mid-Block,No Control,Clear,"Dark, artificial",Dry,Non-Fatal Injury,Cyclist Collisions,Cyclist,35 to 39,Major,East,Stopped,,,,,Insufficient information (to determine cyclist crash type).,Driving Properly,Normal,,Yes,Yes,,,,,,Yes,,,Yonge-Bay Corridor
1011,Collector,North York,Intersection,Stop Sign,Snow,Daylight,Slush,Non-Fatal Injury,Pedestrian Collisions,Pedestrian,25 to 29,Major,South,,,Vehicle turns left while ped crosses with ROW at inter.,Crossing with right of way,Normal,,,,Yes,,Yes,,,,,,,,,Englemount-Lawrence
1917,Major Arterial,North York,Intersection,No Control,Clear,Daylight,Dry,Non-Fatal Injury,Pedestrian Collisions,Pedestrian,65 to 69,Major,Unknown,,,Pedestrian hit at mid-block,"Crossing, no Traffic Control",Normal,,,,Yes,,Yes,,,,,,Yes,,Yes,Caledonia-Fairbank
2016,Major Arterial,North York,Intersection,Traffic Signal,Snow,"Dark, artificial",Wet,Non-Fatal Injury,Pedestrian Collisions,Driver,20 to 24,,South,Turning Left,Failed to Yield Right of Way,,,,,,,Yes,,Yes,,,,,,Yes,,,Bayview Woods-Steeles
1924,Major Arterial,Etobicoke York,Mid-Block,No Control,Clear,Daylight,Dry,Non-Fatal Injury,Turning Movement,Passenger,60 to 64,Major,,,,,,,,,,,,Yes,,,,Yes,,,,,Glenfield-Jane Heights
1811,Minor Arterial,North York,Intersection,No Control,Clear,"Dark, artificial",Wet,Non-Fatal Injury,Pedestrian Collisions,Driver,30 to 34,,South,Turning Left,Failed to Yield Right of Way,,,,,,,Yes,,Yes,,,,Yes,,Yes,,,Yorkdale-Glen Park
1748,Minor Arterial,Toronto and East York,Intersection,No Control,Clear,Daylight,Dry,Non-Fatal Injury,Cyclist Collisions,Passenger,80 to 84,,,,,,,,,,,,Yes,Yes,,,,Yes,,Yes,,,Birchcliffe-Cliffside
1811,Minor Arterial,North York,Intersection,No Control,Clear,"Dark, artificial",Wet,Non-Fatal Injury,Pedestrian Collisions,Passenger,30 to 34,,,,,,,,,,,Yes,,Yes,,,,Yes,,Yes,,,Yorkdale-Glen Park
939,Major Arterial,Toronto and East York,Intersection,Traffic Signal,Clear,Daylight,Dry,Non-Fatal Injury,Pedestrian Collisions,Driver,45 to 49,,East,Going Ahead,Driving Properly,,,,,,,Yes,,Yes,,,,,,,,,Trinity-Bellwoods
1345,Major Arterial,Etobicoke York,Intersection,No Control,Clear,Daylight,Loose Snow,Non-Fatal Injury,Pedestrian Collisions,Driver,45 to 49,,East,Going Ahead,Driving Properly,,,,,,,Yes,,,,,Yes,,,,,,Corso Italia-Davenport
1222,Minor Arterial,Etobicoke York,Intersection,No Control,Clear,Daylight,Dry,Non-Fatal Injury,Pedestrian Collisions,Driver,40 to 44,,East,Going Ahead,Driving Properly,,,,,,,Yes,,Yes,,,,Yes,,,,,Etobicoke City Centre
1940,Major Arterial,Etobicoke York,Intersection,No Control,Clear,Dusk,Dry,Non-Fatal Injury,Turning Movement,Motorcycle Driver,40 to 44,Major,South,Going Ahead,Driving Properly,,,,,,,,,Yes,Yes,,,,,Yes,,,Junction-Wallace Emerson
1917,Major Arterial,North York,Intersection,No Control,Clear,Daylight,Dry,Non-Fatal Injury,Pedestrian Collisions,Driver,25 to 29,,West,Going Ahead,Improper Passing,,,,,,,Yes,,Yes,,,,,,Yes,,Yes,Caledonia-Fairbank
2016,Major Arterial,North York,Intersection,Traffic Signal,Snow,"Dark, artificial",Wet,Non-Fatal Injury,Pedestrian Collisions,Pedestrian,15 to 19,Major,South,,,Vehicle turns left while ped crosses with ROW at inter.,Crossing with right of way,Normal,,,,Yes,,Yes,,,,,,Yes,,,Bayview Woods-Steeles
1924,Major Arterial,Etobicoke York,Mid-Block,No Control,Clear,Daylight,Dry,Non-Fatal Injury,Turning Movement,Passenger,50 to 54,,,,,,,,,,,,,Yes,,,,Yes,,,,,Glenfield-Jane Heights
1345,Major Arterial,Etobicoke York,Intersection,No Control,Clear,Daylight,Loose Snow,Non-Fatal Injury,Pedestrian Collisions,Pedestrian,65 to 69,Major,South,,,Pedestrian involved in a collision with transit vehicle anywhere along roadway,"Crossing, no Traffic Control",Normal,,,,Yes,,,,,Yes,,,,,,Corso Italia-Davenport
939,Major Arterial,Toronto and East York,Intersection,Traffic Signal,Clear,Daylight,Dry,Non-Fatal Injury,Pedestrian Collisions,Pedestrian,75 to 79,Major,South,,,Vehicle is going straight thru inter.while ped cross without ROW,Crossing without right of way,Medical or Physical Disability,,,,Yes,,Yes,,,,,,,,,Trinity-Bellwoods
1748,Minor Arterial,Toronto and East York,Intersection,No Control,Clear,Daylight,Dry,Non-Fatal Injury,Cyclist Collisions,Passenger,65 to 69,,,,,,,,,,,,Yes,Yes,,,,Yes,,Yes,,,Birchcliffe-Cliffside
1222,Minor Arterial,Etobicoke York,Intersection,No Control,Clear,Daylight,Dry,Non-Fatal Injury,Pedestrian Collisions,Passenger,30 to 34,,,,,,,,,,,Yes,,Yes,,,,Yes,,,,,Etobicoke City Centre
1530,Major Arterial,North York,Mid-Block,No Control,Clear,Daylight,Dry,Non-Fatal Injury,Angle,Driver,25 to 29,Minor,West,Going Ahead,Exceeding Speed Limit,,,,,,,,,Yes,,,,Yes,Yes,Yes,,,Downsview
1934,Major Arterial,North York,Intersection,Traffic Signal,Clear,Daylight,Wet,Fatal,Turning Movement,Driver,80 to 84,Fatal,East,Going Ahead,Lost control,,,,,,,,,Yes,,,,Yes,,,,,Henry Farm
720,Major Arterial,Toronto and East York,Intersection,Traffic Signal,Clear,Daylight,Dry,Non-Fatal Injury,Angle,Driver,20 to 24,Minor,North,Going Ahead,Disobeyed Traffic Control,,,,,,,,,Yes,,,,Yes,,Yes,Yes,,Bay-Cloverhill
1924,Major Arterial,Etobicoke York,Mid-Block,No Control,Clear,Daylight,Dry,Non-Fatal Injury,Turning Movement,Passenger,25 to 29,,,,,,,,,,,,,Yes,,,,Yes,,,,,Glenfield-Jane Heights
1811,Minor Arterial,North York,Intersection,No Control,Clear,"Dark, artificial",Wet,Non-Fatal Injury,Pedestrian Collisions,Passenger,30 to 34,,,,,,,,,,,Yes,,Yes,,,,Yes,,Yes,,,Yorkdale-Glen Park
258,Minor Arterial,Scarborough,Intersection,,Clear,"Dark, artificial",Loose Snow,Fatal,Angle,Passenger,35 to 39,Minor,,,,,,,,,,,,Yes,,,,Yes,,,,,West Rouge
1811,Minor Arterial,North York,Intersection,No Control,Clear,"Dark, artificial",Wet,Non-Fatal Injury,Pedestrian Collisions,Pedestrian,50 to 54,Major,South,,,Vehicle turns left while ped crosses with ROW at inter.,Crossing with right of way,Normal,,,,Yes,,Yes,,,,Yes,,Yes,,,Yorkdale-Glen Park
2009,Major Arterial,Etobicoke York,Intersection,Traffic Controller,Clear,"Daylight, artificial",Dry,Non-Fatal Injury,Turning Movement,Driver,20 to 24,,North,Turning Left,Failed to Yield Right of Way,,,,,,,,,Yes,Yes,,,,,Yes,,,High Park-Swansea
1748,Minor Arterial,Toronto and East York,Intersection,No Control,Clear,Daylight,Dry,Non-Fatal Injury,Cyclist Collisions,Passenger,60 to 64,,,,,,,,,,,,Yes,Yes,,,,Yes,,Yes,,,Birchcliffe-Cliffside
1222,Minor Arterial,Etobicoke York,Intersection,No Control,Clear,Daylight,Dry,Non-Fatal Injury,Pedestrian Collisions,Pedestrian,60 to 64,Major,South,,,Vehicle is going straight thru inter.while ped cross without ROW,"Crossing, no Traffic Control",Normal,,,,Yes,,Yes,,,,Yes,,,,,Etobicoke City Centre
1530,Major Arterial,North York,Mid-Block,No Control,Clear,Daylight,Dry,Non-Fatal Injury,Angle,Driver,50 to 54,Major,South,Merging,Failed to Yield Right of Way,,,,,,,,,Yes,,,,Yes,Yes,Yes,,,Downsview
720,Major Arterial,Toronto and East York,Intersection,Traffic Signal,Clear,Daylight,Dry,Non-Fatal Injury,Angle,Driver,25 to 29,Minimal,East,Going Ahead,Driving Properly,,,,,,,,,Yes,,,,Yes,,Yes,Yes,,Bay-Cloverhill
720,Major Arterial,Toronto and East York,Intersection,Traffic Signal,Clear,Daylight,Dry,Non-Fatal Injury,Angle,Passenger,20 to 24,Major,,,,,,,,,,,,Yes,,,,Yes,,Yes,Yes,,Bay-Cloverhill
110,Major Arterial,Toronto and East York,Intersection,No Control,Clear,"Dark, artificial",Dry,Non-Fatal Injury,Pedestrian Collisions,Driver,35 to 39,,North,Going Ahead,Driving Properly,,,,,,,Yes,,Yes,,,,,,,,,Annex
1934,Major Arterial,North York,Intersection,Traffic Signal,Clear,Daylight,Wet,Fatal,Turning Movement,Driver,25 to 29,Minimal,East,Turning Left,Driving Properly,,,,,,,,,Yes,,,,Yes,,,,,Henry Farm
2009,Major Arterial,Etobicoke York,Intersection,Traffic Controller,Clear,"Daylight, artificial",Dry,Non-Fatal Injury,Turning Movement,Motorcycle Driver,25 to 29,Major,South,Going Ahead,Driving Properly,,,,,,,,,Yes,Yes,,,,,Yes,,,High Park-Swansea
1822,Major Arterial,Toronto and East York,Mid-Block,No Control,Clear,Daylight,Dry,Non-Fatal Injury,Turning Movement,Driver,35 to 39,,West,Making U Turn,Improper Turn,,,,,,,,,Yes,,,,Yes,,,,,Bay-Cloverhill
1530,Major Arterial,North York,Mid-Block,No Control,Clear,Daylight,Dry,Non-Fatal Injury,Angle,Passenger,10 to 14,Minor,,,,,,,,,,,,Yes,,,,Yes,Yes,Yes,,,Downsview
1149,Major Arterial,North York,Intersection,Stop Sign,Clear,Daylight,Dry,Non-Fatal Injury,Turning Movement,Driver,25 to 29,,East,Turning Left,Failed to Yield Right of Way,,,,,,,,,Yes,Yes,,,Yes,,Yes,,,Yorkdale-Glen Park
258,Minor Arterial,Scarborough,Intersection,,Clear,"Dark, artificial",Loose Snow,Fatal,Angle,Driver,30 to 34,Minor,South,Going Ahead,Other,,,,,,,,,Yes,,,,Yes,,,,,West Rouge
720,Major Arterial,Toronto and East York,Intersection,Traffic Signal,Clear,Daylight,Dry,Non-Fatal Injury,Angle,Passenger,30 to 34,Minor,,,,,,,,,,,,Yes,,,,Yes,,Yes,Yes,,Bay-Cloverhill
110,Major Arterial,Toronto and East York,Intersection,No Control,Clear,"Dark, artificial",Dry,Non-Fatal Injury,Pedestrian Collisions,Pedestrian,50 to 54,Major,East,,,Vehicle is going straight thru inter.while ped cross without ROW,"Crossing, no Traffic Control",Inattentive,,,,Yes,,Yes,,,,,,,,,Annex
1538,Major Arterial,Scarborough,Intersection,Traffic Signal,Clear,Daylight,Dry,Non-Fatal Injury,Pedestrian Collisions,Driver,60 to 64,,West,Turning Left,Failed to Yield Right of Way,,,,,,,Yes,,,,,Yes,,,Yes,,,Malvern East
1934,Major Arterial,North York,Intersection,Traffic Signal,Clear,Daylight,Wet,Fatal,Turning Movement,Passenger,25 to 29,Minimal,,,,,,,,,,,,Yes,,,,Yes,,,,,Henry Farm
1822,Major Arterial,Toronto and East York,Mid-Block,No Control,Clear,Daylight,Dry,Non-Fatal Injury,Turning Movement,Driver,50 to 54,Major,East,Going Ahead,Driving Properly,,,,,,,,,Yes,,,,Yes,,,,,Bay-Cloverhill
1530,Major Arterial,North York,Mid-Block,No Control,Clear,Daylight,Dry,Non-Fatal Injury,Angle,Passenger,20 to 24,Major,,,,,,,,,,,,Yes,,,,Yes,Yes,Yes,,,Downsview
1149,Major Arterial,North York,Intersection,Stop Sign,Clear,Daylight,Dry,Non-Fatal Injury,Turning Movement,Motorcycle Driver,25 to 29,Major,South,Going Ahead,Driving Properly,,,,,,,,,Yes,Yes,,,Yes,,Yes,,,Yorkdale-Glen Park
258,Minor Arterial,Scarborough,Intersection,,Clear,"Dark, artificial",Loose Snow,Fatal,Angle,Driver,40 to 44,Fatal,East,Going Ahead,Other,,,,,,,,,Yes,,,,Yes,,,,,West Rouge
617,Major Arterial,Scarborough,Intersection,Traffic Signal,Clear,Dark,Dry,Non-Fatal Injury,Pedestrian Collisions,Driver,60 to 64,,East,Turning Left,Failed to Yield Right of Way,,,,,,,Yes,,Yes,,,,Yes,,Yes,,,Milliken
135,Major Arterial,Toronto and East York,Mid-Block,No Control,Clear,"Dark, artificial",Dry,Non-Fatal Injury,Cyclist Collisions,Driver,35 to 39,,West,Going Ahead,Driving Properly,,,,,,,,Yes,Yes,,,,,,,,,Bay-Cloverhill
1538,Major Arterial,Scarborough,Intersection,Traffic Signal,Clear,Daylight,Dry,Non-Fatal Injury,Pedestrian Collisions,Pedestrian,60 to 64,Major,West,,,Pedestrian involved in a collision with transit vehicle anywhere along roadway,Crossing with right of way,Normal,,,,Yes,,,,,Yes,,,Yes,,,Malvern East
48,Major Arterial,Toronto and East York,Intersection,Traffic Signal,Clear,"Dark, artificial",Dry,Non-Fatal Injury,Cyclist Collisions,Driver,20 to 24,,West,Turning Left,Failed to Yield Right of Way,,,,,,,,Yes,Yes,,,,,,Yes,,,South Parkdale
1335,Minor Arterial,Toronto and East York,Intersection,No Control,Clear,Daylight,Dry,Non-Fatal Injury,Pedestrian Collisions,Driver,15 to 19,,East,Changing Lanes,Exceeding Speed Limit,,,,,,,Yes,,Yes,,,,Yes,Yes,Yes,,,East End-Danforth
1822,Major Arterial,Toronto and East York,Mid-Block,No Control,Clear,Daylight,Dry,Non-Fatal Injury,Turning Movement,Passenger,20 to 24,,,,,,,,,,,,,Yes,,,,Yes,,,,,Bay-Cloverhill
1630,Major Arterial,Etobicoke York,Intersection,Traffic Signal,Clear,Daylight,Dry,Non-Fatal Injury,SMV Other,Driver,45 to 49,,South,Turning Left,Failed to Yield Right of Way,,,,,,,,,Yes,Yes,,,,,Yes,,,West Humber-Clairville
1630,Major Arterial,Etobicoke York,Intersection,Traffic Signal,Clear,Daylight,Dry,Non-Fatal Injury,SMV Other,Motorcycle Driver,50 to 54,Major,North,Going Ahead,Driving Properly,,,,,,,,,Yes,Yes,,,,,Yes,,,West Humber-Clairville
1602,Collector,North York,Intersection,Stop Sign,Clear,"Dark, artificial",Wet,Non-Fatal Injury,Pedestrian Collisions,Driver,50 to 54,,East,Turning Right,Failed to Yield Right of Way,,,,,,,Yes,,Yes,,,,,,Yes,,,Black Creek
617,Major Arterial,Scarborough,Intersection,Traffic Signal,Clear,Dark,Dry,Non-Fatal Injury,Pedestrian Collisions,Passenger,20 to 24,,,,,,,,,,,Yes,,Yes,,,,Yes,,Yes,,,Milliken
1149,Major Arterial,North York,Intersection,Stop Sign,Clear,Daylight,Dry,Non-Fatal Injury,Turning Movement,Motorcycle Passenger,20 to 24,,,,,,,,,,,,,Yes,Yes,,,Yes,,Yes,,,Yorkdale-Glen Park
135,Major Arterial,Toronto and East York,Mid-Block,No Control,Clear,"Dark, artificial",Dry,Non-Fatal Injury,Cyclist Collisions,Cyclist,40 to 44,Major,West,Merging,,,,,Cyclist and Driver travelling in same direction. One vehicle sideswipes the other.,,,,Yes,Yes,,,,,,,,,Bay-Cloverhill
48,Major Arterial,Toronto and East York,Intersection,Traffic Signal,Clear,"Dark, artificial",Dry,Non-Fatal Injury,Cyclist Collisions,Cyclist,45 to 49,Major,East,Going Ahead,,,,,Motorist turned left across cyclists path.,Driving Properly,Normal,,Yes,Yes,,,,,,Yes,,,South Parkdale
1335,Minor Arterial,Toronto and East York,Intersection,No Control,Clear,Daylight,Dry,Non-Fatal Injury,Pedestrian Collisions,Passenger,15 to 19,,,,,,,,,,,Yes,,Yes,,,,Yes,Yes,Yes,,,East End-Danforth
330,Major Arterial,North York,Intersection,Stop Sign,Other,Other,,Fatal,Turning Movement,Driver,25 to 29,,East,Going Ahead,Driving Properly,,,,,,,,,Yes,,,Yes,,,Yes,,,Downsview
1335,Minor Arterial,Toronto and East York,Intersection,No Control,Clear,Daylight,Dry,Non-Fatal Injury,Pedestrian Collisions,Pedestrian,20 to 24,Major,South,,,Vehicle is going straight thru inter.while ped cross without ROW,"Crossing, no Traffic Control",Normal,,,,Yes,,Yes,,,,Yes,Yes,Yes,,,East End-Danforth
2326,Major Arterial,Scarborough,Mid-Block,No Control,Snow,"Dark, artificial",Wet,Non-Fatal Injury,Approaching,Driver,40 to 44,Major,North,Going Ahead,Lost control,,,,,,,,,Yes,,,,,,,,Yes,Eglinton East
617,Major Arterial,Scarborough,Intersection,Traffic Signal,Clear,Dark,Dry,Non-Fatal Injury,Pedestrian Collisions,Pedestrian,30 to 34,Major,West,,,Vehicle turns left while ped crosses with ROW at inter.,Crossing with right of way,Normal,,,,Yes,,Yes,,,,Yes,,Yes,,,Milliken
1320,Major Arterial,Toronto and East York,Intersection,Stop Sign,Clear,Daylight,Dry,Non-Fatal Injury,Cyclist Collisions,Driver,70 to 74,,North,Going Ahead,Failed to Yield Right of Way,,,,,,,,Yes,Yes,,,,Yes,,Yes,,,Trinity-Bellwoods
2215,Major Arterial,Scarborough,Intersection,Traffic Signal,Rain,"Dark, artificial",Wet,Non-Fatal Injury,Pedestrian Collisions,Driver,55 to 59,,South,Turning Right,Failed to Yield Right of Way,,,,,,,Yes,,Yes,,,,Yes,,Yes,,,Clairlea-Birchmount
1320,Major Arterial,Toronto and East York,Intersection,Stop Sign,Clear,Daylight,Dry,Non-Fatal Injury,Cyclist Collisions,Cyclist,65 to 69,Major,East,Going Ahead,,,,,"Motorist without ROW drives into path of cyclist at inter, lnwy, dwy-Driver not turn.",Driving Properly,Normal,,Yes,Yes,,,,Yes,,Yes,,,Trinity-Bellwoods
648,Major Arterial,Toronto and East York,Intersection,Traffic Signal,Clear,Daylight,Dry,Non-Fatal Injury,Pedestrian Collisions,Driver,30 to 34,,East,Going Ahead,Disobeyed Traffic Control,,,,,,,Yes,,Yes,,,,Yes,,Yes,Yes,,Wellington Place
1710,Major Arterial,Etobicoke York,Intersection,Traffic Signal,Clear,Daylight,Dry,Non-Fatal Injury,Cyclist Collisions,Cyclist,50 to 54,Major,East,Going Ahead,,,,,"Cyclist without ROW rides into path of motorist at inter, lnwy, dwy-Cyclist not turn.",Disobeyed Traffic Control,Normal,,Yes,Yes,,,,,,,,,Mimico-Queensway
1602,Collector,North York,Intersection,Stop Sign,Clear,"Dark, artificial",Wet,Non-Fatal Injury,Pedestrian Collisions,Pedestrian,65 to 69,Major,West,,,Vehicle turns right while ped crosses with ROW at inter.,Crossing with right of way,Normal,,,,Yes,,Yes,,,,,,Yes,,,Black Creek
330,Major Arterial,North York,Intersection,Stop Sign,Other,Other,,Fatal,Turning Movement,Driver,35 to 39,Fatal,North,Turning Left,Failed to Yield Right of Way,,,,,,,,,Yes,,,Yes,,,Yes,,,Downsview
1630,Major Arterial,Etobicoke York,Intersection,Traffic Controller,Clear,Daylight,Dry,Non-Fatal Injury,Cyclist Collisions,Driver,75 to 79,,West,Turning Left,Failed to Yield Right of Way,,,,,,,,Yes,Yes,,,,,,Yes,,,High Park-Swansea
2326,Major Arterial,Scarborough,Mid-Block,No Control,Snow,"Dark, artificial",Wet,Non-Fatal Injury,Approaching,Driver,30 to 34,Minor,South,Going Ahead,Driving Properly,,,,,,,,,Yes,,,,,,,,Yes,Eglinton East
847,Collector,Toronto and East York,Intersection,Stop Sign,Clear,Daylight,Dry,Non-Fatal Injury,Pedestrian Collisions,Driver,60 to 64,,North,Turning Left,Driving Properly,,,,,,,Yes,,Yes,,,,,,,,,Greenwood-Coxwell
2215,Major Arterial,Scarborough,Intersection,Traffic Signal,Rain,"Dark, artificial",Wet,Non-Fatal Injury,Pedestrian Collisions,Passenger,40 to 44,,,,,,,,,,,Yes,,Yes,,,,Yes,,Yes,,,Clairlea-Birchmount
847,Collector,Toronto and East York,Intersection,Stop Sign,Clear,Daylight,Dry,Non-Fatal Injury,Pedestrian Collisions,Pedestrian,0 to 4,Major,North,,,Vehicle turns left while ped crosses without ROW at inter.,Running onto Roadway,Inattentive,,,,Yes,,Yes,,,,,,,,,Greenwood-Coxwell
1320,Major Arterial,Toronto and East York,Intersection,Stop Sign,Clear,Daylight,Dry,Non-Fatal Injury,Cyclist Collisions,Passenger,60 to 64,,,,,,,,,,,,Yes,Yes,,,,Yes,,Yes,,,Trinity-Bellwoods
255,Major Arterial,Scarborough,Intersection,No Control,Rain,"Dark, artificial",Wet,Non-Fatal Injury,Approaching,Driver,30 to 34,Minor,West,Going Ahead,Lost control,,,,,,,,,Yes,,,,Yes,,,,Yes,Birchcliffe-Cliffside
2205,Major Arterial,North York,Mid-Block,No Control,Clear,"Dark, artificial",Other,Non-Fatal Injury,SMV Other,Driver,20 to 24,Major,South,Going Ahead,Speed too Fast For Condition,,,,,,,,,Yes,,,,Yes,Yes,Yes,,,Don Valley Village
1710,Major Arterial,Etobicoke York,Intersection,Traffic Signal,Clear,Daylight,Dry,Non-Fatal Injury,Cyclist Collisions,Driver,70 to 74,,North,Going Ahead,Driving Properly,,,,,,,,Yes,Yes,,,,,,,,,Mimico-Queensway
648,Major Arterial,Toronto and East York,Intersection,Traffic Signal,Clear,Daylight,Dry,Non-Fatal Injury,Pedestrian Collisions,Passenger,0 to 4,,,,,,,,,,,Yes,,Yes,,,,Yes,,Yes,Yes,,Wellington Place
1112,Major Arterial,Etobicoke York,Intersection,Traffic Signal,Clear,Daylight,Dry,Non-Fatal Injury,Rear End,Truck Driver,55 to 59,,East,Going Ahead,Following too Close,,,,,,,,,Yes,,Yes,,Yes,,Yes,,,Princess-Rosethorn
1630,Major Arterial,Etobicoke York,Intersection,Traffic Controller,Clear,Daylight,Dry,Non-Fatal Injury,Cyclist Collisions,Cyclist,30 to 34,Major,East,Going Ahead,,,,,Motorist turned left across cyclists path.,Driving Properly,Normal,,Yes,Yes,,,,,,Yes,,,High Park-Swansea
648,Major Arterial,Toronto and East York,Intersection,Traffic Signal,Clear,Daylight,Dry,Non-Fatal Injury,Pedestrian Collisions,Pedestrian,60 to 64,Major,North,,,Vehicle is going straight thru inter.while ped cross with ROW,Crossing with right of way,Normal,,,,Yes,,Yes,,,,Yes,,Yes,Yes,,Wellington Place
2215,Major Arterial,Scarborough,Intersection,Traffic Signal,Rain,"Dark, artificial",Wet,Non-Fatal Injury,Pedestrian Collisions,Passenger,10 to 14,,,,,,,,,,,Yes,,Yes,,,,Yes,,Yes,,,Clairlea-Birchmount