TIME,ROAD_CLASS,DISTRICT,LOCCOORD,TRAFFCTL,VISIBILITY,LIGHT,RDSFCOND,ACCLASS,IMPACTYPE,INVTYPE,INVAGE,INJURY,INITDIR,MANOEUVER,DRIVACT,PEDTYPE,PEDACT,PEDCOND,CYCLISTYPE,CYCACT,CYCCOND,PEDESTRIAN,CYCLIST,AUTOMOBILE,MOTORCYCLE,TRUCK,TRSN_CITY_VEH,PASSENGER,SPEEDING,AG_DRIV,REDLIGHT,ALCOHOL,NEIGHBOURHOOD_158
1904,Major Arterial,Scarborough,Intersection,No Control,Rain,"Dark, artificial",Wet,Non-Fatal Injury,Pedestrian Collisions,Pedestrian,45 to 49,Major,West,,,Vehicle is going straight thru inter.while ped cross without ROW,"Crossing, no Traffic Control",Normal,,,,Yes,,Yes,,,,,,,,,East L'Amoreaux
1515,Major Arterial,Scarborough,Intersection,Traffic Signal,Clear,Daylight,Dry,Non-Fatal Injury,Pedestrian Collisions,Driver,25 to 29,,East,Turning Left,Failed to Yield Right of Way,,,,,,,Yes,,Yes,,,,,,Yes,,,Malvern East
1532,Major Arterial,Toronto and East York,Mid-Block,No Control,Clear,Daylight,Dry,Non-Fatal Injury,Turning Movement,Passenger,65 to 69,,,,,,,,,,,,,Yes,Yes,,,Yes,,,,,Blake-Jones
2245,Major Arterial,Scarborough,Mid-Block,No Control,Clear,"Dark, artificial",Dry,Non-Fatal Injury,Turning Movement,Driver,50 to 54,Major,East,Going Ahead,Driving Properly,,,,,,,,,Yes,,,,,,Yes,,,West Rouge
1844,Major Arterial,Toronto and East York,Intersection,Traffic Signal,Clear,"Dark, artificial",Dry,Non-Fatal Injury,Pedestrian Collisions,Pedestrian,45 to 49,Major,Unknown,,,Vehicle is going straight thru inter.while ped cross without ROW,Other,Inattentive,,,,Yes,,Yes,,,,Yes,,,,,South Parkdale
630,Major Arterial,Toronto and East York,Intersection,Traffic Signal,Other,Other,Other,Fatal,Pedestrian Collisions,Pedestrian,60 to 64,Fatal,South,,,Pedestrian involved in a collision with transit vehicle anywhere along roadway,Crossing without right of way,Other,,,,Yes,,,,,Yes,,,,,,North St.James Town
630,Major Arterial,Toronto and East York,Intersection,Traffic Signal,Other,Other,Other,Fatal,Pedestrian Collisions,Driver,50 to 54,,East,Going Ahead,Driving Properly,,,,,,,Yes,,,,,Yes,,,,,,North St.James Town
1436,Major Arterial,Etobicoke York,Intersection,No Control,Clear,Daylight,Dry,Non-Fatal Injury,Cyclist Collisions,Cyclist,50 to 54,Major,West,Turning Left,,,,,Cyclist turned left across motorists path.,Improper Turn,Normal,,Yes,Yes,,,,Yes,,,,,Etobicoke City Centre
900,Major Arterial,Scarborough,Intersection,Traffic Signal,Clear,Daylight,Dry,Non-Fatal Injury,Cyclist Collisions,Driver,45 to 49,,South,Turning Left,Failed to Yield Right of Way,,,,,,,,Yes,Yes,,,,Yes,,Yes,,,Milliken
1515,Major Arterial,Scarborough,Intersection,Traffic Signal,Clear,Daylight,Dry,Non-Fatal Injury,Pedestrian Collisions,Pedestrian,70 to 74,Major,West,,,Vehicle turns left while ped crosses with ROW at inter.,Crossing with right of way,Normal,,,,Yes,,Yes,,,,,,Yes,,,Malvern East
1740,Local,North York,Mid-Block,No Control,Clear,"Dark, artificial",Dry,Non-Fatal Injury,Pedestrian Collisions,Passenger,15 to 19,,,,,,,,,,,Yes,,Yes,,,,Yes,,,,,Pleasant View
2204,Major Arterial,Scarborough,Intersection,Traffic Signal,Rain,"Dark, artificial",Wet,Non-Fatal Injury,Pedestrian Collisions,Driver,unknown,,East,Turning Right,Failed to Yield Right of Way,,,,,,,Yes,,Yes,,,,,,Yes,,,Clairlea-Birchmount
619,Major Arterial,North York,Mid-Block,No Control,Clear,"Dark, artificial",Dry,Non-Fatal Injury,Turning Movement,Driver,40 to 44,,West,Making U Turn,Improper Turn,,,,,,,,,Yes,,,,Yes,,,,,Lansing-Westgate
1844,Major Arterial,Toronto and East York,Intersection,Traffic Signal,Clear,"Dark, artificial",Dry,Non-Fatal Injury,Pedestrian Collisions,Passenger,55 to 59,,,,,,,,,,,Yes,,Yes,,,,Yes,,,,,South Parkdale
2204,Major Arterial,Scarborough,Intersection,Traffic Signal,Rain,"Dark, artificial",Wet,Non-Fatal Injury,Pedestrian Collisions,Pedestrian,20 to 24,Major,Unknown,,,Vehicle turns right while ped crosses with ROW at inter.,Crossing with right of way,Normal,,,,Yes,,Yes,,,,,,Yes,,,Clairlea-Birchmount
619,Major Arterial,North York,Mid-Block,No Control,Clear,"Dark, artificial",Dry,Non-Fatal Injury,Turning Movement,Driver,30 to 34,Minor,West,Going Ahead,Driving Properly,,,,,,,,,Yes,,,,Yes,,,,,Lansing-Westgate
1740,Local,North York,Mid-Block,No Control,Clear,"Dark, artificial",Dry,Non-Fatal Injury,Pedestrian Collisions,Pedestrian,65 to 69,Major,South,,,Vehicle is reversing and hits pedestrian,Other,Normal,,,,Yes,,Yes,,,,Yes,,,,,Pleasant View
2022,Major Arterial,Toronto and East York,Intersection,Traffic Signal,Clear,Daylight,Dry,Non-Fatal Injury,Turning Movement,Driver,20 to 24,,North,Turning Left,Failed to Yield Right of Way,,,,,,,,,Yes,Yes,,,,,Yes,,,Cabbagetown-South St.James Town
900,Major Arterial,Scarborough,Intersection,Traffic Signal,Clear,Daylight,Dry,Non-Fatal Injury,Cyclist Collisions,Cyclist,65 to 69,Major,North,Going Ahead,,,,,Motorist turned left across cyclists path.,Driving Properly,Normal,,Yes,Yes,,,,Yes,,Yes,,,Milliken
1522,Major Arterial,Toronto and East York,Intersection,Traffic Signal,Clear,Daylight,Dry,Non-Fatal Injury,SMV Other,Motorcycle Driver,50 to 54,Major,South,Going Ahead,Lost control,,,,,,,,,,Yes,,,,,,,,Annex
1436,Major Arterial,Etobicoke York,Intersection,No Control,Clear,Daylight,Dry,Non-Fatal Injury,Cyclist Collisions,Driver,35 to 39,,East,Going Ahead,Driving Properly,,,,,,,,Yes,Yes,,,,Yes,,,,,Etobicoke City Centre
1559,Minor Arterial,Toronto and East York,Mid-Block,No Control,Clear,Daylight,Dry,Non-Fatal Injury,Cyclist Collisions,Cyclist,40 to 44,Major,East,Going Ahead,,,,,Motorist turned left across cyclists path.,Driving Properly,Normal,,Yes,Yes,,,,,,Yes,,,Junction Area
1904,Major Arterial,Scarborough,Intersection,Traffic Signal,Clear,"Dark, artificial",Dry,Non-Fatal Injury,Pedestrian Collisions,Driver,30 to 34,,East,Going Ahead,Driving Properly,,,,,,,Yes,,Yes,,,,,,,,,Bendale-Glen Andrew
1230,Major Arterial,Etobicoke York,Intersection,No Control,Clear,Daylight,Dry,Non-Fatal Injury,Turning Movement,Driver,65 to 69,,North,Turning Left,Failed to Yield Right of Way,,,,,,,,,Yes,Yes,,,,,Yes,,,Stonegate-Queensway
619,Major Arterial,North York,Mid-Block,No Control,Clear,"Dark, artificial",Dry,Non-Fatal Injury,Turning Movement,Passenger,5 to 9,Major,,,,,,,,,,,,Yes,,,,Yes,,,,,Lansing-Westgate
1436,Major Arterial,Etobicoke York,Intersection,No Control,Clear,Daylight,Dry,Non-Fatal Injury,Cyclist Collisions,Cyclist Passenger,25 to 29,Major,,,,,,,,,,,Yes,Yes,,,,Yes,,,,,Etobicoke City Centre
2022,Major Arterial,Toronto and East York,Intersection,Traffic Signal,Clear,Daylight,Dry,Non-Fatal Injury,Turning Movement,Motorcycle Driver,25 to 29,Major,South,Going Ahead,Driving Properly,,,,,,,,,Yes,Yes,,,,,Yes,,,Cabbagetown-South St.James Town
1230,Major Arterial,Etobicoke York,Intersection,No Control,Clear,Daylight,Dry,Non-Fatal Injury,Turning Movement,Motorcycle Driver,30 to 34,Major,South,Going Ahead,Driving Properly,,,,,,,,,Yes,Yes,,,,,Yes,,,Stonegate-Queensway
352,Major Arterial,Toronto and East York,Mid-Block,No Control,Clear,"Dark, artificial",Dry,Non-Fatal Injury,SMV Other,Driver,30 to 34,Major,West,Going Ahead,Lost control,,,,,,,,,Yes,,,,,Yes,Yes,,,O'Connor-Parkview
900,Major Arterial,Scarborough,Intersection,Traffic Signal,Clear,Daylight,Dry,Non-Fatal Injury,Cyclist Collisions,Passenger,60 to 64,,,,,,,,,,,,Yes,Yes,,,,Yes,,Yes,,,Milliken
2100,Major Arterial,Toronto and East York,Intersection,Traffic Signal,Clear,"Dark, artificial",Dry,Non-Fatal Injury,Turning Movement,Driver,65 to 69,,North,Turning Left,Improper Turn,,,,,,,,,Yes,Yes,,,,,Yes,,,South Parkdale
710,Minor Arterial,Scarborough,Intersection,No Control,Rain,"Dark, artificial",Wet,Non-Fatal Injury,Pedestrian Collisions,Driver,45 to 49,,East,Going Ahead,Driving Properly,,,,,,,Yes,,Yes,,,,,,,,,Malvern West
1904,Major Arterial,Scarborough,Intersection,Traffic Signal,Clear,"Dark, artificial",Dry,Non-Fatal Injury,Pedestrian Collisions,Pedestrian,15 to 19,Major,North,,,Vehicle is going straight thru inter.while ped cross without ROW,Crossing without right of way,Inattentive,,,,Yes,,Yes,,,,,,,,,Bendale-Glen Andrew
1642,Minor Arterial,Scarborough,Mid-Block,No Control,Rain,"Dark, artificial",Ice,Non-Fatal Injury,Approaching,Driver,20 to 24,,South,Going Ahead,Lost control,,,,,,,,,Yes,,,,Yes,Yes,Yes,,,Wexford/Maryvale
2112,Major Arterial,North York,Intersection,Traffic Signal,Clear,"Dark, artificial",Dry,Fatal,Pedestrian Collisions,Pedestrian,60 to 64,Fatal,North,,,Vehicle is going straight thru inter.while ped cross without ROW,Crossing without right of way,Had Been Drinking,,,,Yes,,Yes,,,,,,,,,Bayview Woods-Steeles
1630,Major Arterial,Scarborough,Mid-Block,No Control,Clear,Daylight,Dry,Non-Fatal Injury,Rear End,Driver,unknown,,East,Going Ahead,Speed too Fast For Condition,,,,,,,,,Yes,,,,Yes,Yes,Yes,,,Dorset Park
2112,Major Arterial,North York,Intersection,Traffic Signal,Clear,"Dark, artificial",Dry,Fatal,Pedestrian Collisions,Driver,30 to 34,,West,Going Ahead,Driving Properly,,,,,,,Yes,,Yes,,,,,,,,,Bayview Woods-Steeles
1909,Major Arterial,Scarborough,Intersection,Traffic Signal,Clear,Daylight,Dry,Fatal,Angle,Passenger,10 to 14,Minor,,,,,,,,,,,,Yes,,,,Yes,,Yes,Yes,,Golfdale-Cedarbrae-Woburn
1130,Major Arterial,Scarborough,Intersection,Traffic Signal,Clear,Daylight,Dry,Fatal,Pedestrian Collisions,Driver,45 to 49,,East,Turning Right,Failed to Yield Right of Way,,,,,,,Yes,,Yes,,Yes,,,,Yes,,,Agincourt South-Malvern West
848,Major Arterial,Toronto and East York,Intersection,Pedestrian Crossover,Clear,Daylight,Dry,Non-Fatal Injury,Pedestrian Collisions,Driver,30 to 34,,East,Going Ahead,Following too Close,,,,,,,Yes,,Yes,,,Yes,,,Yes,,,South Riverdale
1739,Collector,Scarborough,Mid-Block,No Control,Clear,Daylight,Dry,Non-Fatal Injury,Pedestrian Collisions,Driver,unknown,,North,Going Ahead,Other,,,,,,,Yes,,Yes,,,,,,,,,Dorset Park
2100,Major Arterial,Toronto and East York,Intersection,Traffic Signal,Clear,"Dark, artificial",Dry,Non-Fatal Injury,Turning Movement,Motorcycle Driver,30 to 34,Major,South,Going Ahead,Driving Properly,,,,,,,,,Yes,Yes,,,,,Yes,,,South Parkdale
1213,Minor Arterial,Toronto and East York,Mid-Block,No Control,Clear,Daylight,Dry,Non-Fatal Injury,Turning Movement,Motorcycle Driver,35 to 39,Major,East,Overtaking,Improper Passing,,,,,,,,,Yes,Yes,,,,,Yes,,,Harbourfront-CityPlace
1642,Minor Arterial,Scarborough,Mid-Block,No Control,Rain,"Dark, artificial",Ice,Non-Fatal Injury,Approaching,Driver,40 to 44,Minimal,North,Going Ahead,Driving Properly,,,,,,,,,Yes,,,,Yes,Yes,Yes,,,Wexford/Maryvale
1630,Major Arterial,Scarborough,Mid-Block,No Control,Clear,Daylight,Dry,Non-Fatal Injury,Rear End,Driver,60 to 64,Major,East,Stopped,Driving Properly,,,,,,,,,Yes,,,,Yes,Yes,Yes,,,Dorset Park
710,Minor Arterial,Scarborough,Intersection,No Control,Rain,"Dark, artificial",Wet,Non-Fatal Injury,Pedestrian Collisions,Pedestrian,20 to 24,Major,North,,,Vehicle is going straight thru inter.while ped cross without ROW,Crossing without right of way,Normal,,,,Yes,,Yes,,,,,,,,,Malvern West
1909,Major Arterial,Scarborough,Intersection,Traffic Signal,Clear,Daylight,Dry,Fatal,Angle,Passenger,70 to 74,Minor,,,,,,,,,,,,Yes,,,,Yes,,Yes,Yes,,Golfdale-Cedarbrae-Woburn
1130,Major Arterial,Scarborough,Intersection,Traffic Signal,Clear,Daylight,Dry,Fatal,Pedestrian Collisions,Driver,unknown,,East,Unknown,Failed to Yield Right of Way,,,,,,,Yes,,Yes,,Yes,,,,Yes,,,Agincourt South-Malvern West
848,Major Arterial,Toronto and East York,Intersection,Pedestrian Crossover,Clear,Daylight,Dry,Non-Fatal Injury,Pedestrian Collisions,Driver,40 to 44,Minimal,East,Stopped,Driving Properly,,,,,,,Yes,,Yes,,,Yes,,,Yes,,,South Riverdale
1739,Collector,Scarborough,Mid-Block,No Control,Clear,Daylight,Dry,Non-Fatal Injury,Pedestrian Collisions,Pedestrian,45 to 49,Major,Unknown,,,Pedestrian hit at mid-block,Other,Normal,,,,Yes,,Yes,,,,,,,,,Dorset Park
1213,Minor Arterial,Toronto and East York,Mid-Block,No Control,Clear,Daylight,Dry,Non-Fatal Injury,Turning Movement,Driver,45 to 49,,East,Turning Left,Driving Properly,,,,,,,,,Yes,Yes,,,,,Yes,,,Harbourfront-CityPlace
623,Major Arterial,Toronto and East York,Mid-Block,No Control,Clear,"Dawn, artificial",Dry,Fatal,Pedestrian Collisions,Pedestrian,50 to 54,Fatal,Unknown,,,Pedestrian hit at mid-block,Other,Normal,,,,Yes,,Yes,,,,,Yes,Yes,,,Annex
1630,Major Arterial,Scarborough,Mid-Block,No Control,Clear,Daylight,Dry,Non-Fatal Injury,Rear End,Passenger,15 to 19,Minimal,,,,,,,,,,,,Yes,,,,Yes,Yes,Yes,,,Dorset Park
1154,Major Arterial,Toronto and East York,Intersection,Traffic Signal,Clear,Daylight,Dry,Non-Fatal Injury,Pedestrian Collisions,Driver,25 to 29,,West,Turning Left,Failed to Yield Right of Way,,,,,,,Yes,,Yes,,,,,,Yes,,,South Parkdale
1909,Major Arterial,Scarborough,Intersection,Traffic Signal,Clear,Daylight,Dry,Fatal,Angle,Driver,75 to 79,Fatal,South,Going Ahead,Driving Properly,,,,,,,,,Yes,,,,Yes,,Yes,Yes,,Golfdale-Cedarbrae-Woburn
1130,Major Arterial,Scarborough,Intersection,Traffic Signal,Clear,Daylight,Dry,Fatal,Pedestrian Collisions,Pedestrian,75 to 79,Fatal,East,,,Vehicle turns right while ped crosses with ROW at inter.,Crossing with right of way,Unknown,,,,Yes,,Yes,,Yes,,,,Yes,,,Agincourt South-Malvern West
848,Major Arterial,Toronto and East York,Intersection,Pedestrian Crossover,Clear,Daylight,Dry,Non-Fatal Injury,Pedestrian Collisions,Pedestrian,30 to 34,Major,South,,,Pedestrian hit a PXO/ped. Mid-block signal,Crossing with right of way,Normal,,,,Yes,,Yes,,,Yes,,,Yes,,,South Riverdale
1731,Major Arterial,Scarborough,Intersection,Traffic Signal,Rain,"Dark, artificial",Wet,Non-Fatal Injury,Pedestrian Collisions,Driver,50 to 54,,North,Turning Left,Improper Turn,,,,,,,Yes,,Yes,,,,Yes,,,,,Tam O'Shanter-Sullivan
755,Minor Arterial,Scarborough,Intersection,No Control,Clear,Daylight,Dry,Non-Fatal Injury,Pedestrian Collisions,Passenger,25 to 29,,,,,,,,,,,Yes,,Yes,,,,Yes,,,,,Clairlea-Birchmount
1731,Major Arterial,Scarborough,Intersection,Traffic Signal,Rain,"Dark, artificial",Wet,Non-Fatal Injury,Pedestrian Collisions,Passenger,45 to 49,,,,,,,,,,,Yes,,Yes,,,,Yes,,,,,Tam O'Shanter-Sullivan
1642,Minor Arterial,Scarborough,Mid-Block,No Control,Rain,"Dark, artificial",Ice,Non-Fatal Injury,Approaching,Passenger,25 to 29,Major,,,,,,,,,,,,Yes,,,,Yes,Yes,Yes,,,Wexford/Maryvale
1630,Major Arterial,Scarborough,Mid-Block,No Control,Clear,Daylight,Dry,Non-Fatal Injury,Rear End,Passenger,20 to 24,,,,,,,,,,,,,Yes,,,,Yes,Yes,Yes,,,Dorset Park
815,Major Arterial,Etobicoke York,Intersection,Stop Sign,Clear,Daylight,Dry,Non-Fatal Injury,Angle,Driver,40 to 44,,West,Going Ahead,Failed to Yield Right of Way,,,,,,,,,Yes,Yes,,,,,Yes,,,Edenbridge-Humber Valley
2310,Major Arterial,Scarborough,Intersection,Traffic Signal,Clear,"Dark, artificial",Dry,Non-Fatal Injury,Turning Movement,Driver,25 to 29,,South,Turning Left,Improper Turn,,,,,,,,,Yes,,,,Yes,,Yes,,Yes,Wexford/Maryvale
623,Major Arterial,Toronto and East York,Mid-Block,No Control,Clear,"Dawn, artificial",Dry,Fatal,Pedestrian Collisions,Pedestrian,50 to 54,Major,Unknown,,,Pedestrian hit at mid-block,Other,Normal,,,,Yes,,Yes,,,,,Yes,Yes,,,Annex
2343,Major Arterial,Scarborough,Intersection,Traffic Signal,Clear,"Dark, artificial",Dry,Non-Fatal Injury,Pedestrian Collisions,Driver,20 to 24,,North,Going Ahead,Exceeding Speed Limit,,,,,,,Yes,,Yes,,,,,Yes,Yes,,,Woburn North
1154,Major Arterial,Toronto and East York,Intersection,Traffic Signal,Clear,Daylight,Dry,Non-Fatal Injury,Pedestrian Collisions,Driver,65 to 69,,East,Going Ahead,Driving Properly,,,,,,,Yes,,Yes,,,,,,Yes,,,South Parkdale
755,Minor Arterial,Scarborough,Intersection,No Control,Clear,Daylight,Dry,Non-Fatal Injury,Pedestrian Collisions,Pedestrian,20 to 24,Major,West,,,Vehicle is going straight thru inter.while ped cross without ROW,Crossing without right of way,Normal,,,,Yes,,Yes,,,,Yes,,,,,Clairlea-Birchmount
1731,Major Arterial,Scarborough,Intersection,Traffic Signal,Rain,"Dark, artificial",Wet,Non-Fatal Injury,Pedestrian Collisions,Pedestrian,60 to 64,Major,North,,,Vehicle turns left while ped crosses without ROW at inter.,Crossing without right of way,Normal,,,,Yes,,Yes,,,,Yes,,,,,Tam O'Shanter-Sullivan
330,Major Arterial,Toronto and East York,Intersection,Traffic Signal,Clear,"Dark, artificial",Dry,Non-Fatal Injury,Approaching,Driver,65 to 69,Major,East,Going Ahead,Lost control,,,,,,,,,Yes,,,,Yes,,Yes,,,Yonge-Bay Corridor
1909,Major Arterial,Scarborough,Intersection,Traffic Signal,Clear,Daylight,Dry,Fatal,Angle,Passenger,20 to 24,Minor,,,,,,,,,,,,Yes,,,,Yes,,Yes,Yes,,Golfdale-Cedarbrae-Woburn
623,Major Arterial,Toronto and East York,Mid-Block,No Control,Clear,"Dawn, artificial",Dry,Fatal,Pedestrian Collisions,Driver,55 to 59,,West,Going Ahead,Lost control,,,,,,,Yes,,Yes,,,,,Yes,Yes,,,Annex
2343,Major Arterial,Scarborough,Intersection,Traffic Signal,Clear,"Dark, artificial",Dry,Non-Fatal Injury,Pedestrian Collisions,Pedestrian,20 to 24,Major,East,,,Vehicle is going straight thru inter.while ped cross with ROW,Crossing with right of way,Normal,,,,Yes,,Yes,,,,,Yes,Yes,,,Woburn North
330,Major Arterial,Toronto and East York,Intersection,Traffic Signal,Clear,"Dark, artificial",Dry,Non-Fatal Injury,Approaching,Driver,35 to 39,,West,Slowing or Stopping,Driving Properly,,,,,,,,,Yes,,,,Yes,,Yes,,,Yonge-Bay Corridor
1154,Major Arterial,Toronto and East York,Intersection,Traffic Signal,Clear,Daylight,Dry,Non-Fatal Injury,Pedestrian Collisions,Pedestrian,55 to 59,Major,East,,,Vehicle turns left while ped crosses with ROW at inter.,Crossing with right of way,Normal,,,,Yes,,Yes,,,,,,Yes,,,South Parkdale
815,Major Arterial,Etobicoke York,Intersection,Stop Sign,Clear,Daylight,Dry,Non-Fatal Injury,Angle,Motorcycle Driver,65 to 69,Major,North,Going Ahead,Driving Properly,,,,,,,,,Yes,Yes,,,,,Yes,,,Edenbridge-Humber Valley
755,Minor Arterial,Scarborough,Intersection,No Control,Clear,Daylight,Dry,Non-Fatal Injury,Pedestrian Collisions,Driver,50 to 54,,North,Going Ahead,Driving Properly,,,,,,,Yes,,Yes,,,,Yes,,,,,Clairlea-Birchmount
1731,Major Arterial,Scarborough,Intersection,Traffic Signal,Rain,"Dark, artificial",Wet,Non-Fatal Injury,Pedestrian Collisions,Pedestrian,55 to 59,Minimal,North,,,Vehicle turns left while ped crosses without ROW at inter.,Crossing without right of way,Normal,,,,Yes,,Yes,,,,Yes,,,,,Tam O'Shanter-Sullivan
1205,Major Arterial,Etobicoke York,Intersection,Traffic Signal,Clear,Daylight,Dry,Non-Fatal Injury,Rear End,Driver,40 to 44,,North,Going Ahead,Following too Close,,,,,,,,,Yes,,,,Yes,,Yes,,,Stonegate-Queensway
1909,Major Arterial,Scarborough,Intersection,Traffic Signal,Clear,Daylight,Dry,Fatal,Angle,Driver,20 to 24,,West,Going Ahead,Disobeyed Traffic Control,,,,,,,,,Yes,,,,Yes,,Yes,Yes,,Golfdale-Cedarbrae-Woburn
2310,Major Arterial,Scarborough,Intersection,Traffic Signal,Clear,"Dark, artificial",Dry,Non-Fatal Injury,Turning Movement,Driver,30 to 34,Major,North,Going Ahead,Driving Properly,,,,,,,,,Yes,,,,Yes,,Yes,,Yes,Wexford/Maryvale
55,Major Arterial,North York,Mid-Block,No Control,Clear,Dark,Dry,Non-Fatal Injury,Pedestrian Collisions,Driver,20 to 24,,East,Going Ahead,Driving Properly,,,,,,,Yes,,Yes,,,,,,Yes,,,Hillcrest Village
330,Major Arterial,Toronto and East York,Intersection,Traffic Signal,Clear,"Dark, artificial",Dry,Non-Fatal Injury,Approaching,Passenger,60 to 64,,,,,,,,,,,,,Yes,,,,Yes,,Yes,,,Yonge-Bay Corridor
920,Minor Arterial,Toronto and East York,Intersection,Traffic Signal,Clear,Daylight,Dry,Non-Fatal Injury,Pedestrian Collisions,Driver,45 to 49,Minimal,West,Going Ahead,Driving Properly,,,,,,,Yes,,,,,Yes,,,,,,St Lawrence-East Bayfront-The Islands
1521,Major Arterial,Toronto and East York,Intersection,Traffic Signal,Clear,Daylight,Dry,Non-Fatal Injury,Pedestrian Collisions,Driver,50 to 54,,North,Going Ahead,Disobeyed Traffic Control,,,,,,,Yes,,Yes,,,,Yes,,Yes,Yes,,Yonge-Bay Corridor
1840,Major Arterial,North York,Intersection,No Control,Clear,"Dark, artificial",Dry,Non-Fatal Injury,Pedestrian Collisions,Truck Driver,60 to 64,,South,Turning Right,Failed to Yield Right of Way,,,,,,,Yes,,,,Yes,,,,Yes,,,Runnymede-Bloor West Village
1521,Major Arterial,Toronto and East York,Intersection,Traffic Signal,Clear,Daylight,Dry,Non-Fatal Injury,Pedestrian Collisions,Driver,20 to 24,Major,West,Going Ahead,Driving Properly,,,,,,,Yes,,Yes,,,,Yes,,Yes,Yes,,Yonge-Bay Corridor
1855,Major Arterial,Toronto and East York,Intersection,Pedestrian Crossover,Rain,"Dark, artificial",Wet,Non-Fatal Injury,Pedestrian Collisions,Driver,55 to 59,,East,Going Ahead,Disobeyed Traffic Control,,,,,,,Yes,,Yes,,,,,,Yes,,,Moss Park
2310,Major Arterial,Scarborough,Intersection,Traffic Signal,Clear,"Dark, artificial",Dry,Non-Fatal Injury,Turning Movement,Passenger,30 to 34,Minimal,,,,,,,,,,,,Yes,,,,Yes,,Yes,,Yes,Wexford/Maryvale
820,Minor Arterial,Scarborough,Intersection,Stop Sign,Clear,Daylight,Dry,Non-Fatal Injury,Turning Movement,Driver,30 to 34,,East,Turning Left,Improper Turn,,,,,,,,,Yes,Yes,,,,,,,,Wexford/Maryvale
55,Major Arterial,North York,Mid-Block,No Control,Clear,Dark,Dry,Non-Fatal Injury,Pedestrian Collisions,Pedestrian,65 to 69,Major,North,,,Pedestrian hit at mid-block,"Crossing, no Traffic Control",Normal,,,,Yes,,Yes,,,,,,Yes,,,Hillcrest Village
330,Major Arterial,Toronto and East York,Intersection,Traffic Signal,Clear,"Dark, artificial",Dry,Non-Fatal Injury,Approaching,Passenger,30 to 34,,,,,,,,,,,,,Yes,,,,Yes,,Yes,,,Yonge-Bay Corridor
1205,Major Arterial,Etobicoke York,Intersection,Traffic Signal,Clear,Daylight,Dry,Non-Fatal Injury,Rear End,Driver,55 to 59,,North,Stopped,Driving Properly,,,,,,,,,Yes,,,,Yes,,Yes,,,Stonegate-Queensway
920,Minor Arterial,Toronto and East York,Intersection,Traffic Signal,Clear,Daylight,Dry,Non-Fatal Injury,Pedestrian Collisions,Pedestrian,30 to 34,Major,North,,,Pedestrian involved in a collision with transit vehicle anywhere along roadway,Crossing without right of way,Inattentive,,,,Yes,,,,,Yes,,,,,,St Lawrence-East Bayfront-The Islands
1840,Major Arterial,North York,Intersection,No Control,Clear,"Dark, artificial",Dry,Non-Fatal Injury,Pedestrian Collisions,Pedestrian,75 to 79,Major,West,,,Pedestrian hit on sidewalk or shoulder,On Sidewalk or Shoulder,Normal,,,,Yes,,,,Yes,,,,Yes,,,Runnymede-Bloor West Village
1521,Major Arterial,Toronto and East York,Intersection,Traffic Signal,Clear,Daylight,Dry,Non-Fatal Injury,Pedestrian Collisions,Driver,20 to 24,,West,Going Ahead,Driving Properly,,,,,,,Yes,,Yes,,,,Yes,,Yes,Yes,,Yonge-Bay Corridor
1855,Major Arterial,Toronto and East York,Intersection,Pedestrian Crossover,Rain,"Dark, artificial",Wet,Non-Fatal Injury,Pedestrian Collisions,Pedestrian,30 to 34,Major,South,,,Pedestrian hit a PXO/ped. Mid-block signal,"Crossing, Pedestrian Crossover",Normal,,,,Yes,,Yes,,,,,,Yes,,,Moss Park
1026,Major Arterial,North York,Mid-Block,No Control,Clear,Daylight,Dry,Non-Fatal Injury,SMV Other,Driver,unknown,,West,Turning Left,Improper Turn,,,,,,,,,Yes,,,,,Yes,Yes,,,Victoria Village
907,Major Arterial,Scarborough,Intersection,Traffic Signal,Clear,Daylight,Dry,Fatal,Pedestrian Collisions,Pedestrian,85 to 89,Fatal,North,,,Vehicle turns left while ped crosses with ROW at inter.,Crossing with right of way,Normal,,,,Yes,,Yes,,,,,,Yes,,,Agincourt North
820,Minor Arterial,Scarborough,Intersection,Stop Sign,Clear,Daylight,Dry,Non-Fatal Injury,Turning Movement,Motorcycle Driver,30 to 34,Major,South,Going Ahead,Driving Properly,,,,,,,,,Yes,Yes,,,,,,,,Wexford/Maryvale
1205,Major Arterial,Etobicoke York,Intersection,Traffic Signal,Clear,Daylight,Dry,Non-Fatal Injury,Rear End,Passenger,20 to 24,Major,,,,,,,,,,,,Yes,,,,Yes,,Yes,,,Stonegate-Queensway
1521,Major Arterial,Toronto and East York,Intersection,Traffic Signal,Clear,Daylight,Dry,Non-Fatal Injury,Pedestrian Collisions,Passenger,20 to 24,,,,,,,,,,,Yes,,Yes,,,,Yes,,Yes,Yes,,Yonge-Bay Corridor
2310,Major Arterial,Scarborough,Intersection,Traffic Signal,Clear,"Dark, artificial",Dry,Non-Fatal Injury,Turning Movement,Passenger,20 to 24,Minimal,,,,,,,,,,,,Yes,,,,Yes,,Yes,,Yes,Wexford/Maryvale