TIME,ROAD_CLASS,DISTRICT,LOCCOORD,TRAFFCTL,VISIBILITY,LIGHT,RDSFCOND,ACCLASS,IMPACTYPE,INVTYPE,INVAGE,INJURY,INITDIR,MANOEUVER,DRIVACT,PEDTYPE,PEDACT,PEDCOND,CYCLISTYPE,CYCACT,CYCCOND,PEDESTRIAN,CYCLIST,AUTOMOBILE,MOTORCYCLE,TRUCK,TRSN_CITY_VEH,PASSENGER,SPEEDING,AG_DRIV,REDLIGHT,ALCOHOL,NEIGHBOURHOOD_158
1143,Major Arterial,Toronto and East York,Intersection,Traffic Signal,Clear,Daylight,Dry,Non-Fatal Injury,Pedestrian Collisions,Driver,75 to 79,,South,Turning Left,Failed to Yield Right of Way,,,,,,,Yes,,Yes,,,,,,Yes,,,West Queen West
330,Major Arterial,Toronto and East York,Intersection,Traffic Signal,Clear,"Dark, artificial",Dry,Non-Fatal Injury,Approaching,Passenger,35 to 39,,,,,,,,,,,,,Yes,,,,Yes,,Yes,,,Yonge-Bay Corridor
1750,Minor Arterial,Scarborough,Intersection,Stop Sign,Clear,"Dark, artificial",Dry,Fatal,Pedestrian Collisions,Pedestrian,80 to 84,Fatal,North,,,Vehicle is going straight thru inter.while ped cross with ROW,Crossing with right of way,Normal,,,,Yes,,Yes,,,,,,Yes,,,Eglinton East
1026,Major Arterial,North York,Mid-Block,No Control,Clear,Daylight,Dry,Non-Fatal Injury,SMV Other,Driver,45 to 49,Major,East,Going Ahead,Driving Properly,,,,,,,,,Yes,,,,,Yes,Yes,,,Victoria Village
907,Major Arterial,Scarborough,Intersection,Traffic Signal,Clear,Daylight,Dry,Fatal,Pedestrian Collisions,Driver,50 to 54,,South,Turning Left,Failed to Yield Right of Way,,,,,,,Yes,,Yes,,,,,,Yes,,,Agincourt North
1514,Major Arterial,Toronto and East York,Mid-Block,No Control,Clear,Daylight,Dry,Non-Fatal Injury,Pedestrian Collisions,Driver,35 to 39,,West,Going Ahead,Driving Properly,,,,,,,Yes,,Yes,,,,,,,,,Wellington Place
1521,Major Arterial,Toronto and East York,Intersection,Traffic Signal,Clear,Daylight,Dry,Non-Fatal Injury,Pedestrian Collisions,Pedestrian,0 to 4,Minimal,Unknown,,,Vehicle is going straight thru inter.while ped cross with ROW,Crossing with right of way,Normal,,,,Yes,,Yes,,,,Yes,,Yes,Yes,,Yonge-Bay Corridor
2310,Major Arterial,Scarborough,Intersection,Traffic Signal,Clear,"Dark, artificial",Dry,Non-Fatal Injury,Turning Movement,Passenger,30 to 34,Minimal,,,,,,,,,,,,Yes,,,,Yes,,Yes,,Yes,Wexford/Maryvale
1521,Major Arterial,Toronto and East York,Intersection,Traffic Signal,Clear,Daylight,Dry,Non-Fatal Injury,Pedestrian Collisions,Pedestrian,40 to 44,Minor,Unknown,,,Vehicle is going straight thru inter.while ped cross with ROW,Crossing with right of way,Normal,,,,Yes,,Yes,,,,Yes,,Yes,Yes,,Yonge-Bay Corridor
1112,Major Arterial,North York,Intersection,Traffic Signal,Clear,Daylight,Wet,Non-Fatal Injury,Turning Movement,Driver,50 to 54,,South,Going Ahead,Disobeyed Traffic Control,,,,,,,,,Yes,,,,,,Yes,Yes,,St.Andrew-Windfields
1143,Major Arterial,Toronto and East York,Intersection,Traffic Signal,Clear,Daylight,Dry,Non-Fatal Injury,Pedestrian Collisions,Pedestrian,80 to 84,Major,North,,,Vehicle turns left while ped crosses with ROW at inter.,Crossing with right of way,Normal,,,,Yes,,Yes,,,,,,Yes,,,West Queen West
1750,Minor Arterial,Scarborough,Intersection,Stop Sign,Clear,"Dark, artificial",Dry,Fatal,Pedestrian Collisions,Driver,25 to 29,,West,Going Ahead,Failed to Yield Right of Way,,,,,,,Yes,,Yes,,,,,,Yes,,,Eglinton East
1455,Minor Arterial,North York,Intersection,No Control,Clear,Daylight,Dry,Non-Fatal Injury,Cyclist Collisions,Driver,25 to 29,,North,Turning Right,Failed to Yield Right of Way,,,,,,,,Yes,Yes,,,,,,Yes,,,Yorkdale-Glen Park
1609,Major Arterial,Etobicoke York,Intersection,Traffic Signal,Clear,Daylight,Dry,Non-Fatal Injury,Cyclist Collisions,Driver,50 to 54,Minimal,East,Turning Left,Driving Properly,,,,,,,,Yes,Yes,,,,,,,,,Junction Area
1041,Major Arterial,North York,Intersection,Traffic Signal,Clear,Daylight,Dry,Fatal,Approaching,Driver,65 to 69,Minimal,South,Slowing or Stopping,Driving Properly,,,,,,,,,Yes,,,,,Yes,Yes,,,L'Amoreaux West
2310,Major Arterial,Scarborough,Intersection,Traffic Signal,Clear,"Dark, artificial",Dry,Non-Fatal Injury,Turning Movement,Passenger,25 to 29,Major,,,,,,,,,,,,Yes,,,,Yes,,Yes,,Yes,Wexford/Maryvale
1514,Major Arterial,Toronto and East York,Mid-Block,No Control,Clear,Daylight,Dry,Non-Fatal Injury,Pedestrian Collisions,Pedestrian,25 to 29,Major,North,,,Pedestrian hit at mid-block,"Crossing, no Traffic Control",Normal,,,,Yes,,Yes,,,,,,,,,Wellington Place
1521,Major Arterial,Toronto and East York,Intersection,Traffic Signal,Clear,Daylight,Dry,Non-Fatal Injury,Pedestrian Collisions,Pedestrian,65 to 69,Major,Unknown,,,Vehicle is going straight thru inter.while ped cross with ROW,Crossing with right of way,Normal,,,,Yes,,Yes,,,,Yes,,Yes,Yes,,Yonge-Bay Corridor
1112,Major Arterial,North York,Intersection,Traffic Signal,Clear,Daylight,Wet,Non-Fatal Injury,Turning Movement,Driver,60 to 64,Major,East,Turning Left,Driving Properly,,,,,,,,,Yes,,,,,,Yes,Yes,,St.Andrew-Windfields
724,Major Arterial,Scarborough,Intersection,Traffic Signal,Clear,Daylight,Dry,Non-Fatal Injury,Angle,Motorcycle Driver,20 to 24,Major,East,Going Ahead,Disobeyed Traffic Control,,,,,,,,,Yes,Yes,,,,,Yes,Yes,,East L'Amoreaux
1651,Collector,Toronto and East York,Mid-Block,No Control,Rain,"Dark, artificial",Wet,Non-Fatal Injury,Pedestrian Collisions,Driver,30 to 34,,East,Going Ahead,Driving Properly,,,,,,,Yes,,Yes,,,,Yes,,,,,Yonge-Bay Corridor
1609,Major Arterial,Etobicoke York,Intersection,Traffic Signal,Clear,Daylight,Dry,Non-Fatal Injury,Cyclist Collisions,Cyclist,10 to 14,Major,West,Going Ahead,,,,,"Cyclist without ROW rides into path of motorist at inter, lnwy, dwy-Cyclist not turn.",Other,Normal,,Yes,Yes,,,,,,,,,Junction Area
1041,Major Arterial,North York,Intersection,Traffic Signal,Clear,Daylight,Dry,Fatal,Approaching,Driver,55 to 59,Minor,North,Going Ahead,Lost control,,,,,,,,,Yes,,,,,Yes,Yes,,,L'Amoreaux West
148,Local,Scarborough,Mid-Block,No Control,Clear,"Dark, artificial",Dry,Non-Fatal Injury,SMV Other,Driver,25 to 29,Minor,North,Going Ahead,Lost control,,,,,,,,,Yes,,,,Yes,Yes,Yes,,,Eglinton East
1041,Major Arterial,North York,Intersection,Traffic Signal,Clear,Daylight,Dry,Fatal,Approaching,Driver,40 to 44,Fatal,South,Slowing or Stopping,Driving Properly,,,,,,,,,Yes,,,,,Yes,Yes,,,L'Amoreaux West
724,Major Arterial,Scarborough,Intersection,Traffic Signal,Clear,Daylight,Dry,Non-Fatal Injury,Angle,Driver,35 to 39,,North,Going Ahead,Driving Properly,,,,,,,,,Yes,Yes,,,,,Yes,Yes,,East L'Amoreaux
1651,Collector,Toronto and East York,Mid-Block,No Control,Rain,"Dark, artificial",Wet,Non-Fatal Injury,Pedestrian Collisions,Passenger,unknown,,,,,,,,,,,Yes,,Yes,,,,Yes,,,,,Yonge-Bay Corridor
1455,Minor Arterial,North York,Intersection,No Control,Clear,Daylight,Dry,Non-Fatal Injury,Cyclist Collisions,Cyclist,30 to 34,Major,North,Going Ahead,,,,,"Motorist turns right at non-signal Inter.(stop, yield, no cont.,and dwy) and strikes cyclist.",Driving Properly,Normal,,Yes,Yes,,,,,,Yes,,,Yorkdale-Glen Park
2002,Major Arterial,Scarborough,Mid-Block,No Control,Clear,Daylight,Dry,Non-Fatal Injury,Pedestrian Collisions,Driver,20 to 24,,North,Going Ahead,Other,,,,,,,Yes,,Yes,,,,Yes,,,,,Bendale-Glen Andrew
2049,Major Arterial,Etobicoke York,Intersection,Yield Sign,Clear,"Dark, artificial",Wet,Non-Fatal Injury,Pedestrian Collisions,Truck Driver,60 to 64,,North,Turning Right,Failed to Yield Right of Way,,,,,,,Yes,,,,Yes,,Yes,,Yes,,,Rockcliffe-Smythe
1521,Major Arterial,Toronto and East York,Intersection,Traffic Signal,Clear,Daylight,Dry,Non-Fatal Injury,Pedestrian Collisions,Pedestrian,50 to 54,Major,,,,Vehicle is going straight thru inter.while ped cross with ROW,Crossing with right of way,Normal,,,,Yes,,Yes,,,,Yes,,Yes,Yes,,Yonge-Bay Corridor
148,Local,Scarborough,Mid-Block,No Control,Clear,"Dark, artificial",Dry,Non-Fatal Injury,SMV Other,Passenger,20 to 24,Major,,,,,,,,,,,,Yes,,,,Yes,Yes,Yes,,,Eglinton East
2050,Major Arterial,Etobicoke York,Mid-Block,No Control,Clear,"Dark, artificial",Dry,Non-Fatal Injury,Approaching,Passenger,10 to 14,Minor,,,,,,,,,,,,Yes,,,,Yes,,Yes,,Yes,Mount Olive-Silverstone-Jamestown
1113,Minor Arterial,Etobicoke York,Intersection,Traffic Signal,Clear,Daylight,Dry,Non-Fatal Injury,SMV Other,Driver,25 to 29,Major,South,Going Ahead,Lost control,,,,,,,,,Yes,,,,,,,,,Etobicoke West Mall
1439,Major Arterial,Toronto and East York,Intersection,No Control,Clear,Daylight,Dry,Non-Fatal Injury,Pedestrian Collisions,Truck Driver,35 to 39,,West,Going Ahead,Driving Properly,,,,,,,Yes,,,,Yes,,,,,,,Wellington Place
1651,Collector,Toronto and East York,Mid-Block,No Control,Rain,"Dark, artificial",Wet,Non-Fatal Injury,Pedestrian Collisions,Pedestrian,60 to 64,Major,North,,,Vehicle hits the pedestrian walking or running out from between parked vehicles at mid-block,Coming From Behind Parked Vehicle,Normal,,,,Yes,,Yes,,,,Yes,,,,,Yonge-Bay Corridor
2238,Major Arterial,Toronto and East York,Intersection,Traffic Signal,Clear,"Dark, artificial",Dry,Non-Fatal Injury,Pedestrian Collisions,Driver,35 to 39,,East,Going Ahead,Driving Properly,,,,,,,Yes,,Yes,,,,Yes,,,,,Yonge-Bay Corridor
2049,Major Arterial,Etobicoke York,Intersection,Yield Sign,Clear,"Dark, artificial",Wet,Non-Fatal Injury,Pedestrian Collisions,Passenger,40 to 44,,,,,,,,,,,Yes,,,,Yes,,Yes,,Yes,,,Rockcliffe-Smythe
1823,Major Arterial,Toronto and East York,Intersection,Traffic Controller,Clear,Dusk,Dry,Non-Fatal Injury,Rear End,Driver,50 to 54,Major,East,Going Ahead,Following too Close,,,,,,,,,Yes,Yes,,,,,Yes,,,South Riverdale
2050,Major Arterial,Etobicoke York,Mid-Block,No Control,Clear,"Dark, artificial",Dry,Non-Fatal Injury,Approaching,Passenger,0 to 4,,,,,,,,,,,,,Yes,,,,Yes,,Yes,,Yes,Mount Olive-Silverstone-Jamestown
1054,Major Arterial,Etobicoke York,Intersection,Traffic Signal,Clear,Daylight,Dry,Fatal,Pedestrian Collisions,Driver,25 to 29,,South,Turning Left,Failed to Yield Right of Way,,,,,,,Yes,,Yes,,,,,,Yes,,,Humber Summit
1812,Major Arterial,Toronto and East York,Mid-Block,No Control,Clear,Dark,Dry,Non-Fatal Injury,Approaching,Driver,20 to 24,Major,North,Going Ahead,Lost control,,,,,,,,,Yes,,,,Yes,,,,,Old East York
1439,Major Arterial,Toronto and East York,Intersection,No Control,Clear,Daylight,Dry,Non-Fatal Injury,Pedestrian Collisions,Pedestrian,45 to 49,Major,North,,,Vehicle is going straight thru inter.while ped cross without ROW,"Crossing, no Traffic Control",Inattentive,,,,Yes,,,,Yes,,,,,,,Wellington Place
2238,Major Arterial,Toronto and East York,Intersection,Traffic Signal,Clear,"Dark, artificial",Dry,Non-Fatal Injury,Pedestrian Collisions,Passenger,35 to 39,,,,,,,,,,,Yes,,Yes,,,,Yes,,,,,Yonge-Bay Corridor
2002,Major Arterial,Scarborough,Mid-Block,No Control,Clear,Daylight,Dry,Non-Fatal Injury,Pedestrian Collisions,Driver,40 to 44,,North,Going Ahead,Driving Properly,,,,,,,Yes,,Yes,,,,Yes,,,,,Bendale-Glen Andrew
1330,Minor Arterial,Scarborough,Intersection,Traffic Signal,Clear,Daylight,Dry,Non-Fatal Injury,Pedestrian Collisions,Driver,65 to 69,,East,Turning Left,Failed to Yield Right of Way,,,,,,,Yes,,Yes,,,,,,Yes,,,Centennial Scarborough
1823,Major Arterial,Toronto and East York,Intersection,Traffic Controller,Clear,Dusk,Dry,Non-Fatal Injury,Rear End,Motorcycle Driver,50 to 54,Major,East,Slowing or Stopping,Driving Properly,,,,,,,,,Yes,Yes,,,,,Yes,,,South Riverdale
2049,Major Arterial,Etobicoke York,Intersection,Yield Sign,Clear,"Dark, artificial",Wet,Non-Fatal Injury,Pedestrian Collisions,Pedestrian,55 to 59,Major,Unknown,,,Pedestrian hit on sidewalk or shoulder,On Sidewalk or Shoulder,Normal,,,,Yes,,,,Yes,,Yes,,Yes,,,Rockcliffe-Smythe
2050,Major Arterial,Etobicoke York,Mid-Block,No Control,Clear,"Dark, artificial",Dry,Non-Fatal Injury,Approaching,Other,35 to 39,Major,,,,,,,,,,,,Yes,,,,Yes,,Yes,,Yes,Mount Olive-Silverstone-Jamestown
1054,Major Arterial,Etobicoke York,Intersection,Traffic Signal,Clear,Daylight,Dry,Fatal,Pedestrian Collisions,Pedestrian,70 to 74,Fatal,North,,,Vehicle turns left while ped crosses with ROW at inter.,Crossing with right of way,Normal,,,,Yes,,Yes,,,,,,Yes,,,Humber Summit
1812,Major Arterial,Toronto and East York,Mid-Block,No Control,Clear,Dark,Dry,Non-Fatal Injury,Approaching,Driver,40 to 44,Minor,South,Going Ahead,Driving Properly,,,,,,,,,Yes,,,,Yes,,,,,Old East York
1535,Minor Arterial,Toronto and East York,Intersection,Traffic Signal,Clear,Daylight,Dry,Non-Fatal Injury,Approaching,Driver,30 to 34,Minimal,West,Going Ahead,Driving Properly,,,,,,,,,Yes,,,Yes,Yes,Yes,Yes,,,Harbourfront-CityPlace
2238,Major Arterial,Toronto and East York,Intersection,Traffic Signal,Clear,"Dark, artificial",Dry,Non-Fatal Injury,Pedestrian Collisions,Pedestrian,25 to 29,Major,South,,,Vehicle is going straight thru inter.while ped cross without ROW,Crossing without right of way,Other,,,,Yes,,Yes,,,,Yes,,,,,Yonge-Bay Corridor
2002,Major Arterial,Scarborough,Mid-Block,No Control,Clear,Daylight,Dry,Non-Fatal Injury,Pedestrian Collisions,Driver,40 to 44,,North,Turning Left,Driving Properly,,,,,,,Yes,,Yes,,,,Yes,,,,,Bendale-Glen Andrew
1330,Minor Arterial,Scarborough,Intersection,Traffic Signal,Clear,Daylight,Dry,Non-Fatal Injury,Pedestrian Collisions,Pedestrian,45 to 49,Major,West,,,Vehicle turns left while ped crosses with ROW at inter.,Crossing with right of way,Normal,,,,Yes,,Yes,,,,,,Yes,,,Centennial Scarborough
1503,Major Arterial,Toronto and East York,Intersection,Stop Sign,Clear,Daylight,Dry,Non-Fatal Injury,Angle,Driver,85 to 89,Minimal,South,Going Ahead,Failed to Yield Right of Way,,,,,,,,,Yes,Yes,,,,,Yes,,,O'Connor-Parkview
1812,Major Arterial,Toronto and East York,Mid-Block,No Control,Clear,Dark,Dry,Non-Fatal Injury,Approaching,Passenger,25 to 29,Minor,,,,,,,,,,,,Yes,,,,Yes,,,,,Old East York
752,Minor Arterial,Toronto and East York,Intersection,Traffic Signal,Clear,Daylight,Dry,Non-Fatal Injury,Rear End,Truck Driver,35 to 39,,West,Going Ahead,Following too Close,,,,,,,,,,,Yes,Yes,Yes,,Yes,,,Casa Loma
2020,Collector,North York,Intersection,No Control,Clear,"Dark, artificial",Dry,Non-Fatal Injury,Pedestrian Collisions,Driver,unknown,,Unknown,Unknown,Other,,,,,,,Yes,,,,,,,,,,,East Willowdale
907,Major Arterial,Scarborough,Mid-Block,No Control,Clear,Daylight,Wet,Fatal,Pedestrian Collisions,Pedestrian,85 to 89,Fatal,East,,,Pedestrian hit at mid-block,"Crossing, no Traffic Control",Normal,,,,Yes,,Yes,,,,,,,,,Steeles
2002,Major Arterial,Scarborough,Mid-Block,No Control,Clear,Daylight,Dry,Non-Fatal Injury,Pedestrian Collisions,Pedestrian,35 to 39,Major,Unknown,,,Pedestrian hit at mid-block,Other,Normal,,,,Yes,,Yes,,,,Yes,,,,,Bendale-Glen Andrew
853,Major Arterial,Etobicoke York,Mid-Block,No Control,Clear,Daylight,Dry,Non-Fatal Injury,Pedestrian Collisions,Driver,20 to 24,,North,Going Ahead,Driving Properly,,,,,,,Yes,,Yes,,,,,,,,,Mount Dennis
1535,Minor Arterial,Toronto and East York,Intersection,Traffic Signal,Clear,Daylight,Dry,Non-Fatal Injury,Approaching,Passenger,30 to 34,Major,,,,,,,,,,,,Yes,,,Yes,Yes,Yes,Yes,,,Harbourfront-CityPlace
1503,Major Arterial,Toronto and East York,Intersection,Stop Sign,Clear,Daylight,Dry,Non-Fatal Injury,Angle,Motorcycle Driver,55 to 59,Major,East,Going Ahead,Driving Properly,,,,,,,,,Yes,Yes,,,,,Yes,,,O'Connor-Parkview
2050,Major Arterial,Etobicoke York,Mid-Block,No Control,Clear,"Dark, artificial",Dry,Non-Fatal Injury,Approaching,Driver,25 to 29,Minor,West,Going Ahead,Lost control,,,,,,,,,Yes,,,,Yes,,Yes,,Yes,Mount Olive-Silverstone-Jamestown
1812,Major Arterial,Toronto and East York,Mid-Block,No Control,Clear,Dark,Dry,Non-Fatal Injury,Approaching,Passenger,25 to 29,Major,,,,,,,,,,,,Yes,,,,Yes,,,,,Old East York
752,Minor Arterial,Toronto and East York,Intersection,Traffic Signal,Clear,Daylight,Dry,Non-Fatal Injury,Rear End,Driver,25 to 29,Minimal,West,Stopped,Driving Properly,,,,,,,,,,,Yes,Yes,Yes,,Yes,,,Casa Loma
2020,Collector,North York,Intersection,No Control,Clear,"Dark, artificial",Dry,Non-Fatal Injury,Pedestrian Collisions,Pedestrian,65 to 69,Major,Unknown,,,Unknown,Other,Inattentive,,,,Yes,,,,,,,,,,,East Willowdale
907,Major Arterial,Scarborough,Mid-Block,No Control,Clear,Daylight,Wet,Fatal,Pedestrian Collisions,Driver,50 to 54,,South,Going Ahead,Driving Properly,,,,,,,Yes,,Yes,,,,,,,,,Steeles
2002,Major Arterial,Scarborough,Mid-Block,No Control,Clear,Daylight,Dry,Non-Fatal Injury,Pedestrian Collisions,Driver,55 to 59,,North,Going Ahead,Driving Properly,,,,,,,Yes,,Yes,,,,Yes,,,,,Bendale-Glen Andrew
1535,Minor Arterial,Toronto and East York,Intersection,Traffic Signal,Clear,Daylight,Dry,Non-Fatal Injury,Approaching,Driver,25 to 29,Minor,East,Going Ahead,Other,,,,,,,,,Yes,,,Yes,Yes,Yes,Yes,,,Harbourfront-CityPlace
1937,Minor Arterial,Toronto and East York,Intersection,Traffic Signal,Clear,Daylight,Dry,Non-Fatal Injury,Cyclist Collisions,Cyclist,55 to 59,Major,East,Going Ahead,,,,,"Cyclist without ROW rides into path of motorist at inter, lnwy, dwy-Cyclist not turn.",Disobeyed Traffic Control,Inattentive,,Yes,Yes,,,,Yes,,,,,South Riverdale
2050,Major Arterial,Etobicoke York,Mid-Block,No Control,Clear,"Dark, artificial",Dry,Non-Fatal Injury,Approaching,Driver,40 to 44,Minor,East,Going Ahead,Driving Properly,,,,,,,,,Yes,,,,Yes,,Yes,,Yes,Mount Olive-Silverstone-Jamestown
253,Minor Arterial,North York,Mid-Block,No Control,Clear,"Dark, artificial",Dry,Non-Fatal Injury,SMV Other,Driver,20 to 24,Major,North,Turning Right,Improper Turn,,,,,,,,,Yes,,,,,,,,Yes,Morningside Heights
2209,Major Arterial,Etobicoke York,Intersection,Traffic Signal,Clear,"Dark, artificial",Dry,Non-Fatal Injury,Turning Movement,Driver,50 to 54,,South,Turning Left,Failed to Yield Right of Way,,,,,,,,,Yes,Yes,,,Yes,,Yes,,,Alderwood
853,Major Arterial,Etobicoke York,Mid-Block,No Control,Clear,Daylight,Dry,Non-Fatal Injury,Pedestrian Collisions,Pedestrian,10 to 14,Major,Unknown,,,Pedestrian hit at mid-block,"Crossing, no Traffic Control",Normal,,,,Yes,,Yes,,,,,,,,,Mount Dennis
2002,Major Arterial,Scarborough,Mid-Block,No Control,Clear,Daylight,Dry,Non-Fatal Injury,Pedestrian Collisions,Passenger,20 to 24,,,,,,,,,,,Yes,,Yes,,,,Yes,,,,,Bendale-Glen Andrew
1730,Major Arterial,North York,Intersection,Pedestrian Crossover,Clear,Daylight,Dry,Non-Fatal Injury,Pedestrian Collisions,Driver,70 to 74,,West,Going Ahead,Failed to Yield Right of Way,,,,,,,Yes,,Yes,,,,,,Yes,,,South Riverdale
815,Minor Arterial,Toronto and East York,Mid-Block,No Control,Clear,Daylight,Wet,Non-Fatal Injury,Pedestrian Collisions,Truck Driver,50 to 54,,South,Turning Right,Failed to Yield Right of Way,,,,,,,Yes,,,,Yes,,,,Yes,,,South Riverdale
752,Minor Arterial,Toronto and East York,Intersection,Traffic Signal,Clear,Daylight,Dry,Non-Fatal Injury,Rear End,Passenger,25 to 29,,,,,,,,,,,,,,,Yes,Yes,Yes,,Yes,,,Casa Loma
2002,Major Arterial,Scarborough,Mid-Block,No Control,Clear,Daylight,Dry,Non-Fatal Injury,Pedestrian Collisions,Passenger,20 to 24,,,,,,,,,,,Yes,,Yes,,,,Yes,,,,,Bendale-Glen Andrew
2130,Minor Arterial,Toronto and East York,Intersection,Stop Sign,Clear,"Dark, artificial",Wet,Non-Fatal Injury,Angle,Driver,50 to 54,Major,South,Going Ahead,Failed to Yield Right of Way,,,,,,,,,Yes,,,,Yes,Yes,Yes,,,Danforth East York
1937,Minor Arterial,Toronto and East York,Intersection,Traffic Signal,Clear,Daylight,Dry,Non-Fatal Injury,Cyclist Collisions,Driver,35 to 39,,South,Going Ahead,Driving Properly,,,,,,,,Yes,Yes,,,,Yes,,,,,South Riverdale
1538,Major Arterial,North York,Mid-Block,No Control,Clear,Daylight,Dry,Non-Fatal Injury,SMV Other,Driver,75 to 79,Minimal,South,Making U Turn,Lost control,,,,,,,,,Yes,,,,Yes,,,,,Hillcrest Village
2209,Major Arterial,Etobicoke York,Intersection,Traffic Signal,Clear,"Dark, artificial",Dry,Non-Fatal Injury,Turning Movement,Motorcycle Driver,50 to 54,Major,North,Going Ahead,Driving Properly,,,,,,,,,Yes,Yes,,,Yes,,Yes,,,Alderwood
1132,Major Arterial,Toronto and East York,Intersection,Traffic Signal,Clear,Daylight,Dry,Non-Fatal Injury,Pedestrian Collisions,Driver,20 to 24,,East,Going Ahead,Failed to Yield Right of Way,,,,,,,Yes,,Yes,,,,,,Yes,,,Rosedale-Moore Park
2002,Major Arterial,Scarborough,Mid-Block,No Control,Clear,Daylight,Dry,Non-Fatal Injury,Pedestrian Collisions,Passenger,20 to 24,,,,,,,,,,,Yes,,Yes,,,,Yes,,,,,Bendale-Glen Andrew
1937,Minor Arterial,Toronto and East York,Intersection,Traffic Signal,Clear,Daylight,Dry,Non-Fatal Injury,Cyclist Collisions,Passenger,15 to 19,,,,,,,,,,,,Yes,Yes,,,,Yes,,,,,South Riverdale
1538,Major Arterial,North York,Mid-Block,No Control,Clear,Daylight,Dry,Non-Fatal Injury,SMV Other,Driver,30 to 34,Minimal,East,Going Ahead,Driving Properly,,,,,,,,,Yes,,,,Yes,,,,,Hillcrest Village
1730,Major Arterial,North York,Intersection,Pedestrian Crossover,Clear,Daylight,Dry,Non-Fatal Injury,Pedestrian Collisions,Pedestrian,70 to 74,Major,South,,,Pedestrian hit a PXO/ped. Mid-block signal,Crossing with right of way,Normal,,,,Yes,,Yes,,,,,,Yes,,,South Riverdale
815,Minor Arterial,Toronto and East York,Mid-Block,No Control,Clear,Daylight,Wet,Non-Fatal Injury,Pedestrian Collisions,Pedestrian,70 to 74,Major,West,,,Pedestrian hit at private driveway,"Crossing, no Traffic Control",Normal,,,,Yes,,,,Yes,,,,Yes,,,South Riverdale
752,Minor Arterial,Toronto and East York,Intersection,Traffic Signal,Clear,Daylight,Dry,Non-Fatal Injury,Rear End,Passenger,40 to 44,Major,,,,,,,,,,,,,,Yes,Yes,Yes,,Yes,,,Casa Loma
2209,Major Arterial,Etobicoke York,Intersection,Traffic Signal,Clear,"Dark, artificial",Dry,Non-Fatal Injury,Turning Movement,Motorcycle Passenger,10 to 14,Minor,,,,,,,,,,,,Yes,Yes,,,Yes,,Yes,,,Alderwood
2213,Major Arterial,North York,Mid-Block,No Control,Clear,"Dark, artificial",Dry,Non-Fatal Injury,Turning Movement,Driver,65 to 69,Minimal,West,Turning Left,Failed to Yield Right of Way,,,,,,,,,Yes,Yes,,,,,Yes,,,Bathurst Manor
39,Minor Arterial,Toronto and East York,Intersection,No Control,Rain,"Dark, artificial",Wet,Non-Fatal Injury,Pedestrian Collisions,Driver,30 to 34,,East,Going Ahead,Failed to Yield Right of Way,,,,,,,Yes,,Yes,,,,,,Yes,,Yes,Yonge-Bay Corridor
2130,Minor Arterial,Toronto and East York,Intersection,Stop Sign,Clear,"Dark, artificial",Wet,Non-Fatal Injury,Angle,Driver,30 to 34,,West,Going Ahead,Driving Properly,,,,,,,,,Yes,,,,Yes,Yes,Yes,,,Danforth East York
1157,Major Arterial,Toronto and East York,Intersection,Traffic Signal,Clear,Daylight,Dry,Non-Fatal Injury,Sideswipe,Driver,unknown,,West,Reversing,Other,,,,,,,,,Yes,,,,,,,,,North Riverdale
752,Minor Arterial,Toronto and East York,Intersection,Traffic Signal,Clear,Daylight,Dry,Non-Fatal Injury,Rear End,Passenger,60 to 64,Minimal,,,,,,,,,,,,,,Yes,Yes,Yes,,Yes,,,Casa Loma
2213,Major Arterial,North York,Mid-Block,No Control,Clear,"Dark, artificial",Dry,Non-Fatal Injury,Turning Movement,Motorcycle Driver,55 to 59,Major,East,Going Ahead,Driving Properly,,,,,,,,,Yes,Yes,,,,,Yes,,,Bathurst Manor
39,Minor Arterial,Toronto and East York,Intersection,No Control,Rain,"Dark, artificial",Wet,Non-Fatal Injury,Pedestrian Collisions,Pedestrian,50 to 54,Major,Unknown,,,Vehicle is going straight thru inter.while ped cross without ROW,"Crossing, no Traffic Control",Had Been Drinking,,,,Yes,,Yes,,,,,,Yes,,Yes,Yonge-Bay Corridor
1538,Major Arterial,North York,Mid-Block,No Control,Clear,Daylight,Dry,Non-Fatal Injury,SMV Other,Passenger,50 to 54,,,,,,,,,,,,,Yes,,,,Yes,,,,,Hillcrest Village
1132,Major Arterial,Toronto and East York,Intersection,Traffic Signal,Clear,Daylight,Dry,Non-Fatal Injury,Pedestrian Collisions,Pedestrian,45 to 49,Major,South,,,Vehicle is going straight thru inter.while ped cross without ROW,Crossing without right of way,Medical or Physical Disability,,,,Yes,,Yes,,,,,,Yes,,,Rosedale-Moore Park
1100,Major Arterial,Toronto and East York,Intersection,Stop Sign,Clear,Daylight,Dry,Non-Fatal Injury,Cyclist Collisions,Driver,50 to 54,,South,Turning Right,Failed to Yield Right of Way,,,,,,,,Yes,Yes,,,,,,Yes,,,Moss Park