TIME,ROAD_CLASS,DISTRICT,LOCCOORD,TRAFFCTL,VISIBILITY,LIGHT,RDSFCOND,ACCLASS,IMPACTYPE,INVTYPE,INVAGE,INJURY,INITDIR,MANOEUVER,DRIVACT,PEDTYPE,PEDACT,PEDCOND,CYCLISTYPE,CYCACT,CYCCOND,PEDESTRIAN,CYCLIST,AUTOMOBILE,MOTORCYCLE,TRUCK,TRSN_CITY_VEH,PASSENGER,SPEEDING,AG_DRIV,REDLIGHT,ALCOHOL,NEIGHBOURHOOD_158
1452,Major Arterial,Toronto and East York,Intersection,Traffic Signal,Clear,Daylight,Dry,Non-Fatal Injury,Pedestrian Collisions,Driver,30 to 34,,West,Going Ahead,Driving Properly,,,,,,,Yes,,Yes,,,,Yes,,,,,High Park-Swansea
2130,Minor Arterial,Toronto and East York,Intersection,Stop Sign,Clear,"Dark, artificial",Wet,Non-Fatal Injury,Angle,Other,unknown,,North,Parked,,,,,,,,,,Yes,,,,Yes,Yes,Yes,,,Danforth East York
1100,Major Arterial,Toronto and East York,Intersection,Stop Sign,Clear,Daylight,Dry,Non-Fatal Injury,Cyclist Collisions,Cyclist,55 to 59,Major,East,Going Ahead,,,,,"Motorist turns right at non-signal Inter.(stop, yield, no cont.,and dwy) and strikes cyclist.",Driving Properly,Normal,,Yes,Yes,,,,,,Yes,,,Moss Park
2153,Major Arterial,Etobicoke York,Intersection,Traffic Signal,Clear,"Dark, artificial",Dry,Non-Fatal Injury,Pedestrian Collisions,Driver,45 to 49,,West,Turning Right,Driving Properly,,,,,,,Yes,,Yes,,,,Yes,,,,,Beechborough-Greenbrook
1157,Major Arterial,Toronto and East York,Intersection,Traffic Signal,Clear,Daylight,Dry,Non-Fatal Injury,Sideswipe,Driver,65 to 69,Major,West,Stopped,Other,,,,,,,,,Yes,,,,,,,,,North Riverdale
2153,Major Arterial,Etobicoke York,Intersection,Traffic Signal,Clear,"Dark, artificial",Dry,Non-Fatal Injury,Pedestrian Collisions,Passenger,5 to 9,,,,,,,,,,,Yes,,Yes,,,,Yes,,,,,Beechborough-Greenbrook
902,Major Arterial,Toronto and East York,Intersection,Traffic Signal,Clear,Daylight,Dry,Fatal,Pedestrian Collisions,Driver,40 to 44,,South,Going Ahead,Driving Properly,,,,,,,Yes,,,,Yes,,,,,,,Downtown Yonge East
1515,Major Arterial,Toronto and East York,Intersection,Traffic Signal,Clear,Daylight,Dry,Non-Fatal Injury,Cyclist Collisions,Driver,35 to 39,,East,Changing Lanes,Improper Passing,,,,,,,,Yes,Yes,,,,,,Yes,,,West Queen West
1538,Major Arterial,North York,Mid-Block,No Control,Clear,Daylight,Dry,Non-Fatal Injury,SMV Other,Passenger,85 to 89,Major,,,,,,,,,,,,Yes,,,,Yes,,,,,Hillcrest Village
1452,Major Arterial,Toronto and East York,Intersection,Traffic Signal,Clear,Daylight,Dry,Non-Fatal Injury,Pedestrian Collisions,Passenger,25 to 29,,,,,,,,,,,Yes,,Yes,,,,Yes,,,,,High Park-Swansea
20,Collector,Scarborough,Intersection,No Control,Clear,Dark,Dry,Non-Fatal Injury,Pedestrian Collisions,Driver,15 to 19,,West,Going Ahead,Driving Properly,,,,,,,Yes,,Yes,,,,,,,,,Milliken
2130,Minor Arterial,Toronto and East York,Intersection,Stop Sign,Clear,"Dark, artificial",Wet,Non-Fatal Injury,Angle,Passenger,80 to 84,Minor,,,,,,,,,,,,Yes,,,,Yes,Yes,Yes,,,Danforth East York
910,Collector,Toronto and East York,Intersection,No Control,Clear,Daylight,Dry,Non-Fatal Injury,Cyclist Collisions,Driver,unknown,,South,Turning Right,Failed to Yield Right of Way,,,,,,,,Yes,Yes,,,,,,Yes,,,Yonge-Bay Corridor
2130,Minor Arterial,Toronto and East York,Intersection,Stop Sign,Clear,"Dark, artificial",Wet,Non-Fatal Injury,Angle,Passenger,75 to 79,Minor,,,,,,,,,,,,Yes,,,,Yes,Yes,Yes,,,Danforth East York
535,Major Arterial,Etobicoke York,Intersection,Traffic Signal,Clear,"Dark, artificial",Dry,Non-Fatal Injury,Pedestrian Collisions,Driver,20 to 24,,West,Going Ahead,Driving Properly,,,,,,,Yes,,Yes,,,,,,Yes,,,Weston-Pelham Park
2153,Major Arterial,Etobicoke York,Intersection,Traffic Signal,Clear,"Dark, artificial",Dry,Non-Fatal Injury,Pedestrian Collisions,Pedestrian,45 to 49,Major,East,,,Vehicle turns right while ped crosses without ROW at inter.,Crossing without right of way,Other,,,,Yes,,Yes,,,,Yes,,,,,Beechborough-Greenbrook
1705,Major Arterial,Scarborough,Mid-Block,No Control,Clear,Dusk,Dry,Non-Fatal Injury,Cyclist Collisions,Driver,60 to 64,,South,Going Ahead,Driving Properly,,,,,,,,Yes,Yes,,,,Yes,,Yes,,,Milliken
902,Major Arterial,Toronto and East York,Intersection,Traffic Signal,Clear,Daylight,Dry,Fatal,Pedestrian Collisions,Pedestrian,55 to 59,Fatal,East,,,Vehicle is going straight thru inter.while ped cross without ROW,Crossing marked crosswalk without ROW,Unknown,,,,Yes,,,,Yes,,,,,,,Downtown Yonge East
1515,Major Arterial,Toronto and East York,Intersection,Traffic Signal,Clear,Daylight,Dry,Non-Fatal Injury,Cyclist Collisions,Cyclist,unknown,Major,East,Going Ahead,,,,,Cyclist and Driver travelling in same direction. One vehicle sideswipes the other.,Driving Properly,Normal,,Yes,Yes,,,,,,Yes,,,West Queen West
20,Collector,Scarborough,Intersection,No Control,Clear,Dark,Dry,Non-Fatal Injury,Pedestrian Collisions,Pedestrian,35 to 39,Major,North,,,Pedestrian hit at mid-block,"Crossing, no Traffic Control",Had Been Drinking,,,,Yes,,Yes,,,,,,,,,Milliken
1452,Major Arterial,Toronto and East York,Intersection,Traffic Signal,Clear,Daylight,Dry,Non-Fatal Injury,Pedestrian Collisions,Pedestrian,35 to 39,Major,North,,,Vehicle is going straight thru inter.while ped cross without ROW,Crossing without right of way,Normal,,,,Yes,,Yes,,,,Yes,,,,,High Park-Swansea
910,Collector,Toronto and East York,Intersection,No Control,Clear,Daylight,Dry,Non-Fatal Injury,Cyclist Collisions,Cyclist,20 to 24,Major,South,Going Ahead,,,,,"Motorist turns right at non-signal Inter.(stop, yield, no cont.,and dwy) and strikes cyclist.",Driving Properly,Normal,,Yes,Yes,,,,,,Yes,,,Yonge-Bay Corridor
2130,Minor Arterial,Toronto and East York,Intersection,Stop Sign,Clear,"Dark, artificial",Wet,Non-Fatal Injury,Angle,Passenger,55 to 59,Minor,,,,,,,,,,,,Yes,,,,Yes,Yes,Yes,,,Danforth East York
535,Major Arterial,Etobicoke York,Intersection,Traffic Signal,Clear,"Dark, artificial",Dry,Non-Fatal Injury,Pedestrian Collisions,Pedestrian,30 to 34,Major,North,,,Vehicle is going straight thru inter.while ped cross without ROW,Crossing without right of way,Normal,,,,Yes,,Yes,,,,,,Yes,,,Weston-Pelham Park
1423,Expressway,Etobicoke York,Mid-Block,No Control,Clear,Daylight,Dry,Non-Fatal Injury,Rear End,Truck Driver,50 to 54,,West,Slowing or Stopping,Speed too Fast For Condition,,,,,,,,,Yes,,Yes,,,Yes,Yes,,,Alderwood
1850,Major Arterial,Etobicoke York,Intersection,Traffic Signal,Clear,Daylight,Dry,Non-Fatal Injury,Pedestrian Collisions,Driver,40 to 44,,North,Turning Left,Failed to Yield Right of Way,,,,,,,Yes,,Yes,,,,,,Yes,,,New Toronto
2138,Major Arterial,Scarborough,Mid-Block,No Control,Clear,"Dark, artificial",Dry,Non-Fatal Injury,Turning Movement,Passenger,25 to 29,Major,,,,,,,,,,,,Yes,,,,Yes,Yes,Yes,,,Eglinton East
1949,Major Arterial,Etobicoke York,Intersection,Traffic Signal,Other,Dark,Other,Fatal,Pedestrian Collisions,Driver,60 to 64,,West,Going Ahead,Driving Properly,,,,,,,Yes,,Yes,,,,,,,,,Humbermede
1705,Major Arterial,Scarborough,Mid-Block,No Control,Clear,Dusk,Dry,Non-Fatal Injury,Cyclist Collisions,Cyclist,70 to 74,Major,East,Going Ahead,,,,,"Cyclist without ROW rides into path of motorist at inter, lnwy, dwy-Cyclist not turn.",Other,Inattentive,,Yes,Yes,,,,Yes,,Yes,,,Milliken
1757,Minor Arterial,Toronto and East York,Intersection,Stop Sign,Clear,Daylight,Dry,Non-Fatal Injury,Cyclist Collisions,Driver,25 to 29,,North,Turning Left,Failed to Yield Right of Way,,,,,,,,Yes,Yes,,,,,,Yes,,,Moss Park
1423,Expressway,Etobicoke York,Mid-Block,No Control,Clear,Daylight,Dry,Non-Fatal Injury,Rear End,Driver,55 to 59,Major,West,Slowing or Stopping,Driving Properly,,,,,,,,,Yes,,Yes,,,Yes,Yes,,,Alderwood
1115,Collector,Etobicoke York,Intersection,No Control,Clear,Daylight,Dry,Non-Fatal Injury,Pedestrian Collisions,Driver,unknown,,North,Going Ahead,Failed to Yield Right of Way,,,,,,,Yes,,Yes,,,,,,Yes,,,Markland Wood
1037,Major Arterial,Scarborough,Intersection,Traffic Signal,Clear,Daylight,Dry,Non-Fatal Injury,Cyclist Collisions,Cyclist,80 to 84,Major,North,Turning Right,,,,,Cyclist turns right across motorists path,Failed to Yield Right of Way,Normal,,Yes,Yes,,,,,,,,,Steeles
2130,Minor Arterial,Toronto and East York,Intersection,Stop Sign,Clear,"Dark, artificial",Wet,Non-Fatal Injury,Angle,Other,40 to 44,,,,,,,,,,,,,Yes,,,,Yes,Yes,Yes,,,Danforth East York
1850,Major Arterial,Etobicoke York,Intersection,Traffic Signal,Clear,Daylight,Dry,Non-Fatal Injury,Pedestrian Collisions,Pedestrian,80 to 84,Major,South,,,Vehicle turns left while ped crosses with ROW at inter.,Crossing with right of way,Normal,,,,Yes,,Yes,,,,,,Yes,,,New Toronto
1222,Major Arterial,Toronto and East York,Intersection,Traffic Signal,Clear,Daylight,Dry,Non-Fatal Injury,Cyclist Collisions,Cyclist,60 to 64,Major,East,Turning Left,,,,,Cyclist turned left across motorists path.,Improper Turn,Normal,,Yes,Yes,,,,Yes,,,,,Moss Park
1949,Major Arterial,Etobicoke York,Intersection,Traffic Signal,Other,Dark,Other,Fatal,Pedestrian Collisions,Pedestrian,80 to 84,Fatal,North,,,Vehicle is going straight thru inter.while ped cross without ROW,Crossing without right of way,,,,,Yes,,Yes,,,,,,,,,Humbermede
1705,Major Arterial,Scarborough,Mid-Block,No Control,Clear,Dusk,Dry,Non-Fatal Injury,Cyclist Collisions,Driver,35 to 39,,North,Going Ahead,Driving Properly,,,,,,,,Yes,Yes,,,,Yes,,Yes,,,Milliken
1757,Minor Arterial,Toronto and East York,Intersection,Stop Sign,Clear,Daylight,Dry,Non-Fatal Injury,Cyclist Collisions,Driver,60 to 64,,West,Going Ahead,Driving Properly,,,,,,,,Yes,Yes,,,,,,Yes,,,Moss Park
1423,Expressway,Etobicoke York,Mid-Block,No Control,Clear,Daylight,Dry,Non-Fatal Injury,Rear End,Driver,55 to 59,Major,West,Stopped,Driving Properly,,,,,,,,,Yes,,Yes,,,Yes,Yes,,,Alderwood
1115,Collector,Etobicoke York,Intersection,No Control,Clear,Daylight,Dry,Non-Fatal Injury,Pedestrian Collisions,Pedestrian,35 to 39,Major,East,,,Vehicle is going straight thru inter.while ped cross with ROW,Crossing with right of way,Normal,,,,Yes,,Yes,,,,,,Yes,,,Markland Wood
1037,Major Arterial,Scarborough,Intersection,Traffic Signal,Clear,Daylight,Dry,Non-Fatal Injury,Cyclist Collisions,Driver,45 to 49,,North,Turning Right,Driving Properly,,,,,,,,Yes,Yes,,,,,,,,,Steeles
1853,Major Arterial,Etobicoke York,Mid-Block,No Control,Clear,"Dark, artificial",Dry,Fatal,Pedestrian Collisions,Driver,40 to 44,,West,Changing Lanes,Other,,,,,,,Yes,,Yes,,,,,,,,,Etobicoke City Centre
609,Major Arterial,Toronto and East York,Intersection,Traffic Signal,Rain,"Dark, artificial",Wet,Non-Fatal Injury,Pedestrian Collisions,Driver,30 to 34,Major,North,Turning Left,Failed to Yield Right of Way,,,,,,,Yes,,Yes,,,,,,Yes,,,South Riverdale
2138,Major Arterial,Scarborough,Mid-Block,No Control,Clear,"Dark, artificial",Dry,Non-Fatal Injury,Turning Movement,Driver,20 to 24,,South,Going Ahead,Exceeding Speed Limit,,,,,,,,,Yes,,,,Yes,Yes,Yes,,,Eglinton East
1222,Major Arterial,Toronto and East York,Intersection,Traffic Signal,Clear,Daylight,Dry,Non-Fatal Injury,Cyclist Collisions,Driver,25 to 29,,East,Going Ahead,Driving Properly,,,,,,,,Yes,Yes,,,,Yes,,,,,Moss Park
2035,Major Arterial,Scarborough,Mid-Block,No Control,Clear,Dark,Dry,Fatal,Pedestrian Collisions,Driver,60 to 64,,East,Going Ahead,Driving Properly,,,,,,,Yes,,Yes,,,,,,,,,West Hill
835,Major Arterial,North York,Intersection,No Control,Clear,Daylight,Dry,Non-Fatal Injury,Turning Movement,Driver,60 to 64,,North,Turning Left,Improper Turn,,,,,,,,,Yes,,,,Yes,,,,,Banbury-Don Mills
1757,Minor Arterial,Toronto and East York,Intersection,Stop Sign,Clear,Daylight,Dry,Non-Fatal Injury,Cyclist Collisions,Cyclist,30 to 34,Major,East,Going Ahead,,,,,Motorist loses control and strikes cyclist.,Driving Properly,Normal,,Yes,Yes,,,,,,Yes,,,Moss Park
1853,Major Arterial,Etobicoke York,Mid-Block,No Control,Clear,"Dark, artificial",Dry,Fatal,Pedestrian Collisions,Pedestrian,75 to 79,Fatal,North,,,Pedestrian hit at mid-block,"Crossing, no Traffic Control",Normal,,,,Yes,,Yes,,,,,,,,,Etobicoke City Centre
1423,Expressway,Etobicoke York,Mid-Block,No Control,Clear,Daylight,Dry,Non-Fatal Injury,Rear End,Driver,55 to 59,Minimal,West,Stopped,Driving Properly,,,,,,,,,Yes,,Yes,,,Yes,Yes,,,Alderwood
609,Major Arterial,Toronto and East York,Intersection,Traffic Signal,Rain,"Dark, artificial",Wet,Non-Fatal Injury,Pedestrian Collisions,Pedestrian,20 to 24,Minor,North,,,Vehicle turns left while ped crosses with ROW at inter.,Crossing with right of way,Normal,,,,Yes,,Yes,,,,,,Yes,,,South Riverdale
2138,Major Arterial,Scarborough,Mid-Block,No Control,Clear,"Dark, artificial",Dry,Non-Fatal Injury,Turning Movement,Driver,50 to 54,Minor,North,Turning Left,Driving Properly,,,,,,,,,Yes,,,,Yes,Yes,Yes,,,Eglinton East
1222,Major Arterial,Toronto and East York,Intersection,Traffic Signal,Clear,Daylight,Dry,Non-Fatal Injury,Cyclist Collisions,Passenger,25 to 29,,,,,,,,,,,,Yes,Yes,,,,Yes,,,,,Moss Park
1222,Major Arterial,Toronto and East York,Intersection,Traffic Signal,Clear,Daylight,Dry,Non-Fatal Injury,Cyclist Collisions,Passenger,25 to 29,,,,,,,,,,,,Yes,Yes,,,,Yes,,,,,Moss Park
727,Major Arterial,Scarborough,Intersection,No Control,Rain,Dark,Wet,Non-Fatal Injury,Pedestrian Collisions,Driver,40 to 44,,West,Going Ahead,Driving Properly,,,,,,,Yes,,Yes,,,,,,Yes,,,Moss Park
2035,Major Arterial,Scarborough,Mid-Block,No Control,Clear,Dark,Dry,Fatal,Pedestrian Collisions,Pedestrian,70 to 74,Fatal,North,,,Pedestrian hit at mid-block,"Crossing, no Traffic Control",Unknown,,,,Yes,,Yes,,,,,,,,,West Hill
1748,Collector,Toronto and East York,Intersection,No Control,Clear,Daylight,Dry,Non-Fatal Injury,Cyclist Collisions,Driver,30 to 34,,South,Overtaking,Improper Passing,,,,,,,,Yes,Yes,,,,Yes,,Yes,,,Little Portugal
650,Major Arterial,Scarborough,Intersection,Traffic Signal,Clear,"Dark, artificial",Wet,Non-Fatal Injury,Angle,Driver,60 to 64,,South,Going Ahead,Disobeyed Traffic Control,,,,,,,,,Yes,,,,Yes,,Yes,Yes,,Bendale-Glen Andrew
2138,Major Arterial,Scarborough,Mid-Block,No Control,Clear,"Dark, artificial",Dry,Non-Fatal Injury,Turning Movement,Passenger,15 to 19,,,,,,,,,,,,,Yes,,,,Yes,Yes,Yes,,,Eglinton East
1914,Minor Arterial,Etobicoke York,Intersection,Traffic Signal,Clear,Daylight,Dry,Non-Fatal Injury,Pedestrian Collisions,Driver,80 to 84,,North,Turning Left,Failed to Yield Right of Way,,,,,,,Yes,,Yes,,,,Yes,,Yes,,,Etobicoke City Centre
2046,Collector,Scarborough,Mid-Block,No Control,Clear,Dark,Dry,Non-Fatal Injury,SMV Other,Motorcycle Driver,45 to 49,Major,North,Going Ahead,Lost control,,,,,,,,,,Yes,,,,,Yes,,,Morningside Heights
727,Major Arterial,Scarborough,Intersection,No Control,Rain,Dark,Wet,Non-Fatal Injury,Pedestrian Collisions,Pedestrian,35 to 39,Major,South,,,Pedestrian hit at mid-block,Running onto Roadway,Inattentive,,,,Yes,,Yes,,,,,,Yes,,,Moss Park
835,Major Arterial,North York,Intersection,No Control,Clear,Daylight,Dry,Non-Fatal Injury,Turning Movement,Driver,20 to 24,,South,Slowing or Stopping,Driving Properly,,,,,,,,,Yes,,,,Yes,,,,,Banbury-Don Mills
719,Major Arterial,North York,Intersection,Traffic Signal,Clear,Daylight,Dry,Non-Fatal Injury,Pedestrian Collisions,Driver,55 to 59,,West,Going Ahead,Driving Properly,,,,,,,Yes,,Yes,,,,,,,,,Wychwood
650,Major Arterial,Scarborough,Intersection,Traffic Signal,Clear,"Dark, artificial",Wet,Non-Fatal Injury,Angle,Driver,20 to 24,Major,West,Going Ahead,Driving Properly,,,,,,,,,Yes,,,,Yes,,Yes,Yes,,Bendale-Glen Andrew
719,Major Arterial,North York,Intersection,Traffic Signal,Clear,Daylight,Dry,Non-Fatal Injury,Pedestrian Collisions,Pedestrian,60 to 64,Major,South,,,Vehicle is going straight thru inter.while ped cross without ROW,Crossing without right of way,Inattentive,,,,Yes,,Yes,,,,,,,,,Wychwood
2355,Minor Arterial,Etobicoke York,Intersection,No Control,Clear,"Dark, artificial",Dry,Non-Fatal Injury,Approaching,Driver,unknown,,North,Going Ahead,Speed too Fast For Condition,,,,,,,,,Yes,,,,Yes,Yes,Yes,,,Stonegate-Queensway
1748,Collector,Toronto and East York,Intersection,No Control,Clear,Daylight,Dry,Non-Fatal Injury,Cyclist Collisions,Cyclist,15 to 19,Major,South,Going Ahead,,,,,Cyclist and Driver travelling in same direction. One vehicle sideswipes the other.,Driving Properly,Normal,,Yes,Yes,,,,Yes,,Yes,,,Little Portugal
1914,Minor Arterial,Etobicoke York,Intersection,Traffic Signal,Clear,Daylight,Dry,Non-Fatal Injury,Pedestrian Collisions,Passenger,35 to 39,,,,,,,,,,,Yes,,Yes,,,,Yes,,Yes,,,Etobicoke City Centre
2023,Major Arterial,Scarborough,Mid-Block,No Control,Clear,Dark,Dry,Fatal,Pedestrian Collisions,Pedestrian,30 to 34,Fatal,North,Going Ahead,,Pedestrian hit at mid-block,"Crossing, no Traffic Control",Inattentive,,,,Yes,,Yes,,,,,,,,,Tam O'Shanter-Sullivan
835,Major Arterial,North York,Intersection,No Control,Clear,Daylight,Dry,Non-Fatal Injury,Turning Movement,Passenger,25 to 29,Major,,,,,,,,,,,,Yes,,,,Yes,,,,,Banbury-Don Mills
650,Major Arterial,Scarborough,Intersection,Traffic Signal,Clear,"Dark, artificial",Wet,Non-Fatal Injury,Angle,Passenger,55 to 59,,,,,,,,,,,,,Yes,,,,Yes,,Yes,Yes,,Bendale-Glen Andrew
1015,Major Arterial,Scarborough,Intersection,Traffic Signal,Clear,Daylight,Dry,Non-Fatal Injury,Angle,Driver,55 to 59,,South,Going Ahead,Disobeyed Traffic Control,,,,,,,,,Yes,,,,Yes,,Yes,Yes,,Cliffcrest
2355,Minor Arterial,Etobicoke York,Intersection,No Control,Clear,"Dark, artificial",Dry,Non-Fatal Injury,Approaching,Driver,70 to 74,,South,Going Ahead,Driving Properly,,,,,,,,,Yes,,,,Yes,Yes,Yes,,,Stonegate-Queensway
1914,Minor Arterial,Etobicoke York,Intersection,Traffic Signal,Clear,Daylight,Dry,Non-Fatal Injury,Pedestrian Collisions,Passenger,5 to 9,,,,,,,,,,,Yes,,Yes,,,,Yes,,Yes,,,Etobicoke City Centre
602,Major Arterial,Scarborough,Mid-Block,No Control,Clear,Daylight,Dry,Non-Fatal Injury,Pedestrian Collisions,Driver,65 to 69,,East,Going Ahead,Driving Properly,,,,,,,Yes,,Yes,,,,Yes,,,,,L'Amoreaux West
2023,Major Arterial,Scarborough,Mid-Block,No Control,Clear,Dark,Dry,Fatal,Pedestrian Collisions,Driver,unknown,,East,Going Ahead,Other,,,,,,,Yes,,Yes,,,,,,,,,Tam O'Shanter-Sullivan
438,Major Arterial,Etobicoke York,Intersection,Traffic Signal,Clear,"Dark, artificial",Wet,Non-Fatal Injury,Pedestrian Collisions,Driver,unknown,,South,Going Ahead,Other,,,,,,,Yes,,,,,,,,,,,Corso Italia-Davenport
1748,Collector,Toronto and East York,Intersection,No Control,Clear,Daylight,Dry,Non-Fatal Injury,Cyclist Collisions,Passenger,25 to 29,,,,,,,,,,,,Yes,Yes,,,,Yes,,Yes,,,Little Portugal
1015,Major Arterial,Scarborough,Intersection,Traffic Signal,Clear,Daylight,Dry,Non-Fatal Injury,Angle,Driver,50 to 54,Minor,East,Going Ahead,Driving Properly,,,,,,,,,Yes,,,,Yes,,Yes,Yes,,Cliffcrest
1748,Collector,Toronto and East York,Intersection,No Control,Clear,Daylight,Dry,Non-Fatal Injury,Cyclist Collisions,Passenger,25 to 29,,,,,,,,,,,,Yes,Yes,,,,Yes,,Yes,,,Little Portugal
2355,Minor Arterial,Etobicoke York,Intersection,No Control,Clear,"Dark, artificial",Dry,Non-Fatal Injury,Approaching,Driver,30 to 34,Major,South,Going Ahead,Driving Properly,,,,,,,,,Yes,,,,Yes,Yes,Yes,,,Stonegate-Queensway
1914,Minor Arterial,Etobicoke York,Intersection,Traffic Signal,Clear,Daylight,Dry,Non-Fatal Injury,Pedestrian Collisions,Pedestrian,15 to 19,Major,South,,,Vehicle turns left while ped crosses with ROW at inter.,Crossing with right of way,Normal,,,,Yes,,Yes,,,,Yes,,Yes,,,Etobicoke City Centre
602,Major Arterial,Scarborough,Mid-Block,No Control,Clear,Daylight,Dry,Non-Fatal Injury,Pedestrian Collisions,Passenger,65 to 69,,,,,,,,,,,Yes,,Yes,,,,Yes,,,,,L'Amoreaux West
740,Major Arterial,North York,Intersection,Traffic Signal,Clear,Daylight,Dry,Non-Fatal Injury,Pedestrian Collisions,Driver,50 to 54,,East,Turning Left,Failed to Yield Right of Way,,,,,,,Yes,,Yes,,,,,,Yes,,,Rosedale-Moore Park
438,Major Arterial,Etobicoke York,Intersection,Traffic Signal,Clear,"Dark, artificial",Wet,Non-Fatal Injury,Pedestrian Collisions,Pedestrian,30 to 34,Major,West,,,Unknown,Other,Normal,,,,Yes,,,,,,,,,,,Corso Italia-Davenport
1015,Major Arterial,Scarborough,Intersection,Traffic Signal,Clear,Daylight,Dry,Non-Fatal Injury,Angle,Driver,30 to 34,,North,Stopped,Driving Properly,,,,,,,,,Yes,,,,Yes,,Yes,Yes,,Cliffcrest
1405,Local,Etobicoke York,Mid-Block,No Control,Clear,Daylight,Dry,Fatal,SMV Other,Passenger,50 to 54,Fatal,,,,,,,,,,,,Yes,,,,Yes,,Yes,,,West Humber-Clairville
2147,Major Arterial,Toronto and East York,Mid-Block,No Control,Clear,"Dark, artificial",Dry,Non-Fatal Injury,Pedestrian Collisions,Driver,30 to 34,,West,Going Ahead,Driving Properly,,,,,,,Yes,,Yes,,,Yes,Yes,,,,,Little Portugal
1328,Local,North York,Mid-Block,No Control,Clear,Daylight,Dry,Fatal,SMV Other,Driver,20 to 24,,South,Reversing,Other,,,,,,,,,,,Yes,,Yes,,,,,Bridle Path-Sunnybrook-York Mills
740,Major Arterial,North York,Intersection,Traffic Signal,Clear,Daylight,Dry,Non-Fatal Injury,Pedestrian Collisions,Pedestrian,70 to 74,Major,West,,,Vehicle turns left while ped crosses with ROW at inter.,Crossing with right of way,Normal,,,,Yes,,Yes,,,,,,Yes,,,Rosedale-Moore Park
602,Major Arterial,Scarborough,Mid-Block,No Control,Clear,Daylight,Dry,Non-Fatal Injury,Pedestrian Collisions,Pedestrian,30 to 34,Major,North,,,Pedestrian hit at mid-block,"Crossing, no Traffic Control",Inattentive,,,,Yes,,Yes,,,,Yes,,,,,L'Amoreaux West
1015,Major Arterial,Scarborough,Intersection,Traffic Signal,Clear,Daylight,Dry,Non-Fatal Injury,Angle,Passenger,60 to 64,Major,,,,,,,,,,,,Yes,,,,Yes,,Yes,Yes,,Cliffcrest
1405,Local,Etobicoke York,Mid-Block,No Control,Clear,Daylight,Dry,Fatal,SMV Other,Driver,unknown,,West,Going Ahead,Lost control,,,,,,,,,Yes,,,,Yes,,Yes,,,West Humber-Clairville
2147,Major Arterial,Toronto and East York,Mid-Block,No Control,Clear,"Dark, artificial",Dry,Non-Fatal Injury,Pedestrian Collisions,Driver - Not Hit,30 to 34,,East,,,,,,,,,Yes,,Yes,,,Yes,Yes,,,,,Little Portugal
1328,Local,North York,Mid-Block,No Control,Clear,Daylight,Dry,Fatal,SMV Other,Passenger,25 to 29,Fatal,,,,,,,,,,,,,,Yes,,Yes,,,,,Bridle Path-Sunnybrook-York Mills
1105,Major Arterial,Etobicoke York,Mid-Block,No Control,Clear,Daylight,Dry,Non-Fatal Injury,Angle,Driver,80 to 84,Major,East,Going Ahead,Failed to Yield Right of Way,,,,,,,,,Yes,,,,,,Yes,,,West Humber-Clairville
1746,Local,Etobicoke York,Intersection,No Control,Clear,Daylight,Dry,Non-Fatal Injury,Cyclist Collisions,Driver,65 to 69,,West,Turning Right,Failed to Yield Right of Way,,,,,,,,Yes,Yes,,,,,,Yes,,,Mount Olive-Silverstone-Jamestown
1015,Major Arterial,Scarborough,Intersection,Traffic Signal,Clear,Daylight,Dry,Non-Fatal Injury,Angle,Passenger,25 to 29,,,,,,,,,,,,,Yes,,,,Yes,,Yes,Yes,,Cliffcrest
2147,Major Arterial,Toronto and East York,Mid-Block,No Control,Clear,"Dark, artificial",Dry,Non-Fatal Injury,Pedestrian Collisions,Passenger,30 to 34,,,,,,,,,,,Yes,,Yes,,,Yes,Yes,,,,,Little Portugal
1325,Major Arterial,North York,Intersection,Traffic Signal,Clear,Daylight,Dry,Non-Fatal Injury,Pedestrian Collisions,Driver,35 to 39,,West,Turning Left,Failed to Yield Right of Way,,,,,,,Yes,,Yes,,,,,,Yes,,,Lansing-Westgate
2236,Major Arterial,Toronto and East York,Intersection,Traffic Signal,Clear,"Dark, artificial",Dry,Non-Fatal Injury,Turning Movement,Driver,20 to 24,,West,Turning Right,Improper Turn,,,,,,,,,Yes,Yes,,,Yes,,Yes,,,Fort York-Liberty Village
1105,Major Arterial,Etobicoke York,Mid-Block,No Control,Clear,Daylight,Dry,Non-Fatal Injury,Angle,Driver,20 to 24,,South,Going Ahead,Driving Properly,,,,,,,,,Yes,,,,,,Yes,,,West Humber-Clairville
1746,Local,Etobicoke York,Intersection,No Control,Clear,Daylight,Dry,Non-Fatal Injury,Cyclist Collisions,Cyclist,55 to 59,Major,East,Going Ahead,,,,,"Motorist turns right at non-signal Inter.(stop, yield, no cont.,and dwy) and strikes cyclist.",Driving Properly,Normal,,Yes,Yes,,,,,,Yes,,,Mount Olive-Silverstone-Jamestown
635,Minor Arterial,Toronto and East York,Intersection,Stop Sign,Clear,Daylight,Dry,Non-Fatal Injury,SMV Other,Driver,40 to 44,Major,East,Going Ahead,Lost control,,,,,,,,,Yes,,,,,,,,,Woodbine-Lumsden