TIME,ROAD_CLASS,DISTRICT,LOCCOORD,TRAFFCTL,VISIBILITY,LIGHT,RDSFCOND,ACCLASS,IMPACTYPE,INVTYPE,INVAGE,INJURY,INITDIR,MANOEUVER,DRIVACT,PEDTYPE,PEDACT,PEDCOND,CYCLISTYPE,CYCACT,CYCCOND,PEDESTRIAN,CYCLIST,AUTOMOBILE,MOTORCYCLE,TRUCK,TRSN_CITY_VEH,PASSENGER,SPEEDING,AG_DRIV,REDLIGHT,ALCOHOL,NEIGHBOURHOOD_158
1325,Major Arterial,North York,Intersection,Traffic Signal,Clear,Daylight,Dry,Non-Fatal Injury,Pedestrian Collisions,Pedestrian,30 to 34,Major,East,,,Vehicle turns left while ped crosses with ROW at inter.,Crossing with right of way,Normal,,,,Yes,,Yes,,,,,,Yes,,,Lansing-Westgate
2236,Major Arterial,Toronto and East York,Intersection,Traffic Signal,Clear,"Dark, artificial",Dry,Non-Fatal Injury,Turning Movement,Motorcycle Driver,20 to 24,Major,West,Going Ahead,Driving Properly,,,,,,,,,Yes,Yes,,,Yes,,Yes,,,Fort York-Liberty Village
1609,Major Arterial,Scarborough,Mid-Block,No Control,Clear,Daylight,Dry,Non-Fatal Injury,Pedestrian Collisions,Driver,15 to 19,,North,Going Ahead,Driving Properly,,,,,,,Yes,,Yes,,,,Yes,,,,,Pleasant View
1448,Minor Arterial,Etobicoke York,Mid-Block,No Control,Clear,Daylight,Dry,Non-Fatal Injury,Angle,Motorcycle Driver,20 to 24,Major,North,Going Ahead,Exceeding Speed Limit,,,,,,,,,Yes,Yes,,,,Yes,Yes,,,Etobicoke West Mall
735,Minor Arterial,Toronto and East York,Intersection,No Control,Clear,"Daylight, artificial",Dry,Non-Fatal Injury,Cyclist Collisions,Driver,40 to 44,,West,Turning Left,Failed to Yield Right of Way,,,,,,,,Yes,Yes,,,,,,Yes,,,Wychwood
1448,Minor Arterial,Etobicoke York,Mid-Block,No Control,Clear,Daylight,Dry,Non-Fatal Injury,Angle,Driver,30 to 34,,West,Going Ahead,Failed to Yield Right of Way,,,,,,,,,Yes,Yes,,,,Yes,Yes,,,Etobicoke West Mall
1920,Major Arterial,Toronto and East York,Intersection,Traffic Signal,Clear,"Dark, artificial",Dry,Non-Fatal Injury,Pedestrian Collisions,Driver,45 to 49,,West,Turning Left,Failed to Yield Right of Way,,,,,,,Yes,,Yes,,,,,,Yes,,,Yonge-Bay Corridor
1609,Major Arterial,Scarborough,Mid-Block,No Control,Clear,Daylight,Dry,Non-Fatal Injury,Pedestrian Collisions,Pedestrian,65 to 69,Major,West,,,Pedestrian hit at mid-block,"Crossing, no Traffic Control",Inattentive,,,,Yes,,Yes,,,,Yes,,,,,Pleasant View
2147,Major Arterial,Toronto and East York,Mid-Block,No Control,Clear,"Dark, artificial",Dry,Non-Fatal Injury,Pedestrian Collisions,Pedestrian,35 to 39,Major,North,,,Pedestrian involved in a collision with transit vehicle anywhere along roadway,"Crossing, no Traffic Control","Ability Impaired, Alcohol Over .80",,,,Yes,,Yes,,,Yes,Yes,,,,,Little Portugal
2236,Major Arterial,Toronto and East York,Intersection,Traffic Signal,Clear,"Dark, artificial",Dry,Non-Fatal Injury,Turning Movement,Passenger,20 to 24,,,,,,,,,,,,,Yes,Yes,,,Yes,,Yes,,,Fort York-Liberty Village
2123,Major Arterial,Toronto and East York,Intersection,Traffic Signal,Clear,Daylight,Dry,Non-Fatal Injury,Turning Movement,Motorcycle Driver,35 to 39,Major,North,Going Ahead,Disobeyed Traffic Control,,,,,,,,,Yes,Yes,,,Yes,Yes,Yes,Yes,,East End-Danforth
1448,Minor Arterial,Etobicoke York,Mid-Block,No Control,Clear,Daylight,Dry,Non-Fatal Injury,Angle,Motorcycle Driver,unknown,,North,Going Ahead,Exceeding Speed Limit,,,,,,,,,Yes,Yes,,,,Yes,Yes,,,Etobicoke West Mall
1920,Major Arterial,Toronto and East York,Intersection,Traffic Signal,Clear,"Dark, artificial",Dry,Non-Fatal Injury,Pedestrian Collisions,Pedestrian,60 to 64,Major,East,,,Vehicle turns left while ped crosses with ROW at inter.,Crossing with right of way,Normal,,,,Yes,,Yes,,,,,,Yes,,,Yonge-Bay Corridor
1609,Major Arterial,Scarborough,Mid-Block,No Control,Clear,Daylight,Dry,Non-Fatal Injury,Pedestrian Collisions,Passenger,15 to 19,,,,,,,,,,,Yes,,Yes,,,,Yes,,,,,Pleasant View
2237,Major Arterial,Etobicoke York,Intersection,Traffic Signal,Clear,Dark,Dry,Fatal,Turning Movement,Driver,65 to 69,,North,Turning Left,Failed to Yield Right of Way,,,,,,,,,Yes,Yes,,,,,Yes,,,Thistletown-Beaumond Heights
2123,Major Arterial,Toronto and East York,Intersection,Traffic Signal,Clear,Daylight,Dry,Non-Fatal Injury,Turning Movement,Driver,45 to 49,,South,Turning Left,Driving Properly,,,,,,,,,Yes,Yes,,,Yes,Yes,Yes,Yes,,East End-Danforth
1609,Major Arterial,Scarborough,Mid-Block,No Control,Clear,Daylight,Dry,Non-Fatal Injury,Pedestrian Collisions,Passenger,15 to 19,,,,,,,,,,,Yes,,Yes,,,,Yes,,,,,Pleasant View
1802,Minor Arterial,Scarborough,Intersection,Stop Sign,Clear,Daylight,Dry,Non-Fatal Injury,Cyclist Collisions,Driver,20 to 24,,South,Turning Right,Failed to Yield Right of Way,,,,,,,,Yes,Yes,,,,,,Yes,,,Tam O'Shanter-Sullivan
2123,Major Arterial,Toronto and East York,Intersection,Traffic Signal,Clear,Daylight,Dry,Non-Fatal Injury,Turning Movement,Motorcycle Passenger,35 to 39,Major,,,,,,,,,,,,Yes,Yes,,,Yes,Yes,Yes,Yes,,East End-Danforth
2237,Major Arterial,Etobicoke York,Intersection,Traffic Signal,Clear,Dark,Dry,Fatal,Turning Movement,Motorcycle Driver,25 to 29,Fatal,South,Going Ahead,Driving Properly,,,,,,,,,Yes,Yes,,,,,Yes,,,Thistletown-Beaumond Heights
1609,Major Arterial,Scarborough,Mid-Block,No Control,Clear,Daylight,Dry,Non-Fatal Injury,Pedestrian Collisions,Passenger,15 to 19,,,,,,,,,,,Yes,,Yes,,,,Yes,,,,,Pleasant View
1802,Minor Arterial,Scarborough,Intersection,Stop Sign,Clear,Daylight,Dry,Non-Fatal Injury,Cyclist Collisions,Cyclist,30 to 34,Major,East,Going Ahead,,,,,"Motorist turns right at non-signal Inter.(stop, yield, no cont.,and dwy) and strikes cyclist.",Driving Properly,Normal,,Yes,Yes,,,,,,Yes,,,Tam O'Shanter-Sullivan
1609,Major Arterial,Scarborough,Mid-Block,No Control,Clear,Daylight,Dry,Non-Fatal Injury,Pedestrian Collisions,Passenger,15 to 19,,,,,,,,,,,Yes,,Yes,,,,Yes,,,,,Pleasant View
1755,Expressway Ramp,Toronto and East York,Mid-Block,No Control,Clear,Daylight,Dry,Non-Fatal Injury,Pedestrian Collisions,Pedestrian,25 to 29,Major,Unknown,,,Pedestrian hit at mid-block,Other,Other,,,,Yes,,Yes,,,,,,,,,St Lawrence-East Bayfront-The Islands
1800,Major Arterial,Scarborough,Mid-Block,No Control,Clear,Daylight,Dry,Non-Fatal Injury,SMV Other,Driver,70 to 74,Major,North,Going Ahead,Other,,,,,,,,,Yes,,,,,,,,,Dorset Park
1055,Major Arterial,North York,Intersection,Traffic Signal,Clear,"Daylight, artificial",Wet,Non-Fatal Injury,Pedestrian Collisions,Pedestrian,80 to 84,Major,South,,,Pedestrian involved in a collision with transit vehicle anywhere along roadway,"Crossing, no Traffic Control",Normal,,,,Yes,,,,,Yes,,,,,,South Parkdale
2310,Major Arterial,Scarborough,Intersection,Traffic Signal,Clear,"Dark, artificial",Dry,Non-Fatal Injury,Turning Movement,Motorcycle Driver,20 to 24,Major,North,Going Ahead,Driving Properly,,,,,,,,,Yes,Yes,,,,,Yes,,,Agincourt South-Malvern West
1834,Major Arterial,Scarborough,Mid-Block,No Control,Clear,"Dark, artificial",Wet,Fatal,Pedestrian Collisions,Pedestrian,15 to 19,Fatal,Unknown,,,Pedestrian hit on sidewalk or shoulder,On Sidewalk or Shoulder,Unknown,,,,Yes,,Yes,,,,,,,,Yes,Woburn North
616,Major Arterial,Etobicoke York,Intersection,Stop Sign,Clear,Daylight,Dry,Fatal,Pedestrian Collisions,Driver,20 to 24,,South,Going Ahead,Driving Properly,,,,,,,Yes,,Yes,,,,,,,,Yes,Mount Olive-Silverstone-Jamestown
1834,Major Arterial,Scarborough,Mid-Block,No Control,Clear,"Dark, artificial",Wet,Fatal,Pedestrian Collisions,Pedestrian,20 to 24,Major,Unknown,,,Pedestrian hit on sidewalk or shoulder,On Sidewalk or Shoulder,Unknown,,,,Yes,,Yes,,,,,,,,Yes,Woburn North
219,Expressway,Toronto and East York,Mid-Block,No Control,Rain,"Dark, artificial",Wet,Non-Fatal Injury,SMV Other,Passenger,20 to 24,Major,,,,,,,,,,,,Yes,,,,Yes,Yes,Yes,,,South Parkdale
653,Major Arterial,Etobicoke York,Mid-Block,No Control,Clear,"Dark, artificial",Dry,Non-Fatal Injury,Pedestrian Collisions,Driver,50 to 54,,South,Going Ahead,Driving Properly,,,,,,,Yes,,Yes,,,,,,,,,Oakdale-Beverley Heights
616,Major Arterial,Etobicoke York,Intersection,Stop Sign,Clear,Daylight,Dry,Fatal,Pedestrian Collisions,Pedestrian,60 to 64,Fatal,East,,,Vehicle is going straight thru inter.while ped cross without ROW,Crossing without right of way,Inattentive,,,,Yes,,Yes,,,,,,,,Yes,Mount Olive-Silverstone-Jamestown
2125,Local,Etobicoke York,Intersection,No Control,Clear,"Dark, artificial",Dry,Non-Fatal Injury,Pedestrian Collisions,Driver,30 to 34,,West,Going Ahead,Lost control,,,,,,,Yes,,,,,Yes,,,,,,Corso Italia-Davenport
2125,Local,Etobicoke York,Intersection,No Control,Clear,"Dark, artificial",Dry,Non-Fatal Injury,Pedestrian Collisions,Pedestrian,50 to 54,Major,South,,,Vehicle is going straight thru inter.while ped cross without ROW,Crossing without right of way,Normal,,,,Yes,,,,,Yes,,,,,,Corso Italia-Davenport
1101,Major Arterial,North York,Intersection,Traffic Signal,Clear,Daylight,Dry,Non-Fatal Injury,Pedestrian Collisions,Driver,35 to 39,,South,Going Ahead,Driving Properly,,,,,,,Yes,,Yes,,,,Yes,,,,,Bathurst Manor
1101,Major Arterial,North York,Intersection,Traffic Signal,Clear,Daylight,Dry,Non-Fatal Injury,Pedestrian Collisions,Passenger,45 to 49,,,,,,,,,,,Yes,,Yes,,,,Yes,,,,,Bathurst Manor
1101,Major Arterial,North York,Intersection,Traffic Signal,Clear,Daylight,Dry,Non-Fatal Injury,Pedestrian Collisions,Pedestrian,45 to 49,Major,West,,,Vehicle is going straight thru inter.while ped cross without ROW,Crossing without right of way,Normal,,,,Yes,,Yes,,,,Yes,,,,,Bathurst Manor
1812,Major Arterial,Toronto and East York,Intersection,Traffic Signal,Clear,Daylight,Dry,Fatal,Cyclist Collisions,Cyclist,35 to 39,Fatal,East,Going Ahead,,,,,"Cyclist loses control and strikes object (pole, ttc track)",Lost control,Unknown,,Yes,Yes,,,,,,,,,Kensington-Chinatown
1812,Major Arterial,Toronto and East York,Intersection,Traffic Signal,Clear,Daylight,Dry,Fatal,Cyclist Collisions,Driver,65 to 69,,East,Going Ahead,Driving Properly,,,,,,,,Yes,Yes,,,,,,,,,Kensington-Chinatown
2058,Local,Scarborough,Intersection,No Control,Clear,"Dark, artificial",Dry,Non-Fatal Injury,Pedestrian Collisions,Driver,40 to 44,,East,Turning Left,Improper Turn,,,,,,,Yes,,Yes,,,,,,,,,Morningside Heights
2058,Local,Scarborough,Intersection,No Control,Clear,"Dark, artificial",Dry,Non-Fatal Injury,Pedestrian Collisions,Pedestrian,20 to 24,Major,East,,,Vehicle turns left while ped crosses with ROW at inter.,Crossing with right of way,Normal,,,,Yes,,Yes,,,,,,,,,Morningside Heights
615,Major Arterial,Scarborough,Intersection,Traffic Signal,Clear,Dark,Dry,Non-Fatal Injury,Pedestrian Collisions,Truck Driver,60 to 64,,North,Turning Left,Failed to Yield Right of Way,,,,,,,Yes,,,,Yes,,,,Yes,,,Wexford/Maryvale
615,Major Arterial,Scarborough,Intersection,Traffic Signal,Clear,Dark,Dry,Non-Fatal Injury,Pedestrian Collisions,Pedestrian,55 to 59,Major,North,,,Vehicle turns left while ped crosses with ROW at inter.,Crossing with right of way,Normal,,,,Yes,,,,Yes,,,,Yes,,,Wexford/Maryvale
1350,Major Arterial,Etobicoke York,Mid-Block,No Control,Clear,Daylight,Dry,Non-Fatal Injury,Turning Movement,Driver,75 to 79,,West,Turning Left,Failed to Yield Right of Way,,,,,,,,,Yes,Yes,,,,,Yes,,,Oakdale-Beverley Heights
1350,Major Arterial,Etobicoke York,Mid-Block,No Control,Clear,Daylight,Dry,Non-Fatal Injury,Turning Movement,Motorcycle Driver,40 to 44,Major,East,Going Ahead,Driving Properly,,,,,,,,,Yes,Yes,,,,,Yes,,,Oakdale-Beverley Heights
2314,Expressway,North York,Mid-Block,No Control,Clear,Dark,Dry,Non-Fatal Injury,SMV Other,Motorcycle Driver,30 to 34,Major,South,Going Ahead,Lost control,,,,,,,,,,Yes,,,,Yes,Yes,,,Banbury-Don Mills
1137,Major Arterial,Scarborough,Intersection,Traffic Signal,Clear,Daylight,Dry,Non-Fatal Injury,SMV Other,Driver,75 to 79,Major,South,Going Ahead,Lost control,,,,,,,,,Yes,,,,,,,,,Bendale-Glen Andrew
1754,Major Arterial,Scarborough,Intersection,Traffic Signal,Clear,Daylight,Dry,Non-Fatal Injury,Rear End,Driver,60 to 64,,West,Going Ahead,Following too Close,,,,,,,,,Yes,,,,Yes,,Yes,,,Clairlea-Birchmount
1754,Major Arterial,Scarborough,Intersection,Traffic Signal,Clear,Daylight,Dry,Non-Fatal Injury,Rear End,Driver,70 to 74,Major,West,Stopped,Driving Properly,,,,,,,,,Yes,,,,Yes,,Yes,,,Clairlea-Birchmount
1754,Major Arterial,Scarborough,Intersection,Traffic Signal,Clear,Daylight,Dry,Non-Fatal Injury,Rear End,Passenger,65 to 69,,,,,,,,,,,,,Yes,,,,Yes,,Yes,,,Clairlea-Birchmount
33,Expressway,North York,Mid-Block,No Control,Clear,"Dark, artificial",Dry,Non-Fatal Injury,Rear End,Motorcycle Driver,35 to 39,Major,North,Going Ahead,Lost control,,,,,,,,,Yes,Yes,,,,Yes,Yes,,,Flemingdon Park
33,Expressway,North York,Mid-Block,No Control,Clear,"Dark, artificial",Dry,Non-Fatal Injury,Rear End,Driver,40 to 44,,North,Going Ahead,Driving Properly,,,,,,,,,Yes,Yes,,,,Yes,Yes,,,Flemingdon Park
1625,Major Arterial,Scarborough,Intersection,Traffic Signal,Clear,Daylight,Dry,Non-Fatal Injury,Pedestrian Collisions,Driver,70 to 74,,West,Turning Left,Failed to Yield Right of Way,,,,,,,Yes,,Yes,,,,,,Yes,,,Agincourt North
1625,Major Arterial,Scarborough,Intersection,Traffic Signal,Clear,Daylight,Dry,Non-Fatal Injury,Pedestrian Collisions,Pedestrian,80 to 84,Major,East,,,Vehicle turns left while ped crosses with ROW at inter.,Crossing with right of way,Normal,,,,Yes,,Yes,,,,,,Yes,,,Agincourt North
1152,Major Arterial,Toronto and East York,Intersection,Stop Sign,Rain,Daylight,Wet,Non-Fatal Injury,Turning Movement,Driver,30 to 34,,South,Turning Right,Improper Turn,,,,,,,,,Yes,,,,Yes,,Yes,,,Moss Park
1152,Major Arterial,Toronto and East York,Intersection,Stop Sign,Rain,Daylight,Wet,Non-Fatal Injury,Turning Movement,Driver,35 to 39,Major,North,Going Ahead,Other,,,,,,,,,Yes,,,,Yes,,Yes,,,Moss Park
1152,Major Arterial,Toronto and East York,Intersection,Stop Sign,Rain,Daylight,Wet,Non-Fatal Injury,Turning Movement,Passenger,30 to 34,,,,,,,,,,,,,Yes,,,,Yes,,Yes,,,Moss Park
1906,Major Arterial,North York,Intersection,Traffic Signal,Rain,"Dark, artificial",Wet,Non-Fatal Injury,Pedestrian Collisions,Driver,20 to 24,,West,Turning Left,Improper Turn,,,,,,,Yes,,Yes,,,,,,,,,Bathurst Manor
1906,Major Arterial,North York,Intersection,Traffic Signal,Rain,"Dark, artificial",Wet,Non-Fatal Injury,Pedestrian Collisions,Pedestrian,80 to 84,Major,West,,,Vehicle turns left while ped crosses with ROW at inter.,Crossing with right of way,Normal,,,,Yes,,Yes,,,,,,,,,Bathurst Manor
1,Major Arterial,Toronto and East York,Mid-Block,Traffic Signal,Clear,"Dark, artificial",Wet,Non-Fatal Injury,Pedestrian Collisions,Driver,25 to 29,,North,Going Ahead,Driving Properly,,,,,,,Yes,,Yes,,,,,,,,,Bay-Cloverhill
1,Major Arterial,Toronto and East York,Mid-Block,Traffic Signal,Clear,"Dark, artificial",Wet,Non-Fatal Injury,Pedestrian Collisions,Pedestrian,25 to 29,Major,West,,,Pedestrian hit at mid-block,Running onto Roadway,Inattentive,,,,Yes,,Yes,,,,,,,,,Bay-Cloverhill
1,Major Arterial,Toronto and East York,Mid-Block,Traffic Signal,Clear,"Dark, artificial",Wet,Non-Fatal Injury,Pedestrian Collisions,,40 to 44,,,,,,,,,,,Yes,,Yes,,,,,,,,,Bay-Cloverhill
712,Major Arterial,North York,Intersection,Traffic Signal,Clear,Daylight,Dry,Non-Fatal Injury,Pedestrian Collisions,Driver,55 to 59,,North,Going Ahead,Driving Properly,,,,,,,Yes,,Yes,,,,,,,,,Glenfield-Jane Heights
712,Major Arterial,North York,Intersection,Traffic Signal,Clear,Daylight,Dry,Non-Fatal Injury,Pedestrian Collisions,Pedestrian,60 to 64,Major,West,,,Vehicle is going straight thru inter.while ped cross without ROW,Crossing without right of way,Inattentive,,,,Yes,,Yes,,,,,,,,,Glenfield-Jane Heights
1640,Major Arterial,North York,Mid-Block,No Control,Clear,Daylight,Dry,Non-Fatal Injury,Pedestrian Collisions,Driver,30 to 34,,South,Going Ahead,Driving Properly,,,,,,,Yes,,Yes,,,,,,,,,Bathurst Manor
1640,Major Arterial,North York,Mid-Block,No Control,Clear,Daylight,Dry,Non-Fatal Injury,Pedestrian Collisions,Pedestrian,15 to 19,Major,Unknown,,,Pedestrian hit at mid-block,Other,Inattentive,,,,Yes,,Yes,,,,,,,,,Bathurst Manor
2312,Major Arterial,Toronto and East York,Intersection,Traffic Signal,Clear,"Dusk, artificial",Dry,Non-Fatal Injury,Pedestrian Collisions,Driver,55 to 59,,West,Turning Right,Failed to Yield Right of Way,,,,,,,Yes,,Yes,,,,,,Yes,,,Yonge-Bay Corridor
2312,Major Arterial,Toronto and East York,Intersection,Traffic Signal,Clear,"Dusk, artificial",Dry,Non-Fatal Injury,Pedestrian Collisions,Pedestrian,65 to 69,Major,West,,,Vehicle turns right while ped crosses with ROW at inter.,Crossing with right of way,Normal,,,,Yes,,Yes,,,,,,Yes,,,Yonge-Bay Corridor
300,Minor Arterial,Toronto and East York,Intersection,Traffic Signal,Clear,Dark,Dry,Non-Fatal Injury,SMV Other,Driver,10 to 14,Major,North,Going Ahead,Lost control,,,,,,,,,Yes,,,,Yes,Yes,Yes,,,Dufferin Grove
300,Minor Arterial,Toronto and East York,Intersection,Traffic Signal,Clear,Dark,Dry,Non-Fatal Injury,SMV Other,Passenger,10 to 14,Minor,,,,,,,,,,,,Yes,,,,Yes,Yes,Yes,,,Dufferin Grove
300,Minor Arterial,Toronto and East York,Intersection,Traffic Signal,Clear,Dark,Dry,Non-Fatal Injury,SMV Other,Passenger,10 to 14,,,,,,,,,,,,,Yes,,,,Yes,Yes,Yes,,,Dufferin Grove
300,Minor Arterial,Toronto and East York,Intersection,Traffic Signal,Clear,Dark,Dry,Non-Fatal Injury,SMV Other,Passenger,15 to 19,,,,,,,,,,,,,Yes,,,,Yes,Yes,Yes,,,Dufferin Grove
1410,Major Arterial,North York,Intersection,Traffic Signal,Rain,Daylight,Wet,Non-Fatal Injury,Pedestrian Collisions,Driver,unknown,,East,Turning Right,Improper Turn,,,,,,,Yes,,Yes,,,,,,,,,Bedford Park-Nortown
1410,Major Arterial,North York,Intersection,Traffic Signal,Rain,Daylight,Wet,Non-Fatal Injury,Pedestrian Collisions,Pedestrian,70 to 74,Major,East,,,Vehicle turns right while ped crosses with ROW at inter.,Crossing with right of way,Normal,,,,Yes,,Yes,,,,,,,,,Bedford Park-Nortown
2330,Major Arterial,Toronto and East York,Mid-Block,No Control,Clear,"Dark, artificial",Dry,Fatal,SMV Unattended Vehicle,Other,unknown,,East,Parked,,,,,,,,,,Yes,Yes,,,,,,,,Little Portugal
2330,Major Arterial,Toronto and East York,Mid-Block,No Control,Clear,"Dark, artificial",Dry,Fatal,SMV Unattended Vehicle,Motorcycle Driver,35 to 39,Fatal,West,Going Ahead,Lost control,,,,,,,,,Yes,Yes,,,,,,,,Little Portugal
1759,Major Arterial,Etobicoke York,Intersection,Stop Sign,Clear,Daylight,Dry,Non-Fatal Injury,Turning Movement,Driver,35 to 39,,North,Turning Left,Improper Turn,,,,,,,,,Yes,Yes,,,,,,,,Mount Dennis
1759,Major Arterial,Etobicoke York,Intersection,Stop Sign,Clear,Daylight,Dry,Non-Fatal Injury,Turning Movement,Motorcycle Driver,45 to 49,Major,South,Going Ahead,Driving Properly,,,,,,,,,Yes,Yes,,,,,,,,Mount Dennis
1120,Major Arterial,Etobicoke York,Intersection,Traffic Signal,Clear,Daylight,Dry,Non-Fatal Injury,Cyclist Collisions,Driver,45 to 49,,South,Turning Left,Failed to Yield Right of Way,,,,,,,,Yes,Yes,,,,,,Yes,,,The Beaches
1120,Major Arterial,Etobicoke York,Intersection,Traffic Signal,Clear,Daylight,Dry,Non-Fatal Injury,Cyclist Collisions,Cyclist,40 to 44,Major,North,Going Ahead,,,,,Motorist turned left across cyclists path.,Driving Properly,Normal,,Yes,Yes,,,,,,Yes,,,The Beaches
2030,Major Arterial,Scarborough,Intersection,Traffic Signal,Clear,"Dusk, artificial",Dry,Non-Fatal Injury,Cyclist Collisions,Cyclist,15 to 19,Major,North,Going Ahead,,,,,"Cyclist without ROW rides into path of motorist at inter, lnwy, dwy-Cyclist not turn.",Failed to Yield Right of Way,Inattentive,,Yes,,Yes,,,,,,,,Birchcliffe-Cliffside
2030,Major Arterial,Scarborough,Intersection,Traffic Signal,Clear,"Dusk, artificial",Dry,Non-Fatal Injury,Cyclist Collisions,Motorcycle Driver,30 to 34,Minimal,West,Going Ahead,Driving Properly,,,,,,,,Yes,,Yes,,,,,,,,Birchcliffe-Cliffside
2250,Major Arterial,Scarborough,Mid-Block,No Control,Rain,"Dark, artificial",Wet,Property Damage Only,SMV Other,Driver,20 to 24,Major,South,Going Ahead,Lost control,,,,,,,,,Yes,,,,,,,,,Agincourt North
2250,Major Arterial,Scarborough,Mid-Block,No Control,Rain,"Dark, artificial",Wet,Property Damage Only,SMV Other,Other,20 to 24,Major,,,,,,,,,,,,Yes,,,,,,,,,Agincourt North
2250,Major Arterial,Scarborough,Mid-Block,No Control,Rain,"Dark, artificial",Wet,Property Damage Only,SMV Other,Other,25 to 29,Major,,,,,,,,,,,,Yes,,,,,,,,,Agincourt North
2250,Major Arterial,Scarborough,Mid-Block,No Control,Rain,"Dark, artificial",Wet,Property Damage Only,SMV Other,Other,20 to 24,Major,,,,,,,,,,,,Yes,,,,,,,,,Agincourt North
906,Major Arterial,Etobicoke York,Intersection,Traffic Signal,Clear,Daylight,Dry,Non-Fatal Injury,Pedestrian Collisions,Driver,30 to 34,,East,Turning Right,Failed to Yield Right of Way,,,,,,,Yes,,Yes,,,,,,Yes,,,Mount Olive-Silverstone-Jamestown
906,Major Arterial,Etobicoke York,Intersection,Traffic Signal,Clear,Daylight,Dry,Non-Fatal Injury,Pedestrian Collisions,Pedestrian,55 to 59,Major,South,,,Vehicle turns right while ped crosses with ROW at inter.,Crossing with right of way,Normal,,,,Yes,,Yes,,,,,,Yes,,,Mount Olive-Silverstone-Jamestown
1622,Minor Arterial,Etobicoke York,Mid-Block,No Control,Clear,Daylight,Dry,Non-Fatal Injury,Rear End,Driver,50 to 54,,North,Going Ahead,Lost control,,,,,,,,,Yes,,,,,,,,,Junction Area
1622,Minor Arterial,Etobicoke York,Mid-Block,No Control,Clear,Daylight,Dry,Non-Fatal Injury,Rear End,Driver,50 to 54,Major,North,Stopped,Driving Properly,,,,,,,,,Yes,,,,,,,,,Junction Area
1622,Minor Arterial,Etobicoke York,Mid-Block,No Control,Clear,Daylight,Dry,Non-Fatal Injury,Rear End,Driver,40 to 44,,North,Stopped,Driving Properly,,,,,,,,,Yes,,,,,,,,,Junction Area
1227,Local,North York,Mid-Block,No Control,Rain,Daylight,Wet,Fatal,Pedestrian Collisions,Driver,60 to 64,,South,Reversing,Other,,,,,,,Yes,,,,Yes,,,,,,,Bayview Village
1227,Local,North York,Mid-Block,No Control,Rain,Daylight,Wet,Fatal,Pedestrian Collisions,Pedestrian,80 to 84,Fatal,East,,,Vehicle is reversing and hits pedestrian,On Sidewalk or Shoulder,Normal,,,,Yes,,,,Yes,,,,,,,Bayview Village
1909,Major Arterial,North York,Intersection,Traffic Signal,Clear,"Dark, artificial",Dry,Non-Fatal Injury,Pedestrian Collisions,Driver,65 to 69,,North,Going Ahead,Driving Properly,,,,,,,Yes,,Yes,,,,Yes,,,,,Black Creek
1909,Major Arterial,North York,Intersection,Traffic Signal,Clear,"Dark, artificial",Dry,Non-Fatal Injury,Pedestrian Collisions,Passenger,unknown,,,,,,,,,,,Yes,,Yes,,,,Yes,,,,,Black Creek
1909,Major Arterial,North York,Intersection,Traffic Signal,Clear,"Dark, artificial",Dry,Non-Fatal Injury,Pedestrian Collisions,Pedestrian,25 to 29,Major,West,,,Vehicle is going straight thru inter.while ped cross without ROW,Crossing without right of way,Inattentive,,,,Yes,,Yes,,,,Yes,,,,,Black Creek
1641,Minor Arterial,Toronto and East York,Mid-Block,No Control,Rain,"Daylight, artificial",Wet,Non-Fatal Injury,SMV Other,Motorcycle Driver,70 to 74,Major,West,Changing Lanes,Lost control,,,,,,,,,,Yes,,,,,,,,South Riverdale
8,Major Arterial,Scarborough,Mid-Block,No Control,Clear,"Dark, artificial",Dry,Fatal,SMV Other,Driver,50 to 54,Fatal,East,Going Ahead,Lost control,,,,,,,,,Yes,,,,,,,,,Tam O'Shanter-Sullivan
744,Minor Arterial,Scarborough,Intersection,No Control,Rain,"Dark, artificial",Wet,Non-Fatal Injury,Turning Movement,Driver,55 to 59,Major,East,Turning Left,Improper Turn,,,,,,,,,Yes,,Yes,,,,,,,West Hill
744,Minor Arterial,Scarborough,Intersection,No Control,Rain,"Dark, artificial",Wet,Non-Fatal Injury,Turning Movement,Truck Driver,50 to 54,,East,Going Ahead,Driving Properly,,,,,,,,,Yes,,Yes,,,,,,,West Hill
1621,Major Arterial,Toronto and East York,Intersection,Traffic Signal,Clear,Daylight,Dry,Fatal,Pedestrian Collisions,Pedestrian,70 to 74,Fatal,Unknown,,,Pedestrian hit on sidewalk or shoulder,On Sidewalk or Shoulder,Normal,,,,Yes,,Yes,,,,,,,,,Annex
1621,Major Arterial,Toronto and East York,Intersection,Traffic Signal,Clear,Daylight,Dry,Fatal,Pedestrian Collisions,Driver,70 to 74,Minimal,North,Going Ahead,Lost control,,,,,,,Yes,,Yes,,,,,,,,,Annex
1241,Major Arterial,Toronto and East York,Intersection,Traffic Signal,Clear,Daylight,Dry,Non-Fatal Injury,Cyclist Collisions,Cyclist,30 to 34,Major,North,Going Ahead,,,,,,Failed to Yield Right of Way,Normal,,Yes,,,Yes,,,,,,,Dufferin Grove