TIME,ROAD_CLASS,DISTRICT,LOCCOORD,TRAFFCTL,VISIBILITY,LIGHT,RDSFCOND,ACCLASS,IMPACTYPE,INVTYPE,INVAGE,INJURY,INITDIR,MANOEUVER,DRIVACT,PEDTYPE,PEDACT,PEDCOND,CYCLISTYPE,CYCACT,CYCCOND,PEDESTRIAN,CYCLIST,AUTOMOBILE,MOTORCYCLE,TRUCK,TRSN_CITY_VEH,PASSENGER,SPEEDING,AG_DRIV,REDLIGHT,ALCOHOL,NEIGHBOURHOOD_158
320,Collector,North York,Mid-Block,No Control,Clear,"Dark, artificial",Dry,Non-Fatal Injury,SMV Other,Passenger,25 to 29,Major,,,,,,,,,,,,Yes,,,,Yes,Yes,Yes,,,Glenfield-Jane Heights
707,Major Arterial,Etobicoke York,Intersection,Traffic Signal,Clear,Daylight,Dry,Non-Fatal Injury,Angle,Driver,45 to 49,Major,South,Going Ahead,Disobeyed Traffic Control,,,,,,,,,Yes,,,,,,Yes,Yes,,Banbury-Don Mills
707,Major Arterial,Etobicoke York,Intersection,Traffic Signal,Clear,Daylight,Dry,Non-Fatal Injury,Angle,Driver,25 to 29,Minor,East,Going Ahead,Driving Properly,,,,,,,,,Yes,,,,,,Yes,Yes,,Banbury-Don Mills
1655,Major Arterial,North York,Intersection,Traffic Signal,Clear,Daylight,Dry,Fatal,Pedestrian Collisions,Driver,55 to 59,,West,Turning Left,Failed to Yield Right of Way,,,,,,,Yes,,Yes,,,,Yes,,Yes,,,L'Amoreaux West
1655,Major Arterial,North York,Intersection,Traffic Signal,Clear,Daylight,Dry,Fatal,Pedestrian Collisions,Passenger,25 to 29,,West,,,,,,,,,Yes,,Yes,,,,Yes,,Yes,,,L'Amoreaux West
1655,Major Arterial,North York,Intersection,Traffic Signal,Clear,Daylight,Dry,Fatal,Pedestrian Collisions,Pedestrian,75 to 79,Fatal,East,,,Vehicle turns left while ped crosses with ROW at inter.,Crossing with right of way,Normal,,,,Yes,,Yes,,,,Yes,,Yes,,,L'Amoreaux West
2105,Major Arterial,Etobicoke York,Intersection,Traffic Signal,Clear,"Dark, artificial",Dry,Non-Fatal Injury,Pedestrian Collisions,Driver,55 to 59,,West,Going Ahead,Driving Properly,,,,,,,Yes,,Yes,,,,,,,,,Weston-Pelham Park
2105,Major Arterial,Etobicoke York,Intersection,Traffic Signal,Clear,"Dark, artificial",Dry,Non-Fatal Injury,Pedestrian Collisions,Pedestrian,65 to 69,Major,North,,,Vehicle is going straight thru inter.while ped cross without ROW,Crossing without right of way,Inattentive,,,,Yes,,Yes,,,,,,,,,Weston-Pelham Park
650,Major Arterial,Toronto and East York,Intersection,Traffic Signal,Clear,Dawn,Dry,Non-Fatal Injury,Pedestrian Collisions,Driver,45 to 49,,West,Going Ahead,Driving Properly,,,,,,,Yes,,Yes,,,,,,Yes,,,Moss Park
650,Major Arterial,Toronto and East York,Intersection,Traffic Signal,Clear,Dawn,Dry,Non-Fatal Injury,Pedestrian Collisions,Pedestrian,45 to 49,Major,North,,,Vehicle is going straight thru inter.while ped cross without ROW,Crossing without right of way,Inattentive,,,,Yes,,Yes,,,,,,Yes,,,Moss Park
810,Major Arterial,North York,Intersection,Traffic Signal,Clear,Daylight,Wet,Non-Fatal Injury,Pedestrian Collisions,Driver,55 to 59,,South,Turning Left,Failed to Yield Right of Way,,,,,,,Yes,,Yes,,,,,,Yes,,,Yonge-Doris
810,Major Arterial,North York,Intersection,Traffic Signal,Clear,Daylight,Wet,Non-Fatal Injury,Pedestrian Collisions,Driver,35 to 39,,North,Going Ahead,Driving Properly,,,,,,,Yes,,Yes,,,,,,Yes,,,Yonge-Doris
810,Major Arterial,North York,Intersection,Traffic Signal,Clear,Daylight,Wet,Non-Fatal Injury,Pedestrian Collisions,Pedestrian,30 to 34,Major,Unknown,,,Pedestrian hit on sidewalk or shoulder,On Sidewalk or Shoulder,Normal,,,,Yes,,Yes,,,,,,Yes,,,Yonge-Doris
810,Major Arterial,North York,Intersection,Traffic Signal,Clear,Daylight,Wet,Non-Fatal Injury,Pedestrian Collisions,Pedestrian,25 to 29,Minor,Unknown,,,Pedestrian hit on sidewalk or shoulder,On Sidewalk or Shoulder,Normal,,,,Yes,,Yes,,,,,,Yes,,,Yonge-Doris
810,Major Arterial,North York,Intersection,Traffic Signal,Clear,Daylight,Wet,Non-Fatal Injury,Pedestrian Collisions,Pedestrian,25 to 29,Major,Unknown,,,Pedestrian hit on sidewalk or shoulder,On Sidewalk or Shoulder,Normal,,,,Yes,,Yes,,,,,,Yes,,,Yonge-Doris
1716,Major Arterial,Etobicoke York,Intersection,Traffic Signal,Clear,Daylight,Dry,Non-Fatal Injury,Pedestrian Collisions,Driver,55 to 59,,West,Going Ahead,Disobeyed Traffic Control,,,,,,,Yes,,Yes,,,,Yes,,Yes,Yes,,West Humber-Clairville
1716,Major Arterial,Etobicoke York,Intersection,Traffic Signal,Clear,Daylight,Dry,Non-Fatal Injury,Pedestrian Collisions,Passenger,30 to 34,,,,,,,,,,,Yes,,Yes,,,,Yes,,Yes,Yes,,West Humber-Clairville
1716,Major Arterial,Etobicoke York,Intersection,Traffic Signal,Clear,Daylight,Dry,Non-Fatal Injury,Pedestrian Collisions,Pedestrian,50 to 54,Major,South,,,Vehicle is going straight thru inter.while ped cross with ROW,Crossing with right of way,Normal,,,,Yes,,Yes,,,,Yes,,Yes,Yes,,West Humber-Clairville
2100,Major Arterial,North York,Intersection,No Control,Clear,"Dark, artificial",Dry,Non-Fatal Injury,Other,Driver,35 to 39,,East,Pulling Away from Shoulder or Curb,Driving Properly,,,,,,,,,,,,Yes,Yes,,,,,Oakdale-Beverley Heights
2100,Major Arterial,North York,Intersection,No Control,Clear,"Dark, artificial",Dry,Non-Fatal Injury,Other,Passenger,50 to 54,Major,,,,,,,,,,,,,,,Yes,Yes,,,,,Oakdale-Beverley Heights
1410,Minor Arterial,Scarborough,Intersection,Pedestrian Crossover,Rain,Daylight,Wet,Non-Fatal Injury,Pedestrian Collisions,Driver,50 to 54,,North,Turning Left,Failed to Yield Right of Way,,,,,,,Yes,,Yes,,,,,,Yes,,,Birchcliffe-Cliffside
1410,Minor Arterial,Scarborough,Intersection,Pedestrian Crossover,Rain,Daylight,Wet,Non-Fatal Injury,Pedestrian Collisions,Pedestrian,60 to 64,Major,North,,,Pedestrian hit a PXO/ped. Mid-block signal,"Crossing, Pedestrian Crossover",Normal,,,,Yes,,Yes,,,,,,Yes,,,Birchcliffe-Cliffside
1815,Major Arterial,North York,Intersection,Traffic Signal,Clear,Dark,Wet,Non-Fatal Injury,Pedestrian Collisions,Driver,55 to 59,,West,Turning Left,Failed to Yield Right of Way,,,,,,,Yes,,Yes,,,,,,Yes,,,York University Heights
1815,Major Arterial,North York,Intersection,Traffic Signal,Clear,Dark,Wet,Non-Fatal Injury,Pedestrian Collisions,Pedestrian,55 to 59,Major,West,,,Vehicle turns left while ped crosses with ROW at inter.,Crossing with right of way,Normal,,,,Yes,,Yes,,,,,,Yes,,,York University Heights
1520,Minor Arterial,Toronto and East York,Intersection,Pedestrian Crossover,Rain,Daylight,Wet,Non-Fatal Injury,Pedestrian Collisions,Driver,55 to 59,,West,Going Ahead,Failed to Yield Right of Way,,,,,,,Yes,,Yes,,,,,,Yes,,,East End-Danforth
1520,Minor Arterial,Toronto and East York,Intersection,Pedestrian Crossover,Rain,Daylight,Wet,Non-Fatal Injury,Pedestrian Collisions,Pedestrian,10 to 14,Major,North,,,Pedestrian hit a PXO/ped. Mid-block signal,"Crossing, Pedestrian Crossover",Normal,,,,Yes,,Yes,,,,,,Yes,,,East End-Danforth
1532,Major Arterial,Etobicoke York,Intersection,Stop Sign,Rain,Daylight,Wet,Non-Fatal Injury,Pedestrian Collisions,Driver,35 to 39,,North,Turning Left,Driving Properly,,,,,,,Yes,,Yes,,,,Yes,,,,,Stonegate-Queensway
1532,Major Arterial,Etobicoke York,Intersection,Stop Sign,Rain,Daylight,Wet,Non-Fatal Injury,Pedestrian Collisions,Passenger,5 to 9,,,,,,,,,,,Yes,,Yes,,,,Yes,,,,,Stonegate-Queensway
1532,Major Arterial,Etobicoke York,Intersection,Stop Sign,Rain,Daylight,Wet,Non-Fatal Injury,Pedestrian Collisions,Pedestrian,25 to 29,Major,South,,,Vehicle turns left while ped crosses without ROW at inter.,"Crossing, no Traffic Control",Inattentive,,,,Yes,,Yes,,,,Yes,,,,,Stonegate-Queensway
1726,Minor Arterial,Etobicoke York,Intersection,Traffic Signal,Clear,Dark,Wet,Non-Fatal Injury,Turning Movement,Driver,65 to 69,,North,Turning Left,Improper Turn,,,,,,,,,Yes,,,,,,Yes,,,Edenbridge-Humber Valley
1726,Minor Arterial,Etobicoke York,Intersection,Traffic Signal,Clear,Dark,Wet,Non-Fatal Injury,Turning Movement,Driver,35 to 39,Major,South,Going Ahead,Driving Properly,,,,,,,,,Yes,,,,,,Yes,,,Edenbridge-Humber Valley
1726,Minor Arterial,Etobicoke York,Intersection,Traffic Signal,Clear,Dark,Wet,Non-Fatal Injury,Turning Movement,Driver,50 to 54,,East,Stopped,Driving Properly,,,,,,,,,Yes,,,,,,Yes,,,Edenbridge-Humber Valley
1352,Minor Arterial,Toronto and East York,Intersection,Traffic Signal,Clear,Daylight,Dry,Non-Fatal Injury,Pedestrian Collisions,Driver,60 to 64,,West,Turning Right,Failed to Yield Right of Way,,,,,,,Yes,,,,,Yes,,,Yes,,,East End-Danforth
1352,Minor Arterial,Toronto and East York,Intersection,Traffic Signal,Clear,Daylight,Dry,Non-Fatal Injury,Pedestrian Collisions,Pedestrian,35 to 39,Major,West,,,Vehicle turns right while ped crosses with ROW at inter.,Crossing with right of way,Normal,,,,Yes,,,,,Yes,,,Yes,,,East End-Danforth
1940,Collector,Etobicoke York,Intersection,No Control,Clear,"Dark, artificial",Dry,Non-Fatal Injury,Other,Driver,40 to 44,Major,West,Going Ahead,Driving Properly,,,,,,,,,,,,Yes,Yes,,,,,Rockcliffe-Smythe
1940,Collector,Etobicoke York,Intersection,No Control,Clear,"Dark, artificial",Dry,Non-Fatal Injury,Other,Passenger,60 to 64,Minor,,,,,,,,,,,,,,,Yes,Yes,,,,,Rockcliffe-Smythe
1400,Local,Scarborough,Mid-Block,No Control,Clear,Daylight,Wet,Fatal,Other,Motorcycle Driver,20 to 24,Fatal,South,Going Ahead,Lost control,,,,,,,,,,Yes,,,,,,,,Clairlea-Birchmount
632,Major Arterial,Toronto and East York,Intersection,Traffic Signal,Rain,"Dark, artificial",Wet,Non-Fatal Injury,Pedestrian Collisions,Driver,40 to 44,,West,Going Ahead,Driving Properly,,,,,,,Yes,,Yes,,,,,,,,,Wychwood
632,Major Arterial,Toronto and East York,Intersection,Traffic Signal,Rain,"Dark, artificial",Wet,Non-Fatal Injury,Pedestrian Collisions,Pedestrian,20 to 24,Major,North,,,Vehicle is going straight thru inter.while ped cross without ROW,Crossing without right of way,Inattentive,,,,Yes,,Yes,,,,,,,,,Wychwood
644,Minor Arterial,Toronto and East York,Intersection,Traffic Signal,Rain,Dark,Wet,Non-Fatal Injury,Pedestrian Collisions,Driver,35 to 39,,West,Turning Left,Failed to Yield Right of Way,,,,,,,Yes,,Yes,,,,,,Yes,,,St Lawrence-East Bayfront-The Islands
644,Minor Arterial,Toronto and East York,Intersection,Traffic Signal,Rain,Dark,Wet,Non-Fatal Injury,Pedestrian Collisions,Pedestrian,25 to 29,Major,East,,,Vehicle turns left while ped crosses with ROW at inter.,Crossing with right of way,Normal,,,,Yes,,Yes,,,,,,Yes,,,St Lawrence-East Bayfront-The Islands
27,Major Arterial,Toronto and East York,Intersection,Traffic Signal,Clear,"Dark, artificial",Dry,Non-Fatal Injury,Pedestrian Collisions,Driver,55 to 59,,North,Turning Left,Failed to Yield Right of Way,,,,,,,Yes,,Yes,,,,,,Yes,,Yes,South Riverdale
27,Major Arterial,Toronto and East York,Intersection,Traffic Signal,Clear,"Dark, artificial",Dry,Non-Fatal Injury,Pedestrian Collisions,Pedestrian,20 to 24,Minimal,North,,,Vehicle turns left while ped crosses without ROW at inter.,Crossing without right of way,Normal,,,,Yes,,Yes,,,,,,Yes,,Yes,South Riverdale
27,Major Arterial,Toronto and East York,Intersection,Traffic Signal,Clear,"Dark, artificial",Dry,Non-Fatal Injury,Pedestrian Collisions,Pedestrian,25 to 29,Major,North,,,Vehicle turns left while ped crosses without ROW at inter.,Crossing without right of way,Normal,,,,Yes,,Yes,,,,,,Yes,,Yes,South Riverdale
1523,Major Arterial,Scarborough,Intersection,Traffic Signal,Clear,Daylight,Dry,Non-Fatal Injury,Turning Movement,Cyclist,50 to 54,Major,North,Turning Left,,,,,Cyclist turned left across motorists path.,Failed to Yield Right of Way,Unknown,,Yes,Yes,,,,Yes,,,,,Cliffcrest
1523,Major Arterial,Scarborough,Intersection,Traffic Signal,Clear,Daylight,Dry,Non-Fatal Injury,Turning Movement,Driver,20 to 24,,South,Going Ahead,Driving Properly,,,,,,,,Yes,Yes,,,,Yes,,,,,Cliffcrest
1523,Major Arterial,Scarborough,Intersection,Traffic Signal,Clear,Daylight,Dry,Non-Fatal Injury,Turning Movement,Passenger,20 to 24,,,,,,,,,,,,Yes,Yes,,,,Yes,,,,,Cliffcrest
2105,Major Arterial,Scarborough,Intersection,Traffic Signal,Rain,Dark,Wet,Non-Fatal Injury,Pedestrian Collisions,Driver,unknown,,North,Going Ahead,Other,,,,,,,Yes,,Yes,,,,Yes,,,,,West Hill
2105,Major Arterial,Scarborough,Intersection,Traffic Signal,Rain,Dark,Wet,Non-Fatal Injury,Pedestrian Collisions,Pedestrian,55 to 59,Major,West,,,Vehicle is going straight thru inter.while ped cross without ROW,Crossing without right of way,Inattentive,,,,Yes,,Yes,,,,Yes,,,,,West Hill
2105,Major Arterial,Scarborough,Intersection,Traffic Signal,Rain,Dark,Wet,Non-Fatal Injury,Pedestrian Collisions,Passenger,20 to 24,,,,,,,,,,,Yes,,Yes,,,,Yes,,,,,West Hill
1220,Major Arterial,Scarborough,Intersection,Traffic Signal,Clear,Daylight,Dry,Non-Fatal Injury,Sideswipe,Driver,45 to 49,Major,North,Stopped,Lost control,,,,,,,,,Yes,,Yes,,Yes,,,,,Agincourt South-Malvern West
1220,Major Arterial,Scarborough,Intersection,Traffic Signal,Clear,Daylight,Dry,Non-Fatal Injury,Sideswipe,Driver,55 to 59,,North,Stopped,Driving Properly,,,,,,,,,Yes,,Yes,,Yes,,,,,Agincourt South-Malvern West
1220,Major Arterial,Scarborough,Intersection,Traffic Signal,Clear,Daylight,Dry,Non-Fatal Injury,Sideswipe,Driver,40 to 44,Minor,North,Stopped,Driving Properly,,,,,,,,,Yes,,Yes,,Yes,,,,,Agincourt South-Malvern West
1220,Major Arterial,Scarborough,Intersection,Traffic Signal,Clear,Daylight,Dry,Non-Fatal Injury,Sideswipe,Truck Driver,45 to 49,,North,Stopped,Driving Properly,,,,,,,,,Yes,,Yes,,Yes,,,,,Agincourt South-Malvern West
1220,Major Arterial,Scarborough,Intersection,Traffic Signal,Clear,Daylight,Dry,Non-Fatal Injury,Sideswipe,Passenger,50 to 54,Minor,,,,,,,,,,,,Yes,,Yes,,Yes,,,,,Agincourt South-Malvern West
2110,Major Arterial,North York,Intersection,Traffic Signal,Rain,"Dark, artificial",Wet,Non-Fatal Injury,Pedestrian Collisions,Driver,20 to 24,,South,Turning Left,Failed to Yield Right of Way,,,,,,,Yes,,Yes,,,,,,Yes,,,Newtonbrook East
2110,Major Arterial,North York,Intersection,Traffic Signal,Rain,"Dark, artificial",Wet,Non-Fatal Injury,Pedestrian Collisions,Pedestrian,70 to 74,Major,North,,,Vehicle turns left while ped crosses with ROW at inter.,Crossing with right of way,Normal,,,,Yes,,Yes,,,,,,Yes,,,Newtonbrook East
2116,Minor Arterial,Toronto and East York,Intersection,Stop Sign,Rain,"Dark, artificial",Wet,Non-Fatal Injury,Turning Movement,Driver,25 to 29,Major,North,Turning Left,Improper Turn,,,,,,,,,Yes,,,,,,,,,North Riverdale
2116,Minor Arterial,Toronto and East York,Intersection,Stop Sign,Rain,"Dark, artificial",Wet,Non-Fatal Injury,Turning Movement,Driver,25 to 29,Minimal,North,Going Ahead,Driving Properly,,,,,,,,,Yes,,,,,,,,,North Riverdale
524,Major Arterial,North York,Intersection,Traffic Signal,Clear,Daylight,Dry,Non-Fatal Injury,Pedestrian Collisions,Driver,60 to 64,,South,Going Ahead,Driving Properly,,,,,,,Yes,,Yes,,,,,,,,,Victoria Village
524,Major Arterial,North York,Intersection,Traffic Signal,Clear,Daylight,Dry,Non-Fatal Injury,Pedestrian Collisions,Pedestrian,55 to 59,Major,West,,,Vehicle is going straight thru inter.while ped cross without ROW,Crossing without right of way,Normal,,,,Yes,,Yes,,,,,,,,,Victoria Village
2032,Major Arterial,Scarborough,Intersection,Traffic Signal,Clear,"Dark, artificial",Dry,Non-Fatal Injury,Pedestrian Collisions,Driver,40 to 44,,North,Turning Left,Failed to Yield Right of Way,,,,,,,Yes,,Yes,,,,,,Yes,,,Steeles
2032,Major Arterial,Scarborough,Intersection,Traffic Signal,Clear,"Dark, artificial",Dry,Non-Fatal Injury,Pedestrian Collisions,Pedestrian,50 to 54,Major,South,,,Vehicle turns left while ped crosses with ROW at inter.,Crossing with right of way,Normal,,,,Yes,,Yes,,,,,,Yes,,,Steeles
1845,Local,Toronto and East York,Intersection,Stop Sign,Clear,"Dark, artificial",Dry,Non-Fatal Injury,SMV Other,Driver,35 to 39,Major,North,Turning Left,Lost control,,,,,,,,,Yes,,,,,,,,,Yonge-Eglinton
1535,Collector,Etobicoke York,Mid-Block,No Control,Clear,Daylight,Dry,Non-Fatal Injury,Cyclist Collisions,Driver,25 to 29,,East,Making U Turn,Improper Turn,,,,,,,,Yes,Yes,,,,,,,,,Humber Bay Shores
1100,Local,Toronto and East York,Mid-Block,No Control,Clear,Daylight,Dry,Non-Fatal Injury,Pedestrian Collisions,Driver,20 to 24,,East,Going Ahead,Driving Properly,,,,,,,Yes,,Yes,,,,,,,,,Birchcliffe-Cliffside
1922,Minor Arterial,Etobicoke York,Mid-Block,No Control,Clear,"Dark, artificial",Dry,Non-Fatal Injury,Rear End,Driver,45 to 49,Major,North,Going Ahead,Improper Passing,,,,,,,,,Yes,,,,,Yes,Yes,,Yes,Junction-Wallace Emerson
1130,Major Arterial,Etobicoke York,Intersection,Traffic Signal,Clear,Daylight,Dry,Non-Fatal Injury,Angle,Driver,65 to 69,Major,West,Going Ahead,Disobeyed Traffic Control,,,,,,,,,Yes,,,,,,Yes,Yes,,Mimico-Queensway
1109,Minor Arterial,Etobicoke York,Mid-Block (Abnormal),Stop Sign,Clear,Daylight,Dry,Fatal,Pedestrian Collisions,Pedestrian,5 to 9,Minor,East,,,Vehicle turns left while ped crosses without ROW at inter.,"Crossing, no Traffic Control",Unknown,,,,Yes,,Yes,,,,,,,,,Islington
850,Major Arterial,North York,Intersection,Traffic Signal,Clear,Daylight,Wet,Non-Fatal Injury,Pedestrian Collisions,Pedestrian,35 to 39,Major,North,,,Vehicle turns left while ped crosses with ROW at inter.,Crossing with right of way,Normal,,,,Yes,,Yes,,,,,,Yes,,,Henry Farm
1100,Local,Toronto and East York,Mid-Block,No Control,Clear,Daylight,Dry,Non-Fatal Injury,Pedestrian Collisions,Pedestrian,10 to 14,Major,South,,,Pedestrian hit at mid-block,"Crossing, no Traffic Control",Inattentive,,,,Yes,,Yes,,,,,,,,,Birchcliffe-Cliffside
1225,Major Arterial,Scarborough,Intersection,Traffic Signal,Clear,Daylight,Dry,Non-Fatal Injury,Rear End,Driver,65 to 69,Major,East,Going Ahead,Following too Close,,,,,,,,,Yes,,,,,,Yes,,,Agincourt North
958,Major Arterial,Toronto and East York,Intersection,Traffic Signal,Clear,Daylight,Dry,Non-Fatal Injury,Pedestrian Collisions,Pedestrian,60 to 64,Major,Unknown,,,Vehicle turns left while ped crosses with ROW at inter.,Crossing with right of way,Normal,,,,Yes,,Yes,,,,,,Yes,,,East End-Danforth
1922,Minor Arterial,Etobicoke York,Mid-Block,No Control,Clear,"Dark, artificial",Dry,Non-Fatal Injury,Rear End,Driver,45 to 49,Major,North,Stopped,Driving Properly,,,,,,,,,Yes,,,,,Yes,Yes,,Yes,Junction-Wallace Emerson
1528,Major Arterial,Scarborough,Intersection,No Control,Clear,Daylight,Dry,Non-Fatal Injury,Rear End,Driver,unknown,,West,Going Ahead,Speed too Fast For Condition,,,,,,,,,Yes,,,,Yes,Yes,Yes,,,Clairlea-Birchmount
2118,Major Arterial,Toronto and East York,Intersection,Traffic Signal,Clear,"Dark, artificial",Dry,Non-Fatal Injury,Turning Movement,Driver,20 to 24,Minimal,East,Turning Left,Improper Turn,,,,,,,,,Yes,,,,Yes,,,,,St Lawrence-East Bayfront-The Islands
1320,Major Arterial,Scarborough,Mid-Block,No Control,Clear,Daylight,Dry,Non-Fatal Injury,Turning Movement,Driver,80 to 84,Major,North,Turning Left,Failed to Yield Right of Way,,,,,,,,,Yes,,,,,Yes,Yes,,,Kennedy Park
1225,Major Arterial,Scarborough,Intersection,Traffic Signal,Clear,Daylight,Dry,Non-Fatal Injury,Rear End,Driver,50 to 54,,East,Stopped,Driving Properly,,,,,,,,,Yes,,,,,,Yes,,,Agincourt North
1922,Minor Arterial,Etobicoke York,Mid-Block,No Control,Clear,"Dark, artificial",Dry,Non-Fatal Injury,Rear End,Other,unknown,,Unknown,Parked,,,,,,,,,,Yes,,,,,Yes,Yes,,Yes,Junction-Wallace Emerson
1528,Major Arterial,Scarborough,Intersection,No Control,Clear,Daylight,Dry,Non-Fatal Injury,Rear End,Driver,50 to 54,Major,West,Stopped,Driving Properly,,,,,,,,,Yes,,,,Yes,Yes,Yes,,,Clairlea-Birchmount
1528,Major Arterial,Scarborough,Intersection,No Control,Clear,Daylight,Dry,Non-Fatal Injury,Rear End,Driver,25 to 29,,West,Stopped,Driving Properly,,,,,,,,,Yes,,,,Yes,Yes,Yes,,,Clairlea-Birchmount
2118,Major Arterial,Toronto and East York,Intersection,Traffic Signal,Clear,"Dark, artificial",Dry,Non-Fatal Injury,Turning Movement,Driver,60 to 64,Minimal,West,Going Ahead,Driving Properly,,,,,,,,,Yes,,,,Yes,,,,,St Lawrence-East Bayfront-The Islands
2235,Minor Arterial,Toronto and East York,Intersection,No Control,Clear,"Dark, artificial",Wet,Non-Fatal Injury,Approaching,Driver,45 to 49,Minor,North,Going Ahead,Lost control,,,,,,,,,Yes,,,,Yes,,,,,Greenwood-Coxwell
1735,Major Arterial,Scarborough,Intersection,Traffic Signal,Rain,"Dark, artificial",Wet,Non-Fatal Injury,Pedestrian Collisions,Driver,unknown,,South,Turning Left,Failed to Yield Right of Way,,,,,,,Yes,,Yes,,,,,,Yes,,,Dorset Park
1735,Major Arterial,Scarborough,Intersection,Traffic Signal,Rain,"Dark, artificial",Wet,Non-Fatal Injury,Pedestrian Collisions,Pedestrian,60 to 64,Major,South,,,Vehicle turns left while ped crosses with ROW at inter.,Crossing with right of way,Normal,,,,Yes,,Yes,,,,,,Yes,,,Dorset Park
611,Major Arterial,North York,Intersection,Traffic Signal,Clear,Daylight,Dry,Non-Fatal Injury,Cyclist Collisions,Cyclist,20 to 24,Major,North,Going Ahead,,,,,"Cyclist without ROW rides into path of motorist at inter, lnwy, dwy-Cyclist not turn.",Disobeyed Traffic Control,Normal,,Yes,Yes,,,,,,,,,Lawrence Park South
1320,Major Arterial,Scarborough,Mid-Block,No Control,Clear,Daylight,Dry,Non-Fatal Injury,Turning Movement,Driver,20 to 24,Minor,South,Going Ahead,Exceeding Speed Limit,,,,,,,,,Yes,,,,,Yes,Yes,,,Kennedy Park
1528,Major Arterial,Scarborough,Intersection,No Control,Clear,Daylight,Dry,Non-Fatal Injury,Rear End,Passenger,85 to 89,Minimal,,,,,,,,,,,,Yes,,,,Yes,Yes,Yes,,,Clairlea-Birchmount
1851,Minor Arterial,North York,Intersection,Stop Sign,Rain,"Dark, artificial",Wet,Non-Fatal Injury,Pedestrian Collisions,Driver,60 to 64,,East,Turning Left,Driving Properly,,,,,,,Yes,,Yes,,,,,,,,,Briar Hill-Belgravia
2118,Major Arterial,Toronto and East York,Intersection,Traffic Signal,Clear,"Dark, artificial",Dry,Non-Fatal Injury,Turning Movement,Driver,45 to 49,Minimal,West,Going Ahead,Driving Properly,,,,,,,,,Yes,,,,Yes,,,,,St Lawrence-East Bayfront-The Islands
2235,Minor Arterial,Toronto and East York,Intersection,No Control,Clear,"Dark, artificial",Wet,Non-Fatal Injury,Approaching,Driver,30 to 34,Minor,South,Going Ahead,Driving Properly,,,,,,,,,Yes,,,,Yes,,,,,Greenwood-Coxwell
611,Major Arterial,North York,Intersection,Traffic Signal,Clear,Daylight,Dry,Non-Fatal Injury,Cyclist Collisions,Driver,35 to 39,,East,Going Ahead,Driving Properly,,,,,,,,Yes,Yes,,,,,,,,,Lawrence Park South
1528,Major Arterial,Scarborough,Intersection,No Control,Clear,Daylight,Dry,Non-Fatal Injury,Rear End,Passenger,65 to 69,,,,,,,,,,,,,Yes,,,,Yes,Yes,Yes,,,Clairlea-Birchmount
1851,Minor Arterial,North York,Intersection,Stop Sign,Rain,"Dark, artificial",Wet,Non-Fatal Injury,Pedestrian Collisions,Pedestrian,70 to 74,Major,West,,,Vehicle turns left while ped crosses without ROW at inter.,Crossing without right of way,Normal,,,,Yes,,Yes,,,,,,,,,Briar Hill-Belgravia
752,Minor Arterial,North York,Intersection,Traffic Signal,Clear,Daylight,Dry,Non-Fatal Injury,Angle,Driver,30 to 34,Minor,East,Going Ahead,Driving Properly,,,,,,,,,Yes,,Yes,,Yes,,,,,Little Portugal
1320,Major Arterial,Scarborough,Mid-Block,No Control,Clear,Daylight,Dry,Non-Fatal Injury,Turning Movement,Driver,85 to 89,Minimal,North,Stopped,Driving Properly,,,,,,,,,Yes,,,,,Yes,Yes,,,Kennedy Park
2118,Major Arterial,Toronto and East York,Intersection,Traffic Signal,Clear,"Dark, artificial",Dry,Non-Fatal Injury,Turning Movement,Passenger,25 to 29,Minor,,,,,,,,,,,,Yes,,,,Yes,,,,,St Lawrence-East Bayfront-The Islands
2235,Minor Arterial,Toronto and East York,Intersection,No Control,Clear,"Dark, artificial",Wet,Non-Fatal Injury,Approaching,Passenger,25 to 29,Major,,,,,,,,,,,,Yes,,,,Yes,,,,,Greenwood-Coxwell
1528,Major Arterial,Scarborough,Intersection,No Control,Clear,Daylight,Dry,Non-Fatal Injury,Rear End,Passenger,70 to 74,,,,,,,,,,,,,Yes,,,,Yes,Yes,Yes,,,Clairlea-Birchmount
2118,Major Arterial,Toronto and East York,Intersection,Traffic Signal,Clear,"Dark, artificial",Dry,Non-Fatal Injury,Turning Movement,Passenger,80 to 84,Major,,,,,,,,,,,,Yes,,,,Yes,,,,,St Lawrence-East Bayfront-The Islands
1638,Major Arterial,Scarborough,Intersection,Traffic Signal,Clear,Dusk,Dry,Fatal,Angle,Driver,55 to 59,Fatal,North,Going Ahead,Failed to Yield Right of Way,,,,,,,,,Yes,,,,Yes,Yes,Yes,,,Morningside
1320,Major Arterial,Scarborough,Mid-Block,No Control,Clear,Daylight,Dry,Non-Fatal Injury,Turning Movement,Driver,60 to 64,,East,Stopped,Driving Properly,,,,,,,,,Yes,,,,,Yes,Yes,,,Kennedy Park