TIME,ROAD_CLASS,DISTRICT,LOCCOORD,TRAFFCTL,VISIBILITY,LIGHT,RDSFCOND,ACCLASS,IMPACTYPE,INVTYPE,INVAGE,INJURY,INITDIR,MANOEUVER,DRIVACT,PEDTYPE,PEDACT,PEDCOND,CYCLISTYPE,CYCACT,CYCCOND,PEDESTRIAN,CYCLIST,AUTOMOBILE,MOTORCYCLE,TRUCK,TRSN_CITY_VEH,PASSENGER,SPEEDING,AG_DRIV,REDLIGHT,ALCOHOL,NEIGHBOURHOOD_158
1141,Major Arterial,Scarborough,Intersection,Traffic Signal,Clear,Daylight,Dry,Fatal,Pedestrian Collisions,Pedestrian,40 to 44,Fatal,North,,,Vehicle turns right while ped crosses with ROW at inter.,Crossing with right of way,Normal,,,,Yes,,,,Yes,,,,Yes,,,Wexford/Maryvale
1550,Minor Arterial,Scarborough,Mid-Block,No Control,Clear,Daylight,Dry,Fatal,Pedestrian Collisions,Pedestrian,30 to 34,Fatal,Unknown,,,Pedestrian hit at mid-block,Playing or Working on Highway,Normal,,,,Yes,,Yes,,,,,,Yes,,,Birchcliffe-Cliffside
1550,Minor Arterial,Scarborough,Mid-Block,No Control,Clear,Daylight,Dry,Fatal,Pedestrian Collisions,Driver,20 to 24,,West,Going Ahead,Failed to Yield Right of Way,,,,,,,Yes,,Yes,,,,,,Yes,,,Birchcliffe-Cliffside
2238,Major Arterial,North York,Intersection,No Control,Clear,Dark,Dry,Non-Fatal Injury,Turning Movement,Driver,45 to 49,Major,West,Turning Left,Improper Turn,,,,,,,,,Yes,,,,Yes,,Yes,,,Parkwoods-O'Connor Hills
2238,Major Arterial,North York,Intersection,No Control,Clear,Dark,Dry,Non-Fatal Injury,Turning Movement,Driver,20 to 24,,East,Going Ahead,Driving Properly,,,,,,,,,Yes,,,,Yes,,Yes,,,Parkwoods-O'Connor Hills
2238,Major Arterial,North York,Intersection,No Control,Clear,Dark,Dry,Non-Fatal Injury,Turning Movement,Passenger,20 to 24,,,,,,,,,,,,,Yes,,,,Yes,,Yes,,,Parkwoods-O'Connor Hills
305,Major Arterial,Etobicoke York,Intersection,Traffic Signal,Rain,"Dark, artificial",Wet,Non-Fatal Injury,SMV Other,Driver,15 to 19,Major,North,Going Ahead,Speed too Fast For Condition,,,,,,,,,Yes,,,,Yes,Yes,Yes,,Yes,Kingsway South
305,Major Arterial,Etobicoke York,Intersection,Traffic Signal,Rain,"Dark, artificial",Wet,Non-Fatal Injury,SMV Other,Passenger,15 to 19,Major,,,,,,,,,,,,Yes,,,,Yes,Yes,Yes,,Yes,Kingsway South
305,Major Arterial,Etobicoke York,Intersection,Traffic Signal,Rain,"Dark, artificial",Wet,Non-Fatal Injury,SMV Other,Passenger,15 to 19,Major,,,,,,,,,,,,Yes,,,,Yes,Yes,Yes,,Yes,Kingsway South
2035,Collector,Toronto and East York,Intersection,Stop Sign,Rain,Dark,Wet,Non-Fatal Injury,Pedestrian Collisions,Driver,unknown,,South,Turning Left,Failed to Yield Right of Way,,,,,,,Yes,,Yes,,,,,,Yes,,,North St.James Town
2035,Collector,Toronto and East York,Intersection,Stop Sign,Rain,Dark,Wet,Non-Fatal Injury,Pedestrian Collisions,Pedestrian,unknown,Major,East,,,Vehicle turns left while ped crosses with ROW at inter.,Crossing with right of way,Normal,,,,Yes,,Yes,,,,,,Yes,,,North St.James Town
318,Major Arterial,Etobicoke York,Mid-Block,No Control,Snow,"Dark, artificial",Loose Snow,Non-Fatal Injury,SMV Other,Driver,50 to 54,Major,East,Going Ahead,Lost control,,,,,,,,,Yes,,,,Yes,,Yes,,,Markland Wood
318,Major Arterial,Etobicoke York,Mid-Block,No Control,Snow,"Dark, artificial",Loose Snow,Non-Fatal Injury,SMV Other,Passenger,65 to 69,Minor,,,,,,,,,,,,Yes,,,,Yes,,Yes,,,Markland Wood
1520,Major Arterial,Scarborough,Mid-Block,No Control,Clear,Daylight,Dry,Non-Fatal Injury,Rear End,Driver,55 to 59,Minor,East,Going Ahead,Speed too Fast For Condition,,,,,,,,,Yes,,,,Yes,Yes,Yes,,,Dorset Park
1520,Major Arterial,Scarborough,Mid-Block,No Control,Clear,Daylight,Dry,Non-Fatal Injury,Rear End,Driver,35 to 39,,East,Slowing or Stopping,Driving Properly,,,,,,,,,Yes,,,,Yes,Yes,Yes,,,Dorset Park
1520,Major Arterial,Scarborough,Mid-Block,No Control,Clear,Daylight,Dry,Non-Fatal Injury,Rear End,Passenger,35 to 39,Major,,,,,,,,,,,,Yes,,,,Yes,Yes,Yes,,,Dorset Park
1520,Major Arterial,Scarborough,Mid-Block,No Control,Clear,Daylight,Dry,Non-Fatal Injury,Rear End,Passenger,unknown,Minimal,,,,,,,,,,,,Yes,,,,Yes,Yes,Yes,,,Dorset Park
1700,Major Arterial,Toronto and East York,Mid-Block,No Control,Rain,"Dark, artificial",Wet,Non-Fatal Injury,Pedestrian Collisions,Driver,40 to 44,,East,Going Ahead,Driving Properly,,,,,,,Yes,,Yes,,,,,,,,,Moss Park
1700,Major Arterial,Toronto and East York,Mid-Block,No Control,Rain,"Dark, artificial",Wet,Non-Fatal Injury,Pedestrian Collisions,Pedestrian,70 to 74,Major,South,,,Pedestrian hit at mid-block,"Crossing, no Traffic Control",Inattentive,,,,Yes,,Yes,,,,,,,,,Moss Park
1721,Major Arterial,Scarborough,Intersection,Traffic Signal,Rain,"Dark, artificial",Wet,Fatal,Pedestrian Collisions,Driver,35 to 39,,North,Going Ahead,Other,,,,,,,Yes,,Yes,,,,,,,,,Agincourt South-Malvern West
1721,Major Arterial,Scarborough,Intersection,Traffic Signal,Rain,"Dark, artificial",Wet,Fatal,Pedestrian Collisions,Pedestrian,55 to 59,Fatal,Unknown,,,Vehicle is going straight thru inter.while ped cross without ROW,Crossing marked crosswalk without ROW,Unknown,,,,Yes,,Yes,,,,,,,,,Agincourt South-Malvern West
1129,Major Arterial,North York,Intersection,Traffic Signal,Clear,Daylight,Dry,Fatal,Angle,Driver,20 to 24,Major,North,Going Ahead,Exceeding Speed Limit,,,,,,,,,Yes,,,,Yes,Yes,Yes,,,Downsview
1129,Major Arterial,North York,Intersection,Traffic Signal,Clear,Daylight,Dry,Fatal,Angle,Driver,40 to 44,Minimal,South,Stopped,Driving Properly,,,,,,,,,Yes,,,,Yes,Yes,Yes,,,Downsview
1129,Major Arterial,North York,Intersection,Traffic Signal,Clear,Daylight,Dry,Fatal,Angle,Passenger,35 to 39,Minor,,,,,,,,,,,,Yes,,,,Yes,Yes,Yes,,,Downsview
1129,Major Arterial,North York,Intersection,Traffic Signal,Clear,Daylight,Dry,Fatal,Angle,Passenger,10 to 14,Minor,,,,,,,,,,,,Yes,,,,Yes,Yes,Yes,,,Downsview
1129,Major Arterial,North York,Intersection,Traffic Signal,Clear,Daylight,Dry,Fatal,Angle,Passenger,5 to 9,Minor,,,,,,,,,,,,Yes,,,,Yes,Yes,Yes,,,Downsview
1129,Major Arterial,North York,Intersection,Traffic Signal,Clear,Daylight,Dry,Fatal,Angle,Driver,65 to 69,Fatal,West,Going Ahead,Driving Properly,,,,,,,,,Yes,,,,Yes,Yes,Yes,,,Downsview
1610,Major Arterial,Toronto and East York,Mid-Block,No Control,Clear,Daylight,Dry,Non-Fatal Injury,Pedestrian Collisions,Driver,50 to 54,,West,Going Ahead,Driving Properly,,,,,,,Yes,,,,,Yes,,,,,,South Parkdale
1610,Major Arterial,Toronto and East York,Mid-Block,No Control,Clear,Daylight,Dry,Non-Fatal Injury,Pedestrian Collisions,Pedestrian,30 to 34,Major,South,,,Pedestrian hit at mid-block,Running onto Roadway,"Ability Impaired, Drugs",,,,Yes,,,,,Yes,,,,,,South Parkdale
1915,Major Arterial,Scarborough,Mid-Block,No Control,Clear,Dark,Dry,Non-Fatal Injury,Rear End,Driver,35 to 39,Major,East,Stopped,Speed too Fast For Condition,,,,,,,,,Yes,,,Yes,Yes,Yes,Yes,,Yes,Scarborough Village
1915,Major Arterial,Scarborough,Mid-Block,No Control,Clear,Dark,Dry,Non-Fatal Injury,Rear End,Driver,55 to 59,Minor,East,Going Ahead,Driving Properly,,,,,,,,,Yes,,,Yes,Yes,Yes,Yes,,Yes,Scarborough Village
1915,Major Arterial,Scarborough,Mid-Block,No Control,Clear,Dark,Dry,Non-Fatal Injury,Rear End,Passenger,20 to 24,Minor,,,,,,,,,,,,Yes,,,Yes,Yes,Yes,Yes,,Yes,Scarborough Village
1915,Major Arterial,Scarborough,Mid-Block,No Control,Clear,Dark,Dry,Non-Fatal Injury,Rear End,Passenger,35 to 39,Minor,,,,,,,,,,,,Yes,,,Yes,Yes,Yes,Yes,,Yes,Scarborough Village
1915,Major Arterial,Scarborough,Mid-Block,No Control,Clear,Dark,Dry,Non-Fatal Injury,Rear End,Passenger,15 to 19,Minor,,,,,,,,,,,,Yes,,,Yes,Yes,Yes,Yes,,Yes,Scarborough Village
1903,Major Arterial,Etobicoke York,Mid-Block,No Control,Clear,"Dark, artificial",Wet,Fatal,Pedestrian Collisions,Pedestrian,40 to 44,Fatal,North,,,Pedestrian hit at mid-block,"Crossing, no Traffic Control",Unknown,,,,Yes,,Yes,,,,,,,,,Thistletown-Beaumond Heights
1903,Major Arterial,Etobicoke York,Mid-Block,No Control,Clear,"Dark, artificial",Wet,Fatal,Pedestrian Collisions,Driver,60 to 64,,East,Going Ahead,Driving Properly,,,,,,,Yes,,Yes,,,,,,,,,Thistletown-Beaumond Heights
1258,Minor Arterial,Scarborough,Mid-Block,No Control,Clear,Daylight,Wet,Non-Fatal Injury,SMV Other,Driver,20 to 24,Major,West,Going Ahead,Speed too Fast For Condition,,,,,,,,,Yes,,,,,Yes,Yes,,,Malvern West
1150,Minor Arterial,Toronto and East York,Intersection,No Control,Clear,Daylight,Dry,Non-Fatal Injury,SMV Other,Truck Driver,60 to 64,Major,East,Pulling Onto Shoulder or towardCurb,Lost control,,,,,,,,,Yes,,,,,,,,,South Riverdale
1805,Local,Etobicoke York,Intersection,No Control,Rain,Dark,Wet,Non-Fatal Injury,Pedestrian Collisions,Driver,55 to 59,,South,Going Ahead,Driving Properly,,,,,,,Yes,,Yes,,,,,,,,,Keelesdale-Eglinton West
1805,Local,Etobicoke York,Intersection,No Control,Rain,Dark,Wet,Non-Fatal Injury,Pedestrian Collisions,Pedestrian,60 to 64,Major,East,,,Pedestrian hit at mid-block,"Crossing, no Traffic Control",Inattentive,,,,Yes,,Yes,,,,,,,,,Keelesdale-Eglinton West
2120,Major Arterial,North York,Mid-Block,No Control,Snow,Dark,Wet,Non-Fatal Injury,SMV Other,Driver,65 to 69,Major,South,Going Ahead,Lost control,,,,,,,,,Yes,,,,,,,,,St.Andrew-Windfields
2120,Major Arterial,North York,Mid-Block,No Control,Snow,Dark,Wet,Non-Fatal Injury,SMV Other,Other,unknown,,Unknown,Parked,,,,,,,,,,Yes,,,,,,,,,St.Andrew-Windfields
1145,Major Arterial,North York,Intersection,Traffic Signal,Clear,Daylight,Dry,Non-Fatal Injury,Pedestrian Collisions,Driver,25 to 29,,North,Going Ahead,Driving Properly,,,,,,,Yes,,Yes,,,,,,,,,Don Valley Village
1145,Major Arterial,North York,Intersection,Traffic Signal,Clear,Daylight,Dry,Non-Fatal Injury,Pedestrian Collisions,Pedestrian,85 to 89,Major,West,,,Vehicle is going straight thru inter.while ped cross without ROW,Crossing without right of way,Inattentive,,,,Yes,,Yes,,,,,,,,,Don Valley Village
1157,Major Arterial,Toronto and East York,Intersection,Traffic Signal,Clear,Daylight,Dry,Non-Fatal Injury,Cyclist Collisions,Driver,35 to 39,,North,Turning Right,Failed to Yield Right of Way,,,,,,,,Yes,Yes,,,,,,Yes,,,Woodbine-Lumsden
1157,Major Arterial,Toronto and East York,Intersection,Traffic Signal,Clear,Daylight,Dry,Non-Fatal Injury,Cyclist Collisions,Cyclist,55 to 59,Major,North,Turning Right,,,,,Motorist turning right on red at signalized intersection strikes cyclist.,Failed to Yield Right of Way,Unknown,,Yes,Yes,,,,,,Yes,,,Woodbine-Lumsden
949,Major Arterial,Toronto and East York,Mid-Block,No Control,Clear,Daylight,Dry,Non-Fatal Injury,Pedestrian Collisions,Driver,30 to 34,,South,Going Ahead,Driving Properly,,,,,,,Yes,,Yes,,,,Yes,,,,,Regent Park
949,Major Arterial,Toronto and East York,Mid-Block,No Control,Clear,Daylight,Dry,Non-Fatal Injury,Pedestrian Collisions,Pedestrian,25 to 29,Major,Unknown,,,Pedestrian hit at mid-block,Walking on Roadway Against Traffic,Inattentive,,,,Yes,,Yes,,,,Yes,,,,,Regent Park
949,Major Arterial,Toronto and East York,Mid-Block,No Control,Clear,Daylight,Dry,Non-Fatal Injury,Pedestrian Collisions,Passenger,30 to 34,,,,,,,,,,,Yes,,Yes,,,,Yes,,,,,Regent Park
442,Major Arterial,North York,Intersection,Traffic Signal,Clear,"Dark, artificial",Dry,Non-Fatal Injury,Turning Movement,Truck Driver,30 to 34,,North,Turning Left,Driving Properly,,,,,,,,,Yes,,Yes,Yes,Yes,Yes,Yes,,,Bathurst Manor
1925,Major Arterial,Scarborough,Mid-Block,No Control,Clear,Daylight,Dry,Non-Fatal Injury,Turning Movement,Driver,60 to 64,,East,Turning Right,Failed to Yield Right of Way,,,,,,,,,Yes,Yes,,Yes,,,Yes,,,Dorset Park
1515,Major Arterial,North York,Mid-Block,No Control,Clear,Daylight,Dry,Non-Fatal Injury,Pedestrian Collisions,Driver,unknown,,West,Going Ahead,Failed to Yield Right of Way,,,,,,,Yes,,Yes,,,,,,Yes,,,Yonge-Bay Corridor
945,Major Arterial,Etobicoke York,Intersection,Traffic Signal,Clear,Daylight,Dry,Non-Fatal Injury,Pedestrian Collisions,Driver,60 to 64,,East,Going Ahead,Disobeyed Traffic Control,,,,,,,Yes,,,,,Yes,,,Yes,Yes,,Etobicoke City Centre
1925,Major Arterial,Scarborough,Mid-Block,No Control,Clear,Daylight,Dry,Non-Fatal Injury,Turning Movement,Motorcycle Driver,55 to 59,Major,South,Going Ahead,Driving Properly,,,,,,,,,Yes,Yes,,Yes,,,Yes,,,Dorset Park
1255,Minor Arterial,Scarborough,Intersection,Traffic Signal,Clear,Daylight,Dry,Non-Fatal Injury,Angle,Driver,55 to 59,Minimal,West,Going Ahead,Driving Properly,,,,,,,,,Yes,,,,Yes,,Yes,Yes,,Tam O'Shanter-Sullivan
442,Major Arterial,North York,Intersection,Traffic Signal,Clear,"Dark, artificial",Dry,Non-Fatal Injury,Turning Movement,Driver,35 to 39,,North,Going Ahead,Driving Properly,,,,,,,,,Yes,,Yes,Yes,Yes,Yes,Yes,,,Bathurst Manor
1515,Major Arterial,North York,Mid-Block,No Control,Clear,Daylight,Dry,Non-Fatal Injury,Pedestrian Collisions,Pedestrian,50 to 54,Major,Unknown,,,Pedestrian hit at mid-block,Person Getting on/off Vehicle,Normal,,,,Yes,,Yes,,,,,,Yes,,,Yonge-Bay Corridor
945,Major Arterial,Etobicoke York,Intersection,Traffic Signal,Clear,Daylight,Dry,Non-Fatal Injury,Pedestrian Collisions,Pedestrian,45 to 49,Major,North,,,Vehicle is going straight thru inter.while ped cross without ROW,Crossing without right of way,Inattentive,,,,Yes,,,,,Yes,,,Yes,Yes,,Etobicoke City Centre
1925,Major Arterial,Scarborough,Mid-Block,No Control,Clear,Daylight,Dry,Non-Fatal Injury,Turning Movement,Driver,35 to 39,,North,Going Ahead,Driving Properly,,,,,,,,,Yes,Yes,,Yes,,,Yes,,,Dorset Park
1255,Minor Arterial,Scarborough,Intersection,Traffic Signal,Clear,Daylight,Dry,Non-Fatal Injury,Angle,Passenger,35 to 39,,,,,,,,,,,,,Yes,,,,Yes,,Yes,Yes,,Tam O'Shanter-Sullivan
442,Major Arterial,North York,Intersection,Traffic Signal,Clear,"Dark, artificial",Dry,Non-Fatal Injury,Turning Movement,Passenger,10 to 14,Major,,,,,,,,,,,,Yes,,Yes,Yes,Yes,Yes,Yes,,,Bathurst Manor
1830,Major Arterial,Etobicoke York,Intersection,No Control,Rain,"Dark, artificial",Wet,Non-Fatal Injury,Pedestrian Collisions,Driver,unknown,,North,Going Ahead,Other,,,,,,,Yes,,Yes,,,,Yes,,,,,Milliken
945,Major Arterial,Etobicoke York,Intersection,Traffic Signal,Rain,Daylight,Wet,Non-Fatal Injury,Pedestrian Collisions,Pedestrian,40 to 44,Major,Unknown,,,Pedestrian hit on sidewalk or shoulder,On Sidewalk or Shoulder,Normal,,,,Yes,,Yes,,Yes,,,Yes,Yes,,,Brookhaven-Amesbury
126,Minor Arterial,Etobicoke York,Intersection,No Control,Clear,"Dark, artificial",Dry,Non-Fatal Injury,SMV Other,Driver,20 to 24,Major,South,Going Ahead,Lost control,,,,,,,,,Yes,,,,Yes,,,,,Etobicoke City Centre
2310,Major Arterial,Etobicoke York,Mid-Block,No Control,Clear,"Dark, artificial",Wet,Fatal,Turning Movement,Driver,25 to 29,Fatal,West,Making U Turn,Improper Turn,,,,,,,,,Yes,,,,Yes,,,,,Mount Olive-Silverstone-Jamestown
1244,Major Arterial,Toronto and East York,Intersection,Traffic Signal,Clear,Daylight,Dry,Non-Fatal Injury,Turning Movement,Motorcycle Driver,30 to 34,Major,South,Going Ahead,Exceeding Speed Limit,,,,,,,,,,Yes,Yes,,,Yes,Yes,,,Moss Park
1255,Minor Arterial,Scarborough,Intersection,Traffic Signal,Clear,Daylight,Dry,Non-Fatal Injury,Angle,Passenger,35 to 39,Major,,,,,,,,,,,,Yes,,,,Yes,,Yes,Yes,,Tam O'Shanter-Sullivan
457,Collector,Etobicoke York,Intersection,No Control,Clear,Daylight,Dry,Non-Fatal Injury,SMV Other,Driver,35 to 39,Major,North,Going Ahead,Lost control,,,,,,,,,Yes,Yes,,,,Yes,Yes,,,Rockcliffe-Smythe
1830,Major Arterial,Etobicoke York,Intersection,No Control,Rain,"Dark, artificial",Wet,Non-Fatal Injury,Pedestrian Collisions,Driver,35 to 39,,North,Going Ahead,Driving Properly,,,,,,,Yes,,Yes,,,,Yes,,,,,Milliken
126,Minor Arterial,Etobicoke York,Intersection,No Control,Clear,"Dark, artificial",Dry,Non-Fatal Injury,SMV Other,Passenger,20 to 24,Minor,,,,,,,,,,,,Yes,,,,Yes,,,,,Etobicoke City Centre
457,Collector,Etobicoke York,Intersection,No Control,Clear,Daylight,Dry,Non-Fatal Injury,SMV Other,Driver,unknown,,South,Parked,Driving Properly,,,,,,,,,Yes,Yes,,,,Yes,Yes,,,Rockcliffe-Smythe
1244,Major Arterial,Toronto and East York,Intersection,Traffic Signal,Clear,Daylight,Dry,Non-Fatal Injury,Turning Movement,Truck Driver,60 to 64,,North,Turning Left,Driving Properly,,,,,,,,,,Yes,Yes,,,Yes,Yes,,,Moss Park
1255,Minor Arterial,Scarborough,Intersection,Traffic Signal,Clear,Daylight,Dry,Non-Fatal Injury,Angle,Passenger,80 to 84,Minor,,,,,,,,,,,,Yes,,,,Yes,,Yes,Yes,,Tam O'Shanter-Sullivan
2310,Major Arterial,Etobicoke York,Mid-Block,No Control,Clear,"Dark, artificial",Wet,Fatal,Turning Movement,Driver,50 to 54,Minor,East,Going Ahead,Driving Properly,,,,,,,,,Yes,,,,Yes,,,,,Mount Olive-Silverstone-Jamestown
2203,Minor Arterial,Scarborough,Intersection,No Control,Snow,Dark,Ice,Non-Fatal Injury,SMV Other,Driver,35 to 39,Minor,South,Going Ahead,Speed too Fast For Condition,,,,,,,,,Yes,,,,Yes,Yes,Yes,,,Kennedy Park
1830,Major Arterial,Etobicoke York,Intersection,No Control,Rain,"Dark, artificial",Wet,Non-Fatal Injury,Pedestrian Collisions,Pedestrian,45 to 49,Major,East,,,Vehicle is going straight thru inter.while ped cross with ROW,"Crossing, no Traffic Control",Normal,,,,Yes,,Yes,,,,Yes,,,,,Milliken
2310,Major Arterial,Etobicoke York,Mid-Block,No Control,Clear,"Dark, artificial",Wet,Fatal,Turning Movement,Passenger,50 to 54,Major,,,,,,,,,,,,Yes,,,,Yes,,,,,Mount Olive-Silverstone-Jamestown
2203,Minor Arterial,Scarborough,Intersection,No Control,Snow,Dark,Ice,Non-Fatal Injury,SMV Other,Passenger,30 to 34,Minor,,,,,,,,,,,,Yes,,,,Yes,Yes,Yes,,,Kennedy Park
457,Collector,Etobicoke York,Intersection,No Control,Clear,Daylight,Dry,Non-Fatal Injury,SMV Other,Motorcycle Driver,unknown,,South,Parked,Driving Properly,,,,,,,,,Yes,Yes,,,,Yes,Yes,,,Rockcliffe-Smythe
1537,Major Arterial,Scarborough,Intersection,Traffic Signal,Clear,Daylight,Dry,Non-Fatal Injury,SMV Other,Driver,40 to 44,Major,West,Going Ahead,Lost control,,,,,,,,,Yes,,,,,,,,,Clairlea-Birchmount
457,Collector,Etobicoke York,Intersection,No Control,Clear,Daylight,Dry,Non-Fatal Injury,SMV Other,Driver,unknown,,North,Parked,Driving Properly,,,,,,,,,Yes,Yes,,,,Yes,Yes,,,Rockcliffe-Smythe
1255,Minor Arterial,Scarborough,Intersection,Traffic Signal,Clear,Daylight,Dry,Non-Fatal Injury,Angle,Passenger,85 to 89,Minimal,,,,,,,,,,,,Yes,,,,Yes,,Yes,Yes,,Tam O'Shanter-Sullivan
2310,Major Arterial,Etobicoke York,Mid-Block,No Control,Clear,"Dark, artificial",Wet,Fatal,Turning Movement,Driver,35 to 39,Minor,East,Going Ahead,Driving Properly,,,,,,,,,Yes,,,,Yes,,,,,Mount Olive-Silverstone-Jamestown
2203,Minor Arterial,Scarborough,Intersection,No Control,Snow,Dark,Ice,Non-Fatal Injury,SMV Other,Passenger,35 to 39,Minor,,,,,,,,,,,,Yes,,,,Yes,Yes,Yes,,,Kennedy Park
1740,Major Arterial,Etobicoke York,Intersection,Traffic Signal,Clear,Dark,Dry,Non-Fatal Injury,Pedestrian Collisions,Passenger,15 to 19,,,,,,,,,,,Yes,,Yes,,,,Yes,,,,,West Humber-Clairville
1535,Major Arterial,North York,Intersection,Traffic Signal,Clear,Daylight,Dry,Non-Fatal Injury,Pedestrian Collisions,Driver,40 to 44,Minor,East,Turning Right,Disobeyed Traffic Control,,,,,,,Yes,,Yes,,,,Yes,Yes,Yes,Yes,,Downsview
1830,Major Arterial,Etobicoke York,Intersection,No Control,Rain,"Dark, artificial",Wet,Non-Fatal Injury,Pedestrian Collisions,Passenger,5 to 9,,,,,,,,,,,Yes,,Yes,,,,Yes,,,,,Milliken
1255,Minor Arterial,Scarborough,Intersection,Traffic Signal,Clear,Daylight,Dry,Non-Fatal Injury,Angle,Passenger,0 to 4,Minimal,,,,,,,,,,,,Yes,,,,Yes,,Yes,Yes,,Tam O'Shanter-Sullivan
1548,Major Arterial,Scarborough,Intersection,Traffic Signal,Clear,Daylight,Dry,Non-Fatal Injury,Pedestrian Collisions,Driver,50 to 54,,South,Turning Right,Failed to Yield Right of Way,,,,,,,Yes,,Yes,,,,,,Yes,,,Cliffcrest
2203,Minor Arterial,Scarborough,Intersection,No Control,Snow,Dark,Ice,Non-Fatal Injury,SMV Other,Passenger,20 to 24,Major,,,,,,,,,,,,Yes,,,,Yes,Yes,Yes,,,Kennedy Park
1740,Major Arterial,Etobicoke York,Intersection,Traffic Signal,Clear,Dark,Dry,Non-Fatal Injury,Pedestrian Collisions,Pedestrian,50 to 54,Major,Unknown,,,Vehicle turns left while ped crosses without ROW at inter.,Crossing without right of way,Inattentive,,,,Yes,,Yes,,,,Yes,,,,,West Humber-Clairville
715,Local,Etobicoke York,Intersection,No Control,Clear,Daylight,Dry,Non-Fatal Injury,Cyclist Collisions,Driver,25 to 29,,East,Going Ahead,Lost control,,,,,,,,Yes,Yes,,,,,Yes,Yes,,,Rexdale-Kipling
1830,Major Arterial,Etobicoke York,Intersection,No Control,Rain,"Dark, artificial",Wet,Non-Fatal Injury,Pedestrian Collisions,Passenger,0 to 4,,,,,,,,,,,Yes,,Yes,,,,Yes,,,,,Milliken
1703,Minor Arterial,Toronto and East York,Intersection,Traffic Signal,Clear,Daylight,Dry,Non-Fatal Injury,Turning Movement,Driver,25 to 29,,South,Turning Left,Failed to Yield Right of Way,,,,,,,,,Yes,Yes,,,Yes,,Yes,,,Broadview North
1548,Major Arterial,Scarborough,Intersection,Traffic Signal,Clear,Daylight,Dry,Non-Fatal Injury,Pedestrian Collisions,Pedestrian,10 to 14,Major,East,,,Vehicle turns right while ped crosses with ROW at inter.,Crossing with right of way,Normal,,,,Yes,,Yes,,,,,,Yes,,,Cliffcrest
1850,Major Arterial,North York,Intersection,Traffic Signal,Rain,Dark,Wet,Non-Fatal Injury,Pedestrian Collisions,Driver,75 to 79,,North,Going Ahead,Driving Properly,,,,,,,Yes,,Yes,,,,,,,,,Leaside-Bennington
1535,Major Arterial,North York,Intersection,Traffic Signal,Clear,Daylight,Dry,Non-Fatal Injury,Pedestrian Collisions,Driver,45 to 49,Minimal,South,Going Ahead,Driving Properly,,,,,,,Yes,,Yes,,,,Yes,Yes,Yes,Yes,,Downsview
715,Local,Etobicoke York,Intersection,No Control,Clear,Daylight,Dry,Non-Fatal Injury,Cyclist Collisions,Cyclist,55 to 59,Major,East,Going Ahead,,,,,Cyclist and Driver travelling in same direction. One vehicle rear-ended the other.,Other,Normal,,Yes,Yes,,,,,Yes,Yes,,,Rexdale-Kipling
951,Major Arterial,Scarborough,Intersection,No Control,Clear,Daylight,Dry,Non-Fatal Injury,Turning Movement,Driver,80 to 84,Minimal,North,Turning Left,Failed to Yield Right of Way,,,,,,,,,Yes,,,,,,Yes,,,Wexford/Maryvale
1703,Minor Arterial,Toronto and East York,Intersection,Traffic Signal,Clear,Daylight,Dry,Non-Fatal Injury,Turning Movement,Motorcycle Driver,20 to 24,Major,North,Going Ahead,Driving Properly,,,,,,,,,Yes,Yes,,,Yes,,Yes,,,Broadview North
1751,Major Arterial,North York,Mid-Block,Pedestrian Crossover,Clear,Daylight,Dry,Non-Fatal Injury,Pedestrian Collisions,Driver,25 to 29,,North,Going Ahead,Failed to Yield Right of Way,,,,,,,Yes,,Yes,,,,,,Yes,,,Leaside-Bennington
2320,Major Arterial,North York,Intersection,Traffic Signal,Clear,"Dark, artificial",Dry,Non-Fatal Injury,Angle,Driver,50 to 54,Major,South,Going Ahead,Disobeyed Traffic Control,,,,,,,,,Yes,,,Yes,Yes,Yes,Yes,Yes,,Bathurst Manor
1535,Major Arterial,North York,Intersection,Traffic Signal,Clear,Daylight,Dry,Non-Fatal Injury,Pedestrian Collisions,Driver,50 to 54,Minor,South,Going Ahead,Driving Properly,,,,,,,Yes,,Yes,,,,Yes,Yes,Yes,Yes,,Downsview
917,Major Arterial,North York,Intersection,Traffic Signal,Clear,Daylight,Dry,Non-Fatal Injury,Angle,Driver,20 to 24,Major,South,Going Ahead,Disobeyed Traffic Control,,,,,,,,,Yes,,,Yes,Yes,,Yes,Yes,,Downsview
951,Major Arterial,Scarborough,Intersection,No Control,Clear,Daylight,Dry,Non-Fatal Injury,Turning Movement,Driver,20 to 24,Major,South,Going Ahead,Driving Properly,,,,,,,,,Yes,,,,,,Yes,,,Wexford/Maryvale
1703,Minor Arterial,Toronto and East York,Intersection,Traffic Signal,Clear,Daylight,Dry,Non-Fatal Injury,Turning Movement,Passenger,25 to 29,,,,,,,,,,,,,Yes,Yes,,,Yes,,Yes,,,Broadview North
1751,Major Arterial,North York,Mid-Block,Pedestrian Crossover,Clear,Daylight,Dry,Non-Fatal Injury,Pedestrian Collisions,Pedestrian,75 to 79,Major,West,,,Pedestrian hit a PXO/ped. Mid-block signal,"Crossing, Pedestrian Crossover",Normal,,,,Yes,,Yes,,,,,,Yes,,,Leaside-Bennington
1850,Major Arterial,North York,Intersection,Traffic Signal,Rain,Dark,Wet,Non-Fatal Injury,Pedestrian Collisions,Pedestrian,65 to 69,Major,East,,,Pedestrian hit at mid-block,"Crossing, no Traffic Control",Medical or Physical Disability,,,,Yes,,Yes,,,,,,,,,Leaside-Bennington