TIME,ROAD_CLASS,DISTRICT,LOCCOORD,TRAFFCTL,VISIBILITY,LIGHT,RDSFCOND,ACCLASS,IMPACTYPE,INVTYPE,INVAGE,INJURY,INITDIR,MANOEUVER,DRIVACT,PEDTYPE,PEDACT,PEDCOND,CYCLISTYPE,CYCACT,CYCCOND,PEDESTRIAN,CYCLIST,AUTOMOBILE,MOTORCYCLE,TRUCK,TRSN_CITY_VEH,PASSENGER,SPEEDING,AG_DRIV,REDLIGHT,ALCOHOL,NEIGHBOURHOOD_158
701,Minor Arterial,North York,Intersection,Traffic Signal,Clear,"Dark, artificial",Dry,Fatal,Pedestrian Collisions,Truck Driver,50 to 54,,East,Turning Right,Failed to Yield Right of Way,,,,,,,Yes,,,,Yes,,,,Yes,,,York University Heights
1205,Major Arterial,Scarborough,Intersection,Stop Sign,Clear,Daylight,Dry,Non-Fatal Injury,Turning Movement,Driver,35 to 39,,South,Turning Left,Failed to Yield Right of Way,,,,,,,,,Yes,Yes,,,,Yes,Yes,,,Oakridge
1825,Minor Arterial,Etobicoke York,Intersection,Stop Sign,Clear,Dusk,Dry,Non-Fatal Injury,Pedestrian Collisions,Pedestrian,45 to 49,Major,South,,,Vehicle is going straight thru inter.while ped cross with ROW,Crossing with right of way,Normal,,,,Yes,,Yes,,,,,,Yes,,,Casa Loma
1218,Major Arterial,Etobicoke York,Intersection,Traffic Signal,Clear,Daylight,Dry,Non-Fatal Injury,Turning Movement,Driver,15 to 19,Major,West,Turning Left,Improper Turn,,,,,,,,,Yes,,,,Yes,,,,,Markland Wood
1218,Major Arterial,Etobicoke York,Intersection,Traffic Signal,Clear,Daylight,Dry,Non-Fatal Injury,Turning Movement,Driver,30 to 34,,East,Going Ahead,Driving Properly,,,,,,,,,Yes,,,,Yes,,,,,Markland Wood
1040,Major Arterial,Scarborough,Intersection,Traffic Signal,Clear,Daylight,Dry,Fatal,Sideswipe,Driver,55 to 59,Fatal,West,Changing Lanes,Improper Lane Change,,,,,,,,,Yes,,,,,,Yes,,,Dorset Park
1,Major Arterial,Scarborough,Mid-Block,No Control,Clear,"Dark, artificial",Dry,Non-Fatal Injury,Rear End,Driver,60 to 64,,West,Going Ahead,Other,,,,,,,,,Yes,Yes,,,,,,,,Scarborough Village
701,Minor Arterial,North York,Intersection,Traffic Signal,Clear,"Dark, artificial",Dry,Fatal,Pedestrian Collisions,Pedestrian,25 to 29,Fatal,Unknown,,,Vehicle turns right while ped crosses with ROW at inter.,Crossing with right of way,Unknown,,,,Yes,,,,Yes,,,,Yes,,,York University Heights
1205,Major Arterial,Scarborough,Intersection,Stop Sign,Clear,Daylight,Dry,Non-Fatal Injury,Turning Movement,Motorcycle Driver,40 to 44,Major,East,Going Ahead,Exceeding Speed Limit,,,,,,,,,Yes,Yes,,,,Yes,Yes,,,Oakridge
1941,Minor Arterial,Toronto and East York,Intersection,Traffic Signal,Clear,"Dark, artificial",Dry,Non-Fatal Injury,Cyclist Collisions,Cyclist,40 to 44,Major,South,Going Ahead,,,,,"Cyclist without ROW rides into path of motorist at inter, lnwy, dwy-Cyclist not turn.",Disobeyed Traffic Control,Unknown,,Yes,Yes,,,,Yes,,,,,South Riverdale
1950,Major Arterial,Etobicoke York,Intersection,Traffic Signal,Clear,Daylight,Dry,Non-Fatal Injury,Turning Movement,Driver,45 to 49,,North,Turning Left,Failed to Yield Right of Way,,,,,,,,,Yes,Yes,,,,,Yes,,,Stonegate-Queensway
1205,Major Arterial,Scarborough,Intersection,Stop Sign,Clear,Daylight,Dry,Non-Fatal Injury,Turning Movement,Driver,45 to 49,,West,Going Ahead,Driving Properly,,,,,,,,,Yes,Yes,,,,Yes,Yes,,,Oakridge
1900,Minor Arterial,North York,Intersection,Traffic Signal,Clear,"Dark, artificial",Wet,Non-Fatal Injury,Turning Movement,Driver,65 to 69,Major,North,Turning Left,Improper Turn,,,,,,,,,Yes,,,,,,,,,Oakwood Village
1218,Major Arterial,Etobicoke York,Intersection,Traffic Signal,Clear,Daylight,Dry,Non-Fatal Injury,Turning Movement,Passenger,10 to 14,,,,,,,,,,,,,Yes,,,,Yes,,,,,Markland Wood
1040,Major Arterial,Scarborough,Intersection,Traffic Signal,Clear,Daylight,Dry,Fatal,Sideswipe,Driver,30 to 34,Minimal,West,Going Ahead,Driving Properly,,,,,,,,,Yes,,,,,,Yes,,,Dorset Park
1218,Major Arterial,Etobicoke York,Intersection,Traffic Signal,Clear,Daylight,Dry,Non-Fatal Injury,Turning Movement,Passenger,10 to 14,,,,,,,,,,,,,Yes,,,,Yes,,,,,Markland Wood
1,Major Arterial,Scarborough,Mid-Block,No Control,Clear,"Dark, artificial",Dry,Non-Fatal Injury,Rear End,Motorcycle Driver,50 to 54,Major,West,Going Ahead,Other,,,,,,,,,Yes,Yes,,,,,,,,Scarborough Village
1941,Minor Arterial,Toronto and East York,Intersection,Traffic Signal,Clear,"Dark, artificial",Dry,Non-Fatal Injury,Cyclist Collisions,Driver,35 to 39,,East,Going Ahead,Driving Properly,,,,,,,,Yes,Yes,,,,Yes,,,,,South Riverdale
1950,Major Arterial,Etobicoke York,Intersection,Traffic Signal,Clear,Daylight,Dry,Non-Fatal Injury,Turning Movement,Motorcycle Driver,25 to 29,Major,South,Going Ahead,Driving Properly,,,,,,,,,Yes,Yes,,,,,Yes,,,Stonegate-Queensway
1732,Major Arterial,Toronto and East York,Intersection,Stop Sign,Clear,"Dark, artificial",Wet,Non-Fatal Injury,Pedestrian Collisions,Driver,25 to 29,,South,Turning Left,Driving Properly,,,,,,,Yes,,Yes,,,,Yes,,,,,North Riverdale
1900,Minor Arterial,North York,Intersection,Traffic Signal,Clear,"Dark, artificial",Wet,Non-Fatal Injury,Turning Movement,Driver,55 to 59,,South,Going Ahead,Driving Properly,,,,,,,,,Yes,,,,,,,,,Oakwood Village
550,Major Arterial,Etobicoke York,Intersection,Traffic Signal,Clear,"Dark, artificial",Dry,Non-Fatal Injury,Pedestrian Collisions,Driver,55 to 59,,West,Turning Left,Failed to Yield Right of Way,,,,,,,Yes,,Yes,,,,,,Yes,,,Rexdale-Kipling
1952,Major Arterial,Etobicoke York,Mid-Block,No Control,Clear,Daylight,Dry,Fatal,SMV Other,Motorcycle Driver,60 to 64,Fatal,West,Going Ahead,Lost control,,,,,,,,,,Yes,,,,,,,,Markland Wood
2240,Major Arterial,Toronto and East York,Intersection,Traffic Signal,Clear,"Dark, artificial",Dry,Non-Fatal Injury,SMV Other,Motorcycle Driver,40 to 44,Major,East,Going Ahead,Improper Passing,,,,,,,,Yes,,Yes,,,Yes,Yes,Yes,,,Church-Wellesley
2240,Major Arterial,Toronto and East York,Intersection,Traffic Signal,Clear,"Dark, artificial",Dry,Non-Fatal Injury,SMV Other,Moped Passenger,35 to 39,Major,,,,,,,,,,,Yes,,Yes,,,Yes,Yes,Yes,,,Church-Wellesley
1941,Minor Arterial,Toronto and East York,Intersection,Traffic Signal,Clear,"Dark, artificial",Dry,Non-Fatal Injury,Cyclist Collisions,Passenger,60 to 64,,,,,,,,,,,,Yes,Yes,,,,Yes,,,,,South Riverdale
1557,Minor Arterial,Scarborough,Mid-Block,No Control,Clear,Daylight,Dry,Non-Fatal Injury,Pedestrian Collisions,Driver,35 to 39,,West,Going Ahead,Driving Properly,,,,,,,Yes,,Yes,,,,,,,,,Woburn North
505,Expressway,Scarborough,Mid-Block,No Control,Rain,"Dark, artificial",Wet,Non-Fatal Injury,SMV Other,Truck Driver,25 to 29,Major,West,Going Ahead,Lost control,,,,,,,,,,,Yes,,,,,,,St Lawrence-East Bayfront-The Islands
550,Major Arterial,Etobicoke York,Intersection,Traffic Signal,Clear,"Dark, artificial",Dry,Non-Fatal Injury,Pedestrian Collisions,Pedestrian,25 to 29,Major,West,,,Vehicle turns left while ped crosses with ROW at inter.,Crossing with right of way,Normal,,,,Yes,,Yes,,,,,,Yes,,,Rexdale-Kipling
915,Collector,North York,Mid-Block,No Control,Clear,Daylight,Dry,Non-Fatal Injury,Pedestrian Collisions,Driver,30 to 34,,East,Pulling Away from Shoulder or Curb,Other,,,,,,,Yes,,Yes,,,,,,,,,Yonge-Bay Corridor
2219,Major Arterial,Toronto and East York,Mid-Block,No Control,Clear,Dark,Dry,Non-Fatal Injury,SMV Other,Driver,35 to 39,Major,East,Going Ahead,Lost control,,,,,,,,,Yes,,,,,,,,,St Lawrence-East Bayfront-The Islands
1732,Major Arterial,Toronto and East York,Intersection,Stop Sign,Clear,"Dark, artificial",Wet,Non-Fatal Injury,Pedestrian Collisions,Pedestrian,50 to 54,Major,East,,,Vehicle turns left while ped crosses without ROW at inter.,Crossing without right of way,Normal,,,,Yes,,Yes,,,,Yes,,,,,North Riverdale
256,Major Arterial,Toronto and East York,Intersection,Traffic Signal,Clear,"Dark, artificial",Dry,Non-Fatal Injury,Pedestrian Collisions,Driver,25 to 29,,East,Going Ahead,Disobeyed Traffic Control,,,,,,,Yes,,Yes,,,,,,Yes,Yes,,Regent Park
1941,Minor Arterial,Toronto and East York,Intersection,Traffic Signal,Clear,"Dark, artificial",Dry,Non-Fatal Injury,Cyclist Collisions,Passenger,20 to 24,,,,,,,,,,,,Yes,Yes,,,,Yes,,,,,South Riverdale
1557,Minor Arterial,Scarborough,Mid-Block,No Control,Clear,Daylight,Dry,Non-Fatal Injury,Pedestrian Collisions,Pedestrian,50 to 54,Major,South,,,Pedestrian hit at mid-block,"Crossing, no Traffic Control",Inattentive,,,,Yes,,Yes,,,,,,,,,Woburn North
1932,Major Arterial,Scarborough,Intersection,No Control,Rain,"Dark, artificial",Wet,Non-Fatal Injury,Pedestrian Collisions,Driver,55 to 59,,East,Going Ahead,Driving Properly,,,,,,,Yes,,Yes,,,,Yes,,,,,West Hill
915,Collector,North York,Mid-Block,No Control,Clear,Daylight,Dry,Non-Fatal Injury,Pedestrian Collisions,Pedestrian,45 to 49,Major,Unknown,,,Pedestrian hit on sidewalk or shoulder,On Sidewalk or Shoulder,Had Been Drinking,,,,Yes,,Yes,,,,,,,,,Yonge-Bay Corridor
1932,Major Arterial,Scarborough,Intersection,No Control,Rain,"Dark, artificial",Wet,Non-Fatal Injury,Pedestrian Collisions,Passenger,50 to 54,,,,,,,,,,,Yes,,Yes,,,,Yes,,,,,West Hill
2300,Major Arterial,Scarborough,Mid-Block,No Control,Rain,"Dark, artificial",Wet,Fatal,Pedestrian Collisions,Pedestrian,30 to 34,Fatal,West,,,Pedestrian hit at mid-block,"Crossing, no Traffic Control",Inattentive,,,,Yes,,Yes,,,,,,,,,Steeles
1732,Major Arterial,Toronto and East York,Intersection,Stop Sign,Clear,"Dark, artificial",Wet,Non-Fatal Injury,Pedestrian Collisions,Passenger,20 to 24,,,,,,,,,,,Yes,,Yes,,,,Yes,,,,,North Riverdale
256,Major Arterial,Toronto and East York,Intersection,Traffic Signal,Clear,"Dark, artificial",Dry,Non-Fatal Injury,Pedestrian Collisions,Pedestrian,50 to 54,Major,North,,,Vehicle is going straight thru inter.while ped cross without ROW,Crossing with right of way,Normal,,,,Yes,,Yes,,,,,,Yes,Yes,,Regent Park
618,Major Arterial,Toronto and East York,Mid-Block,No Control,Clear,Daylight,Dry,Non-Fatal Injury,SMV Unattended Vehicle,Other,unknown,,North,Parked,,,,,,,,,,Yes,,,,,,Yes,,,Oakwood Village
700,Minor Arterial,Etobicoke York,Intersection,Stop Sign,Clear,Daylight,Dry,Non-Fatal Injury,Turning Movement,Driver,55 to 59,,South,Turning Left,Failed to Yield Right of Way,,,,,,,,,Yes,Yes,,,,,Yes,,,Alderwood
1940,Major Arterial,Etobicoke York,Intersection,Traffic Signal,Clear,Daylight,Dry,Non-Fatal Injury,Pedestrian Collisions,Driver,40 to 44,,North,Turning Left,Failed to Yield Right of Way,,,,,,,Yes,,Yes,,,,,,Yes,,,Humber Summit
1932,Major Arterial,Scarborough,Intersection,No Control,Rain,"Dark, artificial",Wet,Non-Fatal Injury,Pedestrian Collisions,Pedestrian,75 to 79,Major,South,,,Pedestrian hit at mid-block,"Crossing, no Traffic Control",Normal,,,,Yes,,Yes,,,,Yes,,,,,West Hill
1732,Major Arterial,Toronto and East York,Intersection,Stop Sign,Clear,"Dark, artificial",Wet,Non-Fatal Injury,Pedestrian Collisions,Passenger,25 to 29,,,,,,,,,,,Yes,,Yes,,,,Yes,,,,,North Riverdale
1200,Collector,Toronto and East York,Mid-Block,No Control,Clear,Daylight,Dry,Non-Fatal Injury,Pedestrian Collisions,Driver,60 to 64,,South,Going Ahead,Other,,,,,,,Yes,,Yes,,,,,,,,,Downtown Yonge East
618,Major Arterial,Toronto and East York,Mid-Block,No Control,Clear,Daylight,Dry,Non-Fatal Injury,SMV Unattended Vehicle,Driver,70 to 74,Major,North,Going Ahead,Lost control,,,,,,,,,Yes,,,,,,Yes,,,Oakwood Village
700,Minor Arterial,Etobicoke York,Intersection,Stop Sign,Clear,Daylight,Dry,Non-Fatal Injury,Turning Movement,Motorcycle Driver,30 to 34,Major,West,Going Ahead,Driving Properly,,,,,,,,,Yes,Yes,,,,,Yes,,,Alderwood
1940,Major Arterial,Etobicoke York,Intersection,Traffic Signal,Clear,Daylight,Dry,Non-Fatal Injury,Pedestrian Collisions,Pedestrian,20 to 24,Major,South,,,Vehicle turns left while ped crosses with ROW at inter.,Crossing with right of way,Normal,,,,Yes,,Yes,,,,,,Yes,,,Humber Summit
1817,Major Arterial,Scarborough,Mid-Block,No Control,Clear,"Dark, artificial",Dry,Non-Fatal Injury,Pedestrian Collisions,Driver,50 to 54,,South,Going Ahead,Driving Properly,,,,,,,Yes,,Yes,,,,,,,,,Highland Creek
1454,Major Arterial,North York,Intersection,Traffic Signal,Clear,Daylight,Dry,Fatal,Turning Movement,Driver,80 to 84,Fatal,West,Going Ahead,Disobeyed Traffic Control,,,,,,,,,Yes,,,,Yes,,Yes,Yes,,Lansing-Westgate
2300,Major Arterial,Scarborough,Mid-Block,No Control,Rain,"Dark, artificial",Wet,Fatal,Pedestrian Collisions,Driver,45 to 49,,North,Going Ahead,Driving Properly,,,,,,,Yes,,Yes,,,,,,,,,Steeles
1454,Major Arterial,North York,Intersection,Traffic Signal,Clear,Daylight,Dry,Fatal,Turning Movement,Driver,45 to 49,,East,Turning Left,Speed too Slow,,,,,,,,,Yes,,,,Yes,,Yes,Yes,,Lansing-Westgate
1200,Collector,Toronto and East York,Mid-Block,No Control,Clear,Daylight,Dry,Non-Fatal Injury,Pedestrian Collisions,Pedestrian,35 to 39,Major,Unknown,,,Other / Undefined,Other,Normal,,,,Yes,,Yes,,,,,,,,,Downtown Yonge East
720,Collector,North York,Intersection,Stop Sign,Rain,Daylight,Wet,Non-Fatal Injury,Pedestrian Collisions,Driver,65 to 69,,East,Turning Left,Failed to Yield Right of Way,,,,,,,Yes,,Yes,,,,,,Yes,,,Englemount-Lawrence
1106,Major Arterial,Toronto and East York,Intersection,No Control,Clear,Daylight,Dry,Non-Fatal Injury,Pedestrian Collisions,Driver,40 to 44,,South,Going Ahead,Driving Properly,,,,,,,Yes,,,,,Yes,,,,,,Downtown Yonge East
1739,Minor Arterial,Toronto and East York,Mid-Block,Pedestrian Crossover,Rain,Daylight,Wet,Non-Fatal Injury,Pedestrian Collisions,Driver,30 to 34,,West,Going Ahead,Failed to Yield Right of Way,,,,,,,Yes,,Yes,,,,,,Yes,,,South Eglinton-Davisville
1817,Major Arterial,Scarborough,Mid-Block,No Control,Clear,"Dark, artificial",Dry,Non-Fatal Injury,Pedestrian Collisions,Pedestrian,35 to 39,Major,North,,,Pedestrian hit at mid-block,"Crossing, no Traffic Control",Inattentive,,,,Yes,,Yes,,,,,,,,,Highland Creek
2235,Minor Arterial,Scarborough,Intersection,No Control,Clear,"Dark, artificial",Dry,Non-Fatal Injury,Cyclist Collisions,Driver,55 to 59,,East,Turning Left,Improper Turn,,,,,,,,Yes,Yes,,,,,,,,,L'Amoreaux West
1454,Major Arterial,North York,Intersection,Traffic Signal,Clear,Daylight,Dry,Fatal,Turning Movement,Passenger,75 to 79,Major,,,,,,,,,,,,Yes,,,,Yes,,Yes,Yes,,Lansing-Westgate
1722,Major Arterial,Toronto and East York,Intersection,Traffic Signal,Clear,Daylight,Dry,Non-Fatal Injury,Pedestrian Collisions,Driver,unknown,,South,Turning Right,Failed to Yield Right of Way,,,,,,,Yes,,Yes,,,,,,Yes,,,South Riverdale
720,Collector,North York,Intersection,Stop Sign,Rain,Daylight,Wet,Non-Fatal Injury,Pedestrian Collisions,Pedestrian,55 to 59,Major,West,,,Vehicle turns left while ped crosses with ROW at inter.,Crossing with right of way,Other,,,,Yes,,Yes,,,,,,Yes,,,Englemount-Lawrence
1739,Minor Arterial,Toronto and East York,Mid-Block,Pedestrian Crossover,Rain,Daylight,Wet,Non-Fatal Injury,Pedestrian Collisions,Pedestrian,35 to 39,Major,Unknown,,,Pedestrian hit a PXO/ped. Mid-block signal,"Crossing, Pedestrian Crossover",Normal,,,,Yes,,Yes,,,,,,Yes,,,South Eglinton-Davisville
1106,Major Arterial,Toronto and East York,Intersection,No Control,Clear,Daylight,Dry,Non-Fatal Injury,Pedestrian Collisions,Pedestrian,30 to 34,Major,Unknown,,,Pedestrian involved in a collision with transit vehicle anywhere along roadway,"Crossing, no Traffic Control",Inattentive,,,,Yes,,,,,Yes,,,,,,Downtown Yonge East
2030,Major Arterial,Etobicoke York,Mid-Block,No Control,Clear,"Dark, artificial",Dry,Fatal,Pedestrian Collisions,Pedestrian,75 to 79,Fatal,South,,,Pedestrian hit at mid-block,"Crossing, no Traffic Control",Normal,,,,Yes,,Yes,,,,,,,,,Lambton Baby Point
2235,Minor Arterial,Scarborough,Intersection,No Control,Clear,"Dark, artificial",Dry,Non-Fatal Injury,Cyclist Collisions,Cyclist,15 to 19,Major,West,Going Ahead,,,,,Motorist turned left across cyclists path.,Driving Properly,Normal,,Yes,Yes,,,,,,,,,L'Amoreaux West
1725,Major Arterial,North York,Intersection,Traffic Signal,Clear,"Dark, artificial",Dry,Non-Fatal Injury,Pedestrian Collisions,Driver,55 to 59,,East,Turning Left,Failed to Yield Right of Way,,,,,,,Yes,,Yes,,,,,,Yes,,,Clairlea-Birchmount
1732,Minor Arterial,Toronto and East York,Intersection,No Control,Clear,"Dark, artificial",Wet,Non-Fatal Injury,Cyclist Collisions,Driver,40 to 44,,South,Turning Left,Failed to Yield Right of Way,,,,,,,,Yes,Yes,,,,,,Yes,,,Harbourfront-CityPlace
1739,Minor Arterial,Toronto and East York,Mid-Block,Pedestrian Crossover,Rain,Daylight,Wet,Non-Fatal Injury,Pedestrian Collisions,Pedestrian,30 to 34,Minor,Unknown,,,Pedestrian hit a PXO/ped. Mid-block signal,"Crossing, Pedestrian Crossover",Normal,,,,Yes,,Yes,,,,,,Yes,,,South Eglinton-Davisville
1345,Major Arterial,Scarborough,Intersection,Traffic Signal,Clear,Daylight,Dry,Non-Fatal Injury,Rear End,Driver,35 to 39,,West,Going Ahead,Speed too Fast For Condition,,,,,,,,,Yes,,,,Yes,Yes,Yes,,,Cliffcrest
2030,Major Arterial,Etobicoke York,Mid-Block,No Control,Clear,"Dark, artificial",Dry,Fatal,Pedestrian Collisions,Driver,40 to 44,,East,Going Ahead,Driving Properly,,,,,,,Yes,,Yes,,,,,,,,,Lambton Baby Point
1902,Minor Arterial,Toronto and East York,Intersection,No Control,Clear,Daylight,Dry,Non-Fatal Injury,SMV Other,Motorcycle Driver,45 to 49,Major,East,Going Ahead,Lost control,,,,,,,,,,Yes,,,,,,,,St Lawrence-East Bayfront-The Islands
1725,Major Arterial,North York,Intersection,Traffic Signal,Clear,"Dark, artificial",Dry,Non-Fatal Injury,Pedestrian Collisions,Pedestrian,40 to 44,Major,East,,,Vehicle turns left while ped crosses with ROW at inter.,Crossing with right of way,Normal,,,,Yes,,Yes,,,,,,Yes,,,Clairlea-Birchmount
1634,Major Arterial,North York,Mid-Block,No Control,Clear,Daylight,Dry,Fatal,Pedestrian Collisions,Pedestrian,60 to 64,Fatal,North,,,Pedestrian hit at mid-block,"Crossing, no Traffic Control",Normal,,,,Yes,,Yes,,,,,,,,,Banbury-Don Mills
1722,Major Arterial,Toronto and East York,Intersection,Traffic Signal,Clear,Daylight,Dry,Non-Fatal Injury,Pedestrian Collisions,Pedestrian,unknown,Major,South,,,Vehicle turns right while ped crosses with ROW at inter.,Crossing with right of way,Normal,,,,Yes,,Yes,,,,,,Yes,,,South Riverdale
1857,Major Arterial,Etobicoke York,Mid-Block,Stop Sign,Clear,Daylight,Dry,Non-Fatal Injury,Cyclist Collisions,Driver,45 to 49,,North,Going Ahead,Failed to Yield Right of Way,,,,,,,,Yes,Yes,,,,Yes,,Yes,,,Brookhaven-Amesbury
1732,Minor Arterial,Toronto and East York,Intersection,No Control,Clear,"Dark, artificial",Wet,Non-Fatal Injury,Cyclist Collisions,Cyclist,50 to 54,Major,West,Going Ahead,,,,,Motorist turned left across cyclists path.,Driving Properly,Normal,,Yes,Yes,,,,,,Yes,,,Harbourfront-CityPlace
1857,Major Arterial,Etobicoke York,Mid-Block,Stop Sign,Clear,Daylight,Dry,Non-Fatal Injury,Cyclist Collisions,Cyclist,45 to 49,Major,West,Going Ahead,,,,,"Motorist turns right at non-signal Inter.(stop, yield, no cont.,and dwy) and strikes cyclist.",Driving Properly,Normal,,Yes,Yes,,,,Yes,,Yes,,,Brookhaven-Amesbury
44,Major Arterial,Scarborough,Mid-Block,No Control,Clear,"Dark, artificial",Dry,Non-Fatal Injury,Turning Movement,Motorcycle Driver,30 to 34,Major,South,Going Ahead,Speed too Fast For Condition,,,,,,,,,Yes,Yes,,,Yes,Yes,Yes,,,Golfdale-Cedarbrae-Woburn
1345,Major Arterial,Scarborough,Intersection,Traffic Signal,Clear,Daylight,Dry,Non-Fatal Injury,Rear End,Driver,60 to 64,,West,Stopped,Driving Properly,,,,,,,,,Yes,,,,Yes,Yes,Yes,,,Cliffcrest
1843,Major Arterial,Etobicoke York,Intersection,Traffic Signal,Clear,"Dark, artificial",Dry,Fatal,,Driver,70 to 74,Minimal,North,Turning Left,Improper Turn,,,,,,,,,Yes,,,,Yes,,,,,West Humber-Clairville
1634,Major Arterial,North York,Mid-Block,No Control,Clear,Daylight,Dry,Fatal,Pedestrian Collisions,Driver,25 to 29,Minimal,West,Going Ahead,Driving Properly,,,,,,,Yes,,Yes,,,,,,,,,Banbury-Don Mills
2230,Minor Arterial,Toronto and East York,Mid-Block,No Control,Clear,"Dark, artificial",Dry,Non-Fatal Injury,SMV Other,Motorcycle Driver,25 to 29,Major,West,Going Ahead,Speed too Fast For Condition,,,,,,,,,,Yes,,,,Yes,Yes,,,Broadview North
415,Major Arterial,North York,Intersection,Traffic Signal,Clear,"Dark, artificial",Dry,Non-Fatal Injury,Pedestrian Collisions,Truck Driver,25 to 29,,East,Turning Right,Driving Properly,,,,,,,Yes,,,,Yes,,,,,,,Downsview
1843,Major Arterial,Etobicoke York,Intersection,Traffic Signal,Clear,"Dark, artificial",Dry,Fatal,,Driver,25 to 29,Minimal,West,Going Ahead,Driving Properly,,,,,,,,,Yes,,,,Yes,,,,,West Humber-Clairville
710,Major Arterial,North York,Mid-Block,No Control,Clear,"Dawn, artificial",Wet,Non-Fatal Injury,Cyclist Collisions,Cyclist,75 to 79,Major,South,Changing Lanes,,,,,Cyclist and Driver travelling in same direction. One vehicle sideswipes the other.,Improper Lane Change,Inattentive,,Yes,Yes,,,,,,,,,Don Valley Village
415,Major Arterial,North York,Intersection,Traffic Signal,Clear,"Dark, artificial",Dry,Non-Fatal Injury,Pedestrian Collisions,Pedestrian,35 to 39,Major,South,,,Other / Undefined,Other,"Ability Impaired, Drugs",,,,Yes,,,,Yes,,,,,,,Downsview
1843,Major Arterial,Etobicoke York,Intersection,Traffic Signal,Clear,"Dark, artificial",Dry,Fatal,,Passenger,70 to 74,Fatal,,,,,,,,,,,,Yes,,,,Yes,,,,,West Humber-Clairville
1857,Major Arterial,Etobicoke York,Mid-Block,Stop Sign,Clear,Daylight,Dry,Non-Fatal Injury,Cyclist Collisions,Passenger,40 to 44,,,,,,,,,,,,Yes,Yes,,,,Yes,,Yes,,,Brookhaven-Amesbury
44,Major Arterial,Scarborough,Mid-Block,No Control,Clear,"Dark, artificial",Dry,Non-Fatal Injury,Turning Movement,Driver,20 to 24,,South,Turning Left,Failed to Yield Right of Way,,,,,,,,,Yes,Yes,,,Yes,Yes,Yes,,,Golfdale-Cedarbrae-Woburn
1345,Major Arterial,Scarborough,Intersection,Traffic Signal,Clear,Daylight,Dry,Non-Fatal Injury,Rear End,Passenger,55 to 59,Major,,,,,,,,,,,,Yes,,,,Yes,Yes,Yes,,,Cliffcrest
1544,Major Arterial,Etobicoke York,Intersection,Traffic Signal,Clear,Daylight,Dry,Non-Fatal Injury,Pedestrian Collisions,Driver,25 to 29,,West,Turning Left,Failed to Yield Right of Way,,,,,,,Yes,,Yes,,,,,,Yes,,,West Humber-Clairville
2239,Local,Etobicoke York,Mid-Block,No Control,Clear,Dark,Dry,Non-Fatal Injury,SMV Unattended Vehicle,Motorcycle Driver,40 to 44,Major,East,Going Ahead,Lost control,,,,,,,,,,Yes,,,,Yes,Yes,,,Wexford/Maryvale
845,Major Arterial,Etobicoke York,Mid-Block,No Control,Clear,Daylight,Dry,Non-Fatal Injury,Other,Driver,60 to 64,,East,Slowing or Stopping,Driving Properly,,,,,,,,,,,,Yes,Yes,,,,,New Toronto
710,Major Arterial,North York,Mid-Block,No Control,Clear,"Dawn, artificial",Wet,Non-Fatal Injury,Cyclist Collisions,Driver,35 to 39,,South,Going Ahead,Driving Properly,,,,,,,,Yes,Yes,,,,,,,,,Don Valley Village
1843,Major Arterial,Etobicoke York,Intersection,Traffic Signal,Clear,"Dark, artificial",Dry,Fatal,,Driver,75 to 79,,East,Stopped,Driving Properly,,,,,,,,,Yes,,,,Yes,,,,,West Humber-Clairville
1719,Major Arterial,North York,Intersection,Traffic Signal,Clear,Daylight,Dry,Non-Fatal Injury,Angle,Passenger,50 to 54,,,,,,,,,,,,,Yes,Yes,,,Yes,,Yes,Yes,,Bedford Park-Nortown
44,Major Arterial,Scarborough,Mid-Block,No Control,Clear,"Dark, artificial",Dry,Non-Fatal Injury,Turning Movement,Passenger,20 to 24,,,,,,,,,,,,,Yes,Yes,,,Yes,Yes,Yes,,,Golfdale-Cedarbrae-Woburn
1544,Major Arterial,Etobicoke York,Intersection,Traffic Signal,Clear,Daylight,Dry,Non-Fatal Injury,Pedestrian Collisions,Pedestrian,50 to 54,Major,East,,,Vehicle turns left while ped crosses with ROW at inter.,Crossing with right of way,Normal,,,,Yes,,Yes,,,,,,Yes,,,West Humber-Clairville
2007,Collector,Etobicoke York,Intersection,No Control,Clear,Daylight,Dry,Non-Fatal Injury,SMV Other,Driver,55 to 59,Major,East,Turning Left,Lost control,,,,,,,,,Yes,,,,,Yes,Yes,,,Eringate-Centennial-West Deane
845,Major Arterial,Etobicoke York,Mid-Block,No Control,Clear,Daylight,Dry,Non-Fatal Injury,Other,Passenger,70 to 74,Major,,,,,,,,,,,,,,,Yes,Yes,,,,,New Toronto
551,Major Arterial,Scarborough,Intersection,Traffic Signal,Clear,"Dark, artificial",Dry,Non-Fatal Injury,Pedestrian Collisions,Driver,25 to 29,,South,Turning Left,Failed to Yield Right of Way,,,,,,,Yes,,Yes,,,,Yes,,Yes,,,Malvern West