TIME,ROAD_CLASS,DISTRICT,LOCCOORD,TRAFFCTL,VISIBILITY,LIGHT,RDSFCOND,ACCLASS,IMPACTYPE,INVTYPE,INVAGE,INJURY,INITDIR,MANOEUVER,DRIVACT,PEDTYPE,PEDACT,PEDCOND,CYCLISTYPE,CYCACT,CYCCOND,PEDESTRIAN,CYCLIST,AUTOMOBILE,MOTORCYCLE,TRUCK,TRSN_CITY_VEH,PASSENGER,SPEEDING,AG_DRIV,REDLIGHT,ALCOHOL,NEIGHBOURHOOD_158
2000,Major Arterial,Toronto and East York,Intersection,Traffic Signal,Clear,Daylight,Dry,Non-Fatal Injury,Turning Movement,Motorcycle Driver,25 to 29,Major,South,Turning Right,Improper Turn,,,,,,,,,,Yes,,Yes,,,,,,St Lawrence-East Bayfront-The Islands
2000,Major Arterial,Toronto and East York,Intersection,Traffic Signal,Clear,Daylight,Dry,Non-Fatal Injury,Turning Movement,Driver,50 to 54,,West,Going Ahead,Driving Properly,,,,,,,,,,Yes,,Yes,,,,,,St Lawrence-East Bayfront-The Islands
1156,Major Arterial,North York,Mid-Block,No Control,Clear,Daylight,Dry,Non-Fatal Injury,Pedestrian Collisions,Driver,45 to 49,,West,Pulling Onto Shoulder or towardCurb,Speed too Fast For Condition,,,,,,,Yes,,Yes,,,,Yes,Yes,Yes,,,Clanton Park
1156,Major Arterial,North York,Mid-Block,No Control,Clear,Daylight,Dry,Non-Fatal Injury,Pedestrian Collisions,Passenger,15 to 19,,,,,,,,,,,Yes,,Yes,,,,Yes,Yes,Yes,,,Clanton Park
1156,Major Arterial,North York,Mid-Block,No Control,Clear,Daylight,Dry,Non-Fatal Injury,Pedestrian Collisions,Pedestrian,70 to 74,Major,Unknown,,,Pedestrian hit at private driveway,Other,Other,,,,Yes,,Yes,,,,Yes,Yes,Yes,,,Clanton Park
2045,Minor Arterial,North York,Intersection,No Control,Clear,"Dusk, artificial",Dry,Non-Fatal Injury,Turning Movement,Driver,40 to 44,Minimal,East,Turning Left,Speed too Fast For Condition,,,,,,,,,Yes,Yes,,,Yes,Yes,Yes,,,Brookhaven-Amesbury
2045,Minor Arterial,North York,Intersection,No Control,Clear,"Dusk, artificial",Dry,Non-Fatal Injury,Turning Movement,Motorcycle Driver,20 to 24,Major,West,Going Ahead,Driving Properly,,,,,,,,,Yes,Yes,,,Yes,Yes,Yes,,,Brookhaven-Amesbury
2045,Minor Arterial,North York,Intersection,No Control,Clear,"Dusk, artificial",Dry,Non-Fatal Injury,Turning Movement,Passenger,unknown,Minimal,,,,,,,,,,,,Yes,Yes,,,Yes,Yes,Yes,,,Brookhaven-Amesbury
336,Major Arterial,North York,Intersection,Traffic Signal,Clear,"Dark, artificial",Dry,Fatal,Pedestrian Collisions,Pedestrian,20 to 24,Fatal,North,,,Vehicle is going straight thru inter.while ped cross with ROW,Crossing with right of way,Normal,,,,Yes,,Yes,,,,,Yes,Yes,,Yes,Oakdale-Beverley Heights
336,Major Arterial,North York,Intersection,Traffic Signal,Clear,"Dark, artificial",Dry,Fatal,Pedestrian Collisions,Driver,40 to 44,,East,Going Ahead,Exceeding Speed Limit,,,,,,,Yes,,Yes,,,,,Yes,Yes,,Yes,Oakdale-Beverley Heights
336,Major Arterial,North York,Intersection,Traffic Signal,Clear,"Dark, artificial",Dry,Fatal,Pedestrian Collisions,Driver,30 to 34,,East,Stopped,Driving Properly,,,,,,,Yes,,Yes,,,,,Yes,Yes,,Yes,Oakdale-Beverley Heights
1356,Major Arterial,Scarborough,Intersection,Traffic Signal,Clear,Daylight,Dry,Non-Fatal Injury,Turning Movement,Driver,45 to 49,Minimal,North,Turning Left,Failed to Yield Right of Way,,,,,,,,,Yes,,,,Yes,,Yes,,,Malvern East
1356,Major Arterial,Scarborough,Intersection,Traffic Signal,Clear,Daylight,Dry,Non-Fatal Injury,Turning Movement,Driver,20 to 24,Minimal,South,Going Ahead,Driving Properly,,,,,,,,,Yes,,,,Yes,,Yes,,,Malvern East
1356,Major Arterial,Scarborough,Intersection,Traffic Signal,Clear,Daylight,Dry,Non-Fatal Injury,Turning Movement,Passenger,70 to 74,Major,,,,,,,,,,,,Yes,,,,Yes,,Yes,,,Malvern East
2201,Major Arterial,Scarborough,Intersection,Traffic Signal,Clear,"Dark, artificial",Dry,Non-Fatal Injury,Pedestrian Collisions,Driver,25 to 29,,East,Going Ahead,Disobeyed Traffic Control,,,,,,,Yes,,Yes,,,,,,Yes,Yes,,Steeles
2201,Major Arterial,Scarborough,Intersection,Traffic Signal,Clear,"Dark, artificial",Dry,Non-Fatal Injury,Pedestrian Collisions,Pedestrian,15 to 19,Major,South,,,Vehicle is going straight thru inter.while ped cross with ROW,Crossing with right of way,Normal,,,,Yes,,Yes,,,,,,Yes,Yes,,Steeles
1236,Major Arterial,North York,Intersection,No Control,Clear,"Dark, artificial",Dry,Non-Fatal Injury,Pedestrian Collisions,Pedestrian,20 to 24,Major,,,,Pedestrian hit at mid-block,"Crossing, no Traffic Control",Inattentive,,,,Yes,,Yes,,,,,,,,,Mount Pleasant East
2201,Major Arterial,Scarborough,Intersection,Traffic Signal,Clear,"Dark, artificial",Dry,Non-Fatal Injury,Pedestrian Collisions,Pedestrian,15 to 19,Major,South,,,Vehicle is going straight thru inter.while ped cross with ROW,Crossing with right of way,Normal,,,,Yes,,Yes,,,,,,Yes,Yes,,Steeles
112,Major Arterial,Scarborough,Intersection,No Control,Clear,"Dark, artificial",Dry,Fatal,Turning Movement,Motorcycle Driver,35 to 39,Fatal,North,Going Ahead,Exceeding Speed Limit,,,,,,,,,Yes,Yes,,,Yes,Yes,Yes,,,Kennedy Park
112,Major Arterial,Scarborough,Intersection,No Control,Clear,"Dark, artificial",Dry,Fatal,Turning Movement,Driver,30 to 34,,South,Turning Left,Driving Properly,,,,,,,,,Yes,Yes,,,Yes,Yes,Yes,,,Kennedy Park
112,Major Arterial,Scarborough,Intersection,No Control,Clear,"Dark, artificial",Dry,Fatal,Turning Movement,Passenger,15 to 19,,,,,,,,,,,,,Yes,Yes,,,Yes,Yes,Yes,,,Kennedy Park
2222,Minor Arterial,Scarborough,Mid-Block,No Control,Clear,Dark,Dry,Fatal,Approaching,Driver,40 to 44,Fatal,West,Going Ahead,Driving Properly,,,,,,,,,Yes,,,,Yes,Yes,Yes,,,Morningside Heights
2222,Minor Arterial,Scarborough,Mid-Block,No Control,Clear,Dark,Dry,Fatal,Approaching,Driver,20 to 24,Major,East,Going Ahead,Exceeding Speed Limit,,,,,,,,,Yes,,,,Yes,Yes,Yes,,,Morningside Heights
2222,Minor Arterial,Scarborough,Mid-Block,No Control,Clear,Dark,Dry,Fatal,Approaching,Passenger,20 to 24,Minor,,,,,,,,,,,,Yes,,,,Yes,Yes,Yes,,,Morningside Heights
2222,Minor Arterial,Scarborough,Mid-Block,No Control,Clear,Dark,Dry,Fatal,Approaching,Passenger,0 to 4,,,,,,,,,,,,,Yes,,,,Yes,Yes,Yes,,,Morningside Heights
2222,Minor Arterial,Scarborough,Mid-Block,No Control,Clear,Dark,Dry,Fatal,Approaching,Passenger,30 to 34,,,,,,,,,,,,,Yes,,,,Yes,Yes,Yes,,,Morningside Heights
2222,Minor Arterial,Scarborough,Mid-Block,No Control,Clear,Dark,Dry,Fatal,Approaching,Passenger,5 to 9,,,,,,,,,,,,,Yes,,,,Yes,Yes,Yes,,,Morningside Heights
2300,Major Arterial,,Mid-Block,No Control,Rain,"Dark, artificial",Wet,Non-Fatal Injury,SMV Other,Pedestrian,35 to 39,Major,North,Going Ahead,,,On Sidewalk or Shoulder,Inattentive,,,,Yes,,Yes,,,,,,,,,NSA
2222,Minor Arterial,Scarborough,Mid-Block,No Control,Clear,Dark,Dry,Fatal,Approaching,Driver,35 to 39,,West,Going Ahead,Driving Properly,,,,,,,,,Yes,,,,Yes,Yes,Yes,,,Morningside Heights
25,Major Arterial,Toronto and East York,Mid-Block,No Control,Clear,"Dark, artificial",Dry,Non-Fatal Injury,Pedestrian Collisions,Driver,55 to 59,,North,Slowing or Stopping,Other,,,,,,,Yes,,Yes,,,,,,,,,Rockcliffe-Smythe
25,Major Arterial,Toronto and East York,Mid-Block,No Control,Clear,"Dark, artificial",Dry,Non-Fatal Injury,Pedestrian Collisions,Pedestrian,20 to 24,Major,Unknown,,,Other / Undefined,Other,Normal,,,,Yes,,Yes,,,,,,,,,Rockcliffe-Smythe
855,Collector,North York,Intersection,Stop Sign,Clear,Daylight,Dry,Non-Fatal Injury,Pedestrian Collisions,Driver,90 to 94,,North,Going Ahead,Failed to Yield Right of Way,,,,,,,Yes,,Yes,,,,,,Yes,,,Flemingdon Park
855,Collector,North York,Intersection,Stop Sign,Clear,Daylight,Dry,Non-Fatal Injury,Pedestrian Collisions,Pedestrian,40 to 44,Major,West,,,Vehicle is going straight thru inter.while ped cross with ROW,Crossing with right of way,Normal,,,,Yes,,Yes,,,,,,Yes,,,Flemingdon Park
1800,Minor Arterial,Etobicoke York,Intersection,No Control,Clear,Daylight,Dry,Fatal,Pedestrian Collisions,Driver,35 to 39,,South,Turning Left,Improper Turn,,,,,,,Yes,,Yes,,,,,,,,,Mimico-Queensway
1800,Minor Arterial,Etobicoke York,Intersection,No Control,Clear,Daylight,Dry,Fatal,Pedestrian Collisions,Pedestrian,85 to 89,Fatal,North,Going Ahead,,Vehicle turns left while ped crosses with ROW at inter.,Crossing with right of way,Normal,,,,Yes,,Yes,,,,,,,,,Mimico-Queensway
1533,Major Arterial,Scarborough,Intersection,Traffic Signal,Clear,Daylight,Dry,Fatal,Turning Movement,Passenger,85 to 89,Fatal,,,,,,,,,,,,Yes,,,,Yes,,Yes,,,Wexford/Maryvale
1533,Major Arterial,Scarborough,Intersection,Traffic Signal,Clear,Daylight,Dry,Fatal,Turning Movement,Driver,25 to 29,Minor,South,Going Ahead,Driving Properly,,,,,,,,,Yes,,,,Yes,,Yes,,,Wexford/Maryvale
1533,Major Arterial,Scarborough,Intersection,Traffic Signal,Clear,Daylight,Dry,Fatal,Turning Movement,Driver,70 to 74,Minor,North,Turning Left,Failed to Yield Right of Way,,,,,,,,,Yes,,,,Yes,,Yes,,,Wexford/Maryvale
1533,Major Arterial,Scarborough,Intersection,Traffic Signal,Clear,Daylight,Dry,Fatal,Turning Movement,Passenger,15 to 19,Minor,,,,,,,,,,,,Yes,,,,Yes,,Yes,,,Wexford/Maryvale
1640,Major Arterial,Toronto and East York,Intersection,Traffic Signal,Clear,Daylight,Dry,Property Damage Only,Other,Driver,40 to 44,,East,Changing Lanes,Driving Properly,,,,,,,,,,,,Yes,,,,,,Dovercourt Village
1640,Major Arterial,Toronto and East York,Intersection,Traffic Signal,Clear,Daylight,Dry,Property Damage Only,Other,Other,55 to 59,Major,,,,,,,,,,,,,,,Yes,,,,,,Dovercourt Village
2231,Minor Arterial,Toronto and East York,Mid-Block,No Control,Clear,"Dark, artificial",Dry,Non-Fatal Injury,Pedestrian Collisions,Driver,60 to 64,,East,Going Ahead,Driving Properly,,,,,,,Yes,,Yes,,,,,,,,,The Beaches
2231,Minor Arterial,Toronto and East York,Mid-Block,No Control,Clear,"Dark, artificial",Dry,Non-Fatal Injury,Pedestrian Collisions,Pedestrian,60 to 64,Major,North,,,Pedestrian hit at mid-block,"Crossing, no Traffic Control",Normal,,,,Yes,,Yes,,,,,,,,,The Beaches
40,Major Arterial,,Intersection,Traffic Signal,Clear,"Dark, artificial",Dry,Non-Fatal Injury,Pedestrian Collisions,Driver,45 to 49,,West,Going Ahead,Driving Properly,,,,,,,Yes,,Yes,,,,,,,,Yes,Weston-Pelham Park
40,Major Arterial,,Intersection,Traffic Signal,Clear,"Dark, artificial",Dry,Non-Fatal Injury,Pedestrian Collisions,Pedestrian,55 to 59,Major,North,,,Vehicle is going straight thru inter.while ped cross without ROW,Crossing without right of way,Inattentive,,,,Yes,,Yes,,,,,,,,Yes,Weston-Pelham Park
13,Expressway,Scarborough,Mid-Block,No Control,Clear,Dark,Dry,Fatal,Pedestrian Collisions,Driver,45 to 49,,East,Going Ahead,Driving Properly,,,,,,,Yes,,Yes,,,,,,,,,Centennial Scarborough
13,Expressway,Scarborough,Mid-Block,No Control,Clear,Dark,Dry,Fatal,Pedestrian Collisions,Pedestrian,45 to 49,Fatal,Unknown,,,Pedestrian hit at mid-block,"Crossing, no Traffic Control",Inattentive,,,,Yes,,Yes,,,,,,,,,Centennial Scarborough
414,Major Arterial,Scarborough,Intersection,Traffic Signal,Clear,"Dark, artificial",Dry,Non-Fatal Injury,Pedestrian Collisions,Motorcycle Driver,30 to 34,Major,South,Going Ahead,Other,,,,,,,Yes,,,Yes,,,,,,,,Kennedy Park
414,Major Arterial,Scarborough,Intersection,Traffic Signal,Clear,"Dark, artificial",Dry,Non-Fatal Injury,Pedestrian Collisions,Pedestrian,60 to 64,Major,West,,,Vehicle is going straight thru inter.while ped cross without ROW,Crossing without right of way,Normal,,,,Yes,,,Yes,,,,,,,,Kennedy Park
532,Major Arterial,North York,Intersection,Traffic Signal,Clear,Dark,Dry,Fatal,Rear End,Passenger,30 to 34,Fatal,,,,,,,,,,,,Yes,,,,Yes,,,,,Newtonbrook West
532,Major Arterial,North York,Intersection,Traffic Signal,Clear,Dark,Dry,Fatal,Rear End,Driver,20 to 24,Major,East,Going Ahead,Lost control,,,,,,,,,Yes,,,,Yes,,,,,Newtonbrook West
532,Major Arterial,North York,Intersection,Traffic Signal,Clear,Dark,Dry,Fatal,Rear End,Driver,60 to 64,Major,East,Stopped,Driving Properly,,,,,,,,,Yes,,,,Yes,,,,,Newtonbrook West
648,Collector,Toronto and East York,Mid-Block,No Control,Clear,Daylight,Dry,Non-Fatal Injury,Pedestrian Collisions,Driver,25 to 29,,East,Going Ahead,Driving Properly,,,,,,,Yes,,Yes,,,,,,,,,Kensington-Chinatown
648,Collector,Toronto and East York,Mid-Block,No Control,Clear,Daylight,Dry,Non-Fatal Injury,Pedestrian Collisions,Pedestrian,30 to 34,Major,North,,,Pedestrian hit at mid-block,"Crossing, no Traffic Control",Normal,,,,Yes,,Yes,,,,,,,,,Kensington-Chinatown
939,Minor Arterial,Etobicoke York,Mid-Block,No Control,Clear,Daylight,Dry,Non-Fatal Injury,Pedestrian Collisions,Driver,50 to 54,,West,Turning Left,Driving Properly,,,,,,,Yes,,Yes,,,,,,,,,West Humber-Clairville
939,Minor Arterial,Etobicoke York,Mid-Block,No Control,Clear,Daylight,Dry,Non-Fatal Injury,Pedestrian Collisions,Pedestrian,60 to 64,Major,West,,,Pedestrian hit at mid-block,"Crossing, no Traffic Control",Normal,,,,Yes,,Yes,,,,,,,,,West Humber-Clairville
1438,Major Arterial,Etobicoke York,Intersection,Stop Sign,Clear,Daylight,Dry,Fatal,Turning Movement,Motorcycle Driver,45 to 49,Fatal,East,Going Ahead,Driving Properly,,,,,,,,,Yes,Yes,,,,,Yes,,,Islington
1438,Major Arterial,Etobicoke York,Intersection,Stop Sign,Clear,Daylight,Dry,Fatal,Turning Movement,Driver,90 to 94,,North,Turning Left,Disobeyed Traffic Control,,,,,,,,,Yes,Yes,,,,,Yes,,,Islington
1314,Major Arterial,Toronto and East York,Intersection,Traffic Signal,Clear,Daylight,Dry,Non-Fatal Injury,Turning Movement,Truck Driver,50 to 54,,West,Turning Right,Disobeyed Traffic Control,,,,,,,,,,Yes,Yes,,,,Yes,Yes,,Downtown Yonge East
1314,Major Arterial,Toronto and East York,Intersection,Traffic Signal,Clear,Daylight,Dry,Non-Fatal Injury,Turning Movement,Motorcycle Driver,55 to 59,Major,West,Going Ahead,Driving Properly,,,,,,,,,,Yes,Yes,,,,Yes,Yes,,Downtown Yonge East
410,Major Arterial,North York,Mid-Block,No Control,Clear,"Dawn, artificial",Dry,Fatal,Approaching,Driver,30 to 34,Minor,North,Going Ahead,Lost control,,,,,,,,,Yes,,,,,,,,,Bathurst Manor
410,Major Arterial,North York,Mid-Block,No Control,Clear,"Dawn, artificial",Dry,Fatal,Approaching,Driver,55 to 59,Fatal,South,Going Ahead,Driving Properly,,,,,,,,,Yes,,,,,,,,,Bathurst Manor
1620,Major Arterial,North York,Mid-Block,No Control,Clear,Daylight,Dry,Non-Fatal Injury,Cyclist Collisions,Cyclist,20 to 24,Major,West,Going Ahead,,,,,"Cyclist without ROW rides into path of motorist at inter, lnwy, dwy-Cyclist not turn.",Other,Inattentive,,Yes,Yes,,,,,,,,,Flemingdon Park
1620,Major Arterial,North York,Mid-Block,No Control,Clear,Daylight,Dry,Non-Fatal Injury,Cyclist Collisions,Driver,55 to 59,,West,Turning Right,Driving Properly,,,,,,,,Yes,Yes,,,,,,,,,Flemingdon Park
2105,Major Arterial,Toronto and East York,Mid-Block,Traffic Signal,Clear,Daylight,Dry,Non-Fatal Injury,Pedestrian Collisions,Driver,40 to 44,,East,Going Ahead,Driving Properly,,,,,,,Yes,,Yes,,,,,,,,,South Parkdale
2105,Major Arterial,Toronto and East York,Mid-Block,Traffic Signal,Clear,Daylight,Dry,Non-Fatal Injury,Pedestrian Collisions,Pedestrian,30 to 34,Major,South,,,Vehicle is going straight thru inter.while ped cross without ROW,Crossing marked crosswalk without ROW,Normal,,,,Yes,,Yes,,,,,,,,,South Parkdale
220,Major Arterial,Scarborough,Mid-Block,No Control,Clear,"Dark, artificial",Dry,Non-Fatal Injury,Rear End,Driver,25 to 29,,South,Going Ahead,Lost control,,,,,,,,,Yes,,,,Yes,,,,Yes,Kennedy Park
220,Major Arterial,Scarborough,Mid-Block,No Control,Clear,"Dark, artificial",Dry,Non-Fatal Injury,Rear End,Driver,40 to 44,,South,Stopped,Driving Properly,,,,,,,,,Yes,,,,Yes,,,,Yes,Kennedy Park
220,Major Arterial,Scarborough,Mid-Block,No Control,Clear,"Dark, artificial",Dry,Non-Fatal Injury,Rear End,Passenger,45 to 49,Major,,,,,,,,,,,,Yes,,,,Yes,,,,Yes,Kennedy Park
220,Major Arterial,Scarborough,Mid-Block,No Control,Clear,"Dark, artificial",Dry,Non-Fatal Injury,Rear End,Passenger,55 to 59,Minor,,,,,,,,,,,,Yes,,,,Yes,,,,Yes,Kennedy Park
220,Major Arterial,Scarborough,Mid-Block,No Control,Clear,"Dark, artificial",Dry,Non-Fatal Injury,Rear End,Passenger,40 to 44,,,,,,,,,,,,,Yes,,,,Yes,,,,Yes,Kennedy Park
30,Expressway,Toronto and East York,Mid-Block,No Control,Clear,"Dark, artificial",Dry,Non-Fatal Injury,Rear End,Motorcycle Driver,45 to 49,Major,West,Changing Lanes,Improper Lane Change,,,,,,,,,Yes,Yes,,,,,,,,Fort York-Liberty Village
30,Expressway,Toronto and East York,Mid-Block,No Control,Clear,"Dark, artificial",Dry,Non-Fatal Injury,Rear End,Driver,25 to 29,,West,Stopped,Driving Properly,,,,,,,,,Yes,Yes,,,,,,,,Fort York-Liberty Village
25,Major Arterial,North York,Intersection,Traffic Signal,Clear,"Dark, artificial",Dry,Non-Fatal Injury,Pedestrian Collisions,Truck Driver,55 to 59,,North,Turning Right,Improper Turn,,,,,,,Yes,,,,Yes,,,,,,,Downsview
25,Major Arterial,North York,Intersection,Traffic Signal,Clear,"Dark, artificial",Dry,Non-Fatal Injury,Pedestrian Collisions,Pedestrian,55 to 59,Major,North,,,Vehicle turns right while ped crosses with ROW at inter.,Crossing with right of way,Normal,,,,Yes,,,,Yes,,,,,,,Downsview
830,Major Arterial,North York,Intersection,Stop Sign,Clear,Daylight,Dry,Non-Fatal Injury,Angle,Driver,55 to 59,,East,Going Ahead,Failed to Yield Right of Way,,,,,,,,,Yes,,,,,,Yes,,,Newtonbrook East
830,Major Arterial,North York,Intersection,Stop Sign,Clear,Daylight,Dry,Non-Fatal Injury,Angle,Driver,60 to 64,Major,North,Going Ahead,Driving Properly,,,,,,,,,Yes,,,,,,Yes,,,Newtonbrook East
1804,Minor Arterial,Etobicoke York,Intersection,Traffic Signal,Clear,Daylight,Dry,Non-Fatal Injury,Turning Movement,Driver,70 to 74,Major,South,Going Ahead,Disobeyed Traffic Control,,,,,,,,,Yes,,,,Yes,,Yes,Yes,,Edenbridge-Humber Valley
1804,Minor Arterial,Etobicoke York,Intersection,Traffic Signal,Clear,Daylight,Dry,Non-Fatal Injury,Turning Movement,Driver,45 to 49,,North,Turning Left,Driving Properly,,,,,,,,,Yes,,,,Yes,,Yes,Yes,,Edenbridge-Humber Valley
1804,Minor Arterial,Etobicoke York,Intersection,Traffic Signal,Clear,Daylight,Dry,Non-Fatal Injury,Turning Movement,Driver,65 to 69,,North,Slowing or Stopping,Driving Properly,,,,,,,,,Yes,,,,Yes,,Yes,Yes,,Edenbridge-Humber Valley
1804,Minor Arterial,Etobicoke York,Intersection,Traffic Signal,Clear,Daylight,Dry,Non-Fatal Injury,Turning Movement,Passenger,45 to 49,Minor,,,,,,,,,,,,Yes,,,,Yes,,Yes,Yes,,Edenbridge-Humber Valley
1958,Minor Arterial,Scarborough,Mid-Block,No Control,Clear,"Dusk, artificial",Wet,Non-Fatal Injury,Cyclist Collisions,Truck Driver,40 to 44,,South,Turning Right,Failed to Yield Right of Way,,,,,,,,Yes,,,Yes,,Yes,,Yes,,,West Rouge
1958,Minor Arterial,Scarborough,Mid-Block,No Control,Clear,"Dusk, artificial",Wet,Non-Fatal Injury,Cyclist Collisions,Cyclist,10 to 14,Major,South,Going Ahead,,,,,"Motorist turns right at non-signal Inter.(stop, yield, no cont.,and dwy) and strikes cyclist.",Driving Properly,Normal,,Yes,,,Yes,,Yes,,Yes,,,West Rouge
1958,Minor Arterial,Scarborough,Mid-Block,No Control,Clear,"Dusk, artificial",Wet,Non-Fatal Injury,Cyclist Collisions,Passenger,15 to 19,,,,,,,,,,,,Yes,,,Yes,,Yes,,Yes,,,West Rouge
1958,Minor Arterial,Scarborough,Mid-Block,No Control,Clear,"Dusk, artificial",Wet,Non-Fatal Injury,Cyclist Collisions,Passenger,10 to 14,,,,,,,,,,,,Yes,,,Yes,,Yes,,Yes,,,West Rouge
2031,Major Arterial,Etobicoke York,Mid-Block,No Control,Rain,"Dark, artificial",Wet,Fatal,Approaching,Driver,75 to 79,Major,South,Going Ahead,Driving Properly,,,,,,,,,Yes,,,,,,,,,Pelmo Park-Humberlea
2031,Major Arterial,Etobicoke York,Mid-Block,No Control,Rain,"Dark, artificial",Wet,Fatal,Approaching,Driver,20 to 24,Fatal,North,Going Ahead,Lost control,,,,,,,,,Yes,,,,,,,,,Pelmo Park-Humberlea
125,Minor Arterial,Etobicoke York,Mid-Block,No Control,Clear,"Dark, artificial",Dry,Fatal,Pedestrian Collisions,Pedestrian,45 to 49,Fatal,Unknown,,,Pedestrian hit at mid-block,"Crossing, no Traffic Control",Inattentive,,,,Yes,,Yes,,,,,,,,,Junction-Wallace Emerson
622,Expressway,,Mid-Block,No Control,Clear,"Dark, artificial",Dry,Non-Fatal Injury,SMV Other,Driver,40 to 44,,South,Going Ahead,Driving Properly,,,,,,,,,Yes,,,,Yes,Yes,Yes,,,Old East York
630,Minor Arterial,Etobicoke York,Mid-Block,No Control,Clear,"Dark, artificial",Dry,Non-Fatal Injury,Rear End,Truck Driver,70 to 74,,West,Going Ahead,Driving Properly,,,,,,,,,Yes,,Yes,,Yes,,,,,Alderwood
1729,Minor Arterial,Scarborough,Mid-Block,No Control,Clear,Daylight,Dry,Non-Fatal Injury,Cyclist Collisions,Cyclist,20 to 24,Major,West,Going Ahead,,,,,"Cyclist loses control and strikes object (pole, ttc track)",Lost control,Inattentive,,Yes,,,,,,,,,,Tam O'Shanter-Sullivan
2252,Major Arterial,North York,Intersection,Traffic Signal,Clear,"Dark, artificial",Dry,Non-Fatal Injury,Turning Movement,Driver,80 to 84,Major,West,Going Ahead,Driving Properly,,,,,,,,,Yes,,,,Yes,,Yes,,,Bayview Village
1840,Major Arterial,Scarborough,Mid-Block,No Control,Rain,"Dark, artificial",Wet,Fatal,Pedestrian Collisions,Pedestrian,65 to 69,Fatal,East,,,Pedestrian hit at mid-block,"Crossing, no Traffic Control",Normal,,,,Yes,,Yes,,,,,,,,,Dorset Park
2345,Minor Arterial,Toronto and East York,Mid-Block,No Control,Clear,"Dark, artificial",Dry,Non-Fatal Injury,SMV Other,Passenger,15 to 19,Minor,,,,,,,,,,,,Yes,,,,Yes,,Yes,,Yes,St Lawrence-East Bayfront-The Islands
1815,Major Arterial,North York,Intersection,Traffic Signal,Clear,Daylight,Dry,Fatal,Turning Movement,Driver,40 to 44,Minor,East,Turning Left,Failed to Yield Right of Way,,,,,,,,,Yes,Yes,,,,Yes,Yes,,,Downsview
1922,Local,Toronto and East York,Mid-Block,No Control,Clear,Daylight,Dry,Non-Fatal Injury,Angle,Driver,60 to 64,Major,West,Stopped,Other,,,,,,,,,Yes,,,,,,,,,O'Connor-Parkview
630,Minor Arterial,Etobicoke York,Mid-Block,No Control,Clear,"Dark, artificial",Dry,Non-Fatal Injury,Rear End,Passenger,25 to 29,Major,West,Stopped,,,,,,,,,,Yes,,Yes,,Yes,,,,,Alderwood
1926,Minor Arterial,Toronto and East York,Mid-Block,No Control,Clear,"Dark, artificial",Dry,Non-Fatal Injury,Cyclist Collisions,Driver,25 to 29,,West,Pulling Onto Shoulder or towardCurb,Failed to Yield Right of Way,,,,,,,,Yes,Yes,,,,Yes,,Yes,,,Downtown Yonge East
1926,Minor Arterial,Toronto and East York,Mid-Block,No Control,Clear,"Dark, artificial",Dry,Non-Fatal Injury,Cyclist Collisions,Cyclist,30 to 34,Major,West,Going Ahead,,,,,Cyclist and Driver travelling in same direction. One vehicle sideswipes the other.,Driving Properly,Normal,,Yes,Yes,,,,Yes,,Yes,,,Downtown Yonge East
1926,Minor Arterial,Toronto and East York,Mid-Block,No Control,Clear,"Dark, artificial",Dry,Non-Fatal Injury,Cyclist Collisions,Passenger,20 to 24,,,,,,,,,,,,Yes,Yes,,,,Yes,,Yes,,,Downtown Yonge East
1500,Major Arterial,Etobicoke York,Intersection,Stop Sign,Clear,Daylight,Dry,Non-Fatal Injury,Turning Movement,Driver,90 to 94,Major,South,Turning Right,Disobeyed Traffic Control,,,,,,,,,Yes,,,,Yes,,Yes,,,Islington
1500,Major Arterial,Etobicoke York,Intersection,Stop Sign,Clear,Daylight,Dry,Non-Fatal Injury,Turning Movement,Driver,45 to 49,Minimal,West,Going Ahead,Driving Properly,,,,,,,,,Yes,,,,Yes,,Yes,,,Islington
1500,Major Arterial,Etobicoke York,Intersection,Stop Sign,Clear,Daylight,Dry,Non-Fatal Injury,Turning Movement,Passenger,15 to 19,,West,Going Ahead,,,,,,,,,,Yes,,,,Yes,,Yes,,,Islington
1500,Major Arterial,Etobicoke York,Intersection,Stop Sign,Clear,Daylight,Dry,Non-Fatal Injury,Turning Movement,Passenger,10 to 14,,West,Going Ahead,,,,,,,,,,Yes,,,,Yes,,Yes,,,Islington
1355,Major Arterial,Etobicoke York,Intersection,Traffic Signal,Clear,Daylight,Dry,Fatal,Turning Movement,Driver,60 to 64,,North,Turning Left,Improper Turn,,,,,,,,,Yes,Yes,,,,Yes,Yes,,,Weston
1355,Major Arterial,Etobicoke York,Intersection,Traffic Signal,Clear,Daylight,Dry,Fatal,Turning Movement,Motorcycle Driver,45 to 49,Fatal,South,Going Ahead,Exceeding Speed Limit,,,,,,,,,Yes,Yes,,,,Yes,Yes,,,Weston
125,Minor Arterial,Etobicoke York,Mid-Block,No Control,Clear,"Dark, artificial",Dry,Fatal,Pedestrian Collisions,Driver,40 to 44,,South,Going Ahead,Driving Properly,,,,,,,Yes,,Yes,,,,,,,,,Junction-Wallace Emerson
622,Expressway,,Mid-Block,No Control,Clear,"Dark, artificial",Dry,Non-Fatal Injury,SMV Other,Passenger,25 to 29,Major,,,,,,,,,,,,Yes,,,,Yes,Yes,Yes,,,Old East York