TIME,ROAD_CLASS,DISTRICT,LOCCOORD,TRAFFCTL,VISIBILITY,LIGHT,RDSFCOND,ACCLASS,IMPACTYPE,INVTYPE,INVAGE,INJURY,INITDIR,MANOEUVER,DRIVACT,PEDTYPE,PEDACT,PEDCOND,CYCLISTYPE,CYCACT,CYCCOND,PEDESTRIAN,CYCLIST,AUTOMOBILE,MOTORCYCLE,TRUCK,TRSN_CITY_VEH,PASSENGER,SPEEDING,AG_DRIV,REDLIGHT,ALCOHOL,NEIGHBOURHOOD_158
2100,Major Arterial,Scarborough,Intersection,Traffic Signal,Clear,"Dark, artificial",Dry,Non-Fatal Injury,Turning Movement,Driver,25 to 29,,West,Turning Left,Failed to Yield Right of Way,,,,,,,,,Yes,Yes,,,,,Yes,,,Malvern East
2100,Major Arterial,Scarborough,Intersection,Traffic Signal,Clear,"Dark, artificial",Dry,Non-Fatal Injury,Turning Movement,Motorcycle Driver,35 to 39,Major,South,Going Ahead,Driving Properly,,,,,,,,,Yes,Yes,,,,,Yes,,,Malvern East
2100,Major Arterial,Scarborough,Intersection,Traffic Signal,Clear,"Dark, artificial",Dry,Non-Fatal Injury,Turning Movement,Other,25 to 29,,,,,,,,,,,,,Yes,Yes,,,,,Yes,,,Malvern East
2349,Local,Toronto and East York,Mid-Block,No Control,Clear,"Dark, artificial",Dry,Non-Fatal Injury,SMV Other,Driver,55 to 59,,West,Going Ahead,Driving Properly,,,,,,,Yes,,Yes,,,,,,,,,Fort York-Liberty Village
2349,Local,Toronto and East York,Mid-Block,No Control,Clear,"Dark, artificial",Dry,Non-Fatal Injury,SMV Other,Pedestrian,25 to 29,Major,North,Going Ahead,,,Crossing without right of way,Inattentive,,,,Yes,,Yes,,,,,,,,,Fort York-Liberty Village
1033,Major Arterial,North York,Intersection,Traffic Signal,Clear,Daylight,Dry,Fatal,Pedestrian Collisions,Driver,35 to 39,Minor,West,Turning Left,Driving Properly,,,,,,,Yes,,Yes,,,,,Yes,Yes,,,Tam O'Shanter-Sullivan
1033,Major Arterial,North York,Intersection,Traffic Signal,Clear,Daylight,Dry,Fatal,Pedestrian Collisions,Driver,55 to 59,Minor,East,Going Ahead,Speed too Fast For Condition,,,,,,,Yes,,Yes,,,,,Yes,Yes,,,Tam O'Shanter-Sullivan
1033,Major Arterial,North York,Intersection,Traffic Signal,Clear,Daylight,Dry,Fatal,Pedestrian Collisions,Pedestrian,70 to 74,Fatal,Unknown,,,Pedestrian hit on sidewalk or shoulder,On Sidewalk or Shoulder,Normal,,,,Yes,,Yes,,,,,Yes,Yes,,,Tam O'Shanter-Sullivan
2006,Major Arterial,Toronto and East York,Intersection,Traffic Signal,Rain,"Dark, artificial",Wet,Non-Fatal Injury,SMV Other,Driver,75 to 79,,East,Turning Left,Failed to Yield Right of Way,,,,,,,Yes,,Yes,,,,,,Yes,,,Annex
2006,Major Arterial,Toronto and East York,Intersection,Traffic Signal,Rain,"Dark, artificial",Wet,Non-Fatal Injury,SMV Other,Pedestrian,20 to 24,Major,North,Going Ahead,,,Crossing with right of way,Normal,,,,Yes,,Yes,,,,,,Yes,,,Annex
1129,Major Arterial,Etobicoke York,Intersection,Traffic Signal,Clear,Daylight,Dry,Non-Fatal Injury,SMV Other,Driver,40 to 44,,West,Going Ahead,Driving Properly,,,,,,,Yes,,Yes,,,,,,,,,Kingsway South
1129,Major Arterial,Etobicoke York,Intersection,Traffic Signal,Clear,Daylight,Dry,Non-Fatal Injury,SMV Other,Pedestrian,10 to 14,Major,North,Going Ahead,,,Crossing marked crosswalk without ROW,Inattentive,,,,Yes,,Yes,,,,,,,,,Kingsway South
306,Major Arterial,Scarborough,Intersection,Traffic Signal,Clear,Dark,Dry,Non-Fatal Injury,SMV Other,Driver,30 to 34,,West,Going Ahead,Driving Properly,,,,,,,Yes,,Yes,,,,,,Yes,,,Golfdale-Cedarbrae-Woburn
306,Major Arterial,Scarborough,Intersection,Traffic Signal,Clear,Dark,Dry,Non-Fatal Injury,SMV Other,Pedestrian,50 to 54,Major,South,Going Ahead,,,Running onto Roadway,"Ability Impaired, Alcohol",,,,Yes,,Yes,,,,,,Yes,,,Golfdale-Cedarbrae-Woburn
1814,Major Arterial,North York,Mid-Block,No Control,Clear,Daylight,Dry,Non-Fatal Injury,Pedestrian Collisions,Driver,30 to 34,,West,Going Ahead,Failed to Yield Right of Way,,,,,,,Yes,,Yes,,,,,,Yes,,,Willowdale West
1814,Major Arterial,North York,Mid-Block,No Control,Clear,Daylight,Dry,Non-Fatal Injury,Pedestrian Collisions,Pedestrian,80 to 84,Major,South,,,Pedestrian hit at mid-block,"Crossing, no Traffic Control",Inattentive,,,,Yes,,Yes,,,,,,Yes,,,Willowdale West
1814,Major Arterial,North York,Mid-Block,No Control,Clear,Daylight,Dry,Non-Fatal Injury,Pedestrian Collisions,Pedestrian,65 to 69,Minor,South,,,Pedestrian hit at mid-block,"Crossing, no Traffic Control",Inattentive,,,,Yes,,Yes,,,,,,Yes,,,Willowdale West
2144,Major Arterial,North York,Intersection,Traffic Controller,Clear,"Daylight, artificial",Dry,Non-Fatal Injury,Turning Movement,Driver,20 to 24,,South,Turning Left,Improper Turn,,,,,,,,,Yes,Yes,,,Yes,,,,,Yonge-Eglinton
2144,Major Arterial,North York,Intersection,Traffic Controller,Clear,"Daylight, artificial",Dry,Non-Fatal Injury,Turning Movement,Motorcycle Driver,55 to 59,Major,North,Going Ahead,Driving Properly,,,,,,,,,Yes,Yes,,,Yes,,,,,Yonge-Eglinton
2144,Major Arterial,North York,Intersection,Traffic Controller,Clear,"Daylight, artificial",Dry,Non-Fatal Injury,Turning Movement,Passenger,20 to 24,,South,Turning Left,,,,,,,,,,Yes,Yes,,,Yes,,,,,Yonge-Eglinton
2039,Major Arterial,Scarborough,Intersection,Traffic Signal,Clear,Dark,Dry,Fatal,Pedestrian Collisions,Pedestrian,45 to 49,Fatal,South,,,Vehicle turns left while ped crosses with ROW at inter.,Crossing with right of way,Normal,,,,Yes,,Yes,,,,Yes,,Yes,,,Kennedy Park
2039,Major Arterial,Scarborough,Intersection,Traffic Signal,Clear,Dark,Dry,Fatal,Pedestrian Collisions,Driver,25 to 29,,North,Turning Left,Failed to Yield Right of Way,,,,,,,Yes,,Yes,,,,Yes,,Yes,,,Kennedy Park
2039,Major Arterial,Scarborough,Intersection,Traffic Signal,Clear,Dark,Dry,Fatal,Pedestrian Collisions,Passenger,20 to 24,,,,,,,,,,,Yes,,Yes,,,,Yes,,Yes,,,Kennedy Park
132,Expressway,Etobicoke York,Mid-Block,No Control,Clear,Dark,Dry,Fatal,Rear End,Passenger,55 to 59,Fatal,,,,,,,,,,,,Yes,,,,Yes,Yes,Yes,,,Mimico-Queensway
132,Expressway,Etobicoke York,Mid-Block,No Control,Clear,Dark,Dry,Fatal,Rear End,Driver,60 to 64,Minor,East,Going Ahead,Driving Properly,,,,,,,,,Yes,,,,Yes,Yes,Yes,,,Mimico-Queensway
132,Expressway,Etobicoke York,Mid-Block,No Control,Clear,Dark,Dry,Fatal,Rear End,Driver,30 to 34,,East,Going Ahead,Exceeding Speed Limit,,,,,,,,,Yes,,,,Yes,Yes,Yes,,,Mimico-Queensway
609,Major Arterial,Toronto and East York,Mid-Block,No Control,Rain,"Dark, artificial",Wet,Non-Fatal Injury,Pedestrian Collisions,Driver,70 to 74,,West,Going Ahead,Driving Properly,,,,,,,Yes,,Yes,,,,,,,,,Kensington-Chinatown
609,Major Arterial,Toronto and East York,Mid-Block,No Control,Rain,"Dark, artificial",Wet,Non-Fatal Injury,Pedestrian Collisions,Pedestrian,70 to 74,Major,South,,,Pedestrian hit at mid-block,"Crossing, no Traffic Control",Inattentive,,,,Yes,,Yes,,,,,,,,,Kensington-Chinatown
1150,Major Arterial,Toronto and East York,Intersection,Traffic Signal,Clear,Daylight,Wet,Non-Fatal Injury,SMV Other,Driver,70 to 74,,North,Going Ahead,Driving Properly,,,,,,,Yes,,Yes,,,,,,,,,Newtonbrook East
1150,Major Arterial,Toronto and East York,Intersection,Traffic Signal,Clear,Daylight,Wet,Non-Fatal Injury,SMV Other,Pedestrian,75 to 79,Major,South,Going Ahead,,,Crossing without right of way,Normal,,,,Yes,,Yes,,,,,,,,,Newtonbrook East
1230,Minor Arterial,North York,Intersection,Traffic Signal,Clear,"Daylight, artificial",Dry,Non-Fatal Injury,Turning Movement,Driver,15 to 19,Major,East,Turning Left,Failed to Yield Right of Way,,,,,,,,,Yes,,,,,,Yes,,,Glenfield-Jane Heights
1230,Minor Arterial,North York,Intersection,Traffic Signal,Clear,"Daylight, artificial",Dry,Non-Fatal Injury,Turning Movement,Driver,70 to 74,Major,North,Going Ahead,Driving Properly,,,,,,,,,Yes,,,,,,Yes,,,Glenfield-Jane Heights
637,Collector,Etobicoke York,Mid-Block,No Control,Clear,Daylight,Dry,Non-Fatal Injury,Turning Movement,Driver,35 to 39,,West,Turning Left,Failed to Yield Right of Way,,,,,,,,,Yes,Yes,,,,,Yes,,,West Humber-Clairville
637,Collector,Etobicoke York,Mid-Block,No Control,Clear,Daylight,Dry,Non-Fatal Injury,Turning Movement,Motorcycle Driver,25 to 29,Major,East,Going Ahead,Driving Properly,,,,,,,,,Yes,Yes,,,,,Yes,,,West Humber-Clairville
702,Expressway,Toronto and East York,Mid-Block,No Control,Clear,Daylight,Dry,Non-Fatal Injury,SMV Other,Driver,45 to 49,Major,East,Pulling Onto Shoulder or towardCurb,Lost control,,,,,,,,,Yes,,,,,Yes,Yes,,,St Lawrence-East Bayfront-The Islands
1912,Major Arterial,Toronto and East York,Intersection,Traffic Signal,Clear,Daylight,Dry,Non-Fatal Injury,SMV Other,Driver,unknown,,South,Turning Left,Improper Turn,,,,,,,Yes,,Yes,,,,,,,,,Yonge-Bay Corridor
1912,Major Arterial,Toronto and East York,Intersection,Traffic Signal,Clear,Daylight,Dry,Non-Fatal Injury,SMV Other,Pedestrian,35 to 39,Major,East,Going Ahead,,,Crossing with right of way,Normal,,,,Yes,,Yes,,,,,,,,,Yonge-Bay Corridor
1358,Collector,Toronto and East York,Mid-Block,No Control,Clear,Daylight,Dry,Non-Fatal Injury,SMV Other,Motorcycle Driver,35 to 39,Major,South,Going Ahead,Exceeding Speed Limit,,,,,,,,,,Yes,,,,Yes,Yes,,,Fenside-Parkwoods
1356,Major Arterial,North York,Mid-Block,No Control,Clear,Daylight,Dry,Non-Fatal Injury,SMV Other,Driver,40 to 44,,East,Going Ahead,Driving Properly,,,,,,,Yes,,,,,Yes,,,,,,Lawrence Park North
1356,Major Arterial,North York,Mid-Block,No Control,Clear,Daylight,Dry,Non-Fatal Injury,SMV Other,Pedestrian,85 to 89,Major,East,Going Ahead,,,Other,Medical or Physical Disability,,,,Yes,,,,,Yes,,,,,,Lawrence Park North
1639,Major Arterial,Scarborough,Intersection,Traffic Signal,Clear,Daylight,Dry,Fatal,Rear End,Passenger,70 to 74,,,,,,,,,,,,,Yes,,,,Yes,Yes,Yes,,,High Park-Swansea
1639,Major Arterial,Scarborough,Intersection,Traffic Signal,Clear,Daylight,Dry,Fatal,Rear End,Passenger,65 to 69,Fatal,,,,,,,,,,,,Yes,,,,Yes,Yes,Yes,,,High Park-Swansea
1639,Major Arterial,Scarborough,Intersection,Traffic Signal,Clear,Daylight,Dry,Fatal,Rear End,Driver,50 to 54,,South,Slowing or Stopping,Driving Properly,,,,,,,,,Yes,,,,Yes,Yes,Yes,,,High Park-Swansea
1639,Major Arterial,Scarborough,Intersection,Traffic Signal,Clear,Daylight,Dry,Fatal,Rear End,Driver,35 to 39,Major,South,Going Ahead,Exceeding Speed Limit,,,,,,,,,Yes,,,,Yes,Yes,Yes,,,High Park-Swansea
1639,Major Arterial,Scarborough,Intersection,Traffic Signal,Clear,Daylight,Dry,Fatal,Rear End,Driver,70 to 74,Minor,South,Slowing or Stopping,Driving Properly,,,,,,,,,Yes,,,,Yes,Yes,Yes,,,High Park-Swansea
1639,Major Arterial,Scarborough,Intersection,Traffic Signal,Clear,Daylight,Dry,Fatal,Rear End,Passenger,70 to 74,Minor,,,,,,,,,,,,Yes,,,,Yes,Yes,Yes,,,High Park-Swansea
1639,Major Arterial,Scarborough,Intersection,Traffic Signal,Clear,Daylight,Dry,Fatal,Rear End,Driver,55 to 59,,South,Slowing or Stopping,Driving Properly,,,,,,,,,Yes,,,,Yes,Yes,Yes,,,High Park-Swansea
1639,Major Arterial,Scarborough,Intersection,Traffic Signal,Clear,Daylight,Dry,Fatal,Rear End,Driver,70 to 74,Fatal,South,Going Ahead,Driving Properly,,,,,,,,,Yes,,,,Yes,Yes,Yes,,,High Park-Swansea
2035,Local,North York,"Park, Private Property, Public Lane",No Control,Clear,"Dark, artificial",Dry,Non-Fatal Injury,SMV Other,Driver,40 to 44,Major,West,Turning Right,Lost control,,,,,,,,,,,,,,,,,,Pelmo Park-Humberlea
1520,Major Arterial,Scarborough,Mid-Block,No Control,Clear,Daylight,Dry,Non-Fatal Injury,Turning Movement,Driver,65 to 69,,West,Turning Left,Failed to Yield Right of Way,,,,,,,,,Yes,Yes,,,,,Yes,,,West Hill
1520,Major Arterial,Scarborough,Mid-Block,No Control,Clear,Daylight,Dry,Non-Fatal Injury,Turning Movement,Motorcycle Driver,45 to 49,Major,East,Going Ahead,Driving Properly,,,,,,,,,Yes,Yes,,,,,Yes,,,West Hill
1927,Minor Arterial,North York,Mid-Block,No Control,Clear,"Dark, artificial",Dry,Fatal,Pedestrian Collisions,Pedestrian,60 to 64,Fatal,South,,,Pedestrian hit at mid-block,"Crossing, no Traffic Control",Inattentive,,,,Yes,,Yes,,,,Yes,,,,,Banbury-Don Mills
1927,Minor Arterial,North York,Mid-Block,No Control,Clear,"Dark, artificial",Dry,Fatal,Pedestrian Collisions,Driver,35 to 39,,West,Going Ahead,Driving Properly,,,,,,,Yes,,Yes,,,,Yes,,,,,Banbury-Don Mills
1927,Minor Arterial,North York,Mid-Block,No Control,Clear,"Dark, artificial",Dry,Fatal,Pedestrian Collisions,Passenger,5 to 9,,,,,,,,,,,Yes,,Yes,,,,Yes,,,,,Banbury-Don Mills
1927,Minor Arterial,North York,Mid-Block,No Control,Clear,"Dark, artificial",Dry,Fatal,Pedestrian Collisions,Passenger,5 to 9,,,,,,,,,,,Yes,,Yes,,,,Yes,,,,,Banbury-Don Mills
1201,Major Arterial,Etobicoke York,Intersection,Stop Sign,Clear,Daylight,Dry,Fatal,Angle,Driver,55 to 59,Fatal,South,Going Ahead,Disobeyed Traffic Control,,,,,,,,,Yes,,,,,Yes,Yes,,,Islington
1201,Major Arterial,Etobicoke York,Intersection,Stop Sign,Clear,Daylight,Dry,Fatal,Angle,Driver,20 to 24,Minor,West,Going Ahead,Speed too Fast For Condition,,,,,,,,,Yes,,,,,Yes,Yes,,,Islington
1450,Major Arterial,Toronto and East York,Intersection,Traffic Signal,Clear,Daylight,Dry,Non-Fatal Injury,SMV Other,Driver,20 to 24,,West,Turning Left,Improper Passing,,,,,,,Yes,,Yes,,,,,,Yes,,,Wellington Place
1450,Major Arterial,Toronto and East York,Intersection,Traffic Signal,Clear,Daylight,Dry,Non-Fatal Injury,SMV Other,Pedestrian,55 to 59,Major,South,Going Ahead,,,Crossing with right of way,Normal,,,,Yes,,Yes,,,,,,Yes,,,Wellington Place
1917,Major Arterial,Toronto and East York,Intersection,Traffic Signal,Clear,"Dark, artificial",Dry,Non-Fatal Injury,SMV Other,Driver,unknown,,South,Going Ahead,Exceeding Speed Limit,,,,,,,Yes,,Yes,,,,,Yes,Yes,,,Annex
1917,Major Arterial,Toronto and East York,Intersection,Traffic Signal,Clear,"Dark, artificial",Dry,Non-Fatal Injury,SMV Other,Pedestrian,20 to 24,Major,East,Going Ahead,,,Crossing with right of way,Normal,,,,Yes,,Yes,,,,,Yes,Yes,,,Annex
1504,Major Arterial,Scarborough,Mid-Block,No Control,Clear,Daylight,Dry,Non-Fatal Injury,Rear End,Driver,60 to 64,Major,South,Slowing or Stopping,Other,,,,,,,,,Yes,,,,,,,,,Agincourt North
1504,Major Arterial,Scarborough,Mid-Block,No Control,Clear,Daylight,Dry,Non-Fatal Injury,Rear End,Driver,55 to 59,Minimal,South,Slowing or Stopping,Driving Properly,,,,,,,,,Yes,,,,,,,,,Agincourt North
1140,Minor Arterial,Scarborough,Intersection,Traffic Signal,Clear,Daylight,Dry,Fatal,Pedestrian Collisions,Pedestrian,15 to 19,Fatal,North,,,Vehicle turns left while ped crosses with ROW at inter.,Crossing with right of way,Normal,,,,Yes,,Yes,,,,,,Yes,,,Birchcliffe-Cliffside
1140,Minor Arterial,Scarborough,Intersection,Traffic Signal,Clear,Daylight,Dry,Fatal,Pedestrian Collisions,Driver,40 to 44,,South,Turning Left,Failed to Yield Right of Way,,,,,,,Yes,,Yes,,,,,,Yes,,,Birchcliffe-Cliffside
2136,Major Arterial,Toronto and East York,Mid-Block,No Control,Clear,"Dark, artificial",Dry,Fatal,Pedestrian Collisions,Driver,80 to 84,,East,Going Ahead,Driving Properly,,,,,,,Yes,,Yes,,,,,,,,,Old East York
2136,Major Arterial,Toronto and East York,Mid-Block,No Control,Clear,"Dark, artificial",Dry,Fatal,Pedestrian Collisions,Driver,40 to 44,,West,Going Ahead,Driving Properly,,,,,,,Yes,,Yes,,,,,,,,,Old East York
2136,Major Arterial,Toronto and East York,Mid-Block,No Control,Clear,"Dark, artificial",Dry,Fatal,Pedestrian Collisions,Pedestrian,80 to 84,Fatal,North,,,Pedestrian hit at mid-block,"Crossing, no Traffic Control",Inattentive,,,,Yes,,Yes,,,,,,,,,Old East York
2318,Major Arterial,Scarborough,Intersection,Traffic Signal,Clear,"Dark, artificial",Dry,Non-Fatal Injury,Turning Movement,Driver,20 to 24,Major,East,Turning Left,Failed to Yield Right of Way,,,,,,,,,Yes,,,,Yes,,Yes,,,Golfdale-Cedarbrae-Woburn
2318,Major Arterial,Scarborough,Intersection,Traffic Signal,Clear,"Dark, artificial",Dry,Non-Fatal Injury,Turning Movement,Driver,25 to 29,Minimal,West,Going Ahead,Driving Properly,,,,,,,,,Yes,,,,Yes,,Yes,,,Golfdale-Cedarbrae-Woburn
2318,Major Arterial,Scarborough,Intersection,Traffic Signal,Clear,"Dark, artificial",Dry,Non-Fatal Injury,Turning Movement,Passenger,15 to 19,,West,Going Ahead,,,,,,,,,,Yes,,,,Yes,,Yes,,,Golfdale-Cedarbrae-Woburn
2222,Major Arterial,Scarborough,Intersection,Traffic Signal,Rain,"Dark, artificial",Wet,Non-Fatal Injury,SMV Other,Driver,45 to 49,,West,Turning Left,Failed to Yield Right of Way,,,,,,,Yes,,Yes,,,,,,Yes,,,Eglinton East
2222,Major Arterial,Scarborough,Intersection,Traffic Signal,Rain,"Dark, artificial",Wet,Non-Fatal Injury,SMV Other,Pedestrian,20 to 24,Major,East,Going Ahead,,,Crossing with right of way,Normal,,,,Yes,,Yes,,,,,,Yes,,,Eglinton East
2319,Major Arterial,North York,Intersection,Traffic Signal,Clear,"Dark, artificial",Dry,Non-Fatal Injury,Approaching,Driver,20 to 24,Minor,West,Going Ahead,Lost control,,,,,,,,,Yes,,,Yes,Yes,Yes,Yes,,,Clanton Park
2319,Major Arterial,North York,Intersection,Traffic Signal,Clear,"Dark, artificial",Dry,Non-Fatal Injury,Approaching,Driver,45 to 49,Minimal,East,Going Ahead,Driving Properly,,,,,,,,,Yes,,,Yes,Yes,Yes,Yes,,,Clanton Park
2319,Major Arterial,North York,Intersection,Traffic Signal,Clear,"Dark, artificial",Dry,Non-Fatal Injury,Approaching,Passenger,15 to 19,Major,,,,,,,,,,,,Yes,,,Yes,Yes,Yes,Yes,,,Clanton Park
2319,Major Arterial,North York,Intersection,Traffic Signal,Clear,"Dark, artificial",Dry,Non-Fatal Injury,Approaching,Passenger,15 to 19,Major,,,,,,,,,,,,Yes,,,Yes,Yes,Yes,Yes,,,Clanton Park
2319,Major Arterial,North York,Intersection,Traffic Signal,Clear,"Dark, artificial",Dry,Non-Fatal Injury,Approaching,Passenger,15 to 19,Major,,,,,,,,,,,,Yes,,,Yes,Yes,Yes,Yes,,,Clanton Park
2319,Major Arterial,North York,Intersection,Traffic Signal,Clear,"Dark, artificial",Dry,Non-Fatal Injury,Approaching,Passenger,15 to 19,Minor,,,,,,,,,,,,Yes,,,Yes,Yes,Yes,Yes,,,Clanton Park
2019,Minor Arterial,Etobicoke York,Mid-Block,No Control,Clear,Dark,Dry,Fatal,Rear End,Driver,30 to 34,,South,Going Ahead,Lost control,,,,,,,,,Yes,,,,,,,,,Oakdale-Beverley Heights
2019,Minor Arterial,Etobicoke York,Mid-Block,No Control,Clear,Dark,Dry,Fatal,Rear End,Driver,45 to 49,Fatal,South,Stopped,Other,,,,,,,,,Yes,,,,,,,,,Oakdale-Beverley Heights
1255,Minor Arterial,Toronto and East York,Mid-Block,No Control,Rain,Daylight,Wet,Non-Fatal Injury,Pedestrian Collisions,Driver,30 to 34,,South,Going Ahead,Driving Properly,,,,,,,Yes,,Yes,,,,,,,,,Yonge-Eglinton
1255,Minor Arterial,Toronto and East York,Mid-Block,No Control,Rain,Daylight,Wet,Non-Fatal Injury,Pedestrian Collisions,Pedestrian,30 to 34,Major,East,,,Pedestrian hit at mid-block,"Crossing, Pedestrian Crossover",Inattentive,,,,Yes,,Yes,,,,,,,,,Yonge-Eglinton
1835,Major Arterial,Etobicoke York,Mid-Block,No Control,Rain,"Dusk, artificial",Wet,Fatal,Pedestrian Collisions,Pedestrian,65 to 69,Fatal,South,,,Pedestrian hit at mid-block,"Crossing, no Traffic Control",Medical or Physical Disability,,,,Yes,,Yes,,,,,,,,,New Toronto
1835,Major Arterial,Etobicoke York,Mid-Block,No Control,Rain,"Dusk, artificial",Wet,Fatal,Pedestrian Collisions,Driver,40 to 44,,East,Going Ahead,Driving Properly,,,,,,,Yes,,Yes,,,,,,,,,New Toronto
812,Collector,Toronto and East York,Intersection,No Control,Clear,"Daylight, artificial",Dry,Non-Fatal Injury,SMV Other,Driver,20 to 24,,South,Going Ahead,Lost control,,,,,,,Yes,,Yes,,,,,,,,,Humber Summit
812,Collector,Toronto and East York,Intersection,No Control,Clear,"Daylight, artificial",Dry,Non-Fatal Injury,SMV Other,Pedestrian,40 to 44,Major,South,Going Ahead,,,On Sidewalk or Shoulder,Normal,,,,Yes,,Yes,,,,,,,,,Humber Summit
812,Collector,Toronto and East York,Intersection,No Control,Clear,"Daylight, artificial",Dry,Non-Fatal Injury,SMV Other,Pedestrian,5 to 9,Minor,South,Going Ahead,,,On Sidewalk or Shoulder,Normal,,,,Yes,,Yes,,,,,,,,,Humber Summit
2300,Major Arterial,,Mid-Block,No Control,Rain,"Dark, artificial",Wet,Non-Fatal Injury,SMV Other,Driver,25 to 29,,West,Going Ahead,Driving Properly,,,,,,,Yes,,Yes,,,,,,,,,NSA
2252,Major Arterial,North York,Intersection,Traffic Signal,Clear,"Dark, artificial",Dry,Non-Fatal Injury,Turning Movement,Passenger,75 to 79,Minor,,,,,,,,,,,,Yes,,,,Yes,,Yes,,,Bayview Village
1815,Major Arterial,North York,Intersection,Traffic Signal,Clear,Daylight,Dry,Fatal,Turning Movement,Motorcycle Driver,35 to 39,Fatal,West,Going Ahead,Speed too Fast For Condition,,,,,,,,,Yes,Yes,,,,Yes,Yes,,,Downsview
1532,Major Arterial,Toronto and East York,Intersection,Traffic Controller,Clear,Daylight,Dry,Non-Fatal Injury,SMV Other,Driver,65 to 69,,West,Going Ahead,Driving Properly,,,,,,,Yes,,Yes,,,,,,,,,Harbourfront-CityPlace
1315,Collector,Toronto and East York,Mid-Block,No Control,Clear,Daylight,Dry,Non-Fatal Injury,Cyclist Collisions,Driver,70 to 74,,East,Turning Right,Improper Turn,,,,,,,,Yes,Yes,,,,,,,,,Casa Loma
1840,Major Arterial,Scarborough,Mid-Block,No Control,Rain,"Dark, artificial",Wet,Fatal,Pedestrian Collisions,Driver,35 to 39,,North,Going Ahead,Driving Properly,,,,,,,Yes,,Yes,,,,,,,,,Dorset Park
2220,Expressway,Toronto and East York,Mid-Block,No Control,Clear,"Dark, artificial",Dry,Non-Fatal Injury,Rear End,Motorcycle Driver,30 to 34,Major,East,Changing Lanes,Improper Lane Change,,,,,,,,,Yes,Yes,,,Yes,,,,,Fort York-Liberty Village
622,Expressway,,Mid-Block,No Control,Clear,"Dark, artificial",Dry,Non-Fatal Injury,SMV Other,Passenger,25 to 29,Major,,,,,,,,,,,,Yes,,,,Yes,Yes,Yes,,,Old East York
2345,Minor Arterial,Toronto and East York,Mid-Block,No Control,Clear,"Dark, artificial",Dry,Non-Fatal Injury,SMV Other,Passenger,15 to 19,Minor,,,,,,,,,,,,Yes,,,,Yes,,Yes,,Yes,St Lawrence-East Bayfront-The Islands
1230,Major Arterial,Etobicoke York,Mid-Block,No Control,Clear,Daylight,Dry,Fatal,Pedestrian Collisions,Driver,35 to 39,,West,Going Ahead,Driving Properly,,,,,,,Yes,,,,Yes,,,,,,,Humbermede
1532,Major Arterial,Toronto and East York,Intersection,Traffic Controller,Clear,Daylight,Dry,Non-Fatal Injury,SMV Other,Pedestrian,55 to 59,Major,South,Going Ahead,,,Crossing without right of way,Had Been Drinking,,,,Yes,,Yes,,,,,,,,,Harbourfront-CityPlace
1522,Major Arterial,Etobicoke York,Mid-Block,No Control,Clear,Daylight,Dry,Fatal,Turning Movement,Motorcycle Driver,35 to 39,Fatal,North,Going Ahead,Exceeding Speed Limit,,,,,,,,,Yes,Yes,,,,Yes,Yes,,,Etobicoke City Centre
1522,Major Arterial,Etobicoke York,Mid-Block,No Control,Clear,Daylight,Dry,Fatal,Turning Movement,Driver,15 to 19,,West,Turning Left,Failed to Yield Right of Way,,,,,,,,,Yes,Yes,,,,Yes,Yes,,,Etobicoke City Centre
36,Expressway,Toronto and East York,Mid-Block,No Control,Clear,"Dark, artificial",Dry,Non-Fatal Injury,Rear End,Motorcycle Driver,35 to 39,Major,East,Going Ahead,Speed too Fast For Condition,,,,,,,,,Yes,Yes,,,Yes,Yes,Yes,,,St Lawrence-East Bayfront-The Islands
36,Expressway,Toronto and East York,Mid-Block,No Control,Clear,"Dark, artificial",Dry,Non-Fatal Injury,Rear End,Driver,50 to 54,,East,Going Ahead,Driving Properly,,,,,,,,,Yes,Yes,,,Yes,Yes,Yes,,,St Lawrence-East Bayfront-The Islands
36,Expressway,Toronto and East York,Mid-Block,No Control,Clear,"Dark, artificial",Dry,Non-Fatal Injury,Rear End,Passenger,50 to 54,,East,Going Ahead,,,,,,,,,,Yes,Yes,,,Yes,Yes,Yes,,,St Lawrence-East Bayfront-The Islands
36,Expressway,Toronto and East York,Mid-Block,No Control,Clear,"Dark, artificial",Dry,Non-Fatal Injury,Rear End,Passenger,15 to 19,,East,Going Ahead,,,,,,,,,,Yes,Yes,,,Yes,Yes,Yes,,,St Lawrence-East Bayfront-The Islands
54,Major Arterial,Toronto and East York,Intersection,Traffic Signal,Clear,"Dark, artificial",Dry,Non-Fatal Injury,Angle,Driver,30 to 34,Minimal,North,Going Ahead,Other,,,,,,,,,Yes,,,,Yes,,Yes,Yes,,Fort York-Liberty Village
54,Major Arterial,Toronto and East York,Intersection,Traffic Signal,Clear,"Dark, artificial",Dry,Non-Fatal Injury,Angle,Driver,40 to 44,Major,West,Going Ahead,Disobeyed Traffic Control,,,,,,,,,Yes,,,,Yes,,Yes,Yes,,Fort York-Liberty Village
1159,Major Arterial,Toronto and East York,Mid-Block,No Control,Clear,Daylight,Dry,Non-Fatal Injury,Pedestrian Collisions,Cyclist,20 to 24,Minimal,West,Going Ahead,,,,,Cyclist strikes pedestrian.,Driving Properly,Unknown,Yes,Yes,,,,,,,,,,Palmerston-Little Italy
54,Major Arterial,Toronto and East York,Intersection,Traffic Signal,Clear,"Dark, artificial",Dry,Non-Fatal Injury,Angle,Passenger,30 to 34,Minimal,North,Going Ahead,,,,,,,,,,Yes,,,,Yes,,Yes,Yes,,Fort York-Liberty Village