TIME,ROAD_CLASS,DISTRICT,LOCCOORD,TRAFFCTL,VISIBILITY,LIGHT,RDSFCOND,ACCLASS,IMPACTYPE,INVTYPE,INVAGE,INJURY,INITDIR,MANOEUVER,DRIVACT,PEDTYPE,PEDACT,PEDCOND,CYCLISTYPE,CYCACT,CYCCOND,PEDESTRIAN,CYCLIST,AUTOMOBILE,MOTORCYCLE,TRUCK,TRSN_CITY_VEH,PASSENGER,SPEEDING,AG_DRIV,REDLIGHT,ALCOHOL,NEIGHBOURHOOD_158
753,Expressway Ramp,Toronto and East York,Mid-Block,No Control,Clear,Daylight,Dry,Non-Fatal Injury,SMV Other,Motorcycle Driver,45 to 49,Major,East,Going Ahead,Lost control,,,,,,,,,,Yes,,,,,,,,Broadview North
2306,Major Arterial,Etobicoke York,Intersection,No Control,Clear,"Dark, artificial",Dry,Fatal,Pedestrian Collisions,Pedestrian,50 to 54,Fatal,West,,,Vehicle is going straight thru inter.while ped cross without ROW,Crossing without right of way,Other,,,,Yes,,Yes,,,,,,Yes,,,Pelmo Park-Humberlea
554,Minor Arterial,Etobicoke York,Intersection,Traffic Signal,Clear,"Dark, artificial",Dry,Non-Fatal Injury,Pedestrian Collisions,Driver,25 to 29,,West,Turning Left,Driving Properly,,,,,,,Yes,,Yes,,,,,,,,,Mount Olive-Silverstone-Jamestown
1530,Major Arterial,North York,Intersection,Stop Sign,Clear,Daylight,Dry,Non-Fatal Injury,Angle,Driver,25 to 29,,North,Going Ahead,Driving Properly,,,,,,,,,Yes,Yes,,,,Yes,Yes,,,Moss Park
1800,Major Arterial,Toronto and East York,Intersection,Traffic Signal,Clear,Daylight,Dry,Non-Fatal Injury,Cyclist Collisions,Cyclist,60 to 64,Major,West,Going Ahead,,,,,Motorist turning right on red at signalized intersection strikes cyclist.,Driving Properly,Normal,,Yes,Yes,,,,,,,,,Kensington-Chinatown
2332,Major Arterial,Scarborough,Mid-Block,Yield Sign,Clear,"Dark, artificial",Dry,Non-Fatal Injury,Turning Movement,Passenger,20 to 24,,,,,,,,,,,,,Yes,Yes,,,Yes,,,,,Woburn North
2100,Major Arterial,,Intersection,No Control,Clear,Dark,Dry,Fatal,Cyclist Collisions,Driver,55 to 59,,West,Turning Left,Failed to Yield Right of Way,,,,,,,,Yes,Yes,,,,Yes,,Yes,,,Downsview
554,Minor Arterial,Etobicoke York,Intersection,Traffic Signal,Clear,"Dark, artificial",Dry,Non-Fatal Injury,Pedestrian Collisions,Pedestrian,40 to 44,Major,East,,,Vehicle turns left while ped crosses with ROW at inter.,Crossing with right of way,Normal,,,,Yes,,Yes,,,,,,,,,Mount Olive-Silverstone-Jamestown
1600,Major Arterial,,Mid-Block,No Control,Clear,Daylight,Dry,Non-Fatal Injury,Sideswipe,Driver,25 to 29,Major,West,Going Ahead,Other,,,,,,,,,Yes,,,,,,,,,Black Creek
2210,Major Arterial,Etobicoke York,Mid-Block,No Control,Clear,"Dark, artificial",Dry,Fatal,Turning Movement,Motorcycle Driver,60 to 64,Fatal,West,Going Ahead,Driving Properly,,,,,,,,,Yes,Yes,,,,,,,,West Humber-Clairville
2305,Major Arterial,Toronto and East York,Intersection,No Control,Clear,"Dark, artificial",Dry,Fatal,SMV Unattended Vehicle,Driver,30 to 34,Major,East,Going Ahead,Exceeding Speed Limit,,,,,,,,,Yes,,,Yes,Yes,Yes,Yes,,,Kensington-Chinatown
1614,Major Arterial,Toronto and East York,Intersection,Traffic Signal,Clear,Daylight,Dry,Non-Fatal Injury,Sideswipe,Passenger,5 to 9,,East,Going Ahead,,,,,,,,,,Yes,,,,Yes,Yes,Yes,,,Dovercourt Village
2332,Major Arterial,Scarborough,Mid-Block,Yield Sign,Clear,"Dark, artificial",Dry,Non-Fatal Injury,Turning Movement,Passenger,20 to 24,,,,,,,,,,,,,Yes,Yes,,,Yes,,,,,Woburn North
2100,Major Arterial,,Intersection,No Control,Clear,Dark,Dry,Fatal,Cyclist Collisions,Cyclist,40 to 44,Fatal,East,Going Ahead,,,,,Motorist turned left across cyclists path.,Driving Properly,Normal,,Yes,Yes,,,,Yes,,Yes,,,Downsview
1600,Major Arterial,,Mid-Block,No Control,Clear,Daylight,Dry,Non-Fatal Injury,Sideswipe,Driver,50 to 54,,West,Stopped,Driving Properly,,,,,,,,,Yes,,,,,,,,,Black Creek
1321,Major Arterial,Etobicoke York,Intersection,Traffic Controller,Clear,Daylight,Dry,Non-Fatal Injury,Cyclist Collisions,Driver,45 to 49,,West,Turning Left,Improper Turn,,,,,,,,Yes,Yes,,,,,,,,,Edenbridge-Humber Valley
2120,Major Arterial,Scarborough,Intersection,Traffic Signal,Rain,"Dark, artificial",Slush,Non-Fatal Injury,Cyclist Collisions,Cyclist,60 to 64,Major,East,Going Ahead,,,,,"Cyclist without ROW rides into path of motorist at inter, lnwy, dwy-Cyclist not turn.",Other,Normal,,Yes,,,Yes,,,,,,,Milliken
2210,Major Arterial,Etobicoke York,Mid-Block,No Control,Clear,"Dark, artificial",Dry,Fatal,Turning Movement,Driver,20 to 24,,East,Turning Left,Improper Turn,,,,,,,,,Yes,Yes,,,,,,,,West Humber-Clairville
2305,Major Arterial,Toronto and East York,Intersection,No Control,Clear,"Dark, artificial",Dry,Fatal,SMV Unattended Vehicle,Driver,30 to 34,,East,Going Ahead,Driving Properly,,,,,,,,,Yes,,,Yes,Yes,Yes,Yes,,,Kensington-Chinatown
1614,Major Arterial,Toronto and East York,Intersection,Traffic Signal,Clear,Daylight,Dry,Non-Fatal Injury,Sideswipe,Passenger,15 to 19,,West,Going Ahead,,,,,,,,,,Yes,,,,Yes,Yes,Yes,,,Dovercourt Village
1321,Major Arterial,Etobicoke York,Intersection,Traffic Controller,Clear,Daylight,Dry,Non-Fatal Injury,Cyclist Collisions,Cyclist,20 to 24,Major,East,Going Ahead,,,,,Motorist turned left across cyclists path.,Driving Properly,Normal,,Yes,Yes,,,,,,,,,Edenbridge-Humber Valley
2100,Major Arterial,,Intersection,No Control,Clear,Dark,Dry,Fatal,Cyclist Collisions,Passenger,15 to 19,,East,Going Ahead,,,,,Motorist turned left across cyclists path.,Driving Properly,Normal,,Yes,Yes,,,,Yes,,Yes,,,Downsview
1600,Major Arterial,,Mid-Block,No Control,Clear,Daylight,Dry,Non-Fatal Injury,Sideswipe,Driver,40 to 44,,West,Stopped,Driving Properly,,,,,,,,,Yes,,,,,,,,,Black Creek
2305,Major Arterial,Toronto and East York,Intersection,No Control,Clear,"Dark, artificial",Dry,Fatal,SMV Unattended Vehicle,Passenger,35 to 39,Fatal,,,,,,,,,,,,Yes,,,Yes,Yes,Yes,Yes,,,Kensington-Chinatown
1614,Major Arterial,Toronto and East York,Intersection,Traffic Signal,Clear,Daylight,Dry,Non-Fatal Injury,Sideswipe,Passenger,20 to 24,,West,Stopped,,,,,,,,,,Yes,,,,Yes,Yes,Yes,,,Dovercourt Village
851,Major Arterial,Toronto and East York,Intersection,Traffic Signal,Clear,Daylight,Dry,Non-Fatal Injury,Angle,Driver,40 to 44,Major,North,Going Ahead,Disobeyed Traffic Control,,,,,,,,,Yes,,,,,,Yes,Yes,,Moss Park
2120,Major Arterial,Scarborough,Intersection,Traffic Signal,Rain,"Dark, artificial",Slush,Non-Fatal Injury,Cyclist Collisions,Truck Driver,25 to 29,,North,Turning Left,Driving Properly,,,,,,,,Yes,,,Yes,,,,,,,Milliken
600,Major Arterial,Toronto and East York,Mid-Block,No Control,Clear,Daylight,Dry,Non-Fatal Injury,Cyclist Collisions,Driver,unknown,,South,Going Ahead,Other,,,,,,,,Yes,Yes,,,,,,,,,Wellington Place
837,Major Arterial,,Mid-Block,No Control,Clear,Daylight,Dry,Non-Fatal Injury,Rear End,Motorcycle Driver,35 to 39,Major,East,Going Ahead,Improper Passing,,,,,,,,,Yes,Yes,,,,,Yes,,,South Parkdale
2120,Major Arterial,Scarborough,Intersection,Stop Sign,Clear,"Dark, artificial",Dry,Non-Fatal Injury,Angle,Driver,15 to 19,,South,Going Ahead,Disobeyed Traffic Control,,,,,,,,,Yes,,,,,Yes,Yes,,,Oakridge
837,Major Arterial,,Mid-Block,No Control,Clear,Daylight,Dry,Non-Fatal Injury,Rear End,Driver,20 to 24,,East,Going Ahead,Driving Properly,,,,,,,,,Yes,Yes,,,,,Yes,,,South Parkdale
2113,Collector,North York,Intersection,Stop Sign,Clear,"Dark, artificial",Dry,Non-Fatal Injury,Turning Movement,Driver,20 to 24,,South,Turning Left,Failed to Yield Right of Way,,,,,,,,,Yes,Yes,,,Yes,Yes,Yes,,,York University Heights
1600,Major Arterial,,Mid-Block,No Control,Clear,Daylight,Dry,Non-Fatal Injury,Sideswipe,Driver,50 to 54,,West,Stopped,Driving Properly,,,,,,,,,Yes,,,,,,,,,Black Creek
851,Major Arterial,Toronto and East York,Intersection,Traffic Signal,Clear,Daylight,Dry,Non-Fatal Injury,Angle,Driver,75 to 79,Major,West,Going Ahead,Driving Properly,,,,,,,,,Yes,,,,,,Yes,Yes,,Moss Park
1614,Major Arterial,Toronto and East York,Intersection,Traffic Signal,Clear,Daylight,Dry,Non-Fatal Injury,Sideswipe,Passenger,55 to 59,,West,Stopped,,,,,,,,,,Yes,,,,Yes,Yes,Yes,,,Dovercourt Village
600,Major Arterial,Toronto and East York,Mid-Block,No Control,Clear,Daylight,Dry,Non-Fatal Injury,Cyclist Collisions,Cyclist,30 to 34,Major,South,Going Ahead,,,,,Cyclist and Driver travelling in same direction. One vehicle sideswipes the other.,Other,Other,,Yes,Yes,,,,,,,,,Wellington Place
1013,Major Arterial,Toronto and East York,Intersection,Traffic Signal,Clear,Daylight,Dry,Non-Fatal Injury,SMV Other,Driver,60 to 64,,North,Turning Right,Driving Properly,,,,,,,Yes,,Yes,,,,,,,,,Annex
2120,Major Arterial,Scarborough,Intersection,Stop Sign,Clear,"Dark, artificial",Dry,Non-Fatal Injury,Angle,Driver,55 to 59,Major,East,Going Ahead,Driving Properly,,,,,,,,,Yes,,,,,Yes,Yes,,,Oakridge
1013,Major Arterial,Toronto and East York,Intersection,Traffic Signal,Clear,Daylight,Dry,Non-Fatal Injury,SMV Other,Pedestrian,85 to 89,Major,South,Slowing or Stopping,,,,Other,,,,Yes,,Yes,,,,,,,,,Annex
1447,Major Arterial,North York,Mid-Block,No Control,Clear,Daylight,Wet,Non-Fatal Injury,Pedestrian Collisions,Driver,35 to 39,,East,Going Ahead,Driving Properly,,,,,,,Yes,,Yes,,,,,,,,,Glenfield-Jane Heights
1246,Major Arterial,Etobicoke York,Intersection,Traffic Signal,Clear,Daylight,Dry,Non-Fatal Injury,Turning Movement,Motorcycle Driver,30 to 34,Major,North,Turning Right,Disobeyed Traffic Control,,,,,,,,,,Yes,Yes,,,,Yes,Yes,,Humber Bay Shores
2015,Major Arterial,Etobicoke York,Mid-Block,No Control,Clear,"Dark, artificial",Dry,Non-Fatal Injury,Approaching,Driver,20 to 24,Major,East,Going Ahead,Lost control,,,,,,,,,Yes,,,,,Yes,Yes,,,Mimico-Queensway
2113,Collector,North York,Intersection,Stop Sign,Clear,"Dark, artificial",Dry,Non-Fatal Injury,Turning Movement,Motorcycle Driver,30 to 34,Major,West,Going Ahead,Exceeding Speed Limit,,,,,,,,,Yes,Yes,,,Yes,Yes,Yes,,,York University Heights
238,Major Arterial,Toronto and East York,Intersection,No Control,Clear,"Dark, artificial",Dry,Non-Fatal Injury,Cyclist Collisions,Driver,55 to 59,,East,Turning Left,Failed to Yield Right of Way,,,,,,,,Yes,Yes,,,,,,Yes,,,West Queen West
1246,Major Arterial,Etobicoke York,Intersection,Traffic Signal,Clear,Daylight,Dry,Non-Fatal Injury,Turning Movement,Truck Driver,20 to 24,,South,Turning Left,Driving Properly,,,,,,,,,,Yes,Yes,,,,Yes,Yes,,Humber Bay Shores
424,Major Arterial,Toronto and East York,Intersection,Traffic Signal,Clear,"Dark, artificial",Dry,Fatal,Pedestrian Collisions,Driver,30 to 34,,South,Overtaking,Improper Passing,,,,,,,Yes,,Yes,,,,,,Yes,,,Downtown Yonge East
2015,Major Arterial,Etobicoke York,Mid-Block,No Control,Clear,"Dark, artificial",Dry,Non-Fatal Injury,Approaching,Driver,30 to 34,Minor,West,Going Ahead,Driving Properly,,,,,,,,,Yes,,,,,Yes,Yes,,,Mimico-Queensway
1447,Major Arterial,North York,Mid-Block,No Control,Clear,Daylight,Wet,Non-Fatal Injury,Pedestrian Collisions,Pedestrian,45 to 49,Major,North,,,Pedestrian hit at mid-block,"Crossing, no Traffic Control",Inattentive,,,,Yes,,Yes,,,,,,,,,Glenfield-Jane Heights
1550,Major Arterial,North York,Intersection,Traffic Signal,Rain,Daylight,Wet,Non-Fatal Injury,SMV Other,Driver,60 to 64,,East,Turning Left,Failed to Yield Right of Way,,,,,,,Yes,,Yes,,,,,,Yes,,,Yorkdale-Glen Park
2113,Collector,North York,Intersection,Stop Sign,Clear,"Dark, artificial",Dry,Non-Fatal Injury,Turning Movement,Passenger,20 to 24,,,,,,,,,,,,,Yes,Yes,,,Yes,Yes,Yes,,,York University Heights
238,Major Arterial,Toronto and East York,Intersection,No Control,Clear,"Dark, artificial",Dry,Non-Fatal Injury,Cyclist Collisions,Cyclist,25 to 29,Major,West,Going Ahead,,,,,Motorist turned left across cyclists path.,Driving Properly,Normal,,Yes,Yes,,,,,,Yes,,,West Queen West
2120,Major Arterial,Scarborough,Intersection,No Control,Clear,"Dark, artificial",Dry,Non-Fatal Injury,Pedestrian Collisions,Driver,25 to 29,,East,Turning Left,Failed to Yield Right of Way,,,,,,,Yes,,Yes,,,,,,Yes,,,West Hill
424,Major Arterial,Toronto and East York,Intersection,Traffic Signal,Clear,"Dark, artificial",Dry,Fatal,Pedestrian Collisions,Driver,25 to 29,,South,Stopped,Driving Properly,,,,,,,Yes,,Yes,,,,,,Yes,,,Downtown Yonge East
424,Major Arterial,Toronto and East York,Intersection,Traffic Signal,Clear,"Dark, artificial",Dry,Fatal,Pedestrian Collisions,Pedestrian,40 to 44,Fatal,Unknown,,,Other / Undefined,Other,Other,,,,Yes,,Yes,,,,,,Yes,,,Downtown Yonge East
1345,Major Arterial,Toronto and East York,Mid-Block,No Control,Rain,Daylight,Wet,Non-Fatal Injury,Pedestrian Collisions,Moped Driver,35 to 39,Minimal,West,Going Ahead,Speed too Fast For Condition,,,,,,,Yes,Yes,,,,,,Yes,Yes,,,North Riverdale
1956,Major Arterial,Toronto and East York,Intersection,Traffic Signal,Clear,Daylight,Dry,Non-Fatal Injury,Angle,Driver,55 to 59,Major,North,Going Ahead,Disobeyed Traffic Control,,,,,,,,,Yes,,,,,,Yes,Yes,,Annex
1550,Major Arterial,North York,Intersection,Traffic Signal,Rain,Daylight,Wet,Non-Fatal Injury,SMV Other,Pedestrian,20 to 24,Major,West,Going Ahead,,,Crossing with right of way,Normal,,,,Yes,,Yes,,,,,,Yes,,,Yorkdale-Glen Park
2113,Collector,North York,Intersection,Stop Sign,Clear,"Dark, artificial",Dry,Non-Fatal Injury,Turning Movement,Passenger,20 to 24,,,,,,,,,,,,,Yes,Yes,,,Yes,Yes,Yes,,,York University Heights
2120,Major Arterial,Scarborough,Intersection,No Control,Clear,"Dark, artificial",Dry,Non-Fatal Injury,Pedestrian Collisions,Pedestrian,30 to 34,Major,North,,,Vehicle turns left while ped crosses with ROW at inter.,Crossing with right of way,Normal,,,,Yes,,Yes,,,,,,Yes,,,West Hill
2113,Collector,North York,Intersection,Stop Sign,Clear,"Dark, artificial",Dry,Non-Fatal Injury,Turning Movement,Passenger,20 to 24,,,,,,,,,,,,,Yes,Yes,,,Yes,Yes,Yes,,,York University Heights
1345,Major Arterial,Toronto and East York,Mid-Block,No Control,Rain,Daylight,Wet,Non-Fatal Injury,Pedestrian Collisions,Pedestrian,5 to 9,Major,North,,,Pedestrian hit at mid-block,Person Getting on/off Vehicle,Inattentive,,,,Yes,Yes,,,,,,Yes,Yes,,,North Riverdale
1411,Major Arterial,Etobicoke York,Mid-Block,No Control,Clear,Daylight,Dry,Non-Fatal Injury,Turning Movement,Driver,55 to 59,Minimal,North,Turning Left,Failed to Yield Right of Way,,,,,,,,,Yes,,,,Yes,,Yes,,,Humber Heights-Westmount
1506,Major Arterial,Etobicoke York,Mid-Block,No Control,Clear,Daylight,Dry,Fatal,Pedestrian Collisions,Passenger,30 to 34,,,,,,,,,,,Yes,,Yes,,,,Yes,,Yes,,,Etobicoke City Centre
1956,Major Arterial,Toronto and East York,Intersection,Traffic Signal,Clear,Daylight,Dry,Non-Fatal Injury,Angle,Driver,unknown,,West,Going Ahead,Driving Properly,,,,,,,,,Yes,,,,,,Yes,Yes,,Annex
2009,,,Mid-Block,No Control,Rain,"Dark, artificial",Wet,Non-Fatal Injury,Pedestrian Collisions,Driver,35 to 39,Minimal,North,Going Ahead,Exceeding Speed Limit,,,,,,,Yes,,Yes,,,,,Yes,Yes,,,Weston-Pelham Park
1813,Minor Arterial,Scarborough,Mid-Block,No Control,Clear,Daylight,Dry,Non-Fatal Injury,SMV Other,Driver,70 to 74,Major,North,Going Ahead,Lost control,,,,,,,,,Yes,,,,,Yes,Yes,,,Golfdale-Cedarbrae-Woburn
2120,Major Arterial,Scarborough,Intersection,No Control,Clear,"Dark, artificial",Dry,Non-Fatal Injury,Pedestrian Collisions,Pedestrian,25 to 29,Major,North,,,Vehicle turns left while ped crosses with ROW at inter.,Crossing with right of way,Normal,,,,Yes,,Yes,,,,,,Yes,,,West Hill
2113,Collector,North York,Intersection,Stop Sign,Clear,"Dark, artificial",Dry,Non-Fatal Injury,Turning Movement,Passenger,20 to 24,,,,,,,,,,,,,Yes,Yes,,,Yes,Yes,Yes,,,York University Heights
1149,Major Arterial,North York,Intersection,Traffic Signal,Clear,Daylight,Dry,Fatal,Pedestrian Collisions,Pedestrian,Over 95,Fatal,West,,,Vehicle turns right while ped crosses with ROW at inter.,Crossing with right of way,Inattentive,,,,Yes,,Yes,,,,,,,,,Bayview Woods-Steeles
1411,Major Arterial,Etobicoke York,Mid-Block,No Control,Clear,Daylight,Dry,Non-Fatal Injury,Turning Movement,Driver,25 to 29,Major,South,Going Ahead,Driving Properly,,,,,,,,,Yes,,,,Yes,,Yes,,,Humber Heights-Westmount
1506,Major Arterial,Etobicoke York,Mid-Block,No Control,Clear,Daylight,Dry,Fatal,Pedestrian Collisions,Driver,30 to 34,,South,Turning Right,Failed to Yield Right of Way,,,,,,,Yes,,Yes,,,,Yes,,Yes,,,Etobicoke City Centre
1411,Major Arterial,Etobicoke York,Mid-Block,No Control,Clear,Daylight,Dry,Non-Fatal Injury,Turning Movement,Passenger,50 to 54,Minimal,,,,,,,,,,,,Yes,,,,Yes,,Yes,,,Humber Heights-Westmount
1942,Collector,,Mid-Block,No Control,Clear,Daylight,Dry,Non-Fatal Injury,SMV Other,Motorcycle Driver,50 to 54,Major,North,Going Ahead,Lost control,,,,,,,,,,Yes,,,,Yes,Yes,,,Eringate-Centennial-West Deane
2159,Major Arterial,Toronto and East York,Mid-Block,No Control,Clear,"Dark, artificial",Dry,Non-Fatal Injury,Rear End,Driver,15 to 19,,East,Going Ahead,Following too Close,,,,,,,,,Yes,Yes,,,Yes,,Yes,,,Yonge-Bay Corridor
2009,,,Mid-Block,No Control,Rain,"Dark, artificial",Wet,Non-Fatal Injury,Pedestrian Collisions,Pedestrian,30 to 34,Major,,,,,,Normal,,,,Yes,,Yes,,,,,Yes,Yes,,,Weston-Pelham Park
2159,Major Arterial,Toronto and East York,Mid-Block,No Control,Clear,"Dark, artificial",Dry,Non-Fatal Injury,Rear End,Motorcycle Driver,40 to 44,Minimal,East,Going Ahead,Driving Properly,,,,,,,,,Yes,Yes,,,Yes,,Yes,,,Yonge-Bay Corridor
1506,Major Arterial,Etobicoke York,Mid-Block,No Control,Clear,Daylight,Dry,Fatal,Pedestrian Collisions,Pedestrian,80 to 84,Fatal,East,,,Pedestrian hit on sidewalk or shoulder,On Sidewalk or Shoulder,Normal,,,,Yes,,Yes,,,,Yes,,Yes,,,Etobicoke City Centre
1149,Major Arterial,North York,Intersection,Traffic Signal,Clear,Daylight,Dry,Fatal,Pedestrian Collisions,Driver,60 to 64,,North,Turning Right,Improper Turn,,,,,,,Yes,,Yes,,,,,,,,,Bayview Woods-Steeles
2222,Major Arterial,Scarborough,Mid-Block,No Control,Clear,"Dawn, artificial",Dry,Non-Fatal Injury,Pedestrian Collisions,Driver,55 to 59,,West,Going Ahead,Driving Properly,,,,,,,Yes,,Yes,,,,,,,,,Kennedy Park
1110,Major Arterial,Etobicoke York,Mid-Block,No Control,Clear,Daylight,Dry,Non-Fatal Injury,Rear End,Driver,25 to 29,,West,Going Ahead,Following too Close,,,,,,,,,Yes,,,,,,Yes,,,Princess-Rosethorn
2341,Major Arterial,Toronto and East York,Intersection,Traffic Signal,Clear,"Dark, artificial",Wet,Fatal,Pedestrian Collisions,Pedestrian,25 to 29,Fatal,Unknown,,,Vehicle is going straight thru inter.while ped cross with ROW,Crossing with right of way,Normal,,,,Yes,,Yes,,,,Yes,,Yes,Yes,Yes,Yonge-Bay Corridor
1110,Major Arterial,Etobicoke York,Mid-Block,No Control,Clear,Daylight,Dry,Non-Fatal Injury,Rear End,Driver,65 to 69,Major,West,Slowing or Stopping,Driving Properly,,,,,,,,,Yes,,,,,,Yes,,,Princess-Rosethorn
2159,Major Arterial,Toronto and East York,Mid-Block,No Control,Clear,"Dark, artificial",Dry,Non-Fatal Injury,Rear End,Passenger,15 to 19,,,,,,,,,,,,,Yes,Yes,,,Yes,,Yes,,,Yonge-Bay Corridor
2135,Minor Arterial,Scarborough,Intersection,Traffic Signal,Clear,"Dark, artificial",Dry,Non-Fatal Injury,Pedestrian Collisions,Driver,25 to 29,,South,Turning Left,Exceeding Speed Limit,,,,,,,Yes,,Yes,,,,Yes,Yes,Yes,,,Malvern West
2030,Expressway,Toronto and East York,Mid-Block,No Control,Clear,"Dark, artificial",Wet,Fatal,Pedestrian Collisions,Pedestrian,30 to 34,Fatal,West,,,Pedestrian hit at mid-block,"Crossing, no Traffic Control",Other,,,,Yes,,Yes,,,,Yes,,,,,South Riverdale
1415,Expressway,Toronto and East York,Mid-Block,No Control,Clear,Daylight,Dry,Non-Fatal Injury,Rear End,Driver,35 to 39,Minor,West,Going Ahead,Lost control,,,,,,,,,Yes,,,,Yes,Yes,Yes,,,Fort York-Liberty Village
2030,Expressway,Toronto and East York,Mid-Block,No Control,Clear,"Dark, artificial",Wet,Fatal,Pedestrian Collisions,Driver,25 to 29,,South,Going Ahead,Driving Properly,,,,,,,Yes,,Yes,,,,Yes,,,,,South Riverdale
2222,Major Arterial,Scarborough,Mid-Block,No Control,Clear,"Dawn, artificial",Dry,Non-Fatal Injury,Pedestrian Collisions,Pedestrian,25 to 29,Major,South,,,Pedestrian hit at mid-block,"Crossing, no Traffic Control",Unknown,,,,Yes,,Yes,,,,,,,,,Kennedy Park
2341,Major Arterial,Toronto and East York,Intersection,Traffic Signal,Clear,"Dark, artificial",Wet,Fatal,Pedestrian Collisions,Driver,25 to 29,,West,Going Ahead,Disobeyed Traffic Control,,,,,,,Yes,,Yes,,,,Yes,,Yes,Yes,Yes,Yonge-Bay Corridor
715,Collector,Scarborough,Intersection,Stop Sign,Clear,Daylight,Dry,Non-Fatal Injury,Pedestrian Collisions,Driver,45 to 49,,East,Turning Left,Disobeyed Traffic Control,,,,,,,Yes,,Yes,,,,,,Yes,,,Tam O'Shanter-Sullivan
2159,Major Arterial,Toronto and East York,Mid-Block,No Control,Clear,"Dark, artificial",Dry,Non-Fatal Injury,Rear End,Motorcycle Passenger,30 to 34,Major,,,,,,,,,,,,Yes,Yes,,,Yes,,Yes,,,Yonge-Bay Corridor
2135,Minor Arterial,Scarborough,Intersection,Traffic Signal,Clear,"Dark, artificial",Dry,Non-Fatal Injury,Pedestrian Collisions,Passenger,25 to 29,,,,,,,,,,,Yes,,Yes,,,,Yes,Yes,Yes,,,Malvern West
2030,Expressway,Toronto and East York,Mid-Block,No Control,Clear,"Dark, artificial",Wet,Fatal,Pedestrian Collisions,Passenger,30 to 34,,,,,,,,,,,Yes,,Yes,,,,Yes,,,,,South Riverdale
640,Minor Arterial,,Intersection,Traffic Signal,Clear,Dawn,Dry,Non-Fatal Injury,Turning Movement,Driver,20 to 24,,South,Turning Left,Failed to Yield Right of Way,,,,,,,,,Yes,Yes,,,,Yes,Yes,,,Mount Dennis
2341,Major Arterial,Toronto and East York,Intersection,Traffic Signal,Clear,"Dark, artificial",Wet,Fatal,Pedestrian Collisions,Pedestrian,30 to 34,Major,Unknown,,,Pedestrian hit on sidewalk or shoulder,On Sidewalk or Shoulder,Normal,,,,Yes,,Yes,,,,Yes,,Yes,Yes,Yes,Yonge-Bay Corridor
715,Collector,Scarborough,Intersection,Stop Sign,Clear,Daylight,Dry,Non-Fatal Injury,Pedestrian Collisions,Pedestrian,55 to 59,Major,North,,,Vehicle turns left while ped crosses with ROW at inter.,Crossing with right of way,Normal,,,,Yes,,Yes,,,,,,Yes,,,Tam O'Shanter-Sullivan
2211,Major Arterial,Toronto and East York,Intersection,Traffic Signal,Clear,"Dark, artificial",Loose Sand or Gravel,Non-Fatal Injury,SMV Other,Motorcycle Driver,20 to 24,Major,South,Going Ahead,Improper Passing,,,,,,,,,Yes,Yes,,,,Yes,Yes,,,South Riverdale
2135,Minor Arterial,Scarborough,Intersection,Traffic Signal,Clear,"Dark, artificial",Dry,Non-Fatal Injury,Pedestrian Collisions,Passenger,25 to 29,,,,,,,,,,,Yes,,Yes,,,,Yes,Yes,Yes,,,Malvern West
1415,Expressway,Toronto and East York,Mid-Block,No Control,Clear,Daylight,Dry,Non-Fatal Injury,Rear End,Driver,35 to 39,Major,West,Going Ahead,Driving Properly,,,,,,,,,Yes,,,,Yes,Yes,Yes,,,Fort York-Liberty Village
2012,Major Arterial,Etobicoke York,Mid-Block,No Control,Clear,"Dark, artificial",Dry,Fatal,SMV Other,Driver,20 to 24,Fatal,,,,,,,,,,,,Yes,,,,,,,,,Stonegate-Queensway
640,Minor Arterial,,Intersection,Traffic Signal,Clear,Dawn,Dry,Non-Fatal Injury,Turning Movement,Motorcycle Driver,30 to 34,Major,North,Going Ahead,Speed too Fast For Condition,,,,,,,,,Yes,Yes,,,,Yes,Yes,,,Mount Dennis
2033,Major Arterial,,Mid-Block,No Control,Clear,"Dawn, artificial",Dry,Property Damage Only,Pedestrian Collisions,Driver,50 to 54,,West,Going Ahead,Driving Properly,,,,,,,Yes,,,,,Yes,,,,,,Lawrence Park South
1510,Major Arterial,Toronto and East York,Intersection,Traffic Signal,Clear,Daylight,Dry,Fatal,Pedestrian Collisions,Driver,50 to 54,,North,Turning Right,Improper Turn,,,,,,,Yes,,,,Yes,,,,,,,East End-Danforth
2135,Minor Arterial,Scarborough,Intersection,Traffic Signal,Clear,"Dark, artificial",Dry,Non-Fatal Injury,Pedestrian Collisions,Pedestrian,20 to 24,Major,North,,,Vehicle turns left while ped crosses with ROW at inter.,Crossing with right of way,Normal,,,,Yes,,Yes,,,,Yes,Yes,Yes,,,Malvern West
2211,Major Arterial,Toronto and East York,Intersection,Traffic Signal,Clear,"Dark, artificial",Loose Sand or Gravel,Non-Fatal Injury,SMV Other,Driver,20 to 24,,South,Going Ahead,Driving Properly,,,,,,,,,Yes,Yes,,,,Yes,Yes,,,South Riverdale
1415,Expressway,Toronto and East York,Mid-Block,No Control,Clear,Daylight,Dry,Non-Fatal Injury,Rear End,Passenger,30 to 34,Minimal,,,,,,,,,,,,Yes,,,,Yes,Yes,Yes,,,Fort York-Liberty Village