TIME,ROAD_CLASS,DISTRICT,LOCCOORD,TRAFFCTL,VISIBILITY,LIGHT,RDSFCOND,ACCLASS,IMPACTYPE,INVTYPE,INVAGE,INJURY,INITDIR,MANOEUVER,DRIVACT,PEDTYPE,PEDACT,PEDCOND,CYCLISTYPE,CYCACT,CYCCOND,PEDESTRIAN,CYCLIST,AUTOMOBILE,MOTORCYCLE,TRUCK,TRSN_CITY_VEH,PASSENGER,SPEEDING,AG_DRIV,REDLIGHT,ALCOHOL,NEIGHBOURHOOD_158
2012,Major Arterial,Etobicoke York,Mid-Block,No Control,Clear,"Dark, artificial",Dry,Fatal,SMV Other,Driver,20 to 24,Major,West,Overtaking,Lost control,,,,,,,,,Yes,,,,,,,,,Stonegate-Queensway
2341,Major Arterial,Toronto and East York,Intersection,Traffic Signal,Clear,"Dark, artificial",Wet,Fatal,Pedestrian Collisions,Passenger,30 to 34,,Unknown,,,,,,,,,Yes,,Yes,,,,Yes,,Yes,Yes,Yes,Yonge-Bay Corridor
1510,Major Arterial,Toronto and East York,Intersection,Traffic Signal,Clear,Daylight,Dry,Fatal,Pedestrian Collisions,Wheelchair,80 to 84,Fatal,North,,,Vehicle turns right while ped crosses with ROW at inter.,Crossing with right of way,Normal,,,,Yes,,,,Yes,,,,,,,East End-Danforth
2033,Major Arterial,,Mid-Block,No Control,Clear,"Dawn, artificial",Dry,Property Damage Only,Pedestrian Collisions,Pedestrian,15 to 19,Major,South,,,Pedestrian hit at mid-block,Running onto Roadway,Other,,,,Yes,,,,,Yes,,,,,,Lawrence Park South
2000,Major Arterial,Toronto and East York,Intersection,No Control,Snow,Dark,Wet,Non-Fatal Injury,SMV Other,Driver,60 to 64,Major,South,Going Ahead,Lost control,,,,,,,,,Yes,,,,,,,,,Kensington-Chinatown
1444,Major Arterial,Toronto and East York,Intersection,No Control,Clear,Daylight,Dry,Non-Fatal Injury,Pedestrian Collisions,Driver,25 to 29,,East,Going Ahead,Driving Properly,,,,,,,Yes,,Yes,,,,,,,,,West Queen West
922,Expressway,Etobicoke York,Mid-Block,No Control,Clear,Daylight,Wet,Fatal,Rear End,Driver,25 to 29,Fatal,West,Going Ahead,Exceeding Speed Limit,,,,,,,,,Yes,,Yes,,,Yes,Yes,,,Mimico-Queensway
2315,Major Arterial,North York,Intersection,Traffic Signal,Clear,"Dark, artificial",Dry,Non-Fatal Injury,Cyclist Collisions,Driver,20 to 24,,North,Going Ahead,Other,,,,,,,,Yes,Yes,,,,,,Yes,,,York University Heights
2100,Minor Arterial,Etobicoke York,Mid-Block,No Control,Clear,"Dark, artificial",Dry,Fatal,SMV Other,Passenger,5 to 9,Fatal,,,,,,,,,,,,Yes,,,,Yes,,,,,Eringate-Centennial-West Deane
2341,Major Arterial,Toronto and East York,Intersection,Traffic Signal,Clear,"Dark, artificial",Wet,Fatal,Pedestrian Collisions,Driver,50 to 54,Minimal,North,Going Ahead,Driving Properly,,,,,,,Yes,,Yes,,,,Yes,,Yes,Yes,Yes,Yonge-Bay Corridor
1229,Minor Arterial,Etobicoke York,Intersection,Stop Sign,Clear,Daylight,Dry,Non-Fatal Injury,Angle,Driver,30 to 34,,South,Going Ahead,Failed to Yield Right of Way,,,,,,,,,Yes,,,,Yes,,Yes,,,Keelesdale-Eglinton West
1752,Major Arterial,North York,Mid-Block,No Control,Clear,Daylight,Dry,Non-Fatal Injury,Cyclist Collisions,Cyclist,65 to 69,Major,East,Changing Lanes,,,,,Cyclist and Driver travelling in same direction. One vehicle sideswipes the other.,Improper Lane Change,Inattentive,,Yes,,,,Yes,,,,,,Clanton Park
1444,Major Arterial,Toronto and East York,Intersection,No Control,Clear,Daylight,Dry,Non-Fatal Injury,Pedestrian Collisions,Pedestrian,35 to 39,Major,North,,,Vehicle is going straight thru inter.while ped cross without ROW,Running onto Roadway,Had Been Drinking,,,,Yes,,Yes,,,,,,,,,West Queen West
2341,Major Arterial,Toronto and East York,Intersection,Traffic Signal,Clear,"Dark, artificial",Wet,Fatal,Pedestrian Collisions,Passenger,30 to 34,Minor,,,,,,,,,,Yes,,Yes,,,,Yes,,Yes,Yes,Yes,Yonge-Bay Corridor
1229,Minor Arterial,Etobicoke York,Intersection,Stop Sign,Clear,Daylight,Dry,Non-Fatal Injury,Angle,Driver,55 to 59,Minimal,East,Going Ahead,Driving Properly,,,,,,,,,Yes,,,,Yes,,Yes,,,Keelesdale-Eglinton West
2315,Major Arterial,North York,Intersection,Traffic Signal,Clear,"Dark, artificial",Dry,Non-Fatal Injury,Cyclist Collisions,Cyclist,40 to 44,Major,North,Going Ahead,,,,,Cyclist and Driver travelling in same direction. One vehicle rear-ended the other.,Driving Properly,Unknown,,Yes,Yes,,,,,,Yes,,,York University Heights
922,Expressway,Etobicoke York,Mid-Block,No Control,Clear,Daylight,Wet,Fatal,Rear End,Truck Driver,25 to 29,,West,Going Ahead,Driving Properly,,,,,,,,,Yes,,Yes,,,Yes,Yes,,,Mimico-Queensway
1752,Major Arterial,North York,Mid-Block,No Control,Clear,Daylight,Dry,Non-Fatal Injury,Cyclist Collisions,Driver,40 to 44,,East,Going Ahead,Driving Properly,,,,,,,,Yes,,,,Yes,,,,,,Clanton Park
2209,Major Arterial,Scarborough,Mid-Block,No Control,Clear,"Dark, artificial",Dry,Non-Fatal Injury,Pedestrian Collisions,Driver,60 to 64,,North,Going Ahead,Driving Properly,,,,,,,Yes,,Yes,,,,,,,,,Steeles
2100,Minor Arterial,Etobicoke York,Mid-Block,No Control,Clear,"Dark, artificial",Dry,Fatal,SMV Other,Driver,30 to 34,Major,South,Going Ahead,Lost control,,,,,,,,,Yes,,,,Yes,,,,,Eringate-Centennial-West Deane
1229,Minor Arterial,Etobicoke York,Intersection,Stop Sign,Clear,Daylight,Dry,Non-Fatal Injury,Angle,Passenger,35 to 39,Major,,,,,,,,,,,,Yes,,,,Yes,,Yes,,,Keelesdale-Eglinton West
1655,Major Arterial,North York,Intersection,Traffic Signal,Drifting Snow,Dusk,Wet,Non-Fatal Injury,Pedestrian Collisions,Driver,50 to 54,,West,Turning Left,Failed to Yield Right of Way,,,,,,,Yes,,Yes,,,,,,Yes,,,Black Creek
1632,Major Arterial,Toronto and East York,Mid-Block,No Control,Clear,Daylight,Dry,Non-Fatal Injury,Turning Movement,Motorcycle Driver,35 to 39,Major,East,Going Ahead,Improper Passing,,,,,,,,,Yes,Yes,,,,Yes,Yes,,,South Parkdale
935,Collector,,Intersection,Stop Sign,Clear,Daylight,Dry,Non-Fatal Injury,Pedestrian Collisions,Driver,50 to 54,,South,Turning Left,Failed to Yield Right of Way,,,,,,,Yes,,Yes,,,,,,Yes,,,Clanton Park
1303,Major Arterial,Scarborough,Intersection,Traffic Signal,Clear,Daylight,Dry,Non-Fatal Injury,Rear End,Motorcycle Driver,60 to 64,Major,East,Slowing or Stopping,Lost control,,,,,,,,,Yes,Yes,,,Yes,,,,,Golfdale-Cedarbrae-Woburn
2341,Major Arterial,Toronto and East York,Intersection,Traffic Signal,Clear,"Dark, artificial",Wet,Fatal,Pedestrian Collisions,Passenger,30 to 34,Minimal,,,,,,,,,,Yes,,Yes,,,,Yes,,Yes,Yes,Yes,Yonge-Bay Corridor
2209,Major Arterial,Scarborough,Mid-Block,No Control,Clear,"Dark, artificial",Dry,Non-Fatal Injury,Pedestrian Collisions,Pedestrian,45 to 49,Major,East,,,Pedestrian hit at mid-block,"Crossing, no Traffic Control",Inattentive,,,,Yes,,Yes,,,,,,,,,Steeles
2130,,,Intersection,No Control,Clear,"Dark, artificial",Dry,Property Damage Only,SMV Other,Driver,15 to 19,Major,East,Going Ahead,Lost control,,,,,,,,,Yes,,,,,Yes,Yes,,,Etobicoke City Centre
1303,Major Arterial,Scarborough,Intersection,Traffic Signal,Clear,Daylight,Dry,Non-Fatal Injury,Rear End,Driver,45 to 49,,East,Slowing or Stopping,Driving Properly,,,,,,,,,Yes,Yes,,,Yes,,,,,Golfdale-Cedarbrae-Woburn
1655,Major Arterial,North York,Intersection,Traffic Signal,Drifting Snow,Dusk,Wet,Non-Fatal Injury,Pedestrian Collisions,Pedestrian,65 to 69,Major,South,,,Vehicle turns left while ped crosses with ROW at inter.,Crossing with right of way,Normal,,,,Yes,,Yes,,,,,,Yes,,,Black Creek
1632,Major Arterial,Toronto and East York,Mid-Block,No Control,Clear,Daylight,Dry,Non-Fatal Injury,Turning Movement,Driver,25 to 29,,North,Turning Left,Driving Properly,,,,,,,,,Yes,Yes,,,,Yes,Yes,,,South Parkdale
935,Collector,,Intersection,Stop Sign,Clear,Daylight,Dry,Non-Fatal Injury,Pedestrian Collisions,Pedestrian,70 to 74,Major,North,,,Vehicle turns left while ped crosses with ROW at inter.,Crossing with right of way,Normal,,,,Yes,,Yes,,,,,,Yes,,,Clanton Park
2341,Major Arterial,Toronto and East York,Intersection,Traffic Signal,Clear,"Dark, artificial",Wet,Fatal,Pedestrian Collisions,Passenger,30 to 34,Minimal,,,,,,,,,,Yes,,Yes,,,,Yes,,Yes,Yes,Yes,Yonge-Bay Corridor
1315,Major Arterial,Scarborough,Intersection,Traffic Signal,Clear,Daylight,Dry,Fatal,Pedestrian Collisions,Driver,unknown,,East,Going Ahead,Other,,,,,,,Yes,,,,,,,,,,,L'Amoreaux West
2330,Major Arterial,Toronto and East York,Intersection,Traffic Signal,Clear,"Dark, artificial",Dry,Non-Fatal Injury,SMV Other,Driver,25 to 29,,West,Going Ahead,Other,,,,,,,Yes,,Yes,,,,,,,,,Fort York-Liberty Village
1303,Major Arterial,Scarborough,Intersection,Traffic Signal,Clear,Daylight,Dry,Non-Fatal Injury,Rear End,Passenger,45 to 49,Minimal,,,,,,,,,,,,Yes,Yes,,,Yes,,,,,Golfdale-Cedarbrae-Woburn
2140,Major Arterial,Etobicoke York,Intersection,Traffic Signal,Clear,"Dark, artificial",Dry,Non-Fatal Injury,Turning Movement,Driver,25 to 29,,South,Turning Left,Failed to Yield Right of Way,,,,,,,,,Yes,Yes,,,,,Yes,,,Humber Summit
1630,Local,,Mid-Block,No Control,Clear,Daylight,Dry,Non-Fatal Injury,SMV Other,Motorcycle Driver,50 to 54,Major,East,Going Ahead,Lost control,,,,,,,,,,Yes,,,,Yes,Yes,,,East Willowdale
2341,Major Arterial,Toronto and East York,Intersection,Traffic Signal,Clear,"Dark, artificial",Wet,Fatal,Pedestrian Collisions,Driver,45 to 49,Minimal,North,Going Ahead,Driving Properly,,,,,,,Yes,,Yes,,,,Yes,,Yes,Yes,Yes,Yonge-Bay Corridor
1623,Major Arterial,North York,Mid-Block,No Control,Clear,Daylight,Slush,Non-Fatal Injury,Pedestrian Collisions,Driver,65 to 69,,East,Going Ahead,Driving Properly,,,,,,,Yes,,Yes,,,,,,,,,Avondale
1315,Major Arterial,Scarborough,Intersection,Traffic Signal,Clear,Daylight,Dry,Fatal,Pedestrian Collisions,Pedestrian,65 to 69,Fatal,North,Going Ahead,,Vehicle is going straight thru inter.while ped cross without ROW,Other,Unknown,,,,Yes,,,,,,,,,,,L'Amoreaux West
1550,Major Arterial,Etobicoke York,Intersection,No Control,Clear,Daylight,Dry,Non-Fatal Injury,Pedestrian Collisions,Driver,50 to 54,,West,Going Ahead,Driving Properly,,,,,,,Yes,,Yes,,,,,,,,,Weston
2217,Major Arterial,Scarborough,Intersection,Traffic Signal,Clear,"Dark, artificial",Dry,Non-Fatal Injury,Turning Movement,Driver,35 to 39,Major,East,Turning Left,Failed to Yield Right of Way,,,,,,,,,Yes,,,,,,Yes,,,West Hill
2140,Major Arterial,Etobicoke York,Intersection,Traffic Signal,Clear,"Dark, artificial",Dry,Non-Fatal Injury,Turning Movement,Motorcycle Driver,30 to 34,Major,North,Going Ahead,Driving Properly,,,,,,,,,Yes,Yes,,,,,Yes,,,Humber Summit
1915,Major Arterial,Etobicoke York,Intersection,Traffic Signal,Clear,Daylight,Dry,Non-Fatal Injury,Turning Movement,Driver,15 to 19,,West,Going Ahead,Other,,,,,,,,,Yes,,,,Yes,Yes,Yes,Yes,,Junction Area
2341,Major Arterial,Toronto and East York,Intersection,Traffic Signal,Clear,"Dark, artificial",Wet,Fatal,Pedestrian Collisions,Passenger,50 to 54,Minimal,,,,,,,,,,Yes,,Yes,,,,Yes,,Yes,Yes,Yes,Yonge-Bay Corridor
1623,Major Arterial,North York,Mid-Block,No Control,Clear,Daylight,Slush,Non-Fatal Injury,Pedestrian Collisions,Pedestrian,80 to 84,Major,North,,,Pedestrian hit at mid-block,"Crossing, no Traffic Control",Normal,,,,Yes,,Yes,,,,,,,,,Avondale
42,Major Arterial,Toronto and East York,Intersection,Traffic Signal,Clear,"Dark, artificial",Dry,Non-Fatal Injury,Pedestrian Collisions,Driver,20 to 24,,East,Going Ahead,Exceeding Speed Limit,,,,,,,Yes,,Yes,,,,,Yes,Yes,,,Yonge-Bay Corridor
2330,Major Arterial,Toronto and East York,Intersection,Traffic Signal,Clear,"Dark, artificial",Dry,Non-Fatal Injury,SMV Other,Pedestrian,35 to 39,Major,North,Going Ahead,,,Crossing without right of way,Normal,,,,Yes,,Yes,,,,,,,,,Fort York-Liberty Village
1550,Major Arterial,Etobicoke York,Intersection,No Control,Clear,Daylight,Dry,Non-Fatal Injury,Pedestrian Collisions,Pedestrian,70 to 74,Major,North,,,Pedestrian hit at mid-block,"Crossing, no Traffic Control",Inattentive,,,,Yes,,Yes,,,,,,,,,Weston
2217,Major Arterial,Scarborough,Intersection,Traffic Signal,Clear,"Dark, artificial",Dry,Non-Fatal Injury,Turning Movement,Driver,50 to 54,Major,West,Going Ahead,Driving Properly,,,,,,,,,Yes,,,,,,Yes,,,West Hill
730,Major Arterial,Scarborough,Intersection,Traffic Signal,Clear,Daylight,Dry,Non-Fatal Injury,Turning Movement,Driver,40 to 44,Minimal,North,Turning Left,Improper Turn,,,,,,,,,Yes,,,,Yes,,,,,Malvern East
1824,Major Arterial,Toronto and East York,Mid-Block,No Control,Clear,Daylight,Dry,Non-Fatal Injury,Pedestrian Collisions,Driver,35 to 39,,North,Going Ahead,Driving Properly,,,,,,,Yes,,,,,Yes,Yes,,,,,Kensington-Chinatown
2039,Minor Arterial,Scarborough,Intersection,Stop Sign,Clear,Dark,Dry,Non-Fatal Injury,Pedestrian Collisions,Driver,50 to 54,,West,Turning Left,Lost control,,,,,,,Yes,,Yes,,,,,,,,,Clairlea-Birchmount
42,Major Arterial,Toronto and East York,Intersection,Traffic Signal,Clear,"Dark, artificial",Dry,Non-Fatal Injury,Pedestrian Collisions,Pedestrian,20 to 24,Major,South,,,Vehicle is going straight thru inter.while ped cross without ROW,Crossing without right of way,Normal,,,,Yes,,Yes,,,,,Yes,Yes,,,Yonge-Bay Corridor
1856,Major Arterial,Etobicoke York,Mid-Block,No Control,Rain,Dark,Wet,Non-Fatal Injury,Pedestrian Collisions,Driver,15 to 19,,East,Going Ahead,Driving Properly,,,,,,,Yes,,Yes,,,,,,,,,Humber Bay Shores
1725,Minor Arterial,North York,Mid-Block,No Control,Clear,Daylight,Dry,Fatal,Approaching,Motorcycle Driver,60 to 64,Fatal,South,Going Ahead,Improper Passing,,,,,,,,,Yes,Yes,,,,,Yes,,,Humbermede
1915,Major Arterial,Etobicoke York,Intersection,Traffic Signal,Clear,Daylight,Dry,Non-Fatal Injury,Turning Movement,Driver,25 to 29,Major,South,Turning Right,Disobeyed Traffic Control,,,,,,,,,Yes,,,,Yes,Yes,Yes,Yes,,Junction Area
1856,Major Arterial,Etobicoke York,Mid-Block,No Control,Rain,Dark,Wet,Non-Fatal Injury,Pedestrian Collisions,Pedestrian,25 to 29,Major,,,,,,Inattentive,,,,Yes,,Yes,,,,,,,,,Humber Bay Shores
730,Major Arterial,Scarborough,Intersection,Traffic Signal,Clear,Daylight,Dry,Non-Fatal Injury,Turning Movement,Driver,20 to 24,Minimal,South,Going Ahead,Driving Properly,,,,,,,,,Yes,,,,Yes,,,,,Malvern East
1809,Major Arterial,Toronto and East York,Intersection,Traffic Signal,Clear,Daylight,Dry,Non-Fatal Injury,Cyclist Collisions,Truck Driver,45 to 49,,North,Turning Right,Failed to Yield Right of Way,,,,,,,,Yes,,,Yes,,,,Yes,,,Wellington Place
1725,Minor Arterial,North York,Mid-Block,No Control,Clear,Daylight,Dry,Fatal,Approaching,Driver,30 to 34,,North,Going Ahead,Driving Properly,,,,,,,,,Yes,Yes,,,,,Yes,,,Humbermede
1725,Minor Arterial,North York,Mid-Block,No Control,Clear,Daylight,Dry,Fatal,Approaching,Driver,65 to 69,,North,Going Ahead,Driving Properly,,,,,,,,,Yes,Yes,,,,,Yes,,,Humbermede
2039,Minor Arterial,Scarborough,Intersection,Stop Sign,Clear,Dark,Dry,Non-Fatal Injury,Pedestrian Collisions,Pedestrian,30 to 34,Major,Unknown,,,Pedestrian hit on sidewalk or shoulder,On Sidewalk or Shoulder,Normal,,,,Yes,,Yes,,,,,,,,,Clairlea-Birchmount
959,Major Arterial,Toronto and East York,Intersection,Traffic Signal,Clear,Daylight,Dry,Fatal,Pedestrian Collisions,Truck Driver,55 to 59,Minimal,South,Turning Left,Driving Properly,,,,,,,Yes,,,,Yes,,,,,,,Moss Park
730,Major Arterial,Scarborough,Intersection,Traffic Signal,Clear,Daylight,Dry,Non-Fatal Injury,Turning Movement,Passenger,15 to 19,Major,,,,,,,,,,,,Yes,,,,Yes,,,,,Malvern East
1809,Major Arterial,Toronto and East York,Intersection,Traffic Signal,Clear,Daylight,Dry,Non-Fatal Injury,Cyclist Collisions,Cyclist,15 to 19,Major,North,Going Ahead,,,,,Motorist turning right on green or amber at signalized intersection strikes cyclist.,Driving Properly,Normal,,Yes,,,Yes,,,,Yes,,,Wellington Place
1824,Major Arterial,Toronto and East York,Mid-Block,No Control,Clear,Daylight,Dry,Non-Fatal Injury,Pedestrian Collisions,Pedestrian,45 to 49,Major,West,,,Pedestrian involved in a collision with transit vehicle anywhere along roadway,"Crossing, no Traffic Control",Inattentive,,,,Yes,,,,,Yes,Yes,,,,,Kensington-Chinatown
2245,Minor Arterial,Scarborough,Mid-Block,No Control,Clear,"Dusk, artificial",Dry,Fatal,Rear End,Driver,40 to 44,,South,Going Ahead,Driving Properly,,,,,,,,,Yes,,,,Yes,,,,,Oakridge
700,Major Arterial,North York,Intersection,Traffic Signal,Clear,Daylight,Wet,Non-Fatal Injury,Turning Movement,Truck Driver,25 to 29,,South,Going Ahead,Disobeyed Traffic Control,,,,,,,,,Yes,,Yes,,,,Yes,Yes,,Clanton Park
2219,Major Arterial,Etobicoke York,Intersection,Stop Sign,Clear,"Dark, artificial",Dry,Fatal,Turning Movement,Driver,30 to 34,,North,Turning Left,Driving Properly,,,,,,,,,Yes,Yes,,,,,,,,Long Branch
1915,Major Arterial,Etobicoke York,Intersection,Traffic Signal,Clear,Daylight,Dry,Non-Fatal Injury,Turning Movement,Driver,35 to 39,,South,Turning Right,Driving Properly,,,,,,,,,Yes,,,,Yes,Yes,Yes,Yes,,Junction Area
1436,Major Arterial,Toronto and East York,Mid-Block,No Control,Clear,Daylight,Dry,Non-Fatal Injury,Cyclist Collisions,Motorcycle Driver,20 to 24,Major,East,Going Ahead,Exceeding Speed Limit,,,,,,,,Yes,,Yes,,,,Yes,Yes,,,Downtown Yonge East
959,Major Arterial,Toronto and East York,Intersection,Traffic Signal,Clear,Daylight,Dry,Fatal,Pedestrian Collisions,Wheelchair,55 to 59,Fatal,West,Going Ahead,,Vehicle turns left while ped crosses without ROW at inter.,Crossing without right of way,Inattentive,,,,Yes,,,,Yes,,,,,,,Moss Park
1824,Major Arterial,Toronto and East York,Mid-Block,No Control,Clear,Daylight,Dry,Non-Fatal Injury,Pedestrian Collisions,Passenger,50 to 54,Minimal,,,,,,,,,,Yes,,,,,Yes,Yes,,,,,Kensington-Chinatown
1810,,,Mid-Block,No Control,Clear,"Dark, artificial",Dry,Non-Fatal Injury,Pedestrian Collisions,Truck Driver,55 to 59,,East,Going Ahead,Driving Properly,,,,,,,Yes,,,,Yes,,,,,,,North Riverdale
2245,Minor Arterial,Scarborough,Mid-Block,No Control,Clear,"Dusk, artificial",Dry,Fatal,Rear End,Driver,55 to 59,Major,North,Going Ahead,Driving Properly,,,,,,,,,Yes,,,,Yes,,,,,Oakridge
700,Major Arterial,North York,Intersection,Traffic Signal,Clear,Daylight,Wet,Non-Fatal Injury,Turning Movement,Driver,65 to 69,Major,East,Turning Left,Driving Properly,,,,,,,,,Yes,,Yes,,,,Yes,Yes,,Clanton Park
2219,Major Arterial,Etobicoke York,Intersection,Stop Sign,Clear,"Dark, artificial",Dry,Fatal,Turning Movement,Motorcycle Driver,35 to 39,Fatal,East,Going Ahead,Other,,,,,,,,,Yes,Yes,,,,,,,,Long Branch
1915,Major Arterial,Etobicoke York,Intersection,Traffic Signal,Clear,Daylight,Dry,Non-Fatal Injury,Turning Movement,Passenger,15 to 19,,,,,,,,,,,,,Yes,,,,Yes,Yes,Yes,Yes,,Junction Area
1436,Major Arterial,Toronto and East York,Mid-Block,No Control,Clear,Daylight,Dry,Non-Fatal Injury,Cyclist Collisions,Cyclist,40 to 44,,West,Turning Left,,,,,Cyclist turned left across motorists path.,Improper Turn,Normal,,Yes,,Yes,,,,Yes,Yes,,,Downtown Yonge East
1752,Major Arterial,Etobicoke York,Intersection,Traffic Signal,Clear,Daylight,Dry,Non-Fatal Injury,Rear End,Driver,55 to 59,Major,North,Going Ahead,Disobeyed Traffic Control,,,,,,,,,Yes,,,,,Yes,Yes,Yes,,Humber Summit
1810,,,Mid-Block,No Control,Clear,"Dark, artificial",Dry,Non-Fatal Injury,Pedestrian Collisions,Pedestrian,60 to 64,Major,,,,,,Inattentive,,,,Yes,,,,Yes,,,,,,,North Riverdale
1915,Major Arterial,Etobicoke York,Intersection,Traffic Signal,Clear,Daylight,Dry,Non-Fatal Injury,Turning Movement,Passenger,0 to 4,,,,,,,,,,,,,Yes,,,,Yes,Yes,Yes,Yes,,Junction Area
2245,Minor Arterial,Scarborough,Mid-Block,No Control,Clear,"Dusk, artificial",Dry,Fatal,Rear End,Passenger,45 to 49,Minor,,,,,,,,,,,,Yes,,,,Yes,,,,,Oakridge
1842,Major Arterial,North York,Mid-Block,No Control,Clear,Daylight,Dry,Fatal,Rear End,Driver,75 to 79,Major,West,Going Ahead,Lost control,,,,,,,,,Yes,,,Yes,Yes,,,,,Yonge-Doris
1900,Major Arterial,,Intersection,No Control,Clear,"Dark, artificial",Dry,Non-Fatal Injury,Pedestrian Collisions,Driver,30 to 34,,South,Turning Left,Failed to Yield Right of Way,,,,,,,Yes,,Yes,,,,Yes,,Yes,,,North Toronto
1752,Major Arterial,Etobicoke York,Intersection,Traffic Signal,Clear,Daylight,Dry,Non-Fatal Injury,Rear End,Driver,55 to 59,Major,North,Stopped,Driving Properly,,,,,,,,,Yes,,,,,Yes,Yes,Yes,,Humber Summit
2005,Minor Arterial,,Mid-Block,No Control,Clear,"Dark, artificial",Dry,Non-Fatal Injury,Rear End,Driver,unknown,,South,Going Ahead,Speed too Fast For Condition,,,,,,,,,Yes,Yes,,,,Yes,Yes,,,Junction Area
1855,Major Arterial,Etobicoke York,Intersection,Traffic Signal,Snow,"Dark, artificial",Wet,Non-Fatal Injury,Turning Movement,Driver,50 to 54,Minimal,North,Going Ahead,Disobeyed Traffic Control,,,,,,,,,Yes,,,,,Yes,Yes,Yes,,Islington
1632,Minor Arterial,Scarborough,Intersection,Traffic Signal,Clear,Daylight,Dry,Non-Fatal Injury,Turning Movement,Driver,50 to 54,,East,Turning Left,Improper Turn,,,,,,,,,Yes,Yes,,,,,,,,Woburn North
1842,Major Arterial,North York,Mid-Block,No Control,Clear,Daylight,Dry,Fatal,Rear End,Driver,60 to 64,Minor,West,Going Ahead,Driving Properly,,,,,,,,,Yes,,,Yes,Yes,,,,,Yonge-Doris
1900,Major Arterial,,Intersection,No Control,Clear,"Dark, artificial",Dry,Non-Fatal Injury,Pedestrian Collisions,Passenger,35 to 39,,,,,,,,,,,Yes,,Yes,,,,Yes,,Yes,,,North Toronto
1752,Major Arterial,Etobicoke York,Intersection,Traffic Signal,Clear,Daylight,Dry,Non-Fatal Injury,Rear End,Driver,30 to 34,,North,Stopped,Driving Properly,,,,,,,,,Yes,,,,,Yes,Yes,Yes,,Humber Summit
2005,Minor Arterial,,Mid-Block,No Control,Clear,"Dark, artificial",Dry,Non-Fatal Injury,Rear End,Driver,20 to 24,,South,Stopped,Driving Properly,,,,,,,,,Yes,Yes,,,,Yes,Yes,,,Junction Area
1855,Major Arterial,Etobicoke York,Intersection,Traffic Signal,Snow,"Dark, artificial",Wet,Non-Fatal Injury,Turning Movement,Driver,20 to 24,Major,West,Turning Right,Driving Properly,,,,,,,,,Yes,,,,,Yes,Yes,Yes,,Islington
1632,Minor Arterial,Scarborough,Intersection,Traffic Signal,Clear,Daylight,Dry,Non-Fatal Injury,Turning Movement,Motorcycle Driver,55 to 59,Major,West,Going Ahead,Driving Properly,,,,,,,,,Yes,Yes,,,,,,,,Woburn North
2245,Minor Arterial,Scarborough,Mid-Block,No Control,Clear,"Dusk, artificial",Dry,Fatal,Rear End,Passenger,75 to 79,Major,,,,,,,,,,,,Yes,,,,Yes,,,,,Oakridge
1842,Major Arterial,North York,Mid-Block,No Control,Clear,Daylight,Dry,Fatal,Rear End,Passenger,75 to 79,Fatal,,,,,,,,,,,,Yes,,,Yes,Yes,,,,,Yonge-Doris
2005,Minor Arterial,,Mid-Block,No Control,Clear,"Dark, artificial",Dry,Non-Fatal Injury,Rear End,Motorcycle Driver,50 to 54,Major,South,Stopped,Driving Properly,,,,,,,,,Yes,Yes,,,,Yes,Yes,,,Junction Area
1700,,,Intersection,Stop Sign,Rain,"Dusk, artificial",Wet,Non-Fatal Injury,Cyclist Collisions,Driver,unknown,,West,Going Ahead,Failed to Yield Right of Way,,,,,,,,Yes,Yes,,,,,,Yes,,,Old East York
1900,Major Arterial,,Intersection,No Control,Clear,"Dark, artificial",Dry,Non-Fatal Injury,Pedestrian Collisions,Pedestrian,60 to 64,Major,North,,,Vehicle turns left while ped crosses with ROW at inter.,Crossing with right of way,Normal,,,,Yes,,Yes,,,,Yes,,Yes,,,North Toronto
1728,Major Arterial,Scarborough,Intersection,Traffic Signal,Clear,Daylight,Dry,Non-Fatal Injury,Pedestrian Collisions,Driver,55 to 59,,East,Going Ahead,Driving Properly,,,,,,,Yes,,Yes,,,,,,,,,Bendale-Glen Andrew
1700,,,Intersection,Stop Sign,Rain,"Dusk, artificial",Wet,Non-Fatal Injury,Cyclist Collisions,Cyclist,65 to 69,Major,South,Going Ahead,,,,,,Driving Properly,Normal,,Yes,Yes,,,,,,Yes,,,Old East York
1945,Major Arterial,Toronto and East York,Mid-Block,No Control,Clear,"Dark, artificial",Dry,Non-Fatal Injury,Other,Driver,40 to 44,,West,Slowing or Stopping,Driving Properly,,,,,,,,,,,,Yes,Yes,,,,,Old East York
2245,Minor Arterial,Scarborough,Mid-Block,No Control,Clear,"Dusk, artificial",Dry,Fatal,Rear End,Passenger,0 to 4,,,,,,,,,,,,,Yes,,,,Yes,,,,,Oakridge
1842,Major Arterial,North York,Mid-Block,No Control,Clear,Daylight,Dry,Fatal,Rear End,Passenger,60 to 64,Minor,,,,,,,,,,,,Yes,,,Yes,Yes,,,,,Yonge-Doris
1032,Major Arterial,Etobicoke York,Intersection,Traffic Signal,Clear,Daylight,Dry,Non-Fatal Injury,Rear End,Truck Driver,40 to 44,,West,Going Ahead,Following too Close,,,,,,,,,Yes,,Yes,,Yes,,Yes,,,Edenbridge-Humber Valley
1945,Major Arterial,Toronto and East York,Mid-Block,No Control,Clear,"Dark, artificial",Dry,Non-Fatal Injury,Other,Passenger,65 to 69,Major,,,,,,,,,,,,,,,Yes,Yes,,,,,Old East York