TIME,ROAD_CLASS,DISTRICT,LOCCOORD,TRAFFCTL,VISIBILITY,LIGHT,RDSFCOND,ACCLASS,IMPACTYPE,INVTYPE,INVAGE,INJURY,INITDIR,MANOEUVER,DRIVACT,PEDTYPE,PEDACT,PEDCOND,CYCLISTYPE,CYCACT,CYCCOND,PEDESTRIAN,CYCLIST,AUTOMOBILE,MOTORCYCLE,TRUCK,TRSN_CITY_VEH,PASSENGER,SPEEDING,AG_DRIV,REDLIGHT,ALCOHOL,NEIGHBOURHOOD_158
1443,Major Arterial,Toronto and East York,Intersection,Stop Sign,Clear,Daylight,Dry,Non-Fatal Injury,Pedestrian Collisions,Pedestrian,65 to 69,Major,West,,,Vehicle turns left while ped crosses without ROW at inter.,Crossing without right of way,Inattentive,,,,Yes,,Yes,,,,Yes,,Yes,,,Dufferin Grove
1930,Major Arterial,Scarborough,Mid-Block,No Control,Strong wind,"Dark, artificial",Dry,Fatal,Pedestrian Collisions,Pedestrian,80 to 84,Fatal,South,,,Pedestrian hit at mid-block,"Crossing, no Traffic Control",Inattentive,,,,Yes,,Yes,,,,,,,,,Tam O'Shanter-Sullivan
2350,Expressway,Etobicoke York,Mid-Block,No Control,Clear,Dark,Dry,Non-Fatal Injury,Rear End,Driver,25 to 29,Minimal,West,Going Ahead,Speed too Fast For Condition,,,,,,,,,Yes,,,,Yes,Yes,Yes,,,Alderwood
120,Collector,Scarborough,Intersection,Traffic Signal,Clear,"Dark, artificial",Dry,Non-Fatal Injury,SMV Other,Driver,20 to 24,Major,West,Going Ahead,Lost control,,,,,,,,,Yes,,,,Yes,Yes,Yes,,,Woburn North
745,Minor Arterial,Toronto and East York,Intersection,Stop Sign,Clear,Daylight,Dry,Non-Fatal Injury,Cyclist Collisions,Cyclist,75 to 79,Major,South,Going Ahead,,,,,"Cyclist without ROW rides into path of motorist at inter, lnwy, dwy-Cyclist not turn.",Improper Passing,Inattentive,,Yes,Yes,,,,,,,,,Moss Park
749,Expressway,Toronto and East York,Mid-Block,No Control,Clear,Daylight,Dry,Non-Fatal Injury,Rear End,Driver,50 to 54,Major,East,Slowing or Stopping,Driving Properly,,,,,,,,,Yes,,Yes,,,,Yes,,,St Lawrence-East Bayfront-The Islands
1949,Collector,Etobicoke York,Intersection,No Control,Clear,Daylight,Dry,Non-Fatal Injury,Angle,Motorcycle Passenger,30 to 34,Minor,,,,,,,,,,,,,Yes,,,Yes,,,,,New Toronto
1930,Major Arterial,Scarborough,Mid-Block,No Control,Strong wind,"Dark, artificial",Dry,Fatal,Pedestrian Collisions,Driver,35 to 39,,East,Going Ahead,Other,,,,,,,Yes,,Yes,,,,,,,,,Tam O'Shanter-Sullivan
2350,Expressway,Etobicoke York,Mid-Block,No Control,Clear,Dark,Dry,Non-Fatal Injury,Rear End,Passenger,20 to 24,Minimal,,,,,,,,,,,,Yes,,,,Yes,Yes,Yes,,,Alderwood
120,Collector,Scarborough,Intersection,Traffic Signal,Clear,"Dark, artificial",Dry,Non-Fatal Injury,SMV Other,Passenger,20 to 24,,,,,,,,,,,,,Yes,,,,Yes,Yes,Yes,,,Woburn North
745,Minor Arterial,Toronto and East York,Intersection,Stop Sign,Clear,Daylight,Dry,Non-Fatal Injury,Cyclist Collisions,Driver,50 to 54,,East,Going Ahead,Driving Properly,,,,,,,,Yes,Yes,,,,,,,,,Moss Park
749,Expressway,Toronto and East York,Mid-Block,No Control,Clear,Daylight,Dry,Non-Fatal Injury,Rear End,Driver,65 to 69,,East,Stopped,Driving Properly,,,,,,,,,Yes,,Yes,,,,Yes,,,St Lawrence-East Bayfront-The Islands
2353,Collector,Etobicoke York,Intersection,Stop Sign,Clear,"Dark, artificial",Dry,Non-Fatal Injury,SMV Other,Motorcycle Driver,40 to 44,Major,East,Going Ahead,Lost control,,,,,,,,,,Yes,,,,,Yes,,,Oakdale-Beverley Heights
1407,Major Arterial,Toronto and East York,Intersection,Traffic Signal,Clear,Daylight,Dry,Non-Fatal Injury,Pedestrian Collisions,Driver,30 to 34,Minor,East,Turning Left,Improper Turn,,,,,,,Yes,,Yes,,,,,,,,,South Parkdale
1430,Minor Arterial,Etobicoke York,Intersection,Traffic Signal,Clear,Daylight,Dry,Non-Fatal Injury,Cyclist Collisions,Driver,55 to 59,,South,Turning Left,Other,,,,,,,,Yes,Yes,,,,,,,,,Mount Olive-Silverstone-Jamestown
1911,Minor Arterial,Toronto and East York,Intersection,Stop Sign,Clear,Daylight,Dry,Fatal,SMV Other,Driver,65 to 69,Fatal,South,Going Ahead,Lost control,,,,,,,,,Yes,,,,,,,,,The Beaches
2350,Expressway,Etobicoke York,Mid-Block,No Control,Clear,Dark,Dry,Non-Fatal Injury,Rear End,Passenger,20 to 24,Major,,,,,,,,,,,,Yes,,,,Yes,Yes,Yes,,,Alderwood
240,Major Arterial,,Mid-Block,No Control,Clear,Dark,Dry,Fatal,SMV Other,Passenger,15 to 19,Fatal,,,,,,,,,,,,Yes,,,,Yes,,,,,South Parkdale
2000,Expressway,Etobicoke York,Mid-Block,No Control,Clear,Daylight,Dry,Non-Fatal Injury,SMV Other,Driver,70 to 74,Major,East,Going Ahead,Lost control,,,,,,,,,Yes,,,,Yes,,,,,Mimico-Queensway
1407,Major Arterial,Toronto and East York,Intersection,Traffic Signal,Clear,Daylight,Dry,Non-Fatal Injury,Pedestrian Collisions,Driver,60 to 64,,West,Going Ahead,Driving Properly,,,,,,,Yes,,Yes,,,,,,,,,South Parkdale
1430,Minor Arterial,Etobicoke York,Intersection,Traffic Signal,Clear,Daylight,Dry,Non-Fatal Injury,Cyclist Collisions,Cyclist,75 to 79,Major,East,Going Ahead,,,,,,Other,Normal,,Yes,Yes,,,,,,,,,Mount Olive-Silverstone-Jamestown
1911,Minor Arterial,Toronto and East York,Intersection,Stop Sign,Clear,Daylight,Dry,Fatal,SMV Other,Other,unknown,,,Parked,,,,,,,,,,Yes,,,,,,,,,The Beaches
304,Minor Arterial,Scarborough,Mid-Block,No Control,Clear,Dark,Dry,Fatal,SMV Other,Passenger,15 to 19,Fatal,,,,,,,,,,,,Yes,,,,Yes,,,,,Morningside Heights
1440,Major Arterial,Toronto East York,Mid-Block,No Control,Clear,Daylight,Dry,Non-Fatal Injury,Pedestrian Collisions,Driver,70 to 74,,North,Going Ahead,Driving Properly,,,,,,,Yes,,Yes,,,,,,,,,Banbury-Don Mills
1656,Major Arterial,Toronto and East York,Mid-Block,No Control,Clear,Daylight,Dry,Non-Fatal Injury,Cyclist Collisions,Cyclist,40 to 44,Major,West,Going Ahead,,,,,Cyclist and Driver travelling in same direction. One vehicle sideswipes the other.,Driving Properly,Had Been Drinking,,Yes,Yes,,,,,,,,,Trinity-Bellwoods
240,Major Arterial,,Mid-Block,No Control,Clear,Dark,Dry,Fatal,SMV Other,Driver,30 to 34,Major,East,Going Ahead,Lost control,,,,,,,,,Yes,,,,Yes,,,,,South Parkdale
1407,Major Arterial,Toronto and East York,Intersection,Traffic Signal,Clear,Daylight,Dry,Non-Fatal Injury,Pedestrian Collisions,Pedestrian,50 to 54,Major,Unknown,,,Pedestrian hit on sidewalk or shoulder,On Sidewalk or Shoulder,Normal,,,,Yes,,Yes,,,,,,,,,South Parkdale
2000,Expressway,Etobicoke York,Mid-Block,No Control,Clear,Daylight,Dry,Non-Fatal Injury,SMV Other,Passenger,70 to 74,Minor,,,,,,,,,,,,Yes,,,,Yes,,,,,Mimico-Queensway
304,Minor Arterial,Scarborough,Mid-Block,No Control,Clear,Dark,Dry,Fatal,SMV Other,Driver,15 to 19,Minor,West,Other,Lost control,,,,,,,,,Yes,,,,Yes,,,,,Morningside Heights
2234,Major Arterial,Scarborough,Intersection,Traffic Signal,Clear,"Dark, artificial",Dry,,Pedestrian Collisions,Driver,30 to 34,,North,Going Ahead,Driving Properly,,,,,,,Yes,,Yes,,,,,,,,,Agincourt South-Malvern West
304,Minor Arterial,Scarborough,Mid-Block,No Control,Clear,Dark,Dry,Fatal,SMV Other,Passenger,20 to 24,Minor,,,,,,,,,,,,Yes,,,,Yes,,,,,Morningside Heights
849,Major Arterial,North York,Mid-Block,No Control,Clear,Daylight,Dry,Non-Fatal Injury,Cyclist Collisions,Driver,55 to 59,,South,Overtaking,Improper Passing,,,,,,,,Yes,Yes,,,,,,Yes,,,St.Andrew-Windfields
1440,Major Arterial,Toronto East York,Mid-Block,No Control,Clear,Daylight,Dry,Non-Fatal Injury,Pedestrian Collisions,Pedestrian,15 to 19,Major,East,,,Pedestrian hit at mid-block,"Crossing, no Traffic Control",Medical or Physical Disability,,,,Yes,,Yes,,,,,,,,,Banbury-Don Mills
1656,Major Arterial,Toronto and East York,Mid-Block,No Control,Clear,Daylight,Dry,Non-Fatal Injury,Cyclist Collisions,Driver,30 to 34,,West,Going Ahead,Driving Properly,,,,,,,,Yes,Yes,,,,,,,,,Trinity-Bellwoods
1521,Local,Toronto and East York,Mid-Block,No Control,Clear,Daylight,Dry,Fatal,Pedestrian Collisions,Vehicle Owner,unknown,,,,,,,,,,,Yes,,Yes,,,,,,Yes,,,Downtown Yonge East
1521,Local,Toronto and East York,Mid-Block,No Control,Clear,Daylight,Dry,Fatal,Pedestrian Collisions,Pedestrian,45 to 49,Fatal,Unknown,,,Pedestrian hit on sidewalk or shoulder,On Sidewalk or Shoulder,"Ability Impaired, Alcohol",,,,Yes,,Yes,,,,,,Yes,,,Downtown Yonge East
1508,Major Arterial,North York,Mid-Block,No Control,Clear,Daylight,Dry,Non-Fatal Injury,Pedestrian Collisions,Driver,40 to 44,,North,Going Ahead,Driving Properly,,,,,,,Yes,,Yes,,,,Yes,,,,,Glenfield-Jane Heights
1425,Minor Arterial,Etobicoke York,Intersection,No Control,Clear,Daylight,Dry,Non-Fatal Injury,Approaching,Driver,35 to 39,Minor,South,Going Ahead,Improper Passing,,,,,,,,,Yes,,,,,,Yes,,,Humber Heights-Westmount
1740,Major Arterial,North York,Mid-Block,No Control,Clear,Daylight,Dry,Non-Fatal Injury,Cyclist Collisions,Cyclist,30 to 34,Major,South,Going Ahead,,,,,Cyclist and Driver travelling in same direction. One vehicle rear-ended the other.,Lost control,Unknown,,Yes,Yes,,,,,,,,,Yonge-Doris
1521,Local,Toronto and East York,Mid-Block,No Control,Clear,Daylight,Dry,Fatal,Pedestrian Collisions,Driver,55 to 59,,West,Turning Right,Failed to Yield Right of Way,,,,,,,Yes,,Yes,,,,,,Yes,,,Downtown Yonge East
2234,Major Arterial,Scarborough,Intersection,Traffic Signal,Clear,"Dark, artificial",Dry,,Pedestrian Collisions,Pedestrian,20 to 24,Major,,,,,,Normal,,,,Yes,,Yes,,,,,,,,,Agincourt South-Malvern West
2312,Major Arterial,Toronto and East York,Mid-Block,No Control,Clear,"Dark, artificial",Dry,Fatal,Approaching,Driver,20 to 24,Major,West,Going Ahead,Lost control,,,,,,,,,Yes,,,,,,,,,Fort York-Liberty Village
1425,Minor Arterial,Etobicoke York,Intersection,No Control,Clear,Daylight,Dry,Non-Fatal Injury,Approaching,Driver,75 to 79,Major,North,Going Ahead,Driving Properly,,,,,,,,,Yes,,,,,,Yes,,,Humber Heights-Westmount
1508,Major Arterial,North York,Mid-Block,No Control,Clear,Daylight,Dry,Non-Fatal Injury,Pedestrian Collisions,Passenger,60 to 64,,,,,,,,,,,Yes,,Yes,,,,Yes,,,,,Glenfield-Jane Heights
849,Major Arterial,North York,Mid-Block,No Control,Clear,Daylight,Dry,Non-Fatal Injury,Cyclist Collisions,Cyclist,35 to 39,Major,South,Going Ahead,,,,,Cyclist and Driver travelling in same direction. One vehicle sideswipes the other.,Driving Properly,Normal,,Yes,Yes,,,,,,Yes,,,St.Andrew-Windfields
1508,Major Arterial,North York,Mid-Block,No Control,Clear,Daylight,Dry,Non-Fatal Injury,Pedestrian Collisions,Passenger,10 to 14,,,,,,,,,,,Yes,,Yes,,,,Yes,,,,,Glenfield-Jane Heights
1740,Major Arterial,North York,Mid-Block,No Control,Clear,Daylight,Dry,Non-Fatal Injury,Cyclist Collisions,Driver,45 to 49,,South,Stopped,Driving Properly,,,,,,,,Yes,Yes,,,,,,,,,Yonge-Doris
2233,Minor Arterial,Toronto and East York,Mid-Block,No Control,Clear,Dark,Dry,Non-Fatal Injury,Pedestrian Collisions,Driver,45 to 49,,South,Going Ahead,Driving Properly,,,,,,,Yes,,Yes,,,,,,Yes,,,Blake-Jones
10,Major Arterial,Scarborough,Intersection,Traffic Signal,Clear,"Dark, artificial",Dry,Fatal,Turning Movement,Driver,55 to 59,Fatal,West,Turning Left,Driving Properly,,,,,,,,,Yes,,,,Yes,Yes,Yes,,,Wexford/Maryvale
2312,Major Arterial,Toronto and East York,Mid-Block,No Control,Clear,"Dark, artificial",Dry,Fatal,Approaching,Driver,40 to 44,Fatal,East,Going Ahead,Driving Properly,,,,,,,,,Yes,,,,,,,,,Fort York-Liberty Village
1100,Major Arterial,Etobicoke York,Intersection,Traffic Signal,Clear,Daylight,Dry,Non-Fatal Injury,Pedestrian Collisions,Driver,25 to 29,,South,Turning Left,Failed to Yield Right of Way,,,,,,,Yes,,Yes,,,,,,Yes,,,Stonegate-Queensway
2350,Major Arterial,North York,Mid-Block,No Control,Clear,"Dark, artificial",Dry,Non-Fatal Injury,Approaching,Driver,40 to 44,Major,South,Going Ahead,Other,,,,,,,,,Yes,,,Yes,,,,,,Bayview Village
1508,Major Arterial,North York,Mid-Block,No Control,Clear,Daylight,Dry,Non-Fatal Injury,Pedestrian Collisions,Passenger,0 to 4,,,,,,,,,,,Yes,,Yes,,,,Yes,,,,,Glenfield-Jane Heights
10,Major Arterial,Scarborough,Intersection,Traffic Signal,Clear,"Dark, artificial",Dry,Fatal,Turning Movement,Driver,15 to 19,Major,East,Going Ahead,Exceeding Speed Limit,,,,,,,,,Yes,,,,Yes,Yes,Yes,,,Wexford/Maryvale
1915,Local,North York,Intersection,Stop Sign,Clear,Daylight,Dry,Non-Fatal Injury,Pedestrian Collisions,Truck Driver,45 to 49,,East,Going Ahead,Failed to Yield Right of Way,,,,,,,Yes,,Yes,,,,,,Yes,,,Briar Hill-Belgravia
831,Major Arterial,North York,Intersection,Traffic Signal,Clear,Daylight,Dry,Non-Fatal Injury,Cyclist Collisions,Driver,20 to 24,,South,Turning Left,Improper Turn,,,,,,,,Yes,Yes,,,,,,,,,Newtonbrook East
2233,Minor Arterial,Toronto and East York,Mid-Block,No Control,Clear,Dark,Dry,Non-Fatal Injury,Pedestrian Collisions,Pedestrian,15 to 19,Major,Unknown,,,Pedestrian hit at mid-block,"Crossing, no Traffic Control","Ability Impaired, Alcohol",,,,Yes,,Yes,,,,,,Yes,,,Blake-Jones
1100,Major Arterial,Etobicoke York,Intersection,Traffic Signal,Clear,Daylight,Dry,Non-Fatal Injury,Pedestrian Collisions,Pedestrian,55 to 59,Major,North,,,Vehicle turns left while ped crosses with ROW at inter.,Crossing with right of way,Normal,,,,Yes,,Yes,,,,,,Yes,,,Stonegate-Queensway
2350,Major Arterial,North York,Mid-Block,No Control,Clear,"Dark, artificial",Dry,Non-Fatal Injury,Approaching,Driver,40 to 44,,North,Going Ahead,Driving Properly,,,,,,,,,Yes,,,Yes,,,,,,Bayview Village
1508,Major Arterial,North York,Mid-Block,No Control,Clear,Daylight,Dry,Non-Fatal Injury,Pedestrian Collisions,Pedestrian,15 to 19,Major,West,,,Pedestrian hit at mid-block,"Crossing, no Traffic Control",Normal,,,,Yes,,Yes,,,,Yes,,,,,Glenfield-Jane Heights
345,Local,Etobicoke York,Mid-Block,No Control,Clear,"Dark, artificial",Dry,Non-Fatal Injury,Pedestrian Collisions,Driver,30 to 34,Minor,North,Going Ahead,Other,,,,,,,Yes,,Yes,,,,,,,,,Willowridge-Martingrove-Richview
1915,Local,North York,Intersection,Stop Sign,Clear,Daylight,Dry,Non-Fatal Injury,Pedestrian Collisions,Pedestrian,75 to 79,Major,South,,,Vehicle is going straight thru inter.while ped cross with ROW,Crossing with right of way,Normal,,,,Yes,,Yes,,,,,,Yes,,,Briar Hill-Belgravia
831,Major Arterial,North York,Intersection,Traffic Signal,Clear,Daylight,Dry,Non-Fatal Injury,Cyclist Collisions,Cyclist,20 to 24,Major,North,Going Ahead,,,,,Motorist turned left across cyclists path.,Driving Properly,Normal,,Yes,Yes,,,,,,,,,Newtonbrook East
5,Major Arterial,North York,Mid-Block,No Control,Clear,"Dark, artificial",Dry,Non-Fatal Injury,Approaching,Driver,45 to 49,Minor,East,Going Ahead,Lost control,,,,,,,,,Yes,,,,Yes,,,,,Newtonbrook East
1910,Major Arterial,North York,Mid-Block,No Control,Clear,Dusk,Dry,Non-Fatal Injury,Turning Movement,Motorcycle Driver,20 to 24,Major,West,Overtaking,Improper Passing,,,,,,,,,Yes,Yes,,,Yes,,Yes,,,Don Valley Village
1752,Local,North York,Mid-Block,No Control,Clear,Daylight,Dry,Non-Fatal Injury,Pedestrian Collisions,Driver,45 to 49,,West,Going Ahead,Driving Properly,,,,,,,Yes,,Yes,,,,Yes,,,,,Englemount-Lawrence
10,Major Arterial,Scarborough,Intersection,Traffic Signal,Clear,"Dark, artificial",Dry,Fatal,Turning Movement,Passenger,20 to 24,Major,,,,,,,,,,,,Yes,,,,Yes,Yes,Yes,,,Wexford/Maryvale
345,Local,Etobicoke York,Mid-Block,No Control,Clear,"Dark, artificial",Dry,Non-Fatal Injury,Pedestrian Collisions,Pedestrian,30 to 34,Major,Unknown,,,Pedestrian hit at mid-block,Other,Other,,,,Yes,,Yes,,,,,,,,,Willowridge-Martingrove-Richview
1910,Major Arterial,North York,Mid-Block,No Control,Clear,Dusk,Dry,Non-Fatal Injury,Turning Movement,Driver,25 to 29,,West,Making U Turn,Driving Properly,,,,,,,,,Yes,Yes,,,Yes,,Yes,,,Don Valley Village
2343,Major Arterial,Etobicoke York,Mid-Block,No Control,Clear,"Dark, artificial",Dry,Non-Fatal Injury,SMV Other,Driver,60 to 64,,East,Going Ahead,Driving Properly,,,,,,,Yes,,Yes,,,,,,,,,Kingsview Village-The Westway
5,Major Arterial,North York,Mid-Block,No Control,Clear,"Dark, artificial",Dry,Non-Fatal Injury,Approaching,Driver,65 to 69,Major,West,Going Ahead,Driving Properly,,,,,,,,,Yes,,,,Yes,,,,,Newtonbrook East
2343,Major Arterial,Etobicoke York,Mid-Block,No Control,Clear,"Dark, artificial",Dry,Non-Fatal Injury,SMV Other,Pedestrian,50 to 54,Major,North,Going Ahead,,,Running onto Roadway,Inattentive,,,,Yes,,Yes,,,,,,,,,Kingsview Village-The Westway
2341,Local,,Mid-Block,No Control,Clear,"Dark, artificial",Dry,Non-Fatal Injury,SMV Other,Driver,45 to 49,Major,South,Going Ahead,Lost control,,,,,,,,,Yes,,,,,,,,Yes,Brookhaven-Amesbury
1752,Local,North York,Mid-Block,No Control,Clear,Daylight,Dry,Non-Fatal Injury,Pedestrian Collisions,Passenger,50 to 54,,,,,,,,,,,Yes,,Yes,,,,Yes,,,,,Englemount-Lawrence
1908,,,Mid-Block,No Control,Clear,"Dark, artificial",Dry,Non-Fatal Injury,Sideswipe,Driver,30 to 34,Major,West,Pulling Away from Shoulder or Curb,Improper Lane Change,,,,,,,,,Yes,,,Yes,,,,,Yes,Mimico-Queensway
1311,Major Arterial,Toronto and East York,Mid-Block,No Control,Clear,Daylight,Dry,Non-Fatal Injury,Rear End,Driver,30 to 34,Major,West,Changing Lanes,Improper Lane Change,,,,,,,,,Yes,,Yes,,,,Yes,,,St Lawrence-East Bayfront-The Islands
1910,Major Arterial,North York,Mid-Block,No Control,Clear,Dusk,Dry,Non-Fatal Injury,Turning Movement,Passenger,25 to 29,,,,,,,,,,,,,Yes,Yes,,,Yes,,Yes,,,Don Valley Village
1908,,,Mid-Block,No Control,Clear,"Dark, artificial",Dry,Non-Fatal Injury,Sideswipe,Driver,55 to 59,,West,Going Ahead,Driving Properly,,,,,,,,,Yes,,,Yes,,,,,Yes,Mimico-Queensway
2015,Expressway,North York,Mid-Block,No Control,Clear,Daylight,Dry,Non-Fatal Injury,Rear End,Motorcycle Driver,40 to 44,Major,South,Going Ahead,Following too Close,,,,,,,,,Yes,Yes,,,,,Yes,,,Banbury-Don Mills
1311,Major Arterial,Toronto and East York,Mid-Block,No Control,Clear,Daylight,Dry,Non-Fatal Injury,Rear End,Truck Driver,50 to 54,,West,Going Ahead,Following too Close,,,,,,,,,Yes,,Yes,,,,Yes,,,St Lawrence-East Bayfront-The Islands
1611,Major Arterial,Etobicoke York,Intersection,No Control,Clear,Daylight,Dry,Fatal,SMV Other,Driver,65 to 69,Fatal,South,Going Ahead,Lost control,,,,,,,,,Yes,,,,Yes,,,,,West Humber-Clairville
5,Major Arterial,North York,Mid-Block,No Control,Clear,"Dark, artificial",Dry,Non-Fatal Injury,Approaching,Driver,55 to 59,Minor,West,Going Ahead,Driving Properly,,,,,,,,,Yes,,,,Yes,,,,,Newtonbrook East
1611,Major Arterial,Etobicoke York,Intersection,No Control,Clear,Daylight,Dry,Fatal,SMV Other,Passenger,65 to 69,Fatal,,,,,,,,,,,,Yes,,,,Yes,,,,,West Humber-Clairville
1752,Local,North York,Mid-Block,No Control,Clear,Daylight,Dry,Non-Fatal Injury,Pedestrian Collisions,Passenger,0 to 4,,,,,,,,,,,Yes,,Yes,,,,Yes,,,,,Englemount-Lawrence
2218,Major Arterial,,Mid-Block,No Control,Clear,"Dark, artificial",Dry,Fatal,Angle,Motorcycle Driver,30 to 34,Fatal,South,Going Ahead,Driving Properly,,,,,,,,,Yes,Yes,,Yes,Yes,,,,,Oakwood Village
1908,,,Mid-Block,No Control,Clear,"Dark, artificial",Dry,Non-Fatal Injury,Sideswipe,Driver,30 to 34,Major,West,Changing Lanes,Improper Lane Change,,,,,,,,,Yes,,,,,,,,Yes,Mimico-Queensway
2015,Expressway,North York,Mid-Block,No Control,Clear,Daylight,Dry,Non-Fatal Injury,Rear End,Driver,15 to 19,,South,Slowing or Stopping,Driving Properly,,,,,,,,,Yes,Yes,,,,,Yes,,,Banbury-Don Mills
2338,Major Arterial,Scarborough,Intersection,Traffic Signal,Clear,Dark,Dry,Non-Fatal Injury,Pedestrian Collisions,Driver,50 to 54,,West,Turning Left,Improper Turn,,,,,,,Yes,,Yes,,,,,,,,,Eglinton East
1937,Expressway Ramp,Etobicoke York,Mid-Block,No Control,Clear,Daylight,Dry,Fatal,Rear End,Driver,35 to 39,Minimal,South,Going Ahead,Exceeding Speed Limit,,,,,,,,,Yes,,,,Yes,Yes,Yes,,,West Humber-Clairville
5,Major Arterial,North York,Mid-Block,No Control,Clear,"Dark, artificial",Dry,Non-Fatal Injury,Approaching,Passenger,25 to 29,Minor,,,,,,,,,,,,Yes,,,,Yes,,,,,Newtonbrook East
2218,Major Arterial,,Mid-Block,No Control,Clear,"Dark, artificial",Dry,Fatal,Angle,Driver,20 to 24,Minor,West,Reversing,Other,,,,,,,,,Yes,Yes,,Yes,Yes,,,,,Oakwood Village
1847,Minor Arterial,Toronto and East York,Intersection,No Control,Clear,Daylight,Dry,Non-Fatal Injury,Cyclist Collisions,Driver,50 to 54,,East,Turning Right,Improper Turn,,,,,,,,Yes,Yes,,,,,,,,,St Lawrence-East Bayfront-The Islands
1908,,,Mid-Block,No Control,Clear,"Dark, artificial",Dry,Non-Fatal Injury,Sideswipe,Driver,60 to 64,Minor,West,Going Ahead,Driving Properly,,,,,,,,,Yes,,,,,,,,Yes,Mimico-Queensway
1752,Local,North York,Mid-Block,No Control,Clear,Daylight,Dry,Non-Fatal Injury,Pedestrian Collisions,Passenger,0 to 4,,,,,,,,,,,Yes,,Yes,,,,Yes,,,,,Englemount-Lawrence
2338,Major Arterial,Scarborough,Intersection,Traffic Signal,Clear,Dark,Dry,Non-Fatal Injury,Pedestrian Collisions,Pedestrian,50 to 54,Major,West,,,Vehicle turns left while ped crosses with ROW at inter.,Crossing with right of way,Normal,,,,Yes,,Yes,,,,,,,,,Eglinton East
1937,Expressway Ramp,Etobicoke York,Mid-Block,No Control,Clear,Daylight,Dry,Fatal,Rear End,Driver,35 to 39,,South,Going Ahead,Driving Properly,,,,,,,,,Yes,,,,Yes,Yes,Yes,,,West Humber-Clairville
930,Major Arterial,North York,Intersection,Traffic Signal,Rain,Daylight,Wet,Non-Fatal Injury,Pedestrian Collisions,Driver,30 to 34,,West,Turning Left,Failed to Yield Right of Way,,,,,,,Yes,,Yes,,,,,,Yes,,,Bedford Park-Nortown
2218,Major Arterial,,Mid-Block,No Control,Clear,"Dark, artificial",Dry,Fatal,Angle,Driver,35 to 39,,North,Going Ahead,Driving Properly,,,,,,,,,Yes,Yes,,Yes,Yes,,,,,Oakwood Village
2218,Major Arterial,,Mid-Block,No Control,Clear,"Dark, artificial",Dry,Fatal,Angle,Passenger,15 to 19,Minor,,,,,,,,,,,,Yes,Yes,,Yes,Yes,,,,,Oakwood Village
1353,Major Arterial,Scarborough,Mid-Block,No Control,Snow,Daylight,Wet,Fatal,SMV Other,Driver,65 to 69,Fatal,North,Going Ahead,Lost control,,,,,,,,,Yes,,,,,,,,,Milliken
1752,Local,North York,Mid-Block,No Control,Clear,Daylight,Dry,Non-Fatal Injury,Pedestrian Collisions,Pedestrian,5 to 9,Major,South,,,Pedestrian hit at mid-block,Running onto Roadway,Normal,,,,Yes,,Yes,,,,Yes,,,,,Englemount-Lawrence
1600,Major Arterial,Etobicoke York,Intersection,Traffic Signal,Clear,Daylight,Dry,Non-Fatal Injury,Cyclist Collisions,Driver,75 to 79,,West,Turning Left,Improper Turn,,,,,,,,Yes,Yes,,,,,,,,,Alderwood
1937,Expressway Ramp,Etobicoke York,Mid-Block,No Control,Clear,Daylight,Dry,Fatal,Rear End,Passenger,35 to 39,Fatal,,,,,,,,,,,,Yes,,,,Yes,Yes,Yes,,,West Humber-Clairville
930,Major Arterial,North York,Intersection,Traffic Signal,Rain,Daylight,Wet,Non-Fatal Injury,Pedestrian Collisions,Pedestrian,80 to 84,Major,East,,,Vehicle turns left while ped crosses with ROW at inter.,Crossing with right of way,Normal,,,,Yes,,Yes,,,,,,Yes,,,Bedford Park-Nortown
316,Local,Etobicoke York,Mid-Block,No Control,Clear,"Dusk, artificial",Dry,Non-Fatal Injury,Pedestrian Collisions,Driver,45 to 49,,South,Going Ahead,Other,,,,,,,Yes,,Yes,,,,,,Yes,,Yes,Alderwood
1219,Major Arterial,Toronto and East York,Mid-Block,No Control,Clear,Daylight,Wet,Non-Fatal Injury,SMV Other,Driver,25 to 29,,East,Going Ahead,Driving Properly,,,,,,,,,,,,Yes,Yes,,,,,South Parkdale
1937,Expressway Ramp,Etobicoke York,Mid-Block,No Control,Clear,Daylight,Dry,Fatal,Rear End,Passenger,35 to 39,Minimal,,,,,,,,,,,,Yes,,,,Yes,Yes,Yes,,,West Humber-Clairville
1438,Major Arterial,Scarborough,Intersection,No Control,Clear,Daylight,Dry,Fatal,Pedestrian Collisions,Wheelchair,65 to 69,Fatal,East,Making U Turn,,Vehicle is going straight thru inter.while ped cross without ROW,Crossing without right of way,Inattentive,,,,Yes,,Yes,,,,,,,,,Cliffcrest
1600,Major Arterial,Etobicoke York,Intersection,Traffic Signal,Clear,Daylight,Dry,Non-Fatal Injury,Cyclist Collisions,Cyclist,60 to 64,Major,East,Going Ahead,,,,,Motorist turned left across cyclists path.,Other,Inattentive,,Yes,Yes,,,,,,,,,Alderwood
700,Minor Arterial,North York,Intersection,Traffic Signal,Clear,Daylight,Dry,Non-Fatal Injury,Rear End,Driver,75 to 79,Major,South,Going Ahead,Failed to Yield Right of Way,,,,,,,,,Yes,,,,,,Yes,,,Junction Area
1830,Major Arterial,Toronto and East York,Intersection,Traffic Signal,Clear,Daylight,Dry,Non-Fatal Injury,Angle,Driver,25 to 29,Major,West,Going Ahead,Disobeyed Traffic Control,,,,,,,,,Yes,,,,,,Yes,Yes,,Kensington-Chinatown
1847,Minor Arterial,Toronto and East York,Intersection,No Control,Clear,Daylight,Dry,Non-Fatal Injury,Cyclist Collisions,Cyclist,10 to 14,Major,West,Going Ahead,,,,,"Motorist turns right at non-signal Inter.(stop, yield, no cont.,and dwy) and strikes cyclist.",Driving Properly,Normal,,Yes,Yes,,,,,,,,,St Lawrence-East Bayfront-The Islands