TIME,ROAD_CLASS,DISTRICT,LOCCOORD,TRAFFCTL,VISIBILITY,LIGHT,RDSFCOND,ACCLASS,IMPACTYPE,INVTYPE,INVAGE,INJURY,INITDIR,MANOEUVER,DRIVACT,PEDTYPE,PEDACT,PEDCOND,CYCLISTYPE,CYCACT,CYCCOND,PEDESTRIAN,CYCLIST,AUTOMOBILE,MOTORCYCLE,TRUCK,TRSN_CITY_VEH,PASSENGER,SPEEDING,AG_DRIV,REDLIGHT,ALCOHOL,NEIGHBOURHOOD_158
935,Major Arterial,Scarborough,Mid-Block,No Control,Clear,Daylight,Dry,Non-Fatal Injury,Approaching,Driver,25 to 29,Major,East,Going Ahead,Lost control,,,,,,,,,Yes,,,,,,,,,West Rouge
935,Major Arterial,Scarborough,Mid-Block,No Control,Clear,Daylight,Dry,Non-Fatal Injury,Approaching,Driver,55 to 59,Minor,West,Going Ahead,Driving Properly,,,,,,,,,Yes,,,,,,,,,West Rouge
1808,Major Arterial,Etobicoke York,Intersection,Traffic Signal,Clear,"Dark, artificial",Dry,Non-Fatal Injury,Pedestrian Collisions,Driver,65 to 69,,West,Turning Left,Failed to Yield Right of Way,,,,,,,Yes,,Yes,,,,,,Yes,,,Humber Summit
1808,Major Arterial,Etobicoke York,Intersection,Traffic Signal,Clear,"Dark, artificial",Dry,Non-Fatal Injury,Pedestrian Collisions,Pedestrian,45 to 49,Major,East,,,Vehicle turns left while ped crosses with ROW at inter.,Crossing with right of way,Normal,,,,Yes,,Yes,,,,,,Yes,,,Humber Summit
1422,Major Arterial,North York,Intersection,Traffic Signal,Clear,Daylight,Dry,Non-Fatal Injury,Pedestrian Collisions,Driver,85 to 89,,West,Turning Left,Failed to Yield Right of Way,,,,,,,Yes,,Yes,,,,,,Yes,,,Bayview Woods-Steeles
1422,Major Arterial,North York,Intersection,Traffic Signal,Clear,Daylight,Dry,Non-Fatal Injury,Pedestrian Collisions,Pedestrian,80 to 84,Major,East,,,Vehicle turns left while ped crosses with ROW at inter.,Crossing with right of way,Normal,,,,Yes,,Yes,,,,,,Yes,,,Bayview Woods-Steeles
1812,Major Arterial,Toronto and East York,Intersection,No Control,Clear,"Dark, artificial",Dry,Non-Fatal Injury,Cyclist Collisions,Cyclist,25 to 29,Major,West,Turning Left,,,,,Cyclist turned left across motorists path.,Improper Turn,Inattentive,,Yes,Yes,,,,,,,,,Trinity-Bellwoods
1812,Major Arterial,Toronto and East York,Intersection,No Control,Clear,"Dark, artificial",Dry,Non-Fatal Injury,Cyclist Collisions,Driver,15 to 19,,West,Going Ahead,Driving Properly,,,,,,,,Yes,Yes,,,,,,,,,Trinity-Bellwoods
2030,Minor Arterial,North York,Intersection,Traffic Signal,Clear,"Dark, artificial",Dry,Non-Fatal Injury,Pedestrian Collisions,Driver,unknown,,Unknown,Unknown,Other,,,,,,,Yes,,,,,,,,,,,York University Heights
2030,Minor Arterial,North York,Intersection,Traffic Signal,Clear,"Dark, artificial",Dry,Non-Fatal Injury,Pedestrian Collisions,Pedestrian,15 to 19,Major,Unknown,,,Unknown,Crossing with right of way,Normal,,,,Yes,,,,,,,,,,,York University Heights
1657,Minor Arterial,Etobicoke York,Mid-Block,No Control,Clear,Daylight,Dry,Non-Fatal Injury,SMV Other,Driver,65 to 69,Major,South,Going Ahead,Lost control,,,,,,,,,Yes,,,,,Yes,Yes,,,Stonegate-Queensway
1838,Collector,Toronto and East York,Intersection,Stop Sign,Clear,"Dusk, artificial",Dry,Non-Fatal Injury,Cyclist Collisions,Driver,65 to 69,,East,Going Ahead,Failed to Yield Right of Way,,,,,,,,Yes,Yes,,,,,,Yes,,,Roncesvalles
1838,Collector,Toronto and East York,Intersection,Stop Sign,Clear,"Dusk, artificial",Dry,Non-Fatal Injury,Cyclist Collisions,Cyclist,25 to 29,Major,South,Going Ahead,,,,,"Motorist without ROW drives into path of cyclist at inter, lnwy, dwy-Driver not turn.",Driving Properly,Normal,,Yes,Yes,,,,,,Yes,,,Roncesvalles
1656,Minor Arterial,,Mid-Block,No Control,Clear,"Dusk, artificial",Wet,Non-Fatal Injury,Pedestrian Collisions,Driver,80 to 84,,South,Going Ahead,Driving Properly,,,,,,,Yes,,Yes,,,,,,,,,Mount Olive-Silverstone-Jamestown
1656,Minor Arterial,,Mid-Block,No Control,Clear,"Dusk, artificial",Wet,Non-Fatal Injury,Pedestrian Collisions,Pedestrian,30 to 34,Major,West,,,Pedestrian hit at mid-block,"Crossing, no Traffic Control",Inattentive,,,,Yes,,Yes,,,,,,,,,Mount Olive-Silverstone-Jamestown
1825,Major Arterial,Toronto and East York,Mid-Block,No Control,Rain,Dusk,Wet,Fatal,Rear End,Driver,75 to 79,Fatal,South,Going Ahead,Lost control,,,,,,,,,Yes,,,,,,,,,Old East York
1825,Major Arterial,Toronto and East York,Mid-Block,No Control,Rain,Dusk,Wet,Fatal,Rear End,Driver,45 to 49,,South,Stopped,Driving Properly,,,,,,,,,Yes,,,,,,,,,Old East York
2127,Minor Arterial,North York,Intersection,Traffic Signal,Snow,"Dark, artificial",Wet,Non-Fatal Injury,Pedestrian Collisions,Driver,50 to 54,,West,Turning Left,Failed to Yield Right of Way,,,,,,,Yes,,Yes,,,,,,Yes,,,Clanton Park
2127,Minor Arterial,North York,Intersection,Traffic Signal,Snow,"Dark, artificial",Wet,Non-Fatal Injury,Pedestrian Collisions,Pedestrian,25 to 29,Major,East,,,Vehicle turns left while ped crosses with ROW at inter.,Crossing with right of way,Normal,,,,Yes,,Yes,,,,,,Yes,,,Clanton Park
1640,Minor Arterial,Toronto and East York,Mid-Block,No Control,Clear,Daylight,Dry,Non-Fatal Injury,Approaching,Driver,40 to 44,Major,South,Going Ahead,Lost control,,,,,,,,,Yes,,,,Yes,,Yes,,,Weston-Pelham Park
1640,Minor Arterial,Toronto and East York,Mid-Block,No Control,Clear,Daylight,Dry,Non-Fatal Injury,Approaching,Driver,65 to 69,,North,Slowing or Stopping,Driving Properly,,,,,,,,,Yes,,,,Yes,,Yes,,,Weston-Pelham Park
1640,Minor Arterial,Toronto and East York,Mid-Block,No Control,Clear,Daylight,Dry,Non-Fatal Injury,Approaching,Driver,40 to 44,,North,Slowing or Stopping,Driving Properly,,,,,,,,,Yes,,,,Yes,,Yes,,,Weston-Pelham Park
1640,Minor Arterial,Toronto and East York,Mid-Block,No Control,Clear,Daylight,Dry,Non-Fatal Injury,Approaching,Passenger,10 to 14,,,,,,,,,,,,,Yes,,,,Yes,,Yes,,,Weston-Pelham Park
1404,Major Arterial,Etobicoke York,Intersection,Traffic Signal,Clear,Daylight,Dry,Non-Fatal Injury,Turning Movement,Driver,30 to 34,,North,Going Ahead,Lost control,,,,,,,,,Yes,,,,Yes,Yes,Yes,,,Rexdale-Kipling
1404,Major Arterial,Etobicoke York,Intersection,Traffic Signal,Clear,Daylight,Dry,Non-Fatal Injury,Turning Movement,Driver,70 to 74,Major,West,Turning Left,Driving Properly,,,,,,,,,Yes,,,,Yes,Yes,Yes,,,Rexdale-Kipling
1404,Major Arterial,Etobicoke York,Intersection,Traffic Signal,Clear,Daylight,Dry,Non-Fatal Injury,Turning Movement,Driver,35 to 39,,East,Going Ahead,Driving Properly,,,,,,,,,Yes,,,,Yes,Yes,Yes,,,Rexdale-Kipling
1404,Major Arterial,Etobicoke York,Intersection,Traffic Signal,Clear,Daylight,Dry,Non-Fatal Injury,Turning Movement,Passenger,60 to 64,Major,,,,,,,,,,,,Yes,,,,Yes,Yes,Yes,,,Rexdale-Kipling
1609,Major Arterial,Scarborough,Mid-Block,No Control,Clear,Daylight,Dry,Non-Fatal Injury,Cyclist Collisions,Driver,70 to 74,,West,Going Ahead,Improper Passing,,,,,,,,Yes,Yes,,,,,,Yes,,,West Rouge
1609,Major Arterial,Scarborough,Mid-Block,No Control,Clear,Daylight,Dry,Non-Fatal Injury,Cyclist Collisions,Cyclist,55 to 59,Major,West,Going Ahead,,,,,Cyclist and Driver travelling in same direction. One vehicle rear-ended the other.,Driving Properly,Normal,,Yes,Yes,,,,,,Yes,,,West Rouge
1830,Major Arterial,North York,Intersection,Traffic Signal,Clear,"Dark, artificial",Dry,Non-Fatal Injury,Rear End,Driver,55 to 59,,South,Going Ahead,Other,,,,,,,,,Yes,,,,Yes,,,,,Glenfield-Jane Heights
1830,Major Arterial,North York,Intersection,Traffic Signal,Clear,"Dark, artificial",Dry,Non-Fatal Injury,Rear End,Driver,65 to 69,,South,Slowing or Stopping,Driving Properly,,,,,,,,,Yes,,,,Yes,,,,,Glenfield-Jane Heights
1830,Major Arterial,North York,Intersection,Traffic Signal,Clear,"Dark, artificial",Dry,Non-Fatal Injury,Rear End,Driver,40 to 44,Minimal,South,Slowing or Stopping,Driving Properly,,,,,,,,,Yes,,,,Yes,,,,,Glenfield-Jane Heights
1830,Major Arterial,North York,Intersection,Traffic Signal,Clear,"Dark, artificial",Dry,Non-Fatal Injury,Rear End,Passenger,25 to 29,Major,,,,,,,,,,,,Yes,,,,Yes,,,,,Glenfield-Jane Heights
1627,Major Arterial,Scarborough,Intersection,Traffic Signal,Clear,Daylight,Dry,Fatal,Cyclist Collisions,Cyclist,20 to 24,Fatal,East,,,,,,Motorist turning right on green or amber at signalized intersection strikes cyclist.,Driving Properly,Normal,,Yes,Yes,,,,,,Yes,,,Rosedale-Moore Park
1627,Major Arterial,Scarborough,Intersection,Traffic Signal,Clear,Daylight,Dry,Fatal,Cyclist Collisions,Driver,60 to 64,,West,Turning Right,Failed to Yield Right of Way,,,,,,,,Yes,Yes,,,,,,Yes,,,Rosedale-Moore Park
1251,Major Arterial,Toronto and East York,Mid-Block,No Control,Clear,Daylight,Dry,Non-Fatal Injury,Pedestrian Collisions,Driver,85 to 89,,East,Going Ahead,Driving Properly,,,,,,,Yes,,Yes,,,,,,,,,Little Portugal
1251,Major Arterial,Toronto and East York,Mid-Block,No Control,Clear,Daylight,Dry,Non-Fatal Injury,Pedestrian Collisions,Pedestrian,20 to 24,Major,North,,,Pedestrian hit at mid-block,"Crossing, no Traffic Control",Inattentive,,,,Yes,,Yes,,,,,,,,,Little Portugal
2245,Major Arterial,Toronto and East York,Intersection,No Control,Clear,"Dark, artificial",Dry,Non-Fatal Injury,Sideswipe,Driver,30 to 34,,South,Changing Lanes,Improper Lane Change,,,,,,,,,Yes,,,,Yes,,,,,Danforth East York
2245,Major Arterial,Toronto and East York,Intersection,No Control,Clear,"Dark, artificial",Dry,Non-Fatal Injury,Sideswipe,Driver,15 to 19,Minor,South,Going Ahead,Driving Properly,,,,,,,,,Yes,,,,Yes,,,,,Danforth East York
2245,Major Arterial,Toronto and East York,Intersection,No Control,Clear,"Dark, artificial",Dry,Non-Fatal Injury,Sideswipe,Driver,25 to 29,Minimal,North,Going Ahead,Driving Properly,,,,,,,,,Yes,,,,Yes,,,,,Danforth East York
2245,Major Arterial,Toronto and East York,Intersection,No Control,Clear,"Dark, artificial",Dry,Non-Fatal Injury,Sideswipe,Passenger,25 to 29,Major,,,,,,,,,,,,Yes,,,,Yes,,,,,Danforth East York
1134,Major Arterial,Scarborough,Intersection,Traffic Signal,Clear,Daylight,Dry,Non-Fatal Injury,Turning Movement,Driver,65 to 69,,West,Going Ahead,Disobeyed Traffic Control,,,,,,,,,Yes,,,,Yes,,Yes,Yes,,Centennial Scarborough
1134,Major Arterial,Scarborough,Intersection,Traffic Signal,Clear,Daylight,Dry,Non-Fatal Injury,Turning Movement,Driver,35 to 39,Minor,South,Turning Left,Driving Properly,,,,,,,,,Yes,,,,Yes,,Yes,Yes,,Centennial Scarborough
1134,Major Arterial,Scarborough,Intersection,Traffic Signal,Clear,Daylight,Dry,Non-Fatal Injury,Turning Movement,Passenger,45 to 49,,,,,,,,,,,,,Yes,,,,Yes,,Yes,Yes,,Centennial Scarborough
1134,Major Arterial,Scarborough,Intersection,Traffic Signal,Clear,Daylight,Dry,Non-Fatal Injury,Turning Movement,Passenger,20 to 24,Major,,,,,,,,,,,,Yes,,,,Yes,,Yes,Yes,,Centennial Scarborough
1248,Major Arterial,Etobicoke York,Mid-Block,No Control,Clear,Daylight,Dry,Non-Fatal Injury,Pedestrian Collisions,,85 to 89,,West,Reversing,,,,,,,,Yes,,Yes,,,,,,,,,Long Branch
1248,Major Arterial,Etobicoke York,Mid-Block,No Control,Clear,Daylight,Dry,Non-Fatal Injury,Pedestrian Collisions,Pedestrian,75 to 79,Major,Unknown,,,Vehicle is reversing and hits pedestrian,Person Getting on/off Vehicle,Unknown,,,,Yes,,Yes,,,,,,,,,Long Branch
1619,Major Arterial,Scarborough,Intersection,Traffic Signal,Clear,Daylight,Dry,Non-Fatal Injury,Turning Movement,Driver,55 to 59,Major,East,Turning Left,Failed to Yield Right of Way,,,,,,,,,Yes,,,,,,Yes,,,Scarborough Village
1619,Major Arterial,Scarborough,Intersection,Traffic Signal,Clear,Daylight,Dry,Non-Fatal Injury,Turning Movement,Driver,20 to 24,Minor,West,Going Ahead,Driving Properly,,,,,,,,,Yes,,,,,,Yes,,,Scarborough Village
1810,Major Arterial,Toronto and East York,Intersection,Traffic Signal,Rain,"Dark, artificial",Wet,Non-Fatal Injury,Pedestrian Collisions,Driver,35 to 39,,West,Turning Left,Failed to Yield Right of Way,,,,,,,Yes,,Yes,,,,,,Yes,,,Harbourfront-CityPlace
1810,Major Arterial,Toronto and East York,Intersection,Traffic Signal,Rain,"Dark, artificial",Wet,Non-Fatal Injury,Pedestrian Collisions,Pedestrian,20 to 24,Major,West,,,Vehicle turns left while ped crosses with ROW at inter.,Crossing with right of way,Normal,,,,Yes,,Yes,,,,,,Yes,,,Harbourfront-CityPlace
1943,Major Arterial,Etobicoke York,Intersection,No Control,Rain,"Dark, artificial",Wet,Property Damage Only,Pedestrian Collisions,Driver,40 to 44,,West,Going Ahead,Driving Properly,,,,,,,Yes,,Yes,,,,,,,,,Thistletown-Beaumond Heights
1943,Major Arterial,Etobicoke York,Intersection,No Control,Rain,"Dark, artificial",Wet,Property Damage Only,Pedestrian Collisions,Pedestrian,45 to 49,Major,South,,,Vehicle is going straight thru inter.while ped cross without ROW,Crossing without right of way,Other,,,,Yes,,Yes,,,,,,,,,Thistletown-Beaumond Heights
840,Local,Scarborough,Intersection,No Control,Clear,Daylight,Dry,Non-Fatal Injury,Pedestrian Collisions,Driver,35 to 39,,South,Going Ahead,Driving Properly,,,,,,,Yes,,Yes,,,,,,,,,Kennedy Park
840,Local,Scarborough,Intersection,No Control,Clear,Daylight,Dry,Non-Fatal Injury,Pedestrian Collisions,Pedestrian,10 to 14,Major,West,,,Vehicle is going straight thru inter.while ped cross without ROW,Running onto Roadway,Normal,,,,Yes,,Yes,,,,,,,,,Kennedy Park
2130,Minor Arterial,Toronto and East York,Intersection,Traffic Signal,Clear,Dark,Dry,Non-Fatal Injury,Cyclist Collisions,Driver,unknown,,West,Going Ahead,Disobeyed Traffic Control,,,,,,,,Yes,Yes,,,,,,Yes,Yes,,Harbourfront-CityPlace
2130,Minor Arterial,Toronto and East York,Intersection,Traffic Signal,Clear,Dark,Dry,Non-Fatal Injury,Cyclist Collisions,Cyclist,20 to 24,Major,North,Going Ahead,,,,,"Motorist without ROW drives into path of cyclist at inter, lnwy, dwy-Driver not turn.",Driving Properly,Normal,,Yes,Yes,,,,,,Yes,Yes,,Harbourfront-CityPlace
130,Collector,,Mid-Block,No Control,Clear,"Dark, artificial",Dry,Non-Fatal Injury,SMV Other,Driver,25 to 29,Major,South,Going Ahead,Speed too Fast For Condition,,,,,,,,,Yes,,,,,Yes,Yes,,,Humber Summit
1205,Major Arterial,Scarborough,Mid-Block,No Control,Clear,Daylight,Wet,Non-Fatal Injury,Rear End,Driver,35 to 39,Major,West,Slowing or Stopping,Following too Close,,,,,,,,,Yes,,,Yes,Yes,,Yes,,,Kennedy Park
1205,Major Arterial,Scarborough,Mid-Block,No Control,Clear,Daylight,Wet,Non-Fatal Injury,Rear End,Driver,25 to 29,Minimal,West,Stopped,Driving Properly,,,,,,,,,Yes,,,Yes,Yes,,Yes,,,Kennedy Park
1205,Major Arterial,Scarborough,Mid-Block,No Control,Clear,Daylight,Wet,Non-Fatal Injury,Rear End,Driver,50 to 54,,West,Stopped,Driving Properly,,,,,,,,,Yes,,,Yes,Yes,,Yes,,,Kennedy Park
1205,Major Arterial,Scarborough,Mid-Block,No Control,Clear,Daylight,Wet,Non-Fatal Injury,Rear End,Passenger,25 to 29,Minimal,,,,,,,,,,,,Yes,,,Yes,Yes,,Yes,,,Kennedy Park
1505,Local,Scarborough,Mid-Block,No Control,Clear,Daylight,Dry,Non-Fatal Injury,Pedestrian Collisions,Driver,40 to 44,,West,Going Ahead,Driving Properly,,,,,,,Yes,,Yes,,,,Yes,,,,,Wexford/Maryvale
1505,Local,Scarborough,Mid-Block,No Control,Clear,Daylight,Dry,Non-Fatal Injury,Pedestrian Collisions,Passenger,10 to 14,,,,,,,,,,,Yes,,Yes,,,,Yes,,,,,Wexford/Maryvale
1505,Local,Scarborough,Mid-Block,No Control,Clear,Daylight,Dry,Non-Fatal Injury,Pedestrian Collisions,Pedestrian,10 to 14,Major,South,,,Pedestrian hit at mid-block,Running onto Roadway,Inattentive,,,,Yes,,Yes,,,,Yes,,,,,Wexford/Maryvale
2018,Major Arterial,North York,Mid-Block,No Control,Clear,"Dark, artificial",Dry,Non-Fatal Injury,Pedestrian Collisions,Driver,55 to 59,,West,Going Ahead,Driving Properly,,,,,,,Yes,,Yes,,,,,,,,,Victoria Village
2018,Major Arterial,North York,Mid-Block,No Control,Clear,"Dark, artificial",Dry,Non-Fatal Injury,Pedestrian Collisions,Driver,20 to 24,,West,Going Ahead,Driving Properly,,,,,,,Yes,,Yes,,,,,,,,,Victoria Village
2018,Major Arterial,North York,Mid-Block,No Control,Clear,"Dark, artificial",Dry,Non-Fatal Injury,Pedestrian Collisions,Pedestrian,60 to 64,Major,Unknown,,,Pedestrian hit at mid-block,"Crossing, no Traffic Control","Ability Impaired, Drugs",,,,Yes,,Yes,,,,,,,,,Victoria Village
1710,Major Arterial,,Mid-Block,No Control,Clear,Daylight,Dry,Non-Fatal Injury,Pedestrian Collisions,Driver,55 to 59,,North,Going Ahead,Other,,,,,,,Yes,,Yes,,,,,,,,,Glenfield-Jane Heights
1710,Major Arterial,,Mid-Block,No Control,Clear,Daylight,Dry,Non-Fatal Injury,Pedestrian Collisions,Pedestrian,40 to 44,Major,West,,,Pedestrian hit at private driveway,"Crossing, no Traffic Control",Normal,,,,Yes,,Yes,,,,,,,,,Glenfield-Jane Heights
2038,Major Arterial,Scarborough,Mid-Block,No Control,Clear,"Dark, artificial",Dry,Non-Fatal Injury,Sideswipe,Driver,75 to 79,,South,Going Ahead,Improper Lane Change,,,,,,,,,Yes,,,,,,,,,Woburn North
2038,Major Arterial,Scarborough,Mid-Block,No Control,Clear,"Dark, artificial",Dry,Non-Fatal Injury,Sideswipe,Driver,15 to 19,Major,North,Unknown,Driving Properly,,,,,,,,,Yes,,,,,,,,,Woburn North
1118,Major Arterial,Toronto and East York,Intersection,Traffic Signal,Clear,Daylight,Dry,Fatal,Pedestrian Collisions,Driver,55 to 59,,West,Turning Right,Failed to Yield Right of Way,,,,,,,Yes,,Yes,,,,,,Yes,,,Kensington-Chinatown
1118,Major Arterial,Toronto and East York,Intersection,Traffic Signal,Clear,Daylight,Dry,Fatal,Pedestrian Collisions,Pedestrian,70 to 74,Fatal,West,,,Vehicle turns right while ped crosses with ROW at inter.,Crossing with right of way,Other,,,,Yes,,Yes,,,,,,Yes,,,Kensington-Chinatown
910,Major Arterial,Etobicoke York,Intersection,Traffic Signal,Clear,Daylight,Dry,Fatal,Turning Movement,Driver,80 to 84,Fatal,North,Turning Right,Improper Turn,,,,,,,,,Yes,,Yes,,Yes,,,,,Mount Olive-Silverstone-Jamestown
910,Major Arterial,Etobicoke York,Intersection,Traffic Signal,Clear,Daylight,Dry,Fatal,Turning Movement,Driver,30 to 34,Minor,West,Going Ahead,Driving Properly,,,,,,,,,Yes,,Yes,,Yes,,,,,Mount Olive-Silverstone-Jamestown
910,Major Arterial,Etobicoke York,Intersection,Traffic Signal,Clear,Daylight,Dry,Fatal,Turning Movement,Passenger,0 to 4,Minor,,,,,,,,,,,,Yes,,Yes,,Yes,,,,,Mount Olive-Silverstone-Jamestown
910,Major Arterial,Etobicoke York,Intersection,Traffic Signal,Clear,Daylight,Dry,Fatal,Turning Movement,Truck Driver,60 to 64,,East,Going Ahead,Driving Properly,,,,,,,,,Yes,,Yes,,Yes,,,,,Mount Olive-Silverstone-Jamestown
2301,Major Arterial,Toronto and East York,Intersection,Traffic Signal,Clear,"Dark, artificial",Dry,Non-Fatal Injury,Turning Movement,Driver,35 to 39,Major,North,Going Ahead,Lost control,,,,,,,,,Yes,,,,,Yes,Yes,,,Yonge-St.Clair
2301,Major Arterial,Toronto and East York,Intersection,Traffic Signal,Clear,"Dark, artificial",Dry,Non-Fatal Injury,Turning Movement,Driver,40 to 44,Minor,West,Turning Left,Driving Properly,,,,,,,,,Yes,,,,,Yes,Yes,,,Yonge-St.Clair
1134,Collector,Toronto and East York,Intersection,No Control,Freezing Rain,Daylight,Wet,Non-Fatal Injury,Pedestrian Collisions,Driver,60 to 64,Major,North,Turning Left,Improper Turn,,,,,,,Yes,,Yes,,,,,Yes,Yes,,,Cabbagetown-South St.James Town
1134,Collector,Toronto and East York,Intersection,No Control,Freezing Rain,Daylight,Wet,Non-Fatal Injury,Pedestrian Collisions,Pedestrian,unknown,Minor,Unknown,,,Vehicle turns left while ped crosses with ROW at inter.,Other,Other,,,,Yes,,Yes,,,,,Yes,Yes,,,Cabbagetown-South St.James Town
1720,Major Arterial,Toronto and East York,Intersection,Traffic Signal,Freezing Rain,"Dark, artificial",Slush,Non-Fatal Injury,Pedestrian Collisions,Driver,25 to 29,,South,Turning Right,Failed to Yield Right of Way,,,,,,,Yes,,Yes,,,,,,Yes,,,West Queen West
1720,Major Arterial,Toronto and East York,Intersection,Traffic Signal,Freezing Rain,"Dark, artificial",Slush,Non-Fatal Injury,Pedestrian Collisions,Pedestrian,65 to 69,Major,Unknown,,,Vehicle turns right while ped crosses with ROW at inter.,Crossing with right of way,Normal,,,,Yes,,Yes,,,,,,Yes,,,West Queen West
1925,Major Arterial,Etobicoke York,Mid-Block,No Control,Snow,Dark,Loose Snow,Non-Fatal Injury,Pedestrian Collisions,Driver,50 to 54,,West,Going Ahead,Driving Properly,,,,,,,Yes,,Yes,,,,,,,,,West Humber-Clairville
1925,Major Arterial,Etobicoke York,Mid-Block,No Control,Snow,Dark,Loose Snow,Non-Fatal Injury,Pedestrian Collisions,Pedestrian,25 to 29,Major,North,,,Pedestrian hit at mid-block,"Crossing, no Traffic Control",Inattentive,,,,Yes,,Yes,,,,,,,,,West Humber-Clairville
1925,Major Arterial,Etobicoke York,Mid-Block,No Control,Snow,Dark,Loose Snow,Non-Fatal Injury,Pedestrian Collisions,Pedestrian,40 to 44,Minor,North,,,Pedestrian hit at mid-block,"Crossing, no Traffic Control",Inattentive,,,,Yes,,Yes,,,,,,,,,West Humber-Clairville
2228,Major Arterial,Toronto and East York,Intersection,Traffic Signal,Clear,"Dark, artificial",Dry,Non-Fatal Injury,Cyclist Collisions,Cyclist,40 to 44,Major,South,Going Ahead,,,,,"Cyclist without ROW rides into path of motorist at inter, lnwy, dwy-Cyclist not turn.",Disobeyed Traffic Control,Inattentive,,Yes,Yes,,,,Yes,,,,,St Lawrence-East Bayfront-The Islands
2228,Major Arterial,Toronto and East York,Intersection,Traffic Signal,Clear,"Dark, artificial",Dry,Non-Fatal Injury,Cyclist Collisions,Driver,25 to 29,,East,Going Ahead,Driving Properly,,,,,,,,Yes,Yes,,,,Yes,,,,,St Lawrence-East Bayfront-The Islands
2228,Major Arterial,Toronto and East York,Intersection,Traffic Signal,Clear,"Dark, artificial",Dry,Non-Fatal Injury,Cyclist Collisions,Passenger,25 to 29,,,,,,,,,,,,Yes,Yes,,,,Yes,,,,,St Lawrence-East Bayfront-The Islands
2228,Major Arterial,Toronto and East York,Intersection,Traffic Signal,Clear,"Dark, artificial",Dry,Non-Fatal Injury,Cyclist Collisions,Passenger,20 to 24,,,,,,,,,,,,Yes,Yes,,,,Yes,,,,,St Lawrence-East Bayfront-The Islands
1150,Major Arterial,Etobicoke York,Mid-Block,No Control,Clear,Daylight,Dry,Non-Fatal Injury,Sideswipe,Driver,20 to 24,Minor,South,Changing Lanes,Improper Passing,,,,,,,,,Yes,,,,Yes,,Yes,,,West Humber-Clairville
1150,Major Arterial,Etobicoke York,Mid-Block,No Control,Clear,Daylight,Dry,Non-Fatal Injury,Sideswipe,Driver,20 to 24,Minor,South,Going Ahead,Driving Properly,,,,,,,,,Yes,,,,Yes,,Yes,,,West Humber-Clairville
1150,Major Arterial,Etobicoke York,Mid-Block,No Control,Clear,Daylight,Dry,Non-Fatal Injury,Sideswipe,Driver,65 to 69,Minor,South,Going Ahead,Driving Properly,,,,,,,,,Yes,,,,Yes,,Yes,,,West Humber-Clairville
1150,Major Arterial,Etobicoke York,Mid-Block,No Control,Clear,Daylight,Dry,Non-Fatal Injury,Sideswipe,Passenger,20 to 24,Major,,,,,,,,,,,,Yes,,,,Yes,,Yes,,,West Humber-Clairville
1750,Local,,Intersection,Stop Sign,Clear,Dark,Wet,Non-Fatal Injury,Pedestrian Collisions,Driver,35 to 39,,North,Turning Left,Failed to Yield Right of Way,,,,,,,Yes,,Yes,,,,,,Yes,,,Humewood-Cedarvale
1750,Local,,Intersection,Stop Sign,Clear,Dark,Wet,Non-Fatal Injury,Pedestrian Collisions,Pedestrian,30 to 34,Major,North,,,Vehicle turns left while ped crosses with ROW at inter.,Crossing with right of way,Normal,,,,Yes,,Yes,,,,,,Yes,,,Humewood-Cedarvale
1750,Local,,Intersection,Stop Sign,Clear,Dark,Wet,Non-Fatal Injury,Pedestrian Collisions,Pedestrian,5 to 9,Minimal,North,,,Vehicle turns left while ped crosses with ROW at inter.,Crossing with right of way,Normal,,,,Yes,,Yes,,,,,,Yes,,,Humewood-Cedarvale
1750,Local,,Intersection,Stop Sign,Clear,Dark,Wet,Non-Fatal Injury,Pedestrian Collisions,Pedestrian,0 to 4,Minor,North,,,Vehicle turns left while ped crosses with ROW at inter.,Crossing with right of way,Normal,,,,Yes,,Yes,,,,,,Yes,,,Humewood-Cedarvale
1750,Local,,Intersection,Stop Sign,Clear,Dark,Wet,Non-Fatal Injury,Pedestrian Collisions,Pedestrian,0 to 4,Minimal,North,,,Vehicle turns left while ped crosses with ROW at inter.,Crossing with right of way,Normal,,,,Yes,,Yes,,,,,,Yes,,,Humewood-Cedarvale
2234,Major Arterial,Toronto and East York,Mid-Block,No Control,Rain,"Dark, artificial",Wet,Non-Fatal Injury,Pedestrian Collisions,Driver,35 to 39,,East,Going Ahead,Driving Properly,,,,,,,Yes,,Yes,,,,,,,,,Palmerston-Little Italy
2234,Major Arterial,Toronto and East York,Mid-Block,No Control,Rain,"Dark, artificial",Wet,Non-Fatal Injury,Pedestrian Collisions,Pedestrian,40 to 44,Major,South,,,Pedestrian hit at mid-block,"Crossing, no Traffic Control",Inattentive,,,,Yes,,Yes,,,,,,,,,Palmerston-Little Italy